TRACE::2024-06-20.18:06:06::SCWPlatform::Trying to open the hw design at C:/Users/gusta/OneDrive/Documents/universidad/4to/1r/SEP/Proyectos/pr2/SEPmonG3/SEPmonG3/hw/SEPmon.xsa
TRACE::2024-06-20.18:06:06::SCWPlatform::DSA given C:/Users/gusta/OneDrive/Documents/universidad/4to/1r/SEP/Proyectos/pr2/SEPmonG3/SEPmonG3/hw/SEPmon.xsa
TRACE::2024-06-20.18:06:06::SCWPlatform::DSA absoulate path C:/Users/gusta/OneDrive/Documents/universidad/4to/1r/SEP/Proyectos/pr2/SEPmonG3/SEPmonG3/hw/SEPmon.xsa
TRACE::2024-06-20.18:06:08::SCWPlatform::DSA directory C:/Users/gusta/OneDrive/Documents/universidad/4to/1r/SEP/Proyectos/pr2/SEPmonG3/SEPmonG3/hw
TRACE::2024-06-20.18:06:08::SCWPlatform:: Platform Path C:/Users/gusta/OneDrive/Documents/universidad/4to/1r/SEP/Proyectos/pr2/SEPmonG3/SEPmonG3/hw/SEPmon.xsa
TRACE::2024-06-20.18:06:08::SCWPlatform:: Unique name xilinx:zybo-z7-10::0.0
TRACE::2024-06-20.18:06:08::SCWPlatform::Do not have an existing db opened. 
TRACE::2024-06-20.18:06:10::SCWPlatform::Opened new HwDB with name DEMO_wrapper_0
TRACE::2024-06-20.18:06:10::SCWWriter::formatted JSON is {
	"platformName":	"SEPmonG3",
	"sprVersion":	"2.0",
	"mode":	"gui",
	"dsaType":	"Fixed",
	"platformDesc":	"SEPmonG3",
	"platHandOff":	"C:/Users/gusta/OneDrive/Documents/universidad/4to/1r/SEP/Proyectos/pr2/SEPmonG3/SEPmon/SEPmon.xsa",
	"platIntHandOff":	"<platformDir>/hw/SEPmon.xsa",
	"deviceType":	"zynq",
	"platIsPrebuiltAutogen":	"false",
	"platIsNoBootBsp":	"false",
	"hasFsblMakeHasChanges":	"false",
	"hasPmufwMakeHasChanges":	"false",
	"platPreBuiltFlag":	false,
	"platformSamplesDir":	""
}
TRACE::2024-06-20.18:06:10::SCWWriter::formatted JSON is {
	"platformName":	"SEPmonG3",
	"sprVersion":	"2.0",
	"mode":	"gui",
	"dsaType":	"Fixed",
	"platformDesc":	"SEPmonG3",
	"platHandOff":	"C:/Users/gusta/OneDrive/Documents/universidad/4to/1r/SEP/Proyectos/pr2/SEPmonG3/SEPmon/SEPmon.xsa",
	"platIntHandOff":	"<platformDir>/hw/SEPmon.xsa",
	"deviceType":	"zynq",
	"platIsPrebuiltAutogen":	"false",
	"platIsNoBootBsp":	"false",
	"hasFsblMakeHasChanges":	"false",
	"hasPmufwMakeHasChanges":	"false",
	"platPreBuiltFlag":	false,
	"platformSamplesDir":	"",
	"platActiveSys":	"SEPmonG3",
	"systems":	[{
			"systemName":	"SEPmonG3",
			"systemDesc":	"SEPmonG3",
			"sysIsBootAutoGen":	"true",
			"systemDispName":	"SEPmonG3"
		}]
}
TRACE::2024-06-20.18:06:10::SCWPlatform::Boot application domains not present, creating them
TRACE::2024-06-20.18:06:10::SCWDomain::checking for install qemu data   : 
TRACE::2024-06-20.18:06:10::SCWDomain:: Using the QEMU Data from install at  : C:/Xilinx/Vitis/2020.1/data/emulation/platforms/zynq/qemu/
TRACE::2024-06-20.18:06:10::SCWDomain:: Using the QEMU args  from install at  : C:/Xilinx/Vitis/2020.1/data/emulation/platforms/zynq/qemu/qemu_args.txt
TRACE::2024-06-20.18:06:10::SCWPlatform::Trying to open the hw design at C:/Users/gusta/OneDrive/Documents/universidad/4to/1r/SEP/Proyectos/pr2/SEPmonG3/SEPmonG3/hw/SEPmon.xsa
TRACE::2024-06-20.18:06:10::SCWPlatform::DSA given C:/Users/gusta/OneDrive/Documents/universidad/4to/1r/SEP/Proyectos/pr2/SEPmonG3/SEPmonG3/hw/SEPmon.xsa
TRACE::2024-06-20.18:06:10::SCWPlatform::DSA absoulate path C:/Users/gusta/OneDrive/Documents/universidad/4to/1r/SEP/Proyectos/pr2/SEPmonG3/SEPmonG3/hw/SEPmon.xsa
TRACE::2024-06-20.18:06:10::SCWPlatform::DSA directory C:/Users/gusta/OneDrive/Documents/universidad/4to/1r/SEP/Proyectos/pr2/SEPmonG3/SEPmonG3/hw
TRACE::2024-06-20.18:06:10::SCWPlatform:: Platform Path C:/Users/gusta/OneDrive/Documents/universidad/4to/1r/SEP/Proyectos/pr2/SEPmonG3/SEPmonG3/hw/SEPmon.xsa
TRACE::2024-06-20.18:06:10::SCWPlatform:: Unique name xilinx:zybo-z7-10::0.0
TRACE::2024-06-20.18:06:10::SCWPlatform::Trying to set the existing hwdb with name DEMO_wrapper_0
TRACE::2024-06-20.18:06:10::SCWPlatform::Opened existing hwdb DEMO_wrapper_0
TRACE::2024-06-20.18:06:10::SCWPlatform::Found the Hw Db part of the input DSA
TRACE::2024-06-20.18:06:10::SCWPlatform::Trying to open the hw design at C:/Users/gusta/OneDrive/Documents/universidad/4to/1r/SEP/Proyectos/pr2/SEPmonG3/SEPmonG3/hw/SEPmon.xsa
TRACE::2024-06-20.18:06:10::SCWPlatform::DSA given C:/Users/gusta/OneDrive/Documents/universidad/4to/1r/SEP/Proyectos/pr2/SEPmonG3/SEPmonG3/hw/SEPmon.xsa
TRACE::2024-06-20.18:06:10::SCWPlatform::DSA absoulate path C:/Users/gusta/OneDrive/Documents/universidad/4to/1r/SEP/Proyectos/pr2/SEPmonG3/SEPmonG3/hw/SEPmon.xsa
TRACE::2024-06-20.18:06:10::SCWPlatform::DSA directory C:/Users/gusta/OneDrive/Documents/universidad/4to/1r/SEP/Proyectos/pr2/SEPmonG3/SEPmonG3/hw
TRACE::2024-06-20.18:06:10::SCWPlatform:: Platform Path C:/Users/gusta/OneDrive/Documents/universidad/4to/1r/SEP/Proyectos/pr2/SEPmonG3/SEPmonG3/hw/SEPmon.xsa
TRACE::2024-06-20.18:06:10::SCWPlatform:: Unique name xilinx:zybo-z7-10::0.0
TRACE::2024-06-20.18:06:10::SCWPlatform::Trying to set the existing hwdb with name DEMO_wrapper_0
TRACE::2024-06-20.18:06:10::SCWPlatform::Opened existing hwdb DEMO_wrapper_0
TRACE::2024-06-20.18:06:10::SCWPlatform::Found the Hw Db part of the input DSA
TRACE::2024-06-20.18:06:10::SCWPlatform::Trying to open the hw design at C:/Users/gusta/OneDrive/Documents/universidad/4to/1r/SEP/Proyectos/pr2/SEPmonG3/SEPmonG3/hw/SEPmon.xsa
TRACE::2024-06-20.18:06:10::SCWPlatform::DSA given C:/Users/gusta/OneDrive/Documents/universidad/4to/1r/SEP/Proyectos/pr2/SEPmonG3/SEPmonG3/hw/SEPmon.xsa
TRACE::2024-06-20.18:06:10::SCWPlatform::DSA absoulate path C:/Users/gusta/OneDrive/Documents/universidad/4to/1r/SEP/Proyectos/pr2/SEPmonG3/SEPmonG3/hw/SEPmon.xsa
TRACE::2024-06-20.18:06:10::SCWPlatform::DSA directory C:/Users/gusta/OneDrive/Documents/universidad/4to/1r/SEP/Proyectos/pr2/SEPmonG3/SEPmonG3/hw
TRACE::2024-06-20.18:06:10::SCWPlatform:: Platform Path C:/Users/gusta/OneDrive/Documents/universidad/4to/1r/SEP/Proyectos/pr2/SEPmonG3/SEPmonG3/hw/SEPmon.xsa
TRACE::2024-06-20.18:06:10::SCWPlatform:: Unique name xilinx:zybo-z7-10::0.0
TRACE::2024-06-20.18:06:10::SCWPlatform::Trying to set the existing hwdb with name DEMO_wrapper_0
TRACE::2024-06-20.18:06:10::SCWPlatform::Opened existing hwdb DEMO_wrapper_0
TRACE::2024-06-20.18:06:10::SCWPlatform::Found the Hw Db part of the input DSA
TRACE::2024-06-20.18:06:10::SCWPlatform::Boot application domain added for zynq_fsbl
TRACE::2024-06-20.18:06:10::SCWPlatform::Generating the sources  .
TRACE::2024-06-20.18:06:10::SCWBDomain::Generating boot domain sources.
TRACE::2024-06-20.18:06:10::SCWBDomain:: Generating the zynq_fsbl Application.
TRACE::2024-06-20.18:06:10::SCWPlatform::Trying to open the hw design at C:/Users/gusta/OneDrive/Documents/universidad/4to/1r/SEP/Proyectos/pr2/SEPmonG3/SEPmonG3/hw/SEPmon.xsa
TRACE::2024-06-20.18:06:10::SCWPlatform::DSA given C:/Users/gusta/OneDrive/Documents/universidad/4to/1r/SEP/Proyectos/pr2/SEPmonG3/SEPmonG3/hw/SEPmon.xsa
TRACE::2024-06-20.18:06:10::SCWPlatform::DSA absoulate path C:/Users/gusta/OneDrive/Documents/universidad/4to/1r/SEP/Proyectos/pr2/SEPmonG3/SEPmonG3/hw/SEPmon.xsa
TRACE::2024-06-20.18:06:10::SCWPlatform::DSA directory C:/Users/gusta/OneDrive/Documents/universidad/4to/1r/SEP/Proyectos/pr2/SEPmonG3/SEPmonG3/hw
TRACE::2024-06-20.18:06:10::SCWPlatform:: Platform Path C:/Users/gusta/OneDrive/Documents/universidad/4to/1r/SEP/Proyectos/pr2/SEPmonG3/SEPmonG3/hw/SEPmon.xsa
TRACE::2024-06-20.18:06:10::SCWPlatform:: Unique name xilinx:zybo-z7-10::0.0
TRACE::2024-06-20.18:06:10::SCWPlatform::Trying to set the existing hwdb with name DEMO_wrapper_0
TRACE::2024-06-20.18:06:10::SCWPlatform::Opened existing hwdb DEMO_wrapper_0
TRACE::2024-06-20.18:06:10::SCWPlatform::Found the Hw Db part of the input DSA
TRACE::2024-06-20.18:06:10::SCWMssOS::Checking the sw design at  C:/Users/gusta/OneDrive/Documents/universidad/4to/1r/SEP/Proyectos/pr2/SEPmonG3/SEPmonG3/zynq_fsbl/zynq_fsbl_bsp/system.mss
TRACE::2024-06-20.18:06:10::SCWMssOS::DEBUG:  swdes dump  
TRACE::2024-06-20.18:06:10::SCWMssOS::No sw design opened at  C:/Users/gusta/OneDrive/Documents/universidad/4to/1r/SEP/Proyectos/pr2/SEPmonG3/SEPmonG3/zynq_fsbl/zynq_fsbl_bsp/system.mss
TRACE::2024-06-20.18:06:10::SCWMssOS::mss does not exists at C:/Users/gusta/OneDrive/Documents/universidad/4to/1r/SEP/Proyectos/pr2/SEPmonG3/SEPmonG3/zynq_fsbl/zynq_fsbl_bsp/system.mss
TRACE::2024-06-20.18:06:10::SCWMssOS::Creating sw design at  C:/Users/gusta/OneDrive/Documents/universidad/4to/1r/SEP/Proyectos/pr2/SEPmonG3/SEPmonG3/zynq_fsbl/zynq_fsbl_bsp/system.mss
TRACE::2024-06-20.18:06:10::SCWMssOS::Adding the swdes entry, created swdb C:/Users/gusta/OneDrive/Documents/universidad/4to/1r/SEP/Proyectos/pr2/SEPmonG3/SEPmonG3/zynq_fsbl/zynq_fsbl_bsp/system.mss with des name C:/Users/gusta/OneDrive/Documents/universidad/4to/1r/SEP/Proyectos/pr2/SEPmonG3/SEPmonG3/zynq_fsbl/zynq_fsbl_bsp/system.mss
TRACE::2024-06-20.18:06:10::SCWMssOS::updating the scw layer changes to swdes at   C:/Users/gusta/OneDrive/Documents/universidad/4to/1r/SEP/Proyectos/pr2/SEPmonG3/SEPmonG3/zynq_fsbl/zynq_fsbl_bsp/system.mss
TRACE::2024-06-20.18:06:10::SCWMssOS::Writing mss at C:/Users/gusta/OneDrive/Documents/universidad/4to/1r/SEP/Proyectos/pr2/SEPmonG3/SEPmonG3/zynq_fsbl/zynq_fsbl_bsp/system.mss
TRACE::2024-06-20.18:06:10::SCWMssOS::Completed writing the mss file at C:/Users/gusta/OneDrive/Documents/universidad/4to/1r/SEP/Proyectos/pr2/SEPmonG3/SEPmonG3/zynq_fsbl/zynq_fsbl_bsp
TRACE::2024-06-20.18:06:10::SCWMssOS::Picking up changes from newly written mss file into SCW Layer. 
TRACE::2024-06-20.18:06:10::SCWMssOS::Updated the changes from newly written mss file into SCW Layer. 
TRACE::2024-06-20.18:06:10::SCWBDomain::Completed writing the mss file at C:/Users/gusta/OneDrive/Documents/universidad/4to/1r/SEP/Proyectos/pr2/SEPmonG3/SEPmonG3/zynq_fsbl/zynq_fsbl_bsp
TRACE::2024-06-20.18:06:20::SCWPlatform::Generating sources Done.
TRACE::2024-06-20.18:06:20::SCWPlatform::Trying to open the hw design at C:/Users/gusta/OneDrive/Documents/universidad/4to/1r/SEP/Proyectos/pr2/SEPmonG3/SEPmonG3/hw/SEPmon.xsa
TRACE::2024-06-20.18:06:20::SCWPlatform::DSA given C:/Users/gusta/OneDrive/Documents/universidad/4to/1r/SEP/Proyectos/pr2/SEPmonG3/SEPmonG3/hw/SEPmon.xsa
TRACE::2024-06-20.18:06:20::SCWPlatform::DSA absoulate path C:/Users/gusta/OneDrive/Documents/universidad/4to/1r/SEP/Proyectos/pr2/SEPmonG3/SEPmonG3/hw/SEPmon.xsa
TRACE::2024-06-20.18:06:20::SCWPlatform::DSA directory C:/Users/gusta/OneDrive/Documents/universidad/4to/1r/SEP/Proyectos/pr2/SEPmonG3/SEPmonG3/hw
TRACE::2024-06-20.18:06:20::SCWPlatform:: Platform Path C:/Users/gusta/OneDrive/Documents/universidad/4to/1r/SEP/Proyectos/pr2/SEPmonG3/SEPmonG3/hw/SEPmon.xsa
TRACE::2024-06-20.18:06:20::SCWPlatform:: Unique name xilinx:zybo-z7-10::0.0
TRACE::2024-06-20.18:06:20::SCWPlatform::Trying to set the existing hwdb with name DEMO_wrapper_0
TRACE::2024-06-20.18:06:20::SCWPlatform::Opened existing hwdb DEMO_wrapper_0
TRACE::2024-06-20.18:06:20::SCWPlatform::Found the Hw Db part of the input DSA
TRACE::2024-06-20.18:06:20::SCWMssOS::Checking the sw design at  C:/Users/gusta/OneDrive/Documents/universidad/4to/1r/SEP/Proyectos/pr2/SEPmonG3/SEPmonG3/zynq_fsbl/zynq_fsbl_bsp/system.mss
TRACE::2024-06-20.18:06:20::SCWMssOS::DEBUG:  swdes dump  C:/Users/gusta/OneDrive/Documents/universidad/4to/1r/SEP/Proyectos/pr2/SEPmonG3/SEPmonG3/zynq_fsbl/zynq_fsbl_bsp/system.mss|C:/Users/gusta/OneDrive/Documents/universidad/4to/1r/SEP/Proyectos/pr2/SEPmonG3/SEPmonG3/zynq_fsbl/zynq_fsbl_bsp/system.mss||

KEYINFO::2024-06-20.18:06:20::SCWMssOS::Could not open the swdb for C:/Users/gusta/OneDrive/Documents/universidad/4to/1r/SEP/Proyectos/pr2/SEPmonG3/SEPmonG3/zynq_fsbl/zynq_fsbl_bsp/system.mss
KEYINFO::2024-06-20.18:06:20::SCWMssOS::Could not open the sw design at  C:/Users/gusta/OneDrive/Documents/universidad/4to/1r/SEP/Proyectos/pr2/SEPmonG3/SEPmonG3/zynq_fsbl/zynq_fsbl_bsp/system.mss
ERROR: [Hsi 55-1558] Software Design C:/Users/gusta/OneDrive/Documents/universidad/4to/1r/SEP/Proyectos/pr2/SEPmonG3/SEPmonG3/zynq_fsbl/zynq_fsbl_bsp/system.mss is not found

TRACE::2024-06-20.18:06:20::SCWMssOS::Cleared the swdb table entry
TRACE::2024-06-20.18:06:20::SCWMssOS::No sw design opened at  C:/Users/gusta/OneDrive/Documents/universidad/4to/1r/SEP/Proyectos/pr2/SEPmonG3/SEPmonG3/zynq_fsbl/zynq_fsbl_bsp/system.mss
TRACE::2024-06-20.18:06:20::SCWMssOS::mss exists loading the mss file  C:/Users/gusta/OneDrive/Documents/universidad/4to/1r/SEP/Proyectos/pr2/SEPmonG3/SEPmonG3/zynq_fsbl/zynq_fsbl_bsp/system.mss
TRACE::2024-06-20.18:06:20::SCWMssOS::Opened the sw design from mss  C:/Users/gusta/OneDrive/Documents/universidad/4to/1r/SEP/Proyectos/pr2/SEPmonG3/SEPmonG3/zynq_fsbl/zynq_fsbl_bsp/system.mss
TRACE::2024-06-20.18:06:20::SCWMssOS::Adding the swdes entry C:/Users/gusta/OneDrive/Documents/universidad/4to/1r/SEP/Proyectos/pr2/SEPmonG3/SEPmonG3/zynq_fsbl/zynq_fsbl_bsp/system.mss with des name system
TRACE::2024-06-20.18:06:20::SCWMssOS::updating the scw layer about changes
TRACE::2024-06-20.18:06:20::SCWMssOS::Opened the sw design.  C:/Users/gusta/OneDrive/Documents/universidad/4to/1r/SEP/Proyectos/pr2/SEPmonG3/SEPmonG3/zynq_fsbl/zynq_fsbl_bsp/system.mss
TRACE::2024-06-20.18:06:20::SCWMssOS::Saving the mss changes C:/Users/gusta/OneDrive/Documents/universidad/4to/1r/SEP/Proyectos/pr2/SEPmonG3/SEPmonG3/zynq_fsbl/zynq_fsbl_bsp/system.mss
TRACE::2024-06-20.18:06:20::SCWMssOS::Found a swdesign opened with the mssfile.
TRACE::2024-06-20.18:06:20::SCWMssOS::Completed writemss as part of save.
TRACE::2024-06-20.18:06:20::SCWMssOS::Commit changes completed.
TRACE::2024-06-20.18:06:20::SCWPlatform::Trying to open the hw design at C:/Users/gusta/OneDrive/Documents/universidad/4to/1r/SEP/Proyectos/pr2/SEPmonG3/SEPmonG3/hw/SEPmon.xsa
TRACE::2024-06-20.18:06:20::SCWPlatform::DSA given C:/Users/gusta/OneDrive/Documents/universidad/4to/1r/SEP/Proyectos/pr2/SEPmonG3/SEPmonG3/hw/SEPmon.xsa
TRACE::2024-06-20.18:06:20::SCWPlatform::DSA absoulate path C:/Users/gusta/OneDrive/Documents/universidad/4to/1r/SEP/Proyectos/pr2/SEPmonG3/SEPmonG3/hw/SEPmon.xsa
TRACE::2024-06-20.18:06:20::SCWPlatform::DSA directory C:/Users/gusta/OneDrive/Documents/universidad/4to/1r/SEP/Proyectos/pr2/SEPmonG3/SEPmonG3/hw
TRACE::2024-06-20.18:06:20::SCWPlatform:: Platform Path C:/Users/gusta/OneDrive/Documents/universidad/4to/1r/SEP/Proyectos/pr2/SEPmonG3/SEPmonG3/hw/SEPmon.xsa
TRACE::2024-06-20.18:06:20::SCWPlatform:: Unique name xilinx:zybo-z7-10::0.0
TRACE::2024-06-20.18:06:20::SCWPlatform::Trying to set the existing hwdb with name DEMO_wrapper_0
TRACE::2024-06-20.18:06:20::SCWPlatform::Opened existing hwdb DEMO_wrapper_0
TRACE::2024-06-20.18:06:20::SCWPlatform::Found the Hw Db part of the input DSA
TRACE::2024-06-20.18:06:20::SCWMssOS::Checking the sw design at  C:/Users/gusta/OneDrive/Documents/universidad/4to/1r/SEP/Proyectos/pr2/SEPmonG3/SEPmonG3/zynq_fsbl/zynq_fsbl_bsp/system.mss
TRACE::2024-06-20.18:06:20::SCWMssOS::DEBUG:  swdes dump  C:/Users/gusta/OneDrive/Documents/universidad/4to/1r/SEP/Proyectos/pr2/SEPmonG3/SEPmonG3/zynq_fsbl/zynq_fsbl_bsp/system.mss|system||

TRACE::2024-06-20.18:06:20::SCWMssOS::Sw design exists and opened at  C:/Users/gusta/OneDrive/Documents/universidad/4to/1r/SEP/Proyectos/pr2/SEPmonG3/SEPmonG3/zynq_fsbl/zynq_fsbl_bsp/system.mss
TRACE::2024-06-20.18:06:20::SCWPlatform::Trying to open the hw design at C:/Users/gusta/OneDrive/Documents/universidad/4to/1r/SEP/Proyectos/pr2/SEPmonG3/SEPmonG3/hw/SEPmon.xsa
TRACE::2024-06-20.18:06:20::SCWPlatform::DSA given C:/Users/gusta/OneDrive/Documents/universidad/4to/1r/SEP/Proyectos/pr2/SEPmonG3/SEPmonG3/hw/SEPmon.xsa
TRACE::2024-06-20.18:06:20::SCWPlatform::DSA absoulate path C:/Users/gusta/OneDrive/Documents/universidad/4to/1r/SEP/Proyectos/pr2/SEPmonG3/SEPmonG3/hw/SEPmon.xsa
TRACE::2024-06-20.18:06:20::SCWPlatform::DSA directory C:/Users/gusta/OneDrive/Documents/universidad/4to/1r/SEP/Proyectos/pr2/SEPmonG3/SEPmonG3/hw
TRACE::2024-06-20.18:06:20::SCWPlatform:: Platform Path C:/Users/gusta/OneDrive/Documents/universidad/4to/1r/SEP/Proyectos/pr2/SEPmonG3/SEPmonG3/hw/SEPmon.xsa
TRACE::2024-06-20.18:06:20::SCWPlatform:: Unique name xilinx:zybo-z7-10::0.0
TRACE::2024-06-20.18:06:20::SCWPlatform::Trying to set the existing hwdb with name DEMO_wrapper_0
TRACE::2024-06-20.18:06:20::SCWPlatform::Opened existing hwdb DEMO_wrapper_0
TRACE::2024-06-20.18:06:20::SCWPlatform::Found the Hw Db part of the input DSA
TRACE::2024-06-20.18:06:20::SCWMssOS::Checking the sw design at  C:/Users/gusta/OneDrive/Documents/universidad/4to/1r/SEP/Proyectos/pr2/SEPmonG3/SEPmonG3/zynq_fsbl/zynq_fsbl_bsp/system.mss
TRACE::2024-06-20.18:06:20::SCWMssOS::DEBUG:  swdes dump  C:/Users/gusta/OneDrive/Documents/universidad/4to/1r/SEP/Proyectos/pr2/SEPmonG3/SEPmonG3/zynq_fsbl/zynq_fsbl_bsp/system.mss|system||

TRACE::2024-06-20.18:06:20::SCWMssOS::Sw design exists and opened at  C:/Users/gusta/OneDrive/Documents/universidad/4to/1r/SEP/Proyectos/pr2/SEPmonG3/SEPmonG3/zynq_fsbl/zynq_fsbl_bsp/system.mss
TRACE::2024-06-20.18:06:20::SCWPlatform::Trying to open the hw design at C:/Users/gusta/OneDrive/Documents/universidad/4to/1r/SEP/Proyectos/pr2/SEPmonG3/SEPmonG3/hw/SEPmon.xsa
TRACE::2024-06-20.18:06:20::SCWPlatform::DSA given C:/Users/gusta/OneDrive/Documents/universidad/4to/1r/SEP/Proyectos/pr2/SEPmonG3/SEPmonG3/hw/SEPmon.xsa
TRACE::2024-06-20.18:06:20::SCWPlatform::DSA absoulate path C:/Users/gusta/OneDrive/Documents/universidad/4to/1r/SEP/Proyectos/pr2/SEPmonG3/SEPmonG3/hw/SEPmon.xsa
TRACE::2024-06-20.18:06:20::SCWPlatform::DSA directory C:/Users/gusta/OneDrive/Documents/universidad/4to/1r/SEP/Proyectos/pr2/SEPmonG3/SEPmonG3/hw
TRACE::2024-06-20.18:06:20::SCWPlatform:: Platform Path C:/Users/gusta/OneDrive/Documents/universidad/4to/1r/SEP/Proyectos/pr2/SEPmonG3/SEPmonG3/hw/SEPmon.xsa
TRACE::2024-06-20.18:06:20::SCWPlatform:: Unique name xilinx:zybo-z7-10::0.0
TRACE::2024-06-20.18:06:20::SCWPlatform::Trying to set the existing hwdb with name DEMO_wrapper_0
TRACE::2024-06-20.18:06:20::SCWPlatform::Opened existing hwdb DEMO_wrapper_0
TRACE::2024-06-20.18:06:20::SCWPlatform::Found the Hw Db part of the input DSA
TRACE::2024-06-20.18:06:20::SCWMssOS::Checking the sw design at  C:/Users/gusta/OneDrive/Documents/universidad/4to/1r/SEP/Proyectos/pr2/SEPmonG3/SEPmonG3/zynq_fsbl/zynq_fsbl_bsp/system.mss
TRACE::2024-06-20.18:06:20::SCWMssOS::DEBUG:  swdes dump  C:/Users/gusta/OneDrive/Documents/universidad/4to/1r/SEP/Proyectos/pr2/SEPmonG3/SEPmonG3/zynq_fsbl/zynq_fsbl_bsp/system.mss|system||

TRACE::2024-06-20.18:06:20::SCWMssOS::Sw design exists and opened at  C:/Users/gusta/OneDrive/Documents/universidad/4to/1r/SEP/Proyectos/pr2/SEPmonG3/SEPmonG3/zynq_fsbl/zynq_fsbl_bsp/system.mss
TRACE::2024-06-20.18:06:20::SCWWriter::formatted JSON is {
	"platformName":	"SEPmonG3",
	"sprVersion":	"2.0",
	"mode":	"gui",
	"dsaType":	"Fixed",
	"platformDesc":	"SEPmonG3",
	"platHandOff":	"C:/Users/gusta/OneDrive/Documents/universidad/4to/1r/SEP/Proyectos/pr2/SEPmonG3/SEPmon/SEPmon.xsa",
	"platIntHandOff":	"<platformDir>/hw/SEPmon.xsa",
	"deviceType":	"zynq",
	"platIsPrebuiltAutogen":	"false",
	"platIsNoBootBsp":	"false",
	"platFsblTarget":	"ps7_cortexa9_0",
	"hasFsblMakeHasChanges":	"false",
	"hasPmufwMakeHasChanges":	"false",
	"fsblExtraCompilerFlags":	"-MMD -MP       -mcpu=cortex-a9 -mfpu=vfpv3 -mfloat-abi=hard ",
	"platPreBuiltFlag":	false,
	"platformSamplesDir":	"",
	"platActiveSys":	"SEPmonG3",
	"systems":	[{
			"systemName":	"SEPmonG3",
			"systemDesc":	"SEPmonG3",
			"sysIsBootAutoGen":	"true",
			"systemDispName":	"SEPmonG3",
			"sysActiveDom":	"zynq_fsbl",
			"sysDefaultDom":	"",
			"domains":	[{
					"domainName":	"zynq_fsbl",
					"domainDispName":	"zynq_fsbl",
					"domainDesc":	"FSBL Application BSP - Auto Generated.",
					"processors":	"ps7_cortexa9_0",
					"os":	"standalone",
					"sdxOs":	"standalone",
					"debugEnable":	"",
					"domRuntimes":	["cpp"],
					"swRepo":	"",
					"mssOsVer":	"7.2",
					"mssFile":	"",
					"md5Digest":	"02312b845700e4a4fd39dd786149f184",
					"compatibleApp":	"zynq_fsbl",
					"domType":	"bootDomain",
					"appSettings":	{
						"appCompilerFlags":	"",
						"appLinkerFlags":	""
					},
					"addedLibs":	["xilffs:4.3", "xilrsa:1.6"],
					"libOptions":	{
						"libsContainingOptions":	[]
					},
					"prebuiltLibs":	{
						"prebuiltIncPath":	[],
						"prebuiltLibPath":	[]
					},
					"isolation":	{
					}
				}]
		}]
}
TRACE::2024-06-20.18:06:20::SCWDomain::checking for install qemu data   : 
TRACE::2024-06-20.18:06:20::SCWDomain:: Using the QEMU Data from install at  : C:/Xilinx/Vitis/2020.1/data/emulation/platforms/zynq/qemu/
TRACE::2024-06-20.18:06:20::SCWDomain:: Using the QEMU args  from install at  : C:/Xilinx/Vitis/2020.1/data/emulation/platforms/zynq/qemu/qemu_args.txt
TRACE::2024-06-20.18:06:20::SCWPlatform::Trying to open the hw design at C:/Users/gusta/OneDrive/Documents/universidad/4to/1r/SEP/Proyectos/pr2/SEPmonG3/SEPmonG3/hw/SEPmon.xsa
TRACE::2024-06-20.18:06:20::SCWPlatform::DSA given C:/Users/gusta/OneDrive/Documents/universidad/4to/1r/SEP/Proyectos/pr2/SEPmonG3/SEPmonG3/hw/SEPmon.xsa
TRACE::2024-06-20.18:06:20::SCWPlatform::DSA absoulate path C:/Users/gusta/OneDrive/Documents/universidad/4to/1r/SEP/Proyectos/pr2/SEPmonG3/SEPmonG3/hw/SEPmon.xsa
TRACE::2024-06-20.18:06:20::SCWPlatform::DSA directory C:/Users/gusta/OneDrive/Documents/universidad/4to/1r/SEP/Proyectos/pr2/SEPmonG3/SEPmonG3/hw
TRACE::2024-06-20.18:06:20::SCWPlatform:: Platform Path C:/Users/gusta/OneDrive/Documents/universidad/4to/1r/SEP/Proyectos/pr2/SEPmonG3/SEPmonG3/hw/SEPmon.xsa
TRACE::2024-06-20.18:06:20::SCWPlatform:: Unique name xilinx:zybo-z7-10::0.0
TRACE::2024-06-20.18:06:20::SCWPlatform::Trying to set the existing hwdb with name DEMO_wrapper_0
TRACE::2024-06-20.18:06:20::SCWPlatform::Opened existing hwdb DEMO_wrapper_0
TRACE::2024-06-20.18:06:20::SCWPlatform::Found the Hw Db part of the input DSA
TRACE::2024-06-20.18:06:20::SCWPlatform::Trying to open the hw design at C:/Users/gusta/OneDrive/Documents/universidad/4to/1r/SEP/Proyectos/pr2/SEPmonG3/SEPmonG3/hw/SEPmon.xsa
TRACE::2024-06-20.18:06:20::SCWPlatform::DSA given C:/Users/gusta/OneDrive/Documents/universidad/4to/1r/SEP/Proyectos/pr2/SEPmonG3/SEPmonG3/hw/SEPmon.xsa
TRACE::2024-06-20.18:06:20::SCWPlatform::DSA absoulate path C:/Users/gusta/OneDrive/Documents/universidad/4to/1r/SEP/Proyectos/pr2/SEPmonG3/SEPmonG3/hw/SEPmon.xsa
TRACE::2024-06-20.18:06:20::SCWPlatform::DSA directory C:/Users/gusta/OneDrive/Documents/universidad/4to/1r/SEP/Proyectos/pr2/SEPmonG3/SEPmonG3/hw
TRACE::2024-06-20.18:06:20::SCWPlatform:: Platform Path C:/Users/gusta/OneDrive/Documents/universidad/4to/1r/SEP/Proyectos/pr2/SEPmonG3/SEPmonG3/hw/SEPmon.xsa
TRACE::2024-06-20.18:06:20::SCWPlatform:: Unique name xilinx:zybo-z7-10::0.0
TRACE::2024-06-20.18:06:20::SCWPlatform::Trying to set the existing hwdb with name DEMO_wrapper_0
TRACE::2024-06-20.18:06:20::SCWPlatform::Opened existing hwdb DEMO_wrapper_0
TRACE::2024-06-20.18:06:20::SCWPlatform::Found the Hw Db part of the input DSA
TRACE::2024-06-20.18:06:20::SCWPlatform::Trying to open the hw design at C:/Users/gusta/OneDrive/Documents/universidad/4to/1r/SEP/Proyectos/pr2/SEPmonG3/SEPmonG3/hw/SEPmon.xsa
TRACE::2024-06-20.18:06:20::SCWPlatform::DSA given C:/Users/gusta/OneDrive/Documents/universidad/4to/1r/SEP/Proyectos/pr2/SEPmonG3/SEPmonG3/hw/SEPmon.xsa
TRACE::2024-06-20.18:06:20::SCWPlatform::DSA absoulate path C:/Users/gusta/OneDrive/Documents/universidad/4to/1r/SEP/Proyectos/pr2/SEPmonG3/SEPmonG3/hw/SEPmon.xsa
TRACE::2024-06-20.18:06:20::SCWPlatform::DSA directory C:/Users/gusta/OneDrive/Documents/universidad/4to/1r/SEP/Proyectos/pr2/SEPmonG3/SEPmonG3/hw
TRACE::2024-06-20.18:06:20::SCWPlatform:: Platform Path C:/Users/gusta/OneDrive/Documents/universidad/4to/1r/SEP/Proyectos/pr2/SEPmonG3/SEPmonG3/hw/SEPmon.xsa
TRACE::2024-06-20.18:06:20::SCWPlatform:: Unique name xilinx:zybo-z7-10::0.0
TRACE::2024-06-20.18:06:20::SCWPlatform::Trying to set the existing hwdb with name DEMO_wrapper_0
TRACE::2024-06-20.18:06:20::SCWPlatform::Opened existing hwdb DEMO_wrapper_0
TRACE::2024-06-20.18:06:20::SCWPlatform::Found the Hw Db part of the input DSA
TRACE::2024-06-20.18:06:20::SCWMssOS::Checking the sw design at  C:/Users/gusta/OneDrive/Documents/universidad/4to/1r/SEP/Proyectos/pr2/SEPmonG3/SEPmonG3/ps7_cortexa9_0/standalone_domain/bsp/system.mss
TRACE::2024-06-20.18:06:20::SCWMssOS::DEBUG:  swdes dump  C:/Users/gusta/OneDrive/Documents/universidad/4to/1r/SEP/Proyectos/pr2/SEPmonG3/SEPmonG3/zynq_fsbl/zynq_fsbl_bsp/system.mss|system||

TRACE::2024-06-20.18:06:20::SCWMssOS::No sw design opened at  C:/Users/gusta/OneDrive/Documents/universidad/4to/1r/SEP/Proyectos/pr2/SEPmonG3/SEPmonG3/ps7_cortexa9_0/standalone_domain/bsp/system.mss
TRACE::2024-06-20.18:06:20::SCWMssOS::mss does not exists at C:/Users/gusta/OneDrive/Documents/universidad/4to/1r/SEP/Proyectos/pr2/SEPmonG3/SEPmonG3/ps7_cortexa9_0/standalone_domain/bsp/system.mss
TRACE::2024-06-20.18:06:20::SCWMssOS::Creating sw design at  C:/Users/gusta/OneDrive/Documents/universidad/4to/1r/SEP/Proyectos/pr2/SEPmonG3/SEPmonG3/ps7_cortexa9_0/standalone_domain/bsp/system.mss
TRACE::2024-06-20.18:06:20::SCWMssOS::Adding the swdes entry, created swdb C:/Users/gusta/OneDrive/Documents/universidad/4to/1r/SEP/Proyectos/pr2/SEPmonG3/SEPmonG3/ps7_cortexa9_0/standalone_domain/bsp/system.mss with des name C:/Users/gusta/OneDrive/Documents/universidad/4to/1r/SEP/Proyectos/pr2/SEPmonG3/SEPmonG3/ps7_cortexa9_0/standalone_domain/bsp/system.mss
TRACE::2024-06-20.18:06:20::SCWMssOS::updating the scw layer changes to swdes at   C:/Users/gusta/OneDrive/Documents/universidad/4to/1r/SEP/Proyectos/pr2/SEPmonG3/SEPmonG3/ps7_cortexa9_0/standalone_domain/bsp/system.mss
TRACE::2024-06-20.18:06:20::SCWMssOS::Writing mss at C:/Users/gusta/OneDrive/Documents/universidad/4to/1r/SEP/Proyectos/pr2/SEPmonG3/SEPmonG3/ps7_cortexa9_0/standalone_domain/bsp/system.mss
TRACE::2024-06-20.18:06:20::SCWMssOS::Completed writing the mss file at C:/Users/gusta/OneDrive/Documents/universidad/4to/1r/SEP/Proyectos/pr2/SEPmonG3/SEPmonG3/ps7_cortexa9_0/standalone_domain/bsp
TRACE::2024-06-20.18:06:20::SCWMssOS::Picking up changes from newly written mss file into SCW Layer. 
TRACE::2024-06-20.18:06:21::SCWMssOS::Updated the changes from newly written mss file into SCW Layer. 
TRACE::2024-06-20.18:06:21::SCWMssOS::Completed writing the mss file at C:/Users/gusta/OneDrive/Documents/universidad/4to/1r/SEP/Proyectos/pr2/SEPmonG3/SEPmonG3/ps7_cortexa9_0/standalone_domain/bsp
TRACE::2024-06-20.18:06:21::SCWMssOS::Forcing BSP Sources regeneration.
TRACE::2024-06-20.18:06:22::SCWMssOS::Saving the mss changes C:/Users/gusta/OneDrive/Documents/universidad/4to/1r/SEP/Proyectos/pr2/SEPmonG3/SEPmonG3/zynq_fsbl/zynq_fsbl_bsp/system.mss
TRACE::2024-06-20.18:06:22::SCWMssOS::Found a swdesign opened with the mssfile.
TRACE::2024-06-20.18:06:22::SCWMssOS::Completed writemss as part of save.
TRACE::2024-06-20.18:06:22::SCWMssOS::Commit changes completed.
TRACE::2024-06-20.18:06:22::SCWMssOS::Saving the mss changes C:/Users/gusta/OneDrive/Documents/universidad/4to/1r/SEP/Proyectos/pr2/SEPmonG3/SEPmonG3/ps7_cortexa9_0/standalone_domain/bsp/system.mss
TRACE::2024-06-20.18:06:22::SCWMssOS::Found a swdesign opened with the mssfile.
TRACE::2024-06-20.18:06:22::SCWMssOS::Running validate of swdbs.
KEYINFO::2024-06-20.18:06:22::SCWMssOS::Could not open the swdb for C:/Users/gusta/OneDrive/Documents/universidad/4to/1r/SEP/Proyectos/pr2/SEPmonG3/SEPmonG3/ps7_cortexa9_0/standalone_domain/bsp/system.mss
KEYINFO::2024-06-20.18:06:22::SCWMssOS::Could not open the sw design at  C:/Users/gusta/OneDrive/Documents/universidad/4to/1r/SEP/Proyectos/pr2/SEPmonG3/SEPmonG3/ps7_cortexa9_0/standalone_domain/bsp/system.mss
ERROR: [Hsi 55-1558] Software Design C:/Users/gusta/OneDrive/Documents/universidad/4to/1r/SEP/Proyectos/pr2/SEPmonG3/SEPmonG3/ps7_cortexa9_0/standalone_domain/bsp/system.mss is not found

TRACE::2024-06-20.18:06:22::SCWMssOS::Cleared the swdb table entry
TRACE::2024-06-20.18:06:22::SCWMssOS::Adding the swdes entry, mss present, able to open swdb C:/Users/gusta/OneDrive/Documents/universidad/4to/1r/SEP/Proyectos/pr2/SEPmonG3/SEPmonG3/ps7_cortexa9_0/standalone_domain/bsp/system.mss with des name system_0
TRACE::2024-06-20.18:06:22::SCWMssOS::Writing the mss file completed C:/Users/gusta/OneDrive/Documents/universidad/4to/1r/SEP/Proyectos/pr2/SEPmonG3/SEPmonG3/ps7_cortexa9_0/standalone_domain/bsp/system.mss
TRACE::2024-06-20.18:06:22::SCWMssOS::Commit changes completed.
TRACE::2024-06-20.18:06:22::SCWPlatform::Trying to open the hw design at C:/Users/gusta/OneDrive/Documents/universidad/4to/1r/SEP/Proyectos/pr2/SEPmonG3/SEPmonG3/hw/SEPmon.xsa
TRACE::2024-06-20.18:06:22::SCWPlatform::DSA given C:/Users/gusta/OneDrive/Documents/universidad/4to/1r/SEP/Proyectos/pr2/SEPmonG3/SEPmonG3/hw/SEPmon.xsa
TRACE::2024-06-20.18:06:22::SCWPlatform::DSA absoulate path C:/Users/gusta/OneDrive/Documents/universidad/4to/1r/SEP/Proyectos/pr2/SEPmonG3/SEPmonG3/hw/SEPmon.xsa
TRACE::2024-06-20.18:06:22::SCWPlatform::DSA directory C:/Users/gusta/OneDrive/Documents/universidad/4to/1r/SEP/Proyectos/pr2/SEPmonG3/SEPmonG3/hw
TRACE::2024-06-20.18:06:22::SCWPlatform:: Platform Path C:/Users/gusta/OneDrive/Documents/universidad/4to/1r/SEP/Proyectos/pr2/SEPmonG3/SEPmonG3/hw/SEPmon.xsa
TRACE::2024-06-20.18:06:22::SCWPlatform:: Unique name xilinx:zybo-z7-10::0.0
TRACE::2024-06-20.18:06:22::SCWPlatform::Trying to set the existing hwdb with name DEMO_wrapper_0
TRACE::2024-06-20.18:06:22::SCWPlatform::Opened existing hwdb DEMO_wrapper_0
TRACE::2024-06-20.18:06:22::SCWPlatform::Found the Hw Db part of the input DSA
TRACE::2024-06-20.18:06:22::SCWMssOS::Checking the sw design at  C:/Users/gusta/OneDrive/Documents/universidad/4to/1r/SEP/Proyectos/pr2/SEPmonG3/SEPmonG3/zynq_fsbl/zynq_fsbl_bsp/system.mss
TRACE::2024-06-20.18:06:22::SCWMssOS::DEBUG:  swdes dump  C:/Users/gusta/OneDrive/Documents/universidad/4to/1r/SEP/Proyectos/pr2/SEPmonG3/SEPmonG3/ps7_cortexa9_0/standalone_domain/bsp/system.mss|system_0||
C:/Users/gusta/OneDrive/Documents/universidad/4to/1r/SEP/Proyectos/pr2/SEPmonG3/SEPmonG3/zynq_fsbl/zynq_fsbl_bsp/system.mss|system||

TRACE::2024-06-20.18:06:22::SCWMssOS::Sw design exists and opened at  C:/Users/gusta/OneDrive/Documents/universidad/4to/1r/SEP/Proyectos/pr2/SEPmonG3/SEPmonG3/zynq_fsbl/zynq_fsbl_bsp/system.mss
TRACE::2024-06-20.18:06:22::SCWPlatform::Trying to open the hw design at C:/Users/gusta/OneDrive/Documents/universidad/4to/1r/SEP/Proyectos/pr2/SEPmonG3/SEPmonG3/hw/SEPmon.xsa
TRACE::2024-06-20.18:06:22::SCWPlatform::DSA given C:/Users/gusta/OneDrive/Documents/universidad/4to/1r/SEP/Proyectos/pr2/SEPmonG3/SEPmonG3/hw/SEPmon.xsa
TRACE::2024-06-20.18:06:22::SCWPlatform::DSA absoulate path C:/Users/gusta/OneDrive/Documents/universidad/4to/1r/SEP/Proyectos/pr2/SEPmonG3/SEPmonG3/hw/SEPmon.xsa
TRACE::2024-06-20.18:06:22::SCWPlatform::DSA directory C:/Users/gusta/OneDrive/Documents/universidad/4to/1r/SEP/Proyectos/pr2/SEPmonG3/SEPmonG3/hw
TRACE::2024-06-20.18:06:22::SCWPlatform:: Platform Path C:/Users/gusta/OneDrive/Documents/universidad/4to/1r/SEP/Proyectos/pr2/SEPmonG3/SEPmonG3/hw/SEPmon.xsa
TRACE::2024-06-20.18:06:22::SCWPlatform:: Unique name xilinx:zybo-z7-10::0.0
TRACE::2024-06-20.18:06:22::SCWPlatform::Trying to set the existing hwdb with name DEMO_wrapper_0
TRACE::2024-06-20.18:06:22::SCWPlatform::Opened existing hwdb DEMO_wrapper_0
TRACE::2024-06-20.18:06:22::SCWPlatform::Found the Hw Db part of the input DSA
TRACE::2024-06-20.18:06:22::SCWMssOS::Checking the sw design at  C:/Users/gusta/OneDrive/Documents/universidad/4to/1r/SEP/Proyectos/pr2/SEPmonG3/SEPmonG3/zynq_fsbl/zynq_fsbl_bsp/system.mss
TRACE::2024-06-20.18:06:22::SCWMssOS::DEBUG:  swdes dump  C:/Users/gusta/OneDrive/Documents/universidad/4to/1r/SEP/Proyectos/pr2/SEPmonG3/SEPmonG3/ps7_cortexa9_0/standalone_domain/bsp/system.mss|system_0||
C:/Users/gusta/OneDrive/Documents/universidad/4to/1r/SEP/Proyectos/pr2/SEPmonG3/SEPmonG3/zynq_fsbl/zynq_fsbl_bsp/system.mss|system||

TRACE::2024-06-20.18:06:22::SCWMssOS::Sw design exists and opened at  C:/Users/gusta/OneDrive/Documents/universidad/4to/1r/SEP/Proyectos/pr2/SEPmonG3/SEPmonG3/zynq_fsbl/zynq_fsbl_bsp/system.mss
TRACE::2024-06-20.18:06:22::SCWPlatform::Trying to open the hw design at C:/Users/gusta/OneDrive/Documents/universidad/4to/1r/SEP/Proyectos/pr2/SEPmonG3/SEPmonG3/hw/SEPmon.xsa
TRACE::2024-06-20.18:06:22::SCWPlatform::DSA given C:/Users/gusta/OneDrive/Documents/universidad/4to/1r/SEP/Proyectos/pr2/SEPmonG3/SEPmonG3/hw/SEPmon.xsa
TRACE::2024-06-20.18:06:22::SCWPlatform::DSA absoulate path C:/Users/gusta/OneDrive/Documents/universidad/4to/1r/SEP/Proyectos/pr2/SEPmonG3/SEPmonG3/hw/SEPmon.xsa
TRACE::2024-06-20.18:06:22::SCWPlatform::DSA directory C:/Users/gusta/OneDrive/Documents/universidad/4to/1r/SEP/Proyectos/pr2/SEPmonG3/SEPmonG3/hw
TRACE::2024-06-20.18:06:22::SCWPlatform:: Platform Path C:/Users/gusta/OneDrive/Documents/universidad/4to/1r/SEP/Proyectos/pr2/SEPmonG3/SEPmonG3/hw/SEPmon.xsa
TRACE::2024-06-20.18:06:22::SCWPlatform:: Unique name xilinx:zybo-z7-10::0.0
TRACE::2024-06-20.18:06:22::SCWPlatform::Trying to set the existing hwdb with name DEMO_wrapper_0
TRACE::2024-06-20.18:06:22::SCWPlatform::Opened existing hwdb DEMO_wrapper_0
TRACE::2024-06-20.18:06:22::SCWPlatform::Found the Hw Db part of the input DSA
TRACE::2024-06-20.18:06:22::SCWMssOS::Checking the sw design at  C:/Users/gusta/OneDrive/Documents/universidad/4to/1r/SEP/Proyectos/pr2/SEPmonG3/SEPmonG3/zynq_fsbl/zynq_fsbl_bsp/system.mss
TRACE::2024-06-20.18:06:22::SCWMssOS::DEBUG:  swdes dump  C:/Users/gusta/OneDrive/Documents/universidad/4to/1r/SEP/Proyectos/pr2/SEPmonG3/SEPmonG3/ps7_cortexa9_0/standalone_domain/bsp/system.mss|system_0||
C:/Users/gusta/OneDrive/Documents/universidad/4to/1r/SEP/Proyectos/pr2/SEPmonG3/SEPmonG3/zynq_fsbl/zynq_fsbl_bsp/system.mss|system||

TRACE::2024-06-20.18:06:22::SCWMssOS::Sw design exists and opened at  C:/Users/gusta/OneDrive/Documents/universidad/4to/1r/SEP/Proyectos/pr2/SEPmonG3/SEPmonG3/zynq_fsbl/zynq_fsbl_bsp/system.mss
TRACE::2024-06-20.18:06:22::SCWPlatform::Trying to open the hw design at C:/Users/gusta/OneDrive/Documents/universidad/4to/1r/SEP/Proyectos/pr2/SEPmonG3/SEPmonG3/hw/SEPmon.xsa
TRACE::2024-06-20.18:06:22::SCWPlatform::DSA given C:/Users/gusta/OneDrive/Documents/universidad/4to/1r/SEP/Proyectos/pr2/SEPmonG3/SEPmonG3/hw/SEPmon.xsa
TRACE::2024-06-20.18:06:22::SCWPlatform::DSA absoulate path C:/Users/gusta/OneDrive/Documents/universidad/4to/1r/SEP/Proyectos/pr2/SEPmonG3/SEPmonG3/hw/SEPmon.xsa
TRACE::2024-06-20.18:06:22::SCWPlatform::DSA directory C:/Users/gusta/OneDrive/Documents/universidad/4to/1r/SEP/Proyectos/pr2/SEPmonG3/SEPmonG3/hw
TRACE::2024-06-20.18:06:22::SCWPlatform:: Platform Path C:/Users/gusta/OneDrive/Documents/universidad/4to/1r/SEP/Proyectos/pr2/SEPmonG3/SEPmonG3/hw/SEPmon.xsa
TRACE::2024-06-20.18:06:22::SCWPlatform:: Unique name xilinx:zybo-z7-10::0.0
TRACE::2024-06-20.18:06:22::SCWPlatform::Trying to set the existing hwdb with name DEMO_wrapper_0
TRACE::2024-06-20.18:06:22::SCWPlatform::Opened existing hwdb DEMO_wrapper_0
TRACE::2024-06-20.18:06:22::SCWPlatform::Found the Hw Db part of the input DSA
TRACE::2024-06-20.18:06:22::SCWMssOS::Checking the sw design at  C:/Users/gusta/OneDrive/Documents/universidad/4to/1r/SEP/Proyectos/pr2/SEPmonG3/SEPmonG3/ps7_cortexa9_0/standalone_domain/bsp/system.mss
TRACE::2024-06-20.18:06:22::SCWMssOS::DEBUG:  swdes dump  C:/Users/gusta/OneDrive/Documents/universidad/4to/1r/SEP/Proyectos/pr2/SEPmonG3/SEPmonG3/ps7_cortexa9_0/standalone_domain/bsp/system.mss|system_0||
C:/Users/gusta/OneDrive/Documents/universidad/4to/1r/SEP/Proyectos/pr2/SEPmonG3/SEPmonG3/zynq_fsbl/zynq_fsbl_bsp/system.mss|system||

TRACE::2024-06-20.18:06:22::SCWMssOS::Sw design exists and opened at  C:/Users/gusta/OneDrive/Documents/universidad/4to/1r/SEP/Proyectos/pr2/SEPmonG3/SEPmonG3/ps7_cortexa9_0/standalone_domain/bsp/system.mss
TRACE::2024-06-20.18:06:22::SCWPlatform::Trying to open the hw design at C:/Users/gusta/OneDrive/Documents/universidad/4to/1r/SEP/Proyectos/pr2/SEPmonG3/SEPmonG3/hw/SEPmon.xsa
TRACE::2024-06-20.18:06:22::SCWPlatform::DSA given C:/Users/gusta/OneDrive/Documents/universidad/4to/1r/SEP/Proyectos/pr2/SEPmonG3/SEPmonG3/hw/SEPmon.xsa
TRACE::2024-06-20.18:06:22::SCWPlatform::DSA absoulate path C:/Users/gusta/OneDrive/Documents/universidad/4to/1r/SEP/Proyectos/pr2/SEPmonG3/SEPmonG3/hw/SEPmon.xsa
TRACE::2024-06-20.18:06:22::SCWPlatform::DSA directory C:/Users/gusta/OneDrive/Documents/universidad/4to/1r/SEP/Proyectos/pr2/SEPmonG3/SEPmonG3/hw
TRACE::2024-06-20.18:06:22::SCWPlatform:: Platform Path C:/Users/gusta/OneDrive/Documents/universidad/4to/1r/SEP/Proyectos/pr2/SEPmonG3/SEPmonG3/hw/SEPmon.xsa
TRACE::2024-06-20.18:06:22::SCWPlatform:: Unique name xilinx:zybo-z7-10::0.0
TRACE::2024-06-20.18:06:22::SCWPlatform::Trying to set the existing hwdb with name DEMO_wrapper_0
TRACE::2024-06-20.18:06:22::SCWPlatform::Opened existing hwdb DEMO_wrapper_0
TRACE::2024-06-20.18:06:22::SCWPlatform::Found the Hw Db part of the input DSA
TRACE::2024-06-20.18:06:22::SCWMssOS::Checking the sw design at  C:/Users/gusta/OneDrive/Documents/universidad/4to/1r/SEP/Proyectos/pr2/SEPmonG3/SEPmonG3/ps7_cortexa9_0/standalone_domain/bsp/system.mss
TRACE::2024-06-20.18:06:22::SCWMssOS::DEBUG:  swdes dump  C:/Users/gusta/OneDrive/Documents/universidad/4to/1r/SEP/Proyectos/pr2/SEPmonG3/SEPmonG3/ps7_cortexa9_0/standalone_domain/bsp/system.mss|system_0||
C:/Users/gusta/OneDrive/Documents/universidad/4to/1r/SEP/Proyectos/pr2/SEPmonG3/SEPmonG3/zynq_fsbl/zynq_fsbl_bsp/system.mss|system||

TRACE::2024-06-20.18:06:22::SCWMssOS::Sw design exists and opened at  C:/Users/gusta/OneDrive/Documents/universidad/4to/1r/SEP/Proyectos/pr2/SEPmonG3/SEPmonG3/ps7_cortexa9_0/standalone_domain/bsp/system.mss
TRACE::2024-06-20.18:06:22::SCWPlatform::Trying to open the hw design at C:/Users/gusta/OneDrive/Documents/universidad/4to/1r/SEP/Proyectos/pr2/SEPmonG3/SEPmonG3/hw/SEPmon.xsa
TRACE::2024-06-20.18:06:22::SCWPlatform::DSA given C:/Users/gusta/OneDrive/Documents/universidad/4to/1r/SEP/Proyectos/pr2/SEPmonG3/SEPmonG3/hw/SEPmon.xsa
TRACE::2024-06-20.18:06:22::SCWPlatform::DSA absoulate path C:/Users/gusta/OneDrive/Documents/universidad/4to/1r/SEP/Proyectos/pr2/SEPmonG3/SEPmonG3/hw/SEPmon.xsa
TRACE::2024-06-20.18:06:22::SCWPlatform::DSA directory C:/Users/gusta/OneDrive/Documents/universidad/4to/1r/SEP/Proyectos/pr2/SEPmonG3/SEPmonG3/hw
TRACE::2024-06-20.18:06:22::SCWPlatform:: Platform Path C:/Users/gusta/OneDrive/Documents/universidad/4to/1r/SEP/Proyectos/pr2/SEPmonG3/SEPmonG3/hw/SEPmon.xsa
TRACE::2024-06-20.18:06:22::SCWPlatform:: Unique name xilinx:zybo-z7-10::0.0
TRACE::2024-06-20.18:06:22::SCWPlatform::Trying to set the existing hwdb with name DEMO_wrapper_0
TRACE::2024-06-20.18:06:22::SCWPlatform::Opened existing hwdb DEMO_wrapper_0
TRACE::2024-06-20.18:06:22::SCWPlatform::Found the Hw Db part of the input DSA
TRACE::2024-06-20.18:06:22::SCWMssOS::Checking the sw design at  C:/Users/gusta/OneDrive/Documents/universidad/4to/1r/SEP/Proyectos/pr2/SEPmonG3/SEPmonG3/ps7_cortexa9_0/standalone_domain/bsp/system.mss
TRACE::2024-06-20.18:06:22::SCWMssOS::DEBUG:  swdes dump  C:/Users/gusta/OneDrive/Documents/universidad/4to/1r/SEP/Proyectos/pr2/SEPmonG3/SEPmonG3/ps7_cortexa9_0/standalone_domain/bsp/system.mss|system_0||
C:/Users/gusta/OneDrive/Documents/universidad/4to/1r/SEP/Proyectos/pr2/SEPmonG3/SEPmonG3/zynq_fsbl/zynq_fsbl_bsp/system.mss|system||

TRACE::2024-06-20.18:06:22::SCWMssOS::Sw design exists and opened at  C:/Users/gusta/OneDrive/Documents/universidad/4to/1r/SEP/Proyectos/pr2/SEPmonG3/SEPmonG3/ps7_cortexa9_0/standalone_domain/bsp/system.mss
TRACE::2024-06-20.18:06:22::SCWWriter::formatted JSON is {
	"platformName":	"SEPmonG3",
	"sprVersion":	"2.0",
	"mode":	"gui",
	"dsaType":	"Fixed",
	"platformDesc":	"SEPmonG3",
	"platHandOff":	"C:/Users/gusta/OneDrive/Documents/universidad/4to/1r/SEP/Proyectos/pr2/SEPmonG3/SEPmon/SEPmon.xsa",
	"platIntHandOff":	"<platformDir>/hw/SEPmon.xsa",
	"deviceType":	"zynq",
	"platIsPrebuiltAutogen":	"false",
	"platIsNoBootBsp":	"false",
	"platFsblTarget":	"ps7_cortexa9_0",
	"hasFsblMakeHasChanges":	"false",
	"hasPmufwMakeHasChanges":	"false",
	"fsblExtraCompilerFlags":	"-MMD -MP       -mcpu=cortex-a9 -mfpu=vfpv3 -mfloat-abi=hard ",
	"platPreBuiltFlag":	false,
	"platformSamplesDir":	"",
	"platActiveSys":	"SEPmonG3",
	"systems":	[{
			"systemName":	"SEPmonG3",
			"systemDesc":	"SEPmonG3",
			"sysIsBootAutoGen":	"true",
			"systemDispName":	"SEPmonG3",
			"sysActiveDom":	"standalone_domain",
			"sysDefaultDom":	"standalone_domain",
			"domains":	[{
					"domainName":	"zynq_fsbl",
					"domainDispName":	"zynq_fsbl",
					"domainDesc":	"FSBL Application BSP - Auto Generated.",
					"processors":	"ps7_cortexa9_0",
					"os":	"standalone",
					"sdxOs":	"standalone",
					"debugEnable":	"",
					"domRuntimes":	["cpp"],
					"swRepo":	"",
					"mssOsVer":	"7.2",
					"mssFile":	"",
					"md5Digest":	"02312b845700e4a4fd39dd786149f184",
					"compatibleApp":	"zynq_fsbl",
					"domType":	"bootDomain",
					"appSettings":	{
						"appCompilerFlags":	"",
						"appLinkerFlags":	""
					},
					"addedLibs":	["xilffs:4.3", "xilrsa:1.6"],
					"libOptions":	{
						"libsContainingOptions":	[]
					},
					"prebuiltLibs":	{
						"prebuiltIncPath":	[],
						"prebuiltLibPath":	[]
					},
					"isolation":	{
					}
				}, {
					"domainName":	"standalone_domain",
					"domainDispName":	"standalone_domain",
					"domainDesc":	"standalone_domain",
					"processors":	"ps7_cortexa9_0",
					"os":	"standalone",
					"sdxOs":	"standalone",
					"qemuArgs":	"C:/Xilinx/Vitis/2020.1/data/emulation/platforms/zynq/qemu/qemu_args.txt",
					"qemuData":	"C:/Xilinx/Vitis/2020.1/data/emulation/platforms/zynq/qemu/",
					"debugEnable":	"False",
					"domRuntimes":	["cpp"],
					"swRepo":	"",
					"mssOsVer":	"7.2",
					"mssFile":	"",
					"md5Digest":	"66dd88408418c3412ef42766414a5b97",
					"compatibleApp":	"",
					"domType":	"mssDomain",
					"appSettings":	{
						"appCompilerFlags":	"",
						"appLinkerFlags":	""
					},
					"addedLibs":	[],
					"libOptions":	{
						"libsContainingOptions":	[]
					},
					"prebuiltLibs":	{
						"prebuiltIncPath":	[],
						"prebuiltLibPath":	[]
					},
					"isolation":	{
					}
				}]
		}]
}
LOG::2024-06-20.18:06:22::SCWPlatform::Started generating the artifacts platform SEPmonG3
TRACE::2024-06-20.18:06:22::SCWPlatform::Sanity checking of platform is completed
LOG::2024-06-20.18:06:22::SCWPlatform::Started generating the artifacts for system configuration SEPmonG3
LOG::2024-06-20.18:06:22::SCWSystem::Checking the domain zynq_fsbl
LOG::2024-06-20.18:06:22::SCWSystem::Doing application build for :  zynq_fsbl
TRACE::2024-06-20.18:06:22::SCWBDomain::Not a forced makefile updation, No changes are present. 
TRACE::2024-06-20.18:06:22::SCWDomain::Skipping the build for domain :  zynq_fsbl
LOG::2024-06-20.18:06:22::SCWSystem::Checking the domain standalone_domain
LOG::2024-06-20.18:06:22::SCWSystem::Not a boot domain 
LOG::2024-06-20.18:06:22::SCWSystem::Started Processing the domain standalone_domain
TRACE::2024-06-20.18:06:22::SCWDomain::Generating domain artifcats
TRACE::2024-06-20.18:06:22::SCWMssOS::Generating standalone artifcats
TRACE::2024-06-20.18:06:22::SCWMssOS::Copying the qemu file from  C:/Xilinx/Vitis/2020.1/data/emulation/platforms/zynq/qemu/qemu_args.txt To C:/Users/gusta/OneDrive/Documents/universidad/4to/1r/SEP/Proyectos/pr2/SEPmonG3/SEPmonG3/export/SEPmonG3/sw/SEPmonG3/qemu/
TRACE::2024-06-20.18:06:22::SCWMssOS::Copying the qemu file from  C:/Xilinx/Vitis/2020.1/data/emulation/platforms/zynq/qemu/qemu_args.txt To C:/Users/gusta/OneDrive/Documents/universidad/4to/1r/SEP/Proyectos/pr2/SEPmonG3/SEPmonG3/export/SEPmonG3/sw/SEPmonG3/standalone_domain/qemu/
TRACE::2024-06-20.18:06:22::SCWMssOS:: Copying the user libraries. 
TRACE::2024-06-20.18:06:22::SCWPlatform::Trying to open the hw design at C:/Users/gusta/OneDrive/Documents/universidad/4to/1r/SEP/Proyectos/pr2/SEPmonG3/SEPmonG3/hw/SEPmon.xsa
TRACE::2024-06-20.18:06:22::SCWPlatform::DSA given C:/Users/gusta/OneDrive/Documents/universidad/4to/1r/SEP/Proyectos/pr2/SEPmonG3/SEPmonG3/hw/SEPmon.xsa
TRACE::2024-06-20.18:06:22::SCWPlatform::DSA absoulate path C:/Users/gusta/OneDrive/Documents/universidad/4to/1r/SEP/Proyectos/pr2/SEPmonG3/SEPmonG3/hw/SEPmon.xsa
TRACE::2024-06-20.18:06:22::SCWPlatform::DSA directory C:/Users/gusta/OneDrive/Documents/universidad/4to/1r/SEP/Proyectos/pr2/SEPmonG3/SEPmonG3/hw
TRACE::2024-06-20.18:06:22::SCWPlatform:: Platform Path C:/Users/gusta/OneDrive/Documents/universidad/4to/1r/SEP/Proyectos/pr2/SEPmonG3/SEPmonG3/hw/SEPmon.xsa
TRACE::2024-06-20.18:06:22::SCWPlatform:: Unique name xilinx:zybo-z7-10::0.0
TRACE::2024-06-20.18:06:22::SCWPlatform::Trying to set the existing hwdb with name DEMO_wrapper_0
TRACE::2024-06-20.18:06:22::SCWPlatform::Opened existing hwdb DEMO_wrapper_0
TRACE::2024-06-20.18:06:22::SCWPlatform::Found the Hw Db part of the input DSA
TRACE::2024-06-20.18:06:22::SCWMssOS::Checking the sw design at  C:/Users/gusta/OneDrive/Documents/universidad/4to/1r/SEP/Proyectos/pr2/SEPmonG3/SEPmonG3/ps7_cortexa9_0/standalone_domain/bsp/system.mss
TRACE::2024-06-20.18:06:22::SCWMssOS::DEBUG:  swdes dump  C:/Users/gusta/OneDrive/Documents/universidad/4to/1r/SEP/Proyectos/pr2/SEPmonG3/SEPmonG3/ps7_cortexa9_0/standalone_domain/bsp/system.mss|system_0||
C:/Users/gusta/OneDrive/Documents/universidad/4to/1r/SEP/Proyectos/pr2/SEPmonG3/SEPmonG3/zynq_fsbl/zynq_fsbl_bsp/system.mss|system||

TRACE::2024-06-20.18:06:22::SCWMssOS::Sw design exists and opened at  C:/Users/gusta/OneDrive/Documents/universidad/4to/1r/SEP/Proyectos/pr2/SEPmonG3/SEPmonG3/ps7_cortexa9_0/standalone_domain/bsp/system.mss
TRACE::2024-06-20.18:06:22::SCWMssOS::Completed writing the mss file at C:/Users/gusta/OneDrive/Documents/universidad/4to/1r/SEP/Proyectos/pr2/SEPmonG3/SEPmonG3/ps7_cortexa9_0/standalone_domain/bsp
TRACE::2024-06-20.18:06:22::SCWMssOS::Mss edits present, copying mssfile into export location C:/Users/gusta/OneDrive/Documents/universidad/4to/1r/SEP/Proyectos/pr2/SEPmonG3/SEPmonG3/ps7_cortexa9_0/standalone_domain/bsp/system.mss
TRACE::2024-06-20.18:06:22::SCWMssOS::bsp generated is upto date with the mss file. Skipping bsp generation.
TRACE::2024-06-20.18:06:22::SCWMssOS::BSP is already built. skipping the bsp build ... 
TRACE::2024-06-20.18:06:22::SCWDomain::Skipping the build for domain :  standalone_domain
TRACE::2024-06-20.18:06:22::SCWMssOS::skipping the bsp build ... 
TRACE::2024-06-20.18:06:22::SCWMssOS::Copying to export directory.
TRACE::2024-06-20.18:06:22::SCWMssOS:: Checking if to create the Supporting Applications
TRACE::2024-06-20.18:06:22::SCWMssOS:: No Linux domain exists, trying to generate FSBL 
TRACE::2024-06-20.18:06:22::SCWMssOS:: Completed Standalone Artifacts creation 
LOG::2024-06-20.18:06:22::SCWSystem::Completed Processing the domain standalone_domain
LOG::2024-06-20.18:06:22::SCWSystem::Completed Processing the sysconfig SEPmonG3
LOG::2024-06-20.18:06:22::SCWPlatform::Completed generating the artifacts for system configuration SEPmonG3
TRACE::2024-06-20.18:06:22::SCWPlatform::Started preparing the platform 
TRACE::2024-06-20.18:06:22::SCWSystem::Writing the bif file for system config SEPmonG3
TRACE::2024-06-20.18:06:22::SCWSystem::dir created 
TRACE::2024-06-20.18:06:22::SCWSystem::Writing the bif 
TRACE::2024-06-20.18:06:22::SCWPlatform::Started writing the spfm file 
TRACE::2024-06-20.18:06:22::SCWPlatform::Started writing the xpfm file 
TRACE::2024-06-20.18:06:22::SCWPlatform::Completed generating the platform
TRACE::2024-06-20.18:06:22::SCWMssOS::Saving the mss changes C:/Users/gusta/OneDrive/Documents/universidad/4to/1r/SEP/Proyectos/pr2/SEPmonG3/SEPmonG3/zynq_fsbl/zynq_fsbl_bsp/system.mss
TRACE::2024-06-20.18:06:22::SCWMssOS::Found a swdesign opened with the mssfile.
TRACE::2024-06-20.18:06:22::SCWMssOS::Completed writemss as part of save.
TRACE::2024-06-20.18:06:22::SCWMssOS::Commit changes completed.
TRACE::2024-06-20.18:06:22::SCWMssOS::Saving the mss changes C:/Users/gusta/OneDrive/Documents/universidad/4to/1r/SEP/Proyectos/pr2/SEPmonG3/SEPmonG3/ps7_cortexa9_0/standalone_domain/bsp/system.mss
TRACE::2024-06-20.18:06:22::SCWMssOS::Found a swdesign opened with the mssfile.
TRACE::2024-06-20.18:06:22::SCWMssOS::Completed writemss as part of save.
TRACE::2024-06-20.18:06:22::SCWMssOS::Commit changes completed.
TRACE::2024-06-20.18:06:22::SCWPlatform::Trying to open the hw design at C:/Users/gusta/OneDrive/Documents/universidad/4to/1r/SEP/Proyectos/pr2/SEPmonG3/SEPmonG3/hw/SEPmon.xsa
TRACE::2024-06-20.18:06:22::SCWPlatform::DSA given C:/Users/gusta/OneDrive/Documents/universidad/4to/1r/SEP/Proyectos/pr2/SEPmonG3/SEPmonG3/hw/SEPmon.xsa
TRACE::2024-06-20.18:06:22::SCWPlatform::DSA absoulate path C:/Users/gusta/OneDrive/Documents/universidad/4to/1r/SEP/Proyectos/pr2/SEPmonG3/SEPmonG3/hw/SEPmon.xsa
TRACE::2024-06-20.18:06:22::SCWPlatform::DSA directory C:/Users/gusta/OneDrive/Documents/universidad/4to/1r/SEP/Proyectos/pr2/SEPmonG3/SEPmonG3/hw
TRACE::2024-06-20.18:06:22::SCWPlatform:: Platform Path C:/Users/gusta/OneDrive/Documents/universidad/4to/1r/SEP/Proyectos/pr2/SEPmonG3/SEPmonG3/hw/SEPmon.xsa
TRACE::2024-06-20.18:06:22::SCWPlatform:: Unique name xilinx:zybo-z7-10::0.0
TRACE::2024-06-20.18:06:22::SCWPlatform::Trying to set the existing hwdb with name DEMO_wrapper_0
TRACE::2024-06-20.18:06:22::SCWPlatform::Opened existing hwdb DEMO_wrapper_0
TRACE::2024-06-20.18:06:22::SCWPlatform::Found the Hw Db part of the input DSA
TRACE::2024-06-20.18:06:22::SCWMssOS::Checking the sw design at  C:/Users/gusta/OneDrive/Documents/universidad/4to/1r/SEP/Proyectos/pr2/SEPmonG3/SEPmonG3/zynq_fsbl/zynq_fsbl_bsp/system.mss
TRACE::2024-06-20.18:06:22::SCWMssOS::DEBUG:  swdes dump  C:/Users/gusta/OneDrive/Documents/universidad/4to/1r/SEP/Proyectos/pr2/SEPmonG3/SEPmonG3/ps7_cortexa9_0/standalone_domain/bsp/system.mss|system_0||
C:/Users/gusta/OneDrive/Documents/universidad/4to/1r/SEP/Proyectos/pr2/SEPmonG3/SEPmonG3/zynq_fsbl/zynq_fsbl_bsp/system.mss|system||

TRACE::2024-06-20.18:06:22::SCWMssOS::Sw design exists and opened at  C:/Users/gusta/OneDrive/Documents/universidad/4to/1r/SEP/Proyectos/pr2/SEPmonG3/SEPmonG3/zynq_fsbl/zynq_fsbl_bsp/system.mss
TRACE::2024-06-20.18:06:22::SCWPlatform::Trying to open the hw design at C:/Users/gusta/OneDrive/Documents/universidad/4to/1r/SEP/Proyectos/pr2/SEPmonG3/SEPmonG3/hw/SEPmon.xsa
TRACE::2024-06-20.18:06:22::SCWPlatform::DSA given C:/Users/gusta/OneDrive/Documents/universidad/4to/1r/SEP/Proyectos/pr2/SEPmonG3/SEPmonG3/hw/SEPmon.xsa
TRACE::2024-06-20.18:06:22::SCWPlatform::DSA absoulate path C:/Users/gusta/OneDrive/Documents/universidad/4to/1r/SEP/Proyectos/pr2/SEPmonG3/SEPmonG3/hw/SEPmon.xsa
TRACE::2024-06-20.18:06:22::SCWPlatform::DSA directory C:/Users/gusta/OneDrive/Documents/universidad/4to/1r/SEP/Proyectos/pr2/SEPmonG3/SEPmonG3/hw
TRACE::2024-06-20.18:06:22::SCWPlatform:: Platform Path C:/Users/gusta/OneDrive/Documents/universidad/4to/1r/SEP/Proyectos/pr2/SEPmonG3/SEPmonG3/hw/SEPmon.xsa
TRACE::2024-06-20.18:06:22::SCWPlatform:: Unique name xilinx:zybo-z7-10::0.0
TRACE::2024-06-20.18:06:22::SCWPlatform::Trying to set the existing hwdb with name DEMO_wrapper_0
TRACE::2024-06-20.18:06:22::SCWPlatform::Opened existing hwdb DEMO_wrapper_0
TRACE::2024-06-20.18:06:22::SCWPlatform::Found the Hw Db part of the input DSA
TRACE::2024-06-20.18:06:22::SCWMssOS::Checking the sw design at  C:/Users/gusta/OneDrive/Documents/universidad/4to/1r/SEP/Proyectos/pr2/SEPmonG3/SEPmonG3/zynq_fsbl/zynq_fsbl_bsp/system.mss
TRACE::2024-06-20.18:06:22::SCWMssOS::DEBUG:  swdes dump  C:/Users/gusta/OneDrive/Documents/universidad/4to/1r/SEP/Proyectos/pr2/SEPmonG3/SEPmonG3/ps7_cortexa9_0/standalone_domain/bsp/system.mss|system_0||
C:/Users/gusta/OneDrive/Documents/universidad/4to/1r/SEP/Proyectos/pr2/SEPmonG3/SEPmonG3/zynq_fsbl/zynq_fsbl_bsp/system.mss|system||

TRACE::2024-06-20.18:06:22::SCWMssOS::Sw design exists and opened at  C:/Users/gusta/OneDrive/Documents/universidad/4to/1r/SEP/Proyectos/pr2/SEPmonG3/SEPmonG3/zynq_fsbl/zynq_fsbl_bsp/system.mss
TRACE::2024-06-20.18:06:22::SCWPlatform::Trying to open the hw design at C:/Users/gusta/OneDrive/Documents/universidad/4to/1r/SEP/Proyectos/pr2/SEPmonG3/SEPmonG3/hw/SEPmon.xsa
TRACE::2024-06-20.18:06:22::SCWPlatform::DSA given C:/Users/gusta/OneDrive/Documents/universidad/4to/1r/SEP/Proyectos/pr2/SEPmonG3/SEPmonG3/hw/SEPmon.xsa
TRACE::2024-06-20.18:06:22::SCWPlatform::DSA absoulate path C:/Users/gusta/OneDrive/Documents/universidad/4to/1r/SEP/Proyectos/pr2/SEPmonG3/SEPmonG3/hw/SEPmon.xsa
TRACE::2024-06-20.18:06:22::SCWPlatform::DSA directory C:/Users/gusta/OneDrive/Documents/universidad/4to/1r/SEP/Proyectos/pr2/SEPmonG3/SEPmonG3/hw
TRACE::2024-06-20.18:06:22::SCWPlatform:: Platform Path C:/Users/gusta/OneDrive/Documents/universidad/4to/1r/SEP/Proyectos/pr2/SEPmonG3/SEPmonG3/hw/SEPmon.xsa
TRACE::2024-06-20.18:06:22::SCWPlatform:: Unique name xilinx:zybo-z7-10::0.0
TRACE::2024-06-20.18:06:22::SCWPlatform::Trying to set the existing hwdb with name DEMO_wrapper_0
TRACE::2024-06-20.18:06:22::SCWPlatform::Opened existing hwdb DEMO_wrapper_0
TRACE::2024-06-20.18:06:22::SCWPlatform::Found the Hw Db part of the input DSA
TRACE::2024-06-20.18:06:22::SCWMssOS::Checking the sw design at  C:/Users/gusta/OneDrive/Documents/universidad/4to/1r/SEP/Proyectos/pr2/SEPmonG3/SEPmonG3/zynq_fsbl/zynq_fsbl_bsp/system.mss
TRACE::2024-06-20.18:06:22::SCWMssOS::DEBUG:  swdes dump  C:/Users/gusta/OneDrive/Documents/universidad/4to/1r/SEP/Proyectos/pr2/SEPmonG3/SEPmonG3/ps7_cortexa9_0/standalone_domain/bsp/system.mss|system_0||
C:/Users/gusta/OneDrive/Documents/universidad/4to/1r/SEP/Proyectos/pr2/SEPmonG3/SEPmonG3/zynq_fsbl/zynq_fsbl_bsp/system.mss|system||

TRACE::2024-06-20.18:06:22::SCWMssOS::Sw design exists and opened at  C:/Users/gusta/OneDrive/Documents/universidad/4to/1r/SEP/Proyectos/pr2/SEPmonG3/SEPmonG3/zynq_fsbl/zynq_fsbl_bsp/system.mss
TRACE::2024-06-20.18:06:22::SCWPlatform::Trying to open the hw design at C:/Users/gusta/OneDrive/Documents/universidad/4to/1r/SEP/Proyectos/pr2/SEPmonG3/SEPmonG3/hw/SEPmon.xsa
TRACE::2024-06-20.18:06:22::SCWPlatform::DSA given C:/Users/gusta/OneDrive/Documents/universidad/4to/1r/SEP/Proyectos/pr2/SEPmonG3/SEPmonG3/hw/SEPmon.xsa
TRACE::2024-06-20.18:06:22::SCWPlatform::DSA absoulate path C:/Users/gusta/OneDrive/Documents/universidad/4to/1r/SEP/Proyectos/pr2/SEPmonG3/SEPmonG3/hw/SEPmon.xsa
TRACE::2024-06-20.18:06:22::SCWPlatform::DSA directory C:/Users/gusta/OneDrive/Documents/universidad/4to/1r/SEP/Proyectos/pr2/SEPmonG3/SEPmonG3/hw
TRACE::2024-06-20.18:06:22::SCWPlatform:: Platform Path C:/Users/gusta/OneDrive/Documents/universidad/4to/1r/SEP/Proyectos/pr2/SEPmonG3/SEPmonG3/hw/SEPmon.xsa
TRACE::2024-06-20.18:06:22::SCWPlatform:: Unique name xilinx:zybo-z7-10::0.0
TRACE::2024-06-20.18:06:22::SCWPlatform::Trying to set the existing hwdb with name DEMO_wrapper_0
TRACE::2024-06-20.18:06:22::SCWPlatform::Opened existing hwdb DEMO_wrapper_0
TRACE::2024-06-20.18:06:22::SCWPlatform::Found the Hw Db part of the input DSA
TRACE::2024-06-20.18:06:22::SCWMssOS::Checking the sw design at  C:/Users/gusta/OneDrive/Documents/universidad/4to/1r/SEP/Proyectos/pr2/SEPmonG3/SEPmonG3/ps7_cortexa9_0/standalone_domain/bsp/system.mss
TRACE::2024-06-20.18:06:22::SCWMssOS::DEBUG:  swdes dump  C:/Users/gusta/OneDrive/Documents/universidad/4to/1r/SEP/Proyectos/pr2/SEPmonG3/SEPmonG3/ps7_cortexa9_0/standalone_domain/bsp/system.mss|system_0||
C:/Users/gusta/OneDrive/Documents/universidad/4to/1r/SEP/Proyectos/pr2/SEPmonG3/SEPmonG3/zynq_fsbl/zynq_fsbl_bsp/system.mss|system||

TRACE::2024-06-20.18:06:22::SCWMssOS::Sw design exists and opened at  C:/Users/gusta/OneDrive/Documents/universidad/4to/1r/SEP/Proyectos/pr2/SEPmonG3/SEPmonG3/ps7_cortexa9_0/standalone_domain/bsp/system.mss
TRACE::2024-06-20.18:06:22::SCWPlatform::Trying to open the hw design at C:/Users/gusta/OneDrive/Documents/universidad/4to/1r/SEP/Proyectos/pr2/SEPmonG3/SEPmonG3/hw/SEPmon.xsa
TRACE::2024-06-20.18:06:22::SCWPlatform::DSA given C:/Users/gusta/OneDrive/Documents/universidad/4to/1r/SEP/Proyectos/pr2/SEPmonG3/SEPmonG3/hw/SEPmon.xsa
TRACE::2024-06-20.18:06:22::SCWPlatform::DSA absoulate path C:/Users/gusta/OneDrive/Documents/universidad/4to/1r/SEP/Proyectos/pr2/SEPmonG3/SEPmonG3/hw/SEPmon.xsa
TRACE::2024-06-20.18:06:22::SCWPlatform::DSA directory C:/Users/gusta/OneDrive/Documents/universidad/4to/1r/SEP/Proyectos/pr2/SEPmonG3/SEPmonG3/hw
TRACE::2024-06-20.18:06:22::SCWPlatform:: Platform Path C:/Users/gusta/OneDrive/Documents/universidad/4to/1r/SEP/Proyectos/pr2/SEPmonG3/SEPmonG3/hw/SEPmon.xsa
TRACE::2024-06-20.18:06:22::SCWPlatform:: Unique name xilinx:zybo-z7-10::0.0
TRACE::2024-06-20.18:06:22::SCWPlatform::Trying to set the existing hwdb with name DEMO_wrapper_0
TRACE::2024-06-20.18:06:22::SCWPlatform::Opened existing hwdb DEMO_wrapper_0
TRACE::2024-06-20.18:06:22::SCWPlatform::Found the Hw Db part of the input DSA
TRACE::2024-06-20.18:06:22::SCWMssOS::Checking the sw design at  C:/Users/gusta/OneDrive/Documents/universidad/4to/1r/SEP/Proyectos/pr2/SEPmonG3/SEPmonG3/ps7_cortexa9_0/standalone_domain/bsp/system.mss
TRACE::2024-06-20.18:06:22::SCWMssOS::DEBUG:  swdes dump  C:/Users/gusta/OneDrive/Documents/universidad/4to/1r/SEP/Proyectos/pr2/SEPmonG3/SEPmonG3/ps7_cortexa9_0/standalone_domain/bsp/system.mss|system_0||
C:/Users/gusta/OneDrive/Documents/universidad/4to/1r/SEP/Proyectos/pr2/SEPmonG3/SEPmonG3/zynq_fsbl/zynq_fsbl_bsp/system.mss|system||

TRACE::2024-06-20.18:06:22::SCWMssOS::Sw design exists and opened at  C:/Users/gusta/OneDrive/Documents/universidad/4to/1r/SEP/Proyectos/pr2/SEPmonG3/SEPmonG3/ps7_cortexa9_0/standalone_domain/bsp/system.mss
TRACE::2024-06-20.18:06:22::SCWPlatform::Trying to open the hw design at C:/Users/gusta/OneDrive/Documents/universidad/4to/1r/SEP/Proyectos/pr2/SEPmonG3/SEPmonG3/hw/SEPmon.xsa
TRACE::2024-06-20.18:06:22::SCWPlatform::DSA given C:/Users/gusta/OneDrive/Documents/universidad/4to/1r/SEP/Proyectos/pr2/SEPmonG3/SEPmonG3/hw/SEPmon.xsa
TRACE::2024-06-20.18:06:22::SCWPlatform::DSA absoulate path C:/Users/gusta/OneDrive/Documents/universidad/4to/1r/SEP/Proyectos/pr2/SEPmonG3/SEPmonG3/hw/SEPmon.xsa
TRACE::2024-06-20.18:06:22::SCWPlatform::DSA directory C:/Users/gusta/OneDrive/Documents/universidad/4to/1r/SEP/Proyectos/pr2/SEPmonG3/SEPmonG3/hw
TRACE::2024-06-20.18:06:22::SCWPlatform:: Platform Path C:/Users/gusta/OneDrive/Documents/universidad/4to/1r/SEP/Proyectos/pr2/SEPmonG3/SEPmonG3/hw/SEPmon.xsa
TRACE::2024-06-20.18:06:22::SCWPlatform:: Unique name xilinx:zybo-z7-10::0.0
TRACE::2024-06-20.18:06:22::SCWPlatform::Trying to set the existing hwdb with name DEMO_wrapper_0
TRACE::2024-06-20.18:06:22::SCWPlatform::Opened existing hwdb DEMO_wrapper_0
TRACE::2024-06-20.18:06:22::SCWPlatform::Found the Hw Db part of the input DSA
TRACE::2024-06-20.18:06:22::SCWMssOS::Checking the sw design at  C:/Users/gusta/OneDrive/Documents/universidad/4to/1r/SEP/Proyectos/pr2/SEPmonG3/SEPmonG3/ps7_cortexa9_0/standalone_domain/bsp/system.mss
TRACE::2024-06-20.18:06:22::SCWMssOS::DEBUG:  swdes dump  C:/Users/gusta/OneDrive/Documents/universidad/4to/1r/SEP/Proyectos/pr2/SEPmonG3/SEPmonG3/ps7_cortexa9_0/standalone_domain/bsp/system.mss|system_0||
C:/Users/gusta/OneDrive/Documents/universidad/4to/1r/SEP/Proyectos/pr2/SEPmonG3/SEPmonG3/zynq_fsbl/zynq_fsbl_bsp/system.mss|system||

TRACE::2024-06-20.18:06:22::SCWMssOS::Sw design exists and opened at  C:/Users/gusta/OneDrive/Documents/universidad/4to/1r/SEP/Proyectos/pr2/SEPmonG3/SEPmonG3/ps7_cortexa9_0/standalone_domain/bsp/system.mss
TRACE::2024-06-20.18:06:22::SCWWriter::formatted JSON is {
	"platformName":	"SEPmonG3",
	"sprVersion":	"2.0",
	"mode":	"gui",
	"dsaType":	"Fixed",
	"platformDesc":	"SEPmonG3",
	"platHandOff":	"C:/Users/gusta/OneDrive/Documents/universidad/4to/1r/SEP/Proyectos/pr2/SEPmonG3/SEPmon/SEPmon.xsa",
	"platIntHandOff":	"<platformDir>/hw/SEPmon.xsa",
	"deviceType":	"zynq",
	"platIsPrebuiltAutogen":	"false",
	"platIsNoBootBsp":	"false",
	"platFsblTarget":	"ps7_cortexa9_0",
	"hasFsblMakeHasChanges":	"false",
	"hasPmufwMakeHasChanges":	"false",
	"fsblExtraCompilerFlags":	"-MMD -MP       -mcpu=cortex-a9 -mfpu=vfpv3 -mfloat-abi=hard ",
	"platPreBuiltFlag":	false,
	"platformSamplesDir":	"",
	"platActiveSys":	"SEPmonG3",
	"systems":	[{
			"systemName":	"SEPmonG3",
			"systemDesc":	"SEPmonG3",
			"sysIsBootAutoGen":	"true",
			"systemDispName":	"SEPmonG3",
			"sysActiveDom":	"standalone_domain",
			"sysDefaultDom":	"standalone_domain",
			"domains":	[{
					"domainName":	"zynq_fsbl",
					"domainDispName":	"zynq_fsbl",
					"domainDesc":	"FSBL Application BSP - Auto Generated.",
					"processors":	"ps7_cortexa9_0",
					"os":	"standalone",
					"sdxOs":	"standalone",
					"debugEnable":	"",
					"domRuntimes":	["cpp"],
					"swRepo":	"",
					"mssOsVer":	"7.2",
					"mssFile":	"",
					"md5Digest":	"02312b845700e4a4fd39dd786149f184",
					"compatibleApp":	"zynq_fsbl",
					"domType":	"bootDomain",
					"appSettings":	{
						"appCompilerFlags":	"",
						"appLinkerFlags":	""
					},
					"addedLibs":	["xilffs:4.3", "xilrsa:1.6"],
					"libOptions":	{
						"libsContainingOptions":	[]
					},
					"prebuiltLibs":	{
						"prebuiltIncPath":	[],
						"prebuiltLibPath":	[]
					},
					"isolation":	{
					}
				}, {
					"domainName":	"standalone_domain",
					"domainDispName":	"standalone_domain",
					"domainDesc":	"standalone_domain",
					"processors":	"ps7_cortexa9_0",
					"os":	"standalone",
					"sdxOs":	"standalone",
					"qemuArgs":	"C:/Xilinx/Vitis/2020.1/data/emulation/platforms/zynq/qemu/qemu_args.txt",
					"qemuData":	"C:/Xilinx/Vitis/2020.1/data/emulation/platforms/zynq/qemu/",
					"debugEnable":	"False",
					"domRuntimes":	["cpp"],
					"swRepo":	"",
					"mssOsVer":	"7.2",
					"mssFile":	"",
					"md5Digest":	"66dd88408418c3412ef42766414a5b97",
					"compatibleApp":	"",
					"domType":	"mssDomain",
					"appSettings":	{
						"appCompilerFlags":	"",
						"appLinkerFlags":	""
					},
					"addedLibs":	[],
					"libOptions":	{
						"libsContainingOptions":	[]
					},
					"prebuiltLibs":	{
						"prebuiltIncPath":	[],
						"prebuiltLibPath":	[]
					},
					"isolation":	{
					}
				}]
		}]
}
KEYINFO::2024-06-20.18:06:22::SCWPlatform::updated the xpfm file.
TRACE::2024-06-20.18:06:22::SCWPlatform::Trying to open the hw design at C:/Users/gusta/OneDrive/Documents/universidad/4to/1r/SEP/Proyectos/pr2/SEPmonG3/SEPmonG3/hw/SEPmon.xsa
TRACE::2024-06-20.18:06:22::SCWPlatform::DSA given C:/Users/gusta/OneDrive/Documents/universidad/4to/1r/SEP/Proyectos/pr2/SEPmonG3/SEPmonG3/hw/SEPmon.xsa
TRACE::2024-06-20.18:06:22::SCWPlatform::DSA absoulate path C:/Users/gusta/OneDrive/Documents/universidad/4to/1r/SEP/Proyectos/pr2/SEPmonG3/SEPmonG3/hw/SEPmon.xsa
TRACE::2024-06-20.18:06:22::SCWPlatform::DSA directory C:/Users/gusta/OneDrive/Documents/universidad/4to/1r/SEP/Proyectos/pr2/SEPmonG3/SEPmonG3/hw
TRACE::2024-06-20.18:06:22::SCWPlatform:: Platform Path C:/Users/gusta/OneDrive/Documents/universidad/4to/1r/SEP/Proyectos/pr2/SEPmonG3/SEPmonG3/hw/SEPmon.xsa
TRACE::2024-06-20.18:06:22::SCWPlatform:: Unique name xilinx:zybo-z7-10::0.0
TRACE::2024-06-20.18:06:22::SCWPlatform::Trying to set the existing hwdb with name DEMO_wrapper_0
TRACE::2024-06-20.18:06:22::SCWPlatform::Opened existing hwdb DEMO_wrapper_0
TRACE::2024-06-20.18:06:22::SCWPlatform::Found the Hw Db part of the input DSA
TRACE::2024-06-20.18:06:22::SCWMssOS::Checking the sw design at  C:/Users/gusta/OneDrive/Documents/universidad/4to/1r/SEP/Proyectos/pr2/SEPmonG3/SEPmonG3/ps7_cortexa9_0/standalone_domain/bsp/system.mss
TRACE::2024-06-20.18:06:22::SCWMssOS::DEBUG:  swdes dump  C:/Users/gusta/OneDrive/Documents/universidad/4to/1r/SEP/Proyectos/pr2/SEPmonG3/SEPmonG3/ps7_cortexa9_0/standalone_domain/bsp/system.mss|system_0||
C:/Users/gusta/OneDrive/Documents/universidad/4to/1r/SEP/Proyectos/pr2/SEPmonG3/SEPmonG3/zynq_fsbl/zynq_fsbl_bsp/system.mss|system||

TRACE::2024-06-20.18:06:22::SCWMssOS::Sw design exists and opened at  C:/Users/gusta/OneDrive/Documents/universidad/4to/1r/SEP/Proyectos/pr2/SEPmonG3/SEPmonG3/ps7_cortexa9_0/standalone_domain/bsp/system.mss
TRACE::2024-06-20.18:06:22::SCWMssOS::Saving the mss changes C:/Users/gusta/OneDrive/Documents/universidad/4to/1r/SEP/Proyectos/pr2/SEPmonG3/SEPmonG3/zynq_fsbl/zynq_fsbl_bsp/system.mss
TRACE::2024-06-20.18:06:22::SCWMssOS::Found a swdesign opened with the mssfile.
TRACE::2024-06-20.18:06:22::SCWMssOS::Completed writemss as part of save.
TRACE::2024-06-20.18:06:22::SCWMssOS::Commit changes completed.
TRACE::2024-06-20.18:06:22::SCWMssOS::Saving the mss changes C:/Users/gusta/OneDrive/Documents/universidad/4to/1r/SEP/Proyectos/pr2/SEPmonG3/SEPmonG3/ps7_cortexa9_0/standalone_domain/bsp/system.mss
TRACE::2024-06-20.18:06:22::SCWMssOS::Found a swdesign opened with the mssfile.
TRACE::2024-06-20.18:06:22::SCWMssOS::Completed writemss as part of save.
TRACE::2024-06-20.18:06:22::SCWMssOS::Commit changes completed.
TRACE::2024-06-20.18:06:22::SCWPlatform::Trying to open the hw design at C:/Users/gusta/OneDrive/Documents/universidad/4to/1r/SEP/Proyectos/pr2/SEPmonG3/SEPmonG3/hw/SEPmon.xsa
TRACE::2024-06-20.18:06:22::SCWPlatform::DSA given C:/Users/gusta/OneDrive/Documents/universidad/4to/1r/SEP/Proyectos/pr2/SEPmonG3/SEPmonG3/hw/SEPmon.xsa
TRACE::2024-06-20.18:06:22::SCWPlatform::DSA absoulate path C:/Users/gusta/OneDrive/Documents/universidad/4to/1r/SEP/Proyectos/pr2/SEPmonG3/SEPmonG3/hw/SEPmon.xsa
TRACE::2024-06-20.18:06:22::SCWPlatform::DSA directory C:/Users/gusta/OneDrive/Documents/universidad/4to/1r/SEP/Proyectos/pr2/SEPmonG3/SEPmonG3/hw
TRACE::2024-06-20.18:06:22::SCWPlatform:: Platform Path C:/Users/gusta/OneDrive/Documents/universidad/4to/1r/SEP/Proyectos/pr2/SEPmonG3/SEPmonG3/hw/SEPmon.xsa
TRACE::2024-06-20.18:06:22::SCWPlatform:: Unique name xilinx:zybo-z7-10::0.0
TRACE::2024-06-20.18:06:22::SCWPlatform::Trying to set the existing hwdb with name DEMO_wrapper_0
TRACE::2024-06-20.18:06:22::SCWPlatform::Opened existing hwdb DEMO_wrapper_0
TRACE::2024-06-20.18:06:22::SCWPlatform::Found the Hw Db part of the input DSA
TRACE::2024-06-20.18:06:22::SCWMssOS::Checking the sw design at  C:/Users/gusta/OneDrive/Documents/universidad/4to/1r/SEP/Proyectos/pr2/SEPmonG3/SEPmonG3/zynq_fsbl/zynq_fsbl_bsp/system.mss
TRACE::2024-06-20.18:06:22::SCWMssOS::DEBUG:  swdes dump  C:/Users/gusta/OneDrive/Documents/universidad/4to/1r/SEP/Proyectos/pr2/SEPmonG3/SEPmonG3/ps7_cortexa9_0/standalone_domain/bsp/system.mss|system_0||
C:/Users/gusta/OneDrive/Documents/universidad/4to/1r/SEP/Proyectos/pr2/SEPmonG3/SEPmonG3/zynq_fsbl/zynq_fsbl_bsp/system.mss|system||

TRACE::2024-06-20.18:06:22::SCWMssOS::Sw design exists and opened at  C:/Users/gusta/OneDrive/Documents/universidad/4to/1r/SEP/Proyectos/pr2/SEPmonG3/SEPmonG3/zynq_fsbl/zynq_fsbl_bsp/system.mss
TRACE::2024-06-20.18:06:22::SCWPlatform::Trying to open the hw design at C:/Users/gusta/OneDrive/Documents/universidad/4to/1r/SEP/Proyectos/pr2/SEPmonG3/SEPmonG3/hw/SEPmon.xsa
TRACE::2024-06-20.18:06:22::SCWPlatform::DSA given C:/Users/gusta/OneDrive/Documents/universidad/4to/1r/SEP/Proyectos/pr2/SEPmonG3/SEPmonG3/hw/SEPmon.xsa
TRACE::2024-06-20.18:06:22::SCWPlatform::DSA absoulate path C:/Users/gusta/OneDrive/Documents/universidad/4to/1r/SEP/Proyectos/pr2/SEPmonG3/SEPmonG3/hw/SEPmon.xsa
TRACE::2024-06-20.18:06:22::SCWPlatform::DSA directory C:/Users/gusta/OneDrive/Documents/universidad/4to/1r/SEP/Proyectos/pr2/SEPmonG3/SEPmonG3/hw
TRACE::2024-06-20.18:06:22::SCWPlatform:: Platform Path C:/Users/gusta/OneDrive/Documents/universidad/4to/1r/SEP/Proyectos/pr2/SEPmonG3/SEPmonG3/hw/SEPmon.xsa
TRACE::2024-06-20.18:06:22::SCWPlatform:: Unique name xilinx:zybo-z7-10::0.0
TRACE::2024-06-20.18:06:22::SCWPlatform::Trying to set the existing hwdb with name DEMO_wrapper_0
TRACE::2024-06-20.18:06:22::SCWPlatform::Opened existing hwdb DEMO_wrapper_0
TRACE::2024-06-20.18:06:22::SCWPlatform::Found the Hw Db part of the input DSA
TRACE::2024-06-20.18:06:22::SCWMssOS::Checking the sw design at  C:/Users/gusta/OneDrive/Documents/universidad/4to/1r/SEP/Proyectos/pr2/SEPmonG3/SEPmonG3/zynq_fsbl/zynq_fsbl_bsp/system.mss
TRACE::2024-06-20.18:06:22::SCWMssOS::DEBUG:  swdes dump  C:/Users/gusta/OneDrive/Documents/universidad/4to/1r/SEP/Proyectos/pr2/SEPmonG3/SEPmonG3/ps7_cortexa9_0/standalone_domain/bsp/system.mss|system_0||
C:/Users/gusta/OneDrive/Documents/universidad/4to/1r/SEP/Proyectos/pr2/SEPmonG3/SEPmonG3/zynq_fsbl/zynq_fsbl_bsp/system.mss|system||

TRACE::2024-06-20.18:06:22::SCWMssOS::Sw design exists and opened at  C:/Users/gusta/OneDrive/Documents/universidad/4to/1r/SEP/Proyectos/pr2/SEPmonG3/SEPmonG3/zynq_fsbl/zynq_fsbl_bsp/system.mss
TRACE::2024-06-20.18:06:22::SCWPlatform::Trying to open the hw design at C:/Users/gusta/OneDrive/Documents/universidad/4to/1r/SEP/Proyectos/pr2/SEPmonG3/SEPmonG3/hw/SEPmon.xsa
TRACE::2024-06-20.18:06:22::SCWPlatform::DSA given C:/Users/gusta/OneDrive/Documents/universidad/4to/1r/SEP/Proyectos/pr2/SEPmonG3/SEPmonG3/hw/SEPmon.xsa
TRACE::2024-06-20.18:06:22::SCWPlatform::DSA absoulate path C:/Users/gusta/OneDrive/Documents/universidad/4to/1r/SEP/Proyectos/pr2/SEPmonG3/SEPmonG3/hw/SEPmon.xsa
TRACE::2024-06-20.18:06:22::SCWPlatform::DSA directory C:/Users/gusta/OneDrive/Documents/universidad/4to/1r/SEP/Proyectos/pr2/SEPmonG3/SEPmonG3/hw
TRACE::2024-06-20.18:06:22::SCWPlatform:: Platform Path C:/Users/gusta/OneDrive/Documents/universidad/4to/1r/SEP/Proyectos/pr2/SEPmonG3/SEPmonG3/hw/SEPmon.xsa
TRACE::2024-06-20.18:06:22::SCWPlatform:: Unique name xilinx:zybo-z7-10::0.0
TRACE::2024-06-20.18:06:22::SCWPlatform::Trying to set the existing hwdb with name DEMO_wrapper_0
TRACE::2024-06-20.18:06:22::SCWPlatform::Opened existing hwdb DEMO_wrapper_0
TRACE::2024-06-20.18:06:22::SCWPlatform::Found the Hw Db part of the input DSA
TRACE::2024-06-20.18:06:22::SCWMssOS::Checking the sw design at  C:/Users/gusta/OneDrive/Documents/universidad/4to/1r/SEP/Proyectos/pr2/SEPmonG3/SEPmonG3/zynq_fsbl/zynq_fsbl_bsp/system.mss
TRACE::2024-06-20.18:06:22::SCWMssOS::DEBUG:  swdes dump  C:/Users/gusta/OneDrive/Documents/universidad/4to/1r/SEP/Proyectos/pr2/SEPmonG3/SEPmonG3/ps7_cortexa9_0/standalone_domain/bsp/system.mss|system_0||
C:/Users/gusta/OneDrive/Documents/universidad/4to/1r/SEP/Proyectos/pr2/SEPmonG3/SEPmonG3/zynq_fsbl/zynq_fsbl_bsp/system.mss|system||

TRACE::2024-06-20.18:06:22::SCWMssOS::Sw design exists and opened at  C:/Users/gusta/OneDrive/Documents/universidad/4to/1r/SEP/Proyectos/pr2/SEPmonG3/SEPmonG3/zynq_fsbl/zynq_fsbl_bsp/system.mss
TRACE::2024-06-20.18:06:22::SCWPlatform::Trying to open the hw design at C:/Users/gusta/OneDrive/Documents/universidad/4to/1r/SEP/Proyectos/pr2/SEPmonG3/SEPmonG3/hw/SEPmon.xsa
TRACE::2024-06-20.18:06:22::SCWPlatform::DSA given C:/Users/gusta/OneDrive/Documents/universidad/4to/1r/SEP/Proyectos/pr2/SEPmonG3/SEPmonG3/hw/SEPmon.xsa
TRACE::2024-06-20.18:06:22::SCWPlatform::DSA absoulate path C:/Users/gusta/OneDrive/Documents/universidad/4to/1r/SEP/Proyectos/pr2/SEPmonG3/SEPmonG3/hw/SEPmon.xsa
TRACE::2024-06-20.18:06:22::SCWPlatform::DSA directory C:/Users/gusta/OneDrive/Documents/universidad/4to/1r/SEP/Proyectos/pr2/SEPmonG3/SEPmonG3/hw
TRACE::2024-06-20.18:06:22::SCWPlatform:: Platform Path C:/Users/gusta/OneDrive/Documents/universidad/4to/1r/SEP/Proyectos/pr2/SEPmonG3/SEPmonG3/hw/SEPmon.xsa
TRACE::2024-06-20.18:06:22::SCWPlatform:: Unique name xilinx:zybo-z7-10::0.0
TRACE::2024-06-20.18:06:22::SCWPlatform::Trying to set the existing hwdb with name DEMO_wrapper_0
TRACE::2024-06-20.18:06:22::SCWPlatform::Opened existing hwdb DEMO_wrapper_0
TRACE::2024-06-20.18:06:22::SCWPlatform::Found the Hw Db part of the input DSA
TRACE::2024-06-20.18:06:22::SCWMssOS::Checking the sw design at  C:/Users/gusta/OneDrive/Documents/universidad/4to/1r/SEP/Proyectos/pr2/SEPmonG3/SEPmonG3/ps7_cortexa9_0/standalone_domain/bsp/system.mss
TRACE::2024-06-20.18:06:22::SCWMssOS::DEBUG:  swdes dump  C:/Users/gusta/OneDrive/Documents/universidad/4to/1r/SEP/Proyectos/pr2/SEPmonG3/SEPmonG3/ps7_cortexa9_0/standalone_domain/bsp/system.mss|system_0||
C:/Users/gusta/OneDrive/Documents/universidad/4to/1r/SEP/Proyectos/pr2/SEPmonG3/SEPmonG3/zynq_fsbl/zynq_fsbl_bsp/system.mss|system||

TRACE::2024-06-20.18:06:22::SCWMssOS::Sw design exists and opened at  C:/Users/gusta/OneDrive/Documents/universidad/4to/1r/SEP/Proyectos/pr2/SEPmonG3/SEPmonG3/ps7_cortexa9_0/standalone_domain/bsp/system.mss
TRACE::2024-06-20.18:06:22::SCWPlatform::Trying to open the hw design at C:/Users/gusta/OneDrive/Documents/universidad/4to/1r/SEP/Proyectos/pr2/SEPmonG3/SEPmonG3/hw/SEPmon.xsa
TRACE::2024-06-20.18:06:22::SCWPlatform::DSA given C:/Users/gusta/OneDrive/Documents/universidad/4to/1r/SEP/Proyectos/pr2/SEPmonG3/SEPmonG3/hw/SEPmon.xsa
TRACE::2024-06-20.18:06:22::SCWPlatform::DSA absoulate path C:/Users/gusta/OneDrive/Documents/universidad/4to/1r/SEP/Proyectos/pr2/SEPmonG3/SEPmonG3/hw/SEPmon.xsa
TRACE::2024-06-20.18:06:22::SCWPlatform::DSA directory C:/Users/gusta/OneDrive/Documents/universidad/4to/1r/SEP/Proyectos/pr2/SEPmonG3/SEPmonG3/hw
TRACE::2024-06-20.18:06:22::SCWPlatform:: Platform Path C:/Users/gusta/OneDrive/Documents/universidad/4to/1r/SEP/Proyectos/pr2/SEPmonG3/SEPmonG3/hw/SEPmon.xsa
TRACE::2024-06-20.18:06:22::SCWPlatform:: Unique name xilinx:zybo-z7-10::0.0
TRACE::2024-06-20.18:06:22::SCWPlatform::Trying to set the existing hwdb with name DEMO_wrapper_0
TRACE::2024-06-20.18:06:22::SCWPlatform::Opened existing hwdb DEMO_wrapper_0
TRACE::2024-06-20.18:06:22::SCWPlatform::Found the Hw Db part of the input DSA
TRACE::2024-06-20.18:06:22::SCWMssOS::Checking the sw design at  C:/Users/gusta/OneDrive/Documents/universidad/4to/1r/SEP/Proyectos/pr2/SEPmonG3/SEPmonG3/ps7_cortexa9_0/standalone_domain/bsp/system.mss
TRACE::2024-06-20.18:06:22::SCWMssOS::DEBUG:  swdes dump  C:/Users/gusta/OneDrive/Documents/universidad/4to/1r/SEP/Proyectos/pr2/SEPmonG3/SEPmonG3/ps7_cortexa9_0/standalone_domain/bsp/system.mss|system_0||
C:/Users/gusta/OneDrive/Documents/universidad/4to/1r/SEP/Proyectos/pr2/SEPmonG3/SEPmonG3/zynq_fsbl/zynq_fsbl_bsp/system.mss|system||

TRACE::2024-06-20.18:06:22::SCWMssOS::Sw design exists and opened at  C:/Users/gusta/OneDrive/Documents/universidad/4to/1r/SEP/Proyectos/pr2/SEPmonG3/SEPmonG3/ps7_cortexa9_0/standalone_domain/bsp/system.mss
TRACE::2024-06-20.18:06:22::SCWPlatform::Trying to open the hw design at C:/Users/gusta/OneDrive/Documents/universidad/4to/1r/SEP/Proyectos/pr2/SEPmonG3/SEPmonG3/hw/SEPmon.xsa
TRACE::2024-06-20.18:06:22::SCWPlatform::DSA given C:/Users/gusta/OneDrive/Documents/universidad/4to/1r/SEP/Proyectos/pr2/SEPmonG3/SEPmonG3/hw/SEPmon.xsa
TRACE::2024-06-20.18:06:22::SCWPlatform::DSA absoulate path C:/Users/gusta/OneDrive/Documents/universidad/4to/1r/SEP/Proyectos/pr2/SEPmonG3/SEPmonG3/hw/SEPmon.xsa
TRACE::2024-06-20.18:06:22::SCWPlatform::DSA directory C:/Users/gusta/OneDrive/Documents/universidad/4to/1r/SEP/Proyectos/pr2/SEPmonG3/SEPmonG3/hw
TRACE::2024-06-20.18:06:22::SCWPlatform:: Platform Path C:/Users/gusta/OneDrive/Documents/universidad/4to/1r/SEP/Proyectos/pr2/SEPmonG3/SEPmonG3/hw/SEPmon.xsa
TRACE::2024-06-20.18:06:22::SCWPlatform:: Unique name xilinx:zybo-z7-10::0.0
TRACE::2024-06-20.18:06:22::SCWPlatform::Trying to set the existing hwdb with name DEMO_wrapper_0
TRACE::2024-06-20.18:06:22::SCWPlatform::Opened existing hwdb DEMO_wrapper_0
TRACE::2024-06-20.18:06:22::SCWPlatform::Found the Hw Db part of the input DSA
TRACE::2024-06-20.18:06:22::SCWMssOS::Checking the sw design at  C:/Users/gusta/OneDrive/Documents/universidad/4to/1r/SEP/Proyectos/pr2/SEPmonG3/SEPmonG3/ps7_cortexa9_0/standalone_domain/bsp/system.mss
TRACE::2024-06-20.18:06:22::SCWMssOS::DEBUG:  swdes dump  C:/Users/gusta/OneDrive/Documents/universidad/4to/1r/SEP/Proyectos/pr2/SEPmonG3/SEPmonG3/ps7_cortexa9_0/standalone_domain/bsp/system.mss|system_0||
C:/Users/gusta/OneDrive/Documents/universidad/4to/1r/SEP/Proyectos/pr2/SEPmonG3/SEPmonG3/zynq_fsbl/zynq_fsbl_bsp/system.mss|system||

TRACE::2024-06-20.18:06:22::SCWMssOS::Sw design exists and opened at  C:/Users/gusta/OneDrive/Documents/universidad/4to/1r/SEP/Proyectos/pr2/SEPmonG3/SEPmonG3/ps7_cortexa9_0/standalone_domain/bsp/system.mss
TRACE::2024-06-20.18:06:22::SCWWriter::formatted JSON is {
	"platformName":	"SEPmonG3",
	"sprVersion":	"2.0",
	"mode":	"gui",
	"dsaType":	"Fixed",
	"platformDesc":	"SEPmonG3",
	"platHandOff":	"C:/Users/gusta/OneDrive/Documents/universidad/4to/1r/SEP/Proyectos/pr2/SEPmonG3/SEPmon/SEPmon.xsa",
	"platIntHandOff":	"<platformDir>/hw/SEPmon.xsa",
	"deviceType":	"zynq",
	"platIsPrebuiltAutogen":	"false",
	"platIsNoBootBsp":	"false",
	"platFsblTarget":	"ps7_cortexa9_0",
	"hasFsblMakeHasChanges":	"false",
	"hasPmufwMakeHasChanges":	"false",
	"fsblExtraCompilerFlags":	"-MMD -MP       -mcpu=cortex-a9 -mfpu=vfpv3 -mfloat-abi=hard ",
	"platPreBuiltFlag":	false,
	"platformSamplesDir":	"",
	"platActiveSys":	"SEPmonG3",
	"systems":	[{
			"systemName":	"SEPmonG3",
			"systemDesc":	"SEPmonG3",
			"sysIsBootAutoGen":	"true",
			"systemDispName":	"SEPmonG3",
			"sysActiveDom":	"standalone_domain",
			"sysDefaultDom":	"standalone_domain",
			"domains":	[{
					"domainName":	"zynq_fsbl",
					"domainDispName":	"zynq_fsbl",
					"domainDesc":	"FSBL Application BSP - Auto Generated.",
					"processors":	"ps7_cortexa9_0",
					"os":	"standalone",
					"sdxOs":	"standalone",
					"debugEnable":	"",
					"domRuntimes":	["cpp"],
					"swRepo":	"",
					"mssOsVer":	"7.2",
					"mssFile":	"",
					"md5Digest":	"02312b845700e4a4fd39dd786149f184",
					"compatibleApp":	"zynq_fsbl",
					"domType":	"bootDomain",
					"appSettings":	{
						"appCompilerFlags":	"",
						"appLinkerFlags":	""
					},
					"addedLibs":	["xilffs:4.3", "xilrsa:1.6"],
					"libOptions":	{
						"libsContainingOptions":	[]
					},
					"prebuiltLibs":	{
						"prebuiltIncPath":	[],
						"prebuiltLibPath":	[]
					},
					"isolation":	{
					}
				}, {
					"domainName":	"standalone_domain",
					"domainDispName":	"standalone_domain",
					"domainDesc":	"standalone_domain",
					"processors":	"ps7_cortexa9_0",
					"os":	"standalone",
					"sdxOs":	"standalone",
					"qemuArgs":	"C:/Xilinx/Vitis/2020.1/data/emulation/platforms/zynq/qemu/qemu_args.txt",
					"qemuData":	"C:/Xilinx/Vitis/2020.1/data/emulation/platforms/zynq/qemu/",
					"debugEnable":	"False",
					"domRuntimes":	["cpp"],
					"swRepo":	"",
					"mssOsVer":	"7.2",
					"mssFile":	"",
					"md5Digest":	"66dd88408418c3412ef42766414a5b97",
					"compatibleApp":	"",
					"domType":	"mssDomain",
					"appSettings":	{
						"appCompilerFlags":	"",
						"appLinkerFlags":	""
					},
					"addedLibs":	[],
					"libOptions":	{
						"libsContainingOptions":	[]
					},
					"prebuiltLibs":	{
						"prebuiltIncPath":	[],
						"prebuiltLibPath":	[]
					},
					"isolation":	{
					}
				}]
		}]
}
TRACE::2024-06-20.18:06:22::SCWPlatform::Trying to open the hw design at C:/Users/gusta/OneDrive/Documents/universidad/4to/1r/SEP/Proyectos/pr2/SEPmonG3/SEPmonG3/hw/SEPmon.xsa
TRACE::2024-06-20.18:06:22::SCWPlatform::DSA given C:/Users/gusta/OneDrive/Documents/universidad/4to/1r/SEP/Proyectos/pr2/SEPmonG3/SEPmonG3/hw/SEPmon.xsa
TRACE::2024-06-20.18:06:22::SCWPlatform::DSA absoulate path C:/Users/gusta/OneDrive/Documents/universidad/4to/1r/SEP/Proyectos/pr2/SEPmonG3/SEPmonG3/hw/SEPmon.xsa
TRACE::2024-06-20.18:06:22::SCWPlatform::DSA directory C:/Users/gusta/OneDrive/Documents/universidad/4to/1r/SEP/Proyectos/pr2/SEPmonG3/SEPmonG3/hw
TRACE::2024-06-20.18:06:22::SCWPlatform:: Platform Path C:/Users/gusta/OneDrive/Documents/universidad/4to/1r/SEP/Proyectos/pr2/SEPmonG3/SEPmonG3/hw/SEPmon.xsa
TRACE::2024-06-20.18:06:22::SCWPlatform:: Unique name xilinx:zybo-z7-10::0.0
TRACE::2024-06-20.18:06:22::SCWPlatform::Trying to set the existing hwdb with name DEMO_wrapper_0
TRACE::2024-06-20.18:06:22::SCWPlatform::Opened existing hwdb DEMO_wrapper_0
TRACE::2024-06-20.18:06:22::SCWPlatform::Found the Hw Db part of the input DSA
TRACE::2024-06-20.18:06:22::SCWMssOS::Checking the sw design at  C:/Users/gusta/OneDrive/Documents/universidad/4to/1r/SEP/Proyectos/pr2/SEPmonG3/SEPmonG3/ps7_cortexa9_0/standalone_domain/bsp/system.mss
TRACE::2024-06-20.18:06:22::SCWMssOS::DEBUG:  swdes dump  C:/Users/gusta/OneDrive/Documents/universidad/4to/1r/SEP/Proyectos/pr2/SEPmonG3/SEPmonG3/ps7_cortexa9_0/standalone_domain/bsp/system.mss|system_0||
C:/Users/gusta/OneDrive/Documents/universidad/4to/1r/SEP/Proyectos/pr2/SEPmonG3/SEPmonG3/zynq_fsbl/zynq_fsbl_bsp/system.mss|system||

TRACE::2024-06-20.18:06:22::SCWMssOS::Sw design exists and opened at  C:/Users/gusta/OneDrive/Documents/universidad/4to/1r/SEP/Proyectos/pr2/SEPmonG3/SEPmonG3/ps7_cortexa9_0/standalone_domain/bsp/system.mss
TRACE::2024-06-20.18:06:22::SCWPlatform::Trying to open the hw design at C:/Users/gusta/OneDrive/Documents/universidad/4to/1r/SEP/Proyectos/pr2/SEPmonG3/SEPmonG3/hw/SEPmon.xsa
TRACE::2024-06-20.18:06:22::SCWPlatform::DSA given C:/Users/gusta/OneDrive/Documents/universidad/4to/1r/SEP/Proyectos/pr2/SEPmonG3/SEPmonG3/hw/SEPmon.xsa
TRACE::2024-06-20.18:06:22::SCWPlatform::DSA absoulate path C:/Users/gusta/OneDrive/Documents/universidad/4to/1r/SEP/Proyectos/pr2/SEPmonG3/SEPmonG3/hw/SEPmon.xsa
TRACE::2024-06-20.18:06:22::SCWPlatform::DSA directory C:/Users/gusta/OneDrive/Documents/universidad/4to/1r/SEP/Proyectos/pr2/SEPmonG3/SEPmonG3/hw
TRACE::2024-06-20.18:06:22::SCWPlatform:: Platform Path C:/Users/gusta/OneDrive/Documents/universidad/4to/1r/SEP/Proyectos/pr2/SEPmonG3/SEPmonG3/hw/SEPmon.xsa
TRACE::2024-06-20.18:06:22::SCWPlatform:: Unique name xilinx:zybo-z7-10::0.0
TRACE::2024-06-20.18:06:22::SCWPlatform::Trying to set the existing hwdb with name DEMO_wrapper_0
TRACE::2024-06-20.18:06:22::SCWPlatform::Opened existing hwdb DEMO_wrapper_0
TRACE::2024-06-20.18:06:22::SCWPlatform::Found the Hw Db part of the input DSA
TRACE::2024-06-20.18:06:22::SCWMssOS::Checking the sw design at  C:/Users/gusta/OneDrive/Documents/universidad/4to/1r/SEP/Proyectos/pr2/SEPmonG3/SEPmonG3/ps7_cortexa9_0/standalone_domain/bsp/system.mss
TRACE::2024-06-20.18:06:22::SCWMssOS::DEBUG:  swdes dump  C:/Users/gusta/OneDrive/Documents/universidad/4to/1r/SEP/Proyectos/pr2/SEPmonG3/SEPmonG3/ps7_cortexa9_0/standalone_domain/bsp/system.mss|system_0||
C:/Users/gusta/OneDrive/Documents/universidad/4to/1r/SEP/Proyectos/pr2/SEPmonG3/SEPmonG3/zynq_fsbl/zynq_fsbl_bsp/system.mss|system||

TRACE::2024-06-20.18:06:22::SCWMssOS::Sw design exists and opened at  C:/Users/gusta/OneDrive/Documents/universidad/4to/1r/SEP/Proyectos/pr2/SEPmonG3/SEPmonG3/ps7_cortexa9_0/standalone_domain/bsp/system.mss
TRACE::2024-06-20.18:06:22::SCWPlatform::Trying to open the hw design at C:/Users/gusta/OneDrive/Documents/universidad/4to/1r/SEP/Proyectos/pr2/SEPmonG3/SEPmonG3/hw/SEPmon.xsa
TRACE::2024-06-20.18:06:22::SCWPlatform::DSA given C:/Users/gusta/OneDrive/Documents/universidad/4to/1r/SEP/Proyectos/pr2/SEPmonG3/SEPmonG3/hw/SEPmon.xsa
TRACE::2024-06-20.18:06:22::SCWPlatform::DSA absoulate path C:/Users/gusta/OneDrive/Documents/universidad/4to/1r/SEP/Proyectos/pr2/SEPmonG3/SEPmonG3/hw/SEPmon.xsa
TRACE::2024-06-20.18:06:22::SCWPlatform::DSA directory C:/Users/gusta/OneDrive/Documents/universidad/4to/1r/SEP/Proyectos/pr2/SEPmonG3/SEPmonG3/hw
TRACE::2024-06-20.18:06:22::SCWPlatform:: Platform Path C:/Users/gusta/OneDrive/Documents/universidad/4to/1r/SEP/Proyectos/pr2/SEPmonG3/SEPmonG3/hw/SEPmon.xsa
TRACE::2024-06-20.18:06:22::SCWPlatform:: Unique name xilinx:zybo-z7-10::0.0
TRACE::2024-06-20.18:06:22::SCWPlatform::Trying to set the existing hwdb with name DEMO_wrapper_0
TRACE::2024-06-20.18:06:22::SCWPlatform::Opened existing hwdb DEMO_wrapper_0
TRACE::2024-06-20.18:06:22::SCWPlatform::Found the Hw Db part of the input DSA
TRACE::2024-06-20.18:06:22::SCWMssOS::Checking the sw design at  C:/Users/gusta/OneDrive/Documents/universidad/4to/1r/SEP/Proyectos/pr2/SEPmonG3/SEPmonG3/ps7_cortexa9_0/standalone_domain/bsp/system.mss
TRACE::2024-06-20.18:06:22::SCWMssOS::DEBUG:  swdes dump  C:/Users/gusta/OneDrive/Documents/universidad/4to/1r/SEP/Proyectos/pr2/SEPmonG3/SEPmonG3/ps7_cortexa9_0/standalone_domain/bsp/system.mss|system_0||
C:/Users/gusta/OneDrive/Documents/universidad/4to/1r/SEP/Proyectos/pr2/SEPmonG3/SEPmonG3/zynq_fsbl/zynq_fsbl_bsp/system.mss|system||

TRACE::2024-06-20.18:06:22::SCWMssOS::Sw design exists and opened at  C:/Users/gusta/OneDrive/Documents/universidad/4to/1r/SEP/Proyectos/pr2/SEPmonG3/SEPmonG3/ps7_cortexa9_0/standalone_domain/bsp/system.mss
TRACE::2024-06-20.18:06:22::SCWMssOS::Saving the mss changes C:/Users/gusta/OneDrive/Documents/universidad/4to/1r/SEP/Proyectos/pr2/SEPmonG3/SEPmonG3/zynq_fsbl/zynq_fsbl_bsp/system.mss
TRACE::2024-06-20.18:06:22::SCWMssOS::Found a swdesign opened with the mssfile.
TRACE::2024-06-20.18:06:22::SCWMssOS::Completed writemss as part of save.
TRACE::2024-06-20.18:06:22::SCWMssOS::Commit changes completed.
TRACE::2024-06-20.18:06:22::SCWMssOS::Saving the mss changes C:/Users/gusta/OneDrive/Documents/universidad/4to/1r/SEP/Proyectos/pr2/SEPmonG3/SEPmonG3/ps7_cortexa9_0/standalone_domain/bsp/system.mss
TRACE::2024-06-20.18:06:22::SCWMssOS::Found a swdesign opened with the mssfile.
TRACE::2024-06-20.18:06:22::SCWMssOS::Completed writemss as part of save.
TRACE::2024-06-20.18:06:22::SCWMssOS::Commit changes completed.
TRACE::2024-06-20.18:06:22::SCWPlatform::Trying to open the hw design at C:/Users/gusta/OneDrive/Documents/universidad/4to/1r/SEP/Proyectos/pr2/SEPmonG3/SEPmonG3/hw/SEPmon.xsa
TRACE::2024-06-20.18:06:22::SCWPlatform::DSA given C:/Users/gusta/OneDrive/Documents/universidad/4to/1r/SEP/Proyectos/pr2/SEPmonG3/SEPmonG3/hw/SEPmon.xsa
TRACE::2024-06-20.18:06:22::SCWPlatform::DSA absoulate path C:/Users/gusta/OneDrive/Documents/universidad/4to/1r/SEP/Proyectos/pr2/SEPmonG3/SEPmonG3/hw/SEPmon.xsa
TRACE::2024-06-20.18:06:22::SCWPlatform::DSA directory C:/Users/gusta/OneDrive/Documents/universidad/4to/1r/SEP/Proyectos/pr2/SEPmonG3/SEPmonG3/hw
TRACE::2024-06-20.18:06:22::SCWPlatform:: Platform Path C:/Users/gusta/OneDrive/Documents/universidad/4to/1r/SEP/Proyectos/pr2/SEPmonG3/SEPmonG3/hw/SEPmon.xsa
TRACE::2024-06-20.18:06:22::SCWPlatform:: Unique name xilinx:zybo-z7-10::0.0
TRACE::2024-06-20.18:06:22::SCWPlatform::Trying to set the existing hwdb with name DEMO_wrapper_0
TRACE::2024-06-20.18:06:22::SCWPlatform::Opened existing hwdb DEMO_wrapper_0
TRACE::2024-06-20.18:06:22::SCWPlatform::Found the Hw Db part of the input DSA
TRACE::2024-06-20.18:06:22::SCWMssOS::Checking the sw design at  C:/Users/gusta/OneDrive/Documents/universidad/4to/1r/SEP/Proyectos/pr2/SEPmonG3/SEPmonG3/zynq_fsbl/zynq_fsbl_bsp/system.mss
TRACE::2024-06-20.18:06:22::SCWMssOS::DEBUG:  swdes dump  C:/Users/gusta/OneDrive/Documents/universidad/4to/1r/SEP/Proyectos/pr2/SEPmonG3/SEPmonG3/ps7_cortexa9_0/standalone_domain/bsp/system.mss|system_0||
C:/Users/gusta/OneDrive/Documents/universidad/4to/1r/SEP/Proyectos/pr2/SEPmonG3/SEPmonG3/zynq_fsbl/zynq_fsbl_bsp/system.mss|system||

TRACE::2024-06-20.18:06:22::SCWMssOS::Sw design exists and opened at  C:/Users/gusta/OneDrive/Documents/universidad/4to/1r/SEP/Proyectos/pr2/SEPmonG3/SEPmonG3/zynq_fsbl/zynq_fsbl_bsp/system.mss
TRACE::2024-06-20.18:06:22::SCWPlatform::Trying to open the hw design at C:/Users/gusta/OneDrive/Documents/universidad/4to/1r/SEP/Proyectos/pr2/SEPmonG3/SEPmonG3/hw/SEPmon.xsa
TRACE::2024-06-20.18:06:22::SCWPlatform::DSA given C:/Users/gusta/OneDrive/Documents/universidad/4to/1r/SEP/Proyectos/pr2/SEPmonG3/SEPmonG3/hw/SEPmon.xsa
TRACE::2024-06-20.18:06:22::SCWPlatform::DSA absoulate path C:/Users/gusta/OneDrive/Documents/universidad/4to/1r/SEP/Proyectos/pr2/SEPmonG3/SEPmonG3/hw/SEPmon.xsa
TRACE::2024-06-20.18:06:22::SCWPlatform::DSA directory C:/Users/gusta/OneDrive/Documents/universidad/4to/1r/SEP/Proyectos/pr2/SEPmonG3/SEPmonG3/hw
TRACE::2024-06-20.18:06:22::SCWPlatform:: Platform Path C:/Users/gusta/OneDrive/Documents/universidad/4to/1r/SEP/Proyectos/pr2/SEPmonG3/SEPmonG3/hw/SEPmon.xsa
TRACE::2024-06-20.18:06:22::SCWPlatform:: Unique name xilinx:zybo-z7-10::0.0
TRACE::2024-06-20.18:06:22::SCWPlatform::Trying to set the existing hwdb with name DEMO_wrapper_0
TRACE::2024-06-20.18:06:22::SCWPlatform::Opened existing hwdb DEMO_wrapper_0
TRACE::2024-06-20.18:06:22::SCWPlatform::Found the Hw Db part of the input DSA
TRACE::2024-06-20.18:06:22::SCWMssOS::Checking the sw design at  C:/Users/gusta/OneDrive/Documents/universidad/4to/1r/SEP/Proyectos/pr2/SEPmonG3/SEPmonG3/zynq_fsbl/zynq_fsbl_bsp/system.mss
TRACE::2024-06-20.18:06:22::SCWMssOS::DEBUG:  swdes dump  C:/Users/gusta/OneDrive/Documents/universidad/4to/1r/SEP/Proyectos/pr2/SEPmonG3/SEPmonG3/ps7_cortexa9_0/standalone_domain/bsp/system.mss|system_0||
C:/Users/gusta/OneDrive/Documents/universidad/4to/1r/SEP/Proyectos/pr2/SEPmonG3/SEPmonG3/zynq_fsbl/zynq_fsbl_bsp/system.mss|system||

TRACE::2024-06-20.18:06:22::SCWMssOS::Sw design exists and opened at  C:/Users/gusta/OneDrive/Documents/universidad/4to/1r/SEP/Proyectos/pr2/SEPmonG3/SEPmonG3/zynq_fsbl/zynq_fsbl_bsp/system.mss
TRACE::2024-06-20.18:06:22::SCWPlatform::Trying to open the hw design at C:/Users/gusta/OneDrive/Documents/universidad/4to/1r/SEP/Proyectos/pr2/SEPmonG3/SEPmonG3/hw/SEPmon.xsa
TRACE::2024-06-20.18:06:22::SCWPlatform::DSA given C:/Users/gusta/OneDrive/Documents/universidad/4to/1r/SEP/Proyectos/pr2/SEPmonG3/SEPmonG3/hw/SEPmon.xsa
TRACE::2024-06-20.18:06:22::SCWPlatform::DSA absoulate path C:/Users/gusta/OneDrive/Documents/universidad/4to/1r/SEP/Proyectos/pr2/SEPmonG3/SEPmonG3/hw/SEPmon.xsa
TRACE::2024-06-20.18:06:22::SCWPlatform::DSA directory C:/Users/gusta/OneDrive/Documents/universidad/4to/1r/SEP/Proyectos/pr2/SEPmonG3/SEPmonG3/hw
TRACE::2024-06-20.18:06:22::SCWPlatform:: Platform Path C:/Users/gusta/OneDrive/Documents/universidad/4to/1r/SEP/Proyectos/pr2/SEPmonG3/SEPmonG3/hw/SEPmon.xsa
TRACE::2024-06-20.18:06:22::SCWPlatform:: Unique name xilinx:zybo-z7-10::0.0
TRACE::2024-06-20.18:06:22::SCWPlatform::Trying to set the existing hwdb with name DEMO_wrapper_0
TRACE::2024-06-20.18:06:22::SCWPlatform::Opened existing hwdb DEMO_wrapper_0
TRACE::2024-06-20.18:06:22::SCWPlatform::Found the Hw Db part of the input DSA
TRACE::2024-06-20.18:06:22::SCWMssOS::Checking the sw design at  C:/Users/gusta/OneDrive/Documents/universidad/4to/1r/SEP/Proyectos/pr2/SEPmonG3/SEPmonG3/zynq_fsbl/zynq_fsbl_bsp/system.mss
TRACE::2024-06-20.18:06:22::SCWMssOS::DEBUG:  swdes dump  C:/Users/gusta/OneDrive/Documents/universidad/4to/1r/SEP/Proyectos/pr2/SEPmonG3/SEPmonG3/ps7_cortexa9_0/standalone_domain/bsp/system.mss|system_0||
C:/Users/gusta/OneDrive/Documents/universidad/4to/1r/SEP/Proyectos/pr2/SEPmonG3/SEPmonG3/zynq_fsbl/zynq_fsbl_bsp/system.mss|system||

TRACE::2024-06-20.18:06:22::SCWMssOS::Sw design exists and opened at  C:/Users/gusta/OneDrive/Documents/universidad/4to/1r/SEP/Proyectos/pr2/SEPmonG3/SEPmonG3/zynq_fsbl/zynq_fsbl_bsp/system.mss
TRACE::2024-06-20.18:06:22::SCWPlatform::Trying to open the hw design at C:/Users/gusta/OneDrive/Documents/universidad/4to/1r/SEP/Proyectos/pr2/SEPmonG3/SEPmonG3/hw/SEPmon.xsa
TRACE::2024-06-20.18:06:22::SCWPlatform::DSA given C:/Users/gusta/OneDrive/Documents/universidad/4to/1r/SEP/Proyectos/pr2/SEPmonG3/SEPmonG3/hw/SEPmon.xsa
TRACE::2024-06-20.18:06:22::SCWPlatform::DSA absoulate path C:/Users/gusta/OneDrive/Documents/universidad/4to/1r/SEP/Proyectos/pr2/SEPmonG3/SEPmonG3/hw/SEPmon.xsa
TRACE::2024-06-20.18:06:22::SCWPlatform::DSA directory C:/Users/gusta/OneDrive/Documents/universidad/4to/1r/SEP/Proyectos/pr2/SEPmonG3/SEPmonG3/hw
TRACE::2024-06-20.18:06:22::SCWPlatform:: Platform Path C:/Users/gusta/OneDrive/Documents/universidad/4to/1r/SEP/Proyectos/pr2/SEPmonG3/SEPmonG3/hw/SEPmon.xsa
TRACE::2024-06-20.18:06:22::SCWPlatform:: Unique name xilinx:zybo-z7-10::0.0
TRACE::2024-06-20.18:06:22::SCWPlatform::Trying to set the existing hwdb with name DEMO_wrapper_0
TRACE::2024-06-20.18:06:22::SCWPlatform::Opened existing hwdb DEMO_wrapper_0
TRACE::2024-06-20.18:06:22::SCWPlatform::Found the Hw Db part of the input DSA
TRACE::2024-06-20.18:06:22::SCWMssOS::Checking the sw design at  C:/Users/gusta/OneDrive/Documents/universidad/4to/1r/SEP/Proyectos/pr2/SEPmonG3/SEPmonG3/ps7_cortexa9_0/standalone_domain/bsp/system.mss
TRACE::2024-06-20.18:06:22::SCWMssOS::DEBUG:  swdes dump  C:/Users/gusta/OneDrive/Documents/universidad/4to/1r/SEP/Proyectos/pr2/SEPmonG3/SEPmonG3/ps7_cortexa9_0/standalone_domain/bsp/system.mss|system_0||
C:/Users/gusta/OneDrive/Documents/universidad/4to/1r/SEP/Proyectos/pr2/SEPmonG3/SEPmonG3/zynq_fsbl/zynq_fsbl_bsp/system.mss|system||

TRACE::2024-06-20.18:06:22::SCWMssOS::Sw design exists and opened at  C:/Users/gusta/OneDrive/Documents/universidad/4to/1r/SEP/Proyectos/pr2/SEPmonG3/SEPmonG3/ps7_cortexa9_0/standalone_domain/bsp/system.mss
TRACE::2024-06-20.18:06:22::SCWPlatform::Trying to open the hw design at C:/Users/gusta/OneDrive/Documents/universidad/4to/1r/SEP/Proyectos/pr2/SEPmonG3/SEPmonG3/hw/SEPmon.xsa
TRACE::2024-06-20.18:06:22::SCWPlatform::DSA given C:/Users/gusta/OneDrive/Documents/universidad/4to/1r/SEP/Proyectos/pr2/SEPmonG3/SEPmonG3/hw/SEPmon.xsa
TRACE::2024-06-20.18:06:22::SCWPlatform::DSA absoulate path C:/Users/gusta/OneDrive/Documents/universidad/4to/1r/SEP/Proyectos/pr2/SEPmonG3/SEPmonG3/hw/SEPmon.xsa
TRACE::2024-06-20.18:06:22::SCWPlatform::DSA directory C:/Users/gusta/OneDrive/Documents/universidad/4to/1r/SEP/Proyectos/pr2/SEPmonG3/SEPmonG3/hw
TRACE::2024-06-20.18:06:22::SCWPlatform:: Platform Path C:/Users/gusta/OneDrive/Documents/universidad/4to/1r/SEP/Proyectos/pr2/SEPmonG3/SEPmonG3/hw/SEPmon.xsa
TRACE::2024-06-20.18:06:22::SCWPlatform:: Unique name xilinx:zybo-z7-10::0.0
TRACE::2024-06-20.18:06:22::SCWPlatform::Trying to set the existing hwdb with name DEMO_wrapper_0
TRACE::2024-06-20.18:06:22::SCWPlatform::Opened existing hwdb DEMO_wrapper_0
TRACE::2024-06-20.18:06:22::SCWPlatform::Found the Hw Db part of the input DSA
TRACE::2024-06-20.18:06:22::SCWMssOS::Checking the sw design at  C:/Users/gusta/OneDrive/Documents/universidad/4to/1r/SEP/Proyectos/pr2/SEPmonG3/SEPmonG3/ps7_cortexa9_0/standalone_domain/bsp/system.mss
TRACE::2024-06-20.18:06:22::SCWMssOS::DEBUG:  swdes dump  C:/Users/gusta/OneDrive/Documents/universidad/4to/1r/SEP/Proyectos/pr2/SEPmonG3/SEPmonG3/ps7_cortexa9_0/standalone_domain/bsp/system.mss|system_0||
C:/Users/gusta/OneDrive/Documents/universidad/4to/1r/SEP/Proyectos/pr2/SEPmonG3/SEPmonG3/zynq_fsbl/zynq_fsbl_bsp/system.mss|system||

TRACE::2024-06-20.18:06:22::SCWMssOS::Sw design exists and opened at  C:/Users/gusta/OneDrive/Documents/universidad/4to/1r/SEP/Proyectos/pr2/SEPmonG3/SEPmonG3/ps7_cortexa9_0/standalone_domain/bsp/system.mss
TRACE::2024-06-20.18:06:22::SCWPlatform::Trying to open the hw design at C:/Users/gusta/OneDrive/Documents/universidad/4to/1r/SEP/Proyectos/pr2/SEPmonG3/SEPmonG3/hw/SEPmon.xsa
TRACE::2024-06-20.18:06:22::SCWPlatform::DSA given C:/Users/gusta/OneDrive/Documents/universidad/4to/1r/SEP/Proyectos/pr2/SEPmonG3/SEPmonG3/hw/SEPmon.xsa
TRACE::2024-06-20.18:06:22::SCWPlatform::DSA absoulate path C:/Users/gusta/OneDrive/Documents/universidad/4to/1r/SEP/Proyectos/pr2/SEPmonG3/SEPmonG3/hw/SEPmon.xsa
TRACE::2024-06-20.18:06:22::SCWPlatform::DSA directory C:/Users/gusta/OneDrive/Documents/universidad/4to/1r/SEP/Proyectos/pr2/SEPmonG3/SEPmonG3/hw
TRACE::2024-06-20.18:06:22::SCWPlatform:: Platform Path C:/Users/gusta/OneDrive/Documents/universidad/4to/1r/SEP/Proyectos/pr2/SEPmonG3/SEPmonG3/hw/SEPmon.xsa
TRACE::2024-06-20.18:06:22::SCWPlatform:: Unique name xilinx:zybo-z7-10::0.0
TRACE::2024-06-20.18:06:22::SCWPlatform::Trying to set the existing hwdb with name DEMO_wrapper_0
TRACE::2024-06-20.18:06:22::SCWPlatform::Opened existing hwdb DEMO_wrapper_0
TRACE::2024-06-20.18:06:22::SCWPlatform::Found the Hw Db part of the input DSA
TRACE::2024-06-20.18:06:22::SCWMssOS::Checking the sw design at  C:/Users/gusta/OneDrive/Documents/universidad/4to/1r/SEP/Proyectos/pr2/SEPmonG3/SEPmonG3/ps7_cortexa9_0/standalone_domain/bsp/system.mss
TRACE::2024-06-20.18:06:22::SCWMssOS::DEBUG:  swdes dump  C:/Users/gusta/OneDrive/Documents/universidad/4to/1r/SEP/Proyectos/pr2/SEPmonG3/SEPmonG3/ps7_cortexa9_0/standalone_domain/bsp/system.mss|system_0||
C:/Users/gusta/OneDrive/Documents/universidad/4to/1r/SEP/Proyectos/pr2/SEPmonG3/SEPmonG3/zynq_fsbl/zynq_fsbl_bsp/system.mss|system||

TRACE::2024-06-20.18:06:22::SCWMssOS::Sw design exists and opened at  C:/Users/gusta/OneDrive/Documents/universidad/4to/1r/SEP/Proyectos/pr2/SEPmonG3/SEPmonG3/ps7_cortexa9_0/standalone_domain/bsp/system.mss
TRACE::2024-06-20.18:06:22::SCWWriter::formatted JSON is {
	"platformName":	"SEPmonG3",
	"sprVersion":	"2.0",
	"mode":	"gui",
	"dsaType":	"Fixed",
	"platformDesc":	"SEPmonG3",
	"platHandOff":	"C:/Users/gusta/OneDrive/Documents/universidad/4to/1r/SEP/Proyectos/pr2/SEPmonG3/SEPmon/SEPmon.xsa",
	"platIntHandOff":	"<platformDir>/hw/SEPmon.xsa",
	"deviceType":	"zynq",
	"platIsPrebuiltAutogen":	"false",
	"platIsNoBootBsp":	"false",
	"platFsblTarget":	"ps7_cortexa9_0",
	"hasFsblMakeHasChanges":	"false",
	"hasPmufwMakeHasChanges":	"false",
	"fsblExtraCompilerFlags":	"-MMD -MP       -mcpu=cortex-a9 -mfpu=vfpv3 -mfloat-abi=hard ",
	"platPreBuiltFlag":	false,
	"platformSamplesDir":	"",
	"platActiveSys":	"SEPmonG3",
	"systems":	[{
			"systemName":	"SEPmonG3",
			"systemDesc":	"SEPmonG3",
			"sysIsBootAutoGen":	"true",
			"systemDispName":	"SEPmonG3",
			"sysActiveDom":	"standalone_domain",
			"sysDefaultDom":	"standalone_domain",
			"domains":	[{
					"domainName":	"zynq_fsbl",
					"domainDispName":	"zynq_fsbl",
					"domainDesc":	"FSBL Application BSP - Auto Generated.",
					"processors":	"ps7_cortexa9_0",
					"os":	"standalone",
					"sdxOs":	"standalone",
					"debugEnable":	"",
					"domRuntimes":	["cpp"],
					"swRepo":	"",
					"mssOsVer":	"7.2",
					"mssFile":	"",
					"md5Digest":	"02312b845700e4a4fd39dd786149f184",
					"compatibleApp":	"zynq_fsbl",
					"domType":	"bootDomain",
					"appSettings":	{
						"appCompilerFlags":	"",
						"appLinkerFlags":	""
					},
					"addedLibs":	["xilffs:4.3", "xilrsa:1.6"],
					"libOptions":	{
						"libsContainingOptions":	[]
					},
					"prebuiltLibs":	{
						"prebuiltIncPath":	[],
						"prebuiltLibPath":	[]
					},
					"isolation":	{
					}
				}, {
					"domainName":	"standalone_domain",
					"domainDispName":	"standalone on ps7_cortexa9_0",
					"domainDesc":	"standalone_domain",
					"processors":	"ps7_cortexa9_0",
					"os":	"standalone",
					"sdxOs":	"standalone",
					"qemuArgs":	"C:/Xilinx/Vitis/2020.1/data/emulation/platforms/zynq/qemu/qemu_args.txt",
					"qemuData":	"C:/Xilinx/Vitis/2020.1/data/emulation/platforms/zynq/qemu/",
					"debugEnable":	"False",
					"domRuntimes":	["cpp"],
					"swRepo":	"",
					"mssOsVer":	"7.2",
					"mssFile":	"",
					"md5Digest":	"66dd88408418c3412ef42766414a5b97",
					"compatibleApp":	"",
					"domType":	"mssDomain",
					"appSettings":	{
						"appCompilerFlags":	"",
						"appLinkerFlags":	""
					},
					"addedLibs":	[],
					"libOptions":	{
						"libsContainingOptions":	[]
					},
					"prebuiltLibs":	{
						"prebuiltIncPath":	[],
						"prebuiltLibPath":	[]
					},
					"isolation":	{
					}
				}]
		}]
}
TRACE::2024-06-20.18:06:22::SCWMssOS::Saving the mss changes C:/Users/gusta/OneDrive/Documents/universidad/4to/1r/SEP/Proyectos/pr2/SEPmonG3/SEPmonG3/zynq_fsbl/zynq_fsbl_bsp/system.mss
TRACE::2024-06-20.18:06:22::SCWMssOS::Found a swdesign opened with the mssfile.
TRACE::2024-06-20.18:06:22::SCWMssOS::Completed writemss as part of save.
TRACE::2024-06-20.18:06:22::SCWMssOS::Commit changes completed.
TRACE::2024-06-20.18:06:22::SCWMssOS::Saving the mss changes C:/Users/gusta/OneDrive/Documents/universidad/4to/1r/SEP/Proyectos/pr2/SEPmonG3/SEPmonG3/ps7_cortexa9_0/standalone_domain/bsp/system.mss
TRACE::2024-06-20.18:06:22::SCWMssOS::Found a swdesign opened with the mssfile.
TRACE::2024-06-20.18:06:22::SCWMssOS::Completed writemss as part of save.
TRACE::2024-06-20.18:06:22::SCWMssOS::Commit changes completed.
TRACE::2024-06-20.18:06:22::SCWPlatform::Trying to open the hw design at C:/Users/gusta/OneDrive/Documents/universidad/4to/1r/SEP/Proyectos/pr2/SEPmonG3/SEPmonG3/hw/SEPmon.xsa
TRACE::2024-06-20.18:06:22::SCWPlatform::DSA given C:/Users/gusta/OneDrive/Documents/universidad/4to/1r/SEP/Proyectos/pr2/SEPmonG3/SEPmonG3/hw/SEPmon.xsa
TRACE::2024-06-20.18:06:22::SCWPlatform::DSA absoulate path C:/Users/gusta/OneDrive/Documents/universidad/4to/1r/SEP/Proyectos/pr2/SEPmonG3/SEPmonG3/hw/SEPmon.xsa
TRACE::2024-06-20.18:06:22::SCWPlatform::DSA directory C:/Users/gusta/OneDrive/Documents/universidad/4to/1r/SEP/Proyectos/pr2/SEPmonG3/SEPmonG3/hw
TRACE::2024-06-20.18:06:22::SCWPlatform:: Platform Path C:/Users/gusta/OneDrive/Documents/universidad/4to/1r/SEP/Proyectos/pr2/SEPmonG3/SEPmonG3/hw/SEPmon.xsa
TRACE::2024-06-20.18:06:22::SCWPlatform:: Unique name xilinx:zybo-z7-10::0.0
TRACE::2024-06-20.18:06:22::SCWPlatform::Trying to set the existing hwdb with name DEMO_wrapper_0
TRACE::2024-06-20.18:06:22::SCWPlatform::Opened existing hwdb DEMO_wrapper_0
TRACE::2024-06-20.18:06:22::SCWPlatform::Found the Hw Db part of the input DSA
TRACE::2024-06-20.18:06:22::SCWMssOS::Checking the sw design at  C:/Users/gusta/OneDrive/Documents/universidad/4to/1r/SEP/Proyectos/pr2/SEPmonG3/SEPmonG3/zynq_fsbl/zynq_fsbl_bsp/system.mss
TRACE::2024-06-20.18:06:22::SCWMssOS::DEBUG:  swdes dump  C:/Users/gusta/OneDrive/Documents/universidad/4to/1r/SEP/Proyectos/pr2/SEPmonG3/SEPmonG3/ps7_cortexa9_0/standalone_domain/bsp/system.mss|system_0||
C:/Users/gusta/OneDrive/Documents/universidad/4to/1r/SEP/Proyectos/pr2/SEPmonG3/SEPmonG3/zynq_fsbl/zynq_fsbl_bsp/system.mss|system||

TRACE::2024-06-20.18:06:22::SCWMssOS::Sw design exists and opened at  C:/Users/gusta/OneDrive/Documents/universidad/4to/1r/SEP/Proyectos/pr2/SEPmonG3/SEPmonG3/zynq_fsbl/zynq_fsbl_bsp/system.mss
TRACE::2024-06-20.18:06:22::SCWPlatform::Trying to open the hw design at C:/Users/gusta/OneDrive/Documents/universidad/4to/1r/SEP/Proyectos/pr2/SEPmonG3/SEPmonG3/hw/SEPmon.xsa
TRACE::2024-06-20.18:06:22::SCWPlatform::DSA given C:/Users/gusta/OneDrive/Documents/universidad/4to/1r/SEP/Proyectos/pr2/SEPmonG3/SEPmonG3/hw/SEPmon.xsa
TRACE::2024-06-20.18:06:22::SCWPlatform::DSA absoulate path C:/Users/gusta/OneDrive/Documents/universidad/4to/1r/SEP/Proyectos/pr2/SEPmonG3/SEPmonG3/hw/SEPmon.xsa
TRACE::2024-06-20.18:06:22::SCWPlatform::DSA directory C:/Users/gusta/OneDrive/Documents/universidad/4to/1r/SEP/Proyectos/pr2/SEPmonG3/SEPmonG3/hw
TRACE::2024-06-20.18:06:22::SCWPlatform:: Platform Path C:/Users/gusta/OneDrive/Documents/universidad/4to/1r/SEP/Proyectos/pr2/SEPmonG3/SEPmonG3/hw/SEPmon.xsa
TRACE::2024-06-20.18:06:22::SCWPlatform:: Unique name xilinx:zybo-z7-10::0.0
TRACE::2024-06-20.18:06:22::SCWPlatform::Trying to set the existing hwdb with name DEMO_wrapper_0
TRACE::2024-06-20.18:06:22::SCWPlatform::Opened existing hwdb DEMO_wrapper_0
TRACE::2024-06-20.18:06:22::SCWPlatform::Found the Hw Db part of the input DSA
TRACE::2024-06-20.18:06:22::SCWMssOS::Checking the sw design at  C:/Users/gusta/OneDrive/Documents/universidad/4to/1r/SEP/Proyectos/pr2/SEPmonG3/SEPmonG3/zynq_fsbl/zynq_fsbl_bsp/system.mss
TRACE::2024-06-20.18:06:22::SCWMssOS::DEBUG:  swdes dump  C:/Users/gusta/OneDrive/Documents/universidad/4to/1r/SEP/Proyectos/pr2/SEPmonG3/SEPmonG3/ps7_cortexa9_0/standalone_domain/bsp/system.mss|system_0||
C:/Users/gusta/OneDrive/Documents/universidad/4to/1r/SEP/Proyectos/pr2/SEPmonG3/SEPmonG3/zynq_fsbl/zynq_fsbl_bsp/system.mss|system||

TRACE::2024-06-20.18:06:22::SCWMssOS::Sw design exists and opened at  C:/Users/gusta/OneDrive/Documents/universidad/4to/1r/SEP/Proyectos/pr2/SEPmonG3/SEPmonG3/zynq_fsbl/zynq_fsbl_bsp/system.mss
TRACE::2024-06-20.18:06:22::SCWPlatform::Trying to open the hw design at C:/Users/gusta/OneDrive/Documents/universidad/4to/1r/SEP/Proyectos/pr2/SEPmonG3/SEPmonG3/hw/SEPmon.xsa
TRACE::2024-06-20.18:06:22::SCWPlatform::DSA given C:/Users/gusta/OneDrive/Documents/universidad/4to/1r/SEP/Proyectos/pr2/SEPmonG3/SEPmonG3/hw/SEPmon.xsa
TRACE::2024-06-20.18:06:22::SCWPlatform::DSA absoulate path C:/Users/gusta/OneDrive/Documents/universidad/4to/1r/SEP/Proyectos/pr2/SEPmonG3/SEPmonG3/hw/SEPmon.xsa
TRACE::2024-06-20.18:06:22::SCWPlatform::DSA directory C:/Users/gusta/OneDrive/Documents/universidad/4to/1r/SEP/Proyectos/pr2/SEPmonG3/SEPmonG3/hw
TRACE::2024-06-20.18:06:22::SCWPlatform:: Platform Path C:/Users/gusta/OneDrive/Documents/universidad/4to/1r/SEP/Proyectos/pr2/SEPmonG3/SEPmonG3/hw/SEPmon.xsa
TRACE::2024-06-20.18:06:22::SCWPlatform:: Unique name xilinx:zybo-z7-10::0.0
TRACE::2024-06-20.18:06:22::SCWPlatform::Trying to set the existing hwdb with name DEMO_wrapper_0
TRACE::2024-06-20.18:06:22::SCWPlatform::Opened existing hwdb DEMO_wrapper_0
TRACE::2024-06-20.18:06:22::SCWPlatform::Found the Hw Db part of the input DSA
TRACE::2024-06-20.18:06:22::SCWMssOS::Checking the sw design at  C:/Users/gusta/OneDrive/Documents/universidad/4to/1r/SEP/Proyectos/pr2/SEPmonG3/SEPmonG3/zynq_fsbl/zynq_fsbl_bsp/system.mss
TRACE::2024-06-20.18:06:22::SCWMssOS::DEBUG:  swdes dump  C:/Users/gusta/OneDrive/Documents/universidad/4to/1r/SEP/Proyectos/pr2/SEPmonG3/SEPmonG3/ps7_cortexa9_0/standalone_domain/bsp/system.mss|system_0||
C:/Users/gusta/OneDrive/Documents/universidad/4to/1r/SEP/Proyectos/pr2/SEPmonG3/SEPmonG3/zynq_fsbl/zynq_fsbl_bsp/system.mss|system||

TRACE::2024-06-20.18:06:22::SCWMssOS::Sw design exists and opened at  C:/Users/gusta/OneDrive/Documents/universidad/4to/1r/SEP/Proyectos/pr2/SEPmonG3/SEPmonG3/zynq_fsbl/zynq_fsbl_bsp/system.mss
TRACE::2024-06-20.18:06:22::SCWPlatform::Trying to open the hw design at C:/Users/gusta/OneDrive/Documents/universidad/4to/1r/SEP/Proyectos/pr2/SEPmonG3/SEPmonG3/hw/SEPmon.xsa
TRACE::2024-06-20.18:06:22::SCWPlatform::DSA given C:/Users/gusta/OneDrive/Documents/universidad/4to/1r/SEP/Proyectos/pr2/SEPmonG3/SEPmonG3/hw/SEPmon.xsa
TRACE::2024-06-20.18:06:22::SCWPlatform::DSA absoulate path C:/Users/gusta/OneDrive/Documents/universidad/4to/1r/SEP/Proyectos/pr2/SEPmonG3/SEPmonG3/hw/SEPmon.xsa
TRACE::2024-06-20.18:06:22::SCWPlatform::DSA directory C:/Users/gusta/OneDrive/Documents/universidad/4to/1r/SEP/Proyectos/pr2/SEPmonG3/SEPmonG3/hw
TRACE::2024-06-20.18:06:22::SCWPlatform:: Platform Path C:/Users/gusta/OneDrive/Documents/universidad/4to/1r/SEP/Proyectos/pr2/SEPmonG3/SEPmonG3/hw/SEPmon.xsa
TRACE::2024-06-20.18:06:22::SCWPlatform:: Unique name xilinx:zybo-z7-10::0.0
TRACE::2024-06-20.18:06:22::SCWPlatform::Trying to set the existing hwdb with name DEMO_wrapper_0
TRACE::2024-06-20.18:06:22::SCWPlatform::Opened existing hwdb DEMO_wrapper_0
TRACE::2024-06-20.18:06:22::SCWPlatform::Found the Hw Db part of the input DSA
TRACE::2024-06-20.18:06:22::SCWMssOS::Checking the sw design at  C:/Users/gusta/OneDrive/Documents/universidad/4to/1r/SEP/Proyectos/pr2/SEPmonG3/SEPmonG3/ps7_cortexa9_0/standalone_domain/bsp/system.mss
TRACE::2024-06-20.18:06:22::SCWMssOS::DEBUG:  swdes dump  C:/Users/gusta/OneDrive/Documents/universidad/4to/1r/SEP/Proyectos/pr2/SEPmonG3/SEPmonG3/ps7_cortexa9_0/standalone_domain/bsp/system.mss|system_0||
C:/Users/gusta/OneDrive/Documents/universidad/4to/1r/SEP/Proyectos/pr2/SEPmonG3/SEPmonG3/zynq_fsbl/zynq_fsbl_bsp/system.mss|system||

TRACE::2024-06-20.18:06:22::SCWMssOS::Sw design exists and opened at  C:/Users/gusta/OneDrive/Documents/universidad/4to/1r/SEP/Proyectos/pr2/SEPmonG3/SEPmonG3/ps7_cortexa9_0/standalone_domain/bsp/system.mss
TRACE::2024-06-20.18:06:22::SCWPlatform::Trying to open the hw design at C:/Users/gusta/OneDrive/Documents/universidad/4to/1r/SEP/Proyectos/pr2/SEPmonG3/SEPmonG3/hw/SEPmon.xsa
TRACE::2024-06-20.18:06:22::SCWPlatform::DSA given C:/Users/gusta/OneDrive/Documents/universidad/4to/1r/SEP/Proyectos/pr2/SEPmonG3/SEPmonG3/hw/SEPmon.xsa
TRACE::2024-06-20.18:06:22::SCWPlatform::DSA absoulate path C:/Users/gusta/OneDrive/Documents/universidad/4to/1r/SEP/Proyectos/pr2/SEPmonG3/SEPmonG3/hw/SEPmon.xsa
TRACE::2024-06-20.18:06:22::SCWPlatform::DSA directory C:/Users/gusta/OneDrive/Documents/universidad/4to/1r/SEP/Proyectos/pr2/SEPmonG3/SEPmonG3/hw
TRACE::2024-06-20.18:06:22::SCWPlatform:: Platform Path C:/Users/gusta/OneDrive/Documents/universidad/4to/1r/SEP/Proyectos/pr2/SEPmonG3/SEPmonG3/hw/SEPmon.xsa
TRACE::2024-06-20.18:06:22::SCWPlatform:: Unique name xilinx:zybo-z7-10::0.0
TRACE::2024-06-20.18:06:22::SCWPlatform::Trying to set the existing hwdb with name DEMO_wrapper_0
TRACE::2024-06-20.18:06:22::SCWPlatform::Opened existing hwdb DEMO_wrapper_0
TRACE::2024-06-20.18:06:22::SCWPlatform::Found the Hw Db part of the input DSA
TRACE::2024-06-20.18:06:22::SCWMssOS::Checking the sw design at  C:/Users/gusta/OneDrive/Documents/universidad/4to/1r/SEP/Proyectos/pr2/SEPmonG3/SEPmonG3/ps7_cortexa9_0/standalone_domain/bsp/system.mss
TRACE::2024-06-20.18:06:22::SCWMssOS::DEBUG:  swdes dump  C:/Users/gusta/OneDrive/Documents/universidad/4to/1r/SEP/Proyectos/pr2/SEPmonG3/SEPmonG3/ps7_cortexa9_0/standalone_domain/bsp/system.mss|system_0||
C:/Users/gusta/OneDrive/Documents/universidad/4to/1r/SEP/Proyectos/pr2/SEPmonG3/SEPmonG3/zynq_fsbl/zynq_fsbl_bsp/system.mss|system||

TRACE::2024-06-20.18:06:22::SCWMssOS::Sw design exists and opened at  C:/Users/gusta/OneDrive/Documents/universidad/4to/1r/SEP/Proyectos/pr2/SEPmonG3/SEPmonG3/ps7_cortexa9_0/standalone_domain/bsp/system.mss
TRACE::2024-06-20.18:06:22::SCWPlatform::Trying to open the hw design at C:/Users/gusta/OneDrive/Documents/universidad/4to/1r/SEP/Proyectos/pr2/SEPmonG3/SEPmonG3/hw/SEPmon.xsa
TRACE::2024-06-20.18:06:22::SCWPlatform::DSA given C:/Users/gusta/OneDrive/Documents/universidad/4to/1r/SEP/Proyectos/pr2/SEPmonG3/SEPmonG3/hw/SEPmon.xsa
TRACE::2024-06-20.18:06:22::SCWPlatform::DSA absoulate path C:/Users/gusta/OneDrive/Documents/universidad/4to/1r/SEP/Proyectos/pr2/SEPmonG3/SEPmonG3/hw/SEPmon.xsa
TRACE::2024-06-20.18:06:22::SCWPlatform::DSA directory C:/Users/gusta/OneDrive/Documents/universidad/4to/1r/SEP/Proyectos/pr2/SEPmonG3/SEPmonG3/hw
TRACE::2024-06-20.18:06:22::SCWPlatform:: Platform Path C:/Users/gusta/OneDrive/Documents/universidad/4to/1r/SEP/Proyectos/pr2/SEPmonG3/SEPmonG3/hw/SEPmon.xsa
TRACE::2024-06-20.18:06:22::SCWPlatform:: Unique name xilinx:zybo-z7-10::0.0
TRACE::2024-06-20.18:06:22::SCWPlatform::Trying to set the existing hwdb with name DEMO_wrapper_0
TRACE::2024-06-20.18:06:22::SCWPlatform::Opened existing hwdb DEMO_wrapper_0
TRACE::2024-06-20.18:06:22::SCWPlatform::Found the Hw Db part of the input DSA
TRACE::2024-06-20.18:06:22::SCWMssOS::Checking the sw design at  C:/Users/gusta/OneDrive/Documents/universidad/4to/1r/SEP/Proyectos/pr2/SEPmonG3/SEPmonG3/ps7_cortexa9_0/standalone_domain/bsp/system.mss
TRACE::2024-06-20.18:06:22::SCWMssOS::DEBUG:  swdes dump  C:/Users/gusta/OneDrive/Documents/universidad/4to/1r/SEP/Proyectos/pr2/SEPmonG3/SEPmonG3/ps7_cortexa9_0/standalone_domain/bsp/system.mss|system_0||
C:/Users/gusta/OneDrive/Documents/universidad/4to/1r/SEP/Proyectos/pr2/SEPmonG3/SEPmonG3/zynq_fsbl/zynq_fsbl_bsp/system.mss|system||

TRACE::2024-06-20.18:06:22::SCWMssOS::Sw design exists and opened at  C:/Users/gusta/OneDrive/Documents/universidad/4to/1r/SEP/Proyectos/pr2/SEPmonG3/SEPmonG3/ps7_cortexa9_0/standalone_domain/bsp/system.mss
TRACE::2024-06-20.18:06:22::SCWWriter::formatted JSON is {
	"platformName":	"SEPmonG3",
	"sprVersion":	"2.0",
	"mode":	"gui",
	"dsaType":	"Fixed",
	"platformDesc":	"SEPmonG3",
	"platHandOff":	"C:/Users/gusta/OneDrive/Documents/universidad/4to/1r/SEP/Proyectos/pr2/SEPmonG3/SEPmon/SEPmon.xsa",
	"platIntHandOff":	"<platformDir>/hw/SEPmon.xsa",
	"deviceType":	"zynq",
	"platIsPrebuiltAutogen":	"false",
	"platIsNoBootBsp":	"false",
	"platFsblTarget":	"ps7_cortexa9_0",
	"hasFsblMakeHasChanges":	"false",
	"hasPmufwMakeHasChanges":	"false",
	"fsblExtraCompilerFlags":	"-MMD -MP       -mcpu=cortex-a9 -mfpu=vfpv3 -mfloat-abi=hard ",
	"platPreBuiltFlag":	false,
	"platformSamplesDir":	"",
	"platActiveSys":	"SEPmonG3",
	"systems":	[{
			"systemName":	"SEPmonG3",
			"systemDesc":	"SEPmonG3",
			"sysIsBootAutoGen":	"true",
			"systemDispName":	"SEPmonG3",
			"sysActiveDom":	"standalone_domain",
			"sysDefaultDom":	"standalone_domain",
			"domains":	[{
					"domainName":	"zynq_fsbl",
					"domainDispName":	"zynq_fsbl",
					"domainDesc":	"FSBL Application BSP - Auto Generated.",
					"processors":	"ps7_cortexa9_0",
					"os":	"standalone",
					"sdxOs":	"standalone",
					"debugEnable":	"",
					"domRuntimes":	["cpp"],
					"swRepo":	"",
					"mssOsVer":	"7.2",
					"mssFile":	"",
					"md5Digest":	"02312b845700e4a4fd39dd786149f184",
					"compatibleApp":	"zynq_fsbl",
					"domType":	"bootDomain",
					"appSettings":	{
						"appCompilerFlags":	"",
						"appLinkerFlags":	""
					},
					"addedLibs":	["xilffs:4.3", "xilrsa:1.6"],
					"libOptions":	{
						"libsContainingOptions":	[]
					},
					"prebuiltLibs":	{
						"prebuiltIncPath":	[],
						"prebuiltLibPath":	[]
					},
					"isolation":	{
					}
				}, {
					"domainName":	"standalone_domain",
					"domainDispName":	"standalone on ps7_cortexa9_0",
					"domainDesc":	"standalone_domain",
					"processors":	"ps7_cortexa9_0",
					"os":	"standalone",
					"sdxOs":	"standalone",
					"qemuArgs":	"C:/Xilinx/Vitis/2020.1/data/emulation/platforms/zynq/qemu/qemu_args.txt",
					"qemuData":	"C:/Xilinx/Vitis/2020.1/data/emulation/platforms/zynq/qemu/",
					"debugEnable":	"False",
					"domRuntimes":	["cpp"],
					"swRepo":	"",
					"mssOsVer":	"7.2",
					"mssFile":	"",
					"md5Digest":	"66dd88408418c3412ef42766414a5b97",
					"compatibleApp":	"",
					"domType":	"mssDomain",
					"appSettings":	{
						"appCompilerFlags":	"",
						"appLinkerFlags":	""
					},
					"addedLibs":	[],
					"libOptions":	{
						"libsContainingOptions":	[]
					},
					"prebuiltLibs":	{
						"prebuiltIncPath":	[],
						"prebuiltLibPath":	[]
					},
					"isolation":	{
					}
				}]
		}]
}
TRACE::2024-06-20.18:06:23::SCWPlatform::Clearing the existing platform
TRACE::2024-06-20.18:06:23::SCWSystem::Clearing the existing sysconfig
TRACE::2024-06-20.18:06:23::SCWBDomain::clearing the fsbl build
TRACE::2024-06-20.18:06:23::SCWMssOS::Removing the swdes entry for  C:/Users/gusta/OneDrive/Documents/universidad/4to/1r/SEP/Proyectos/pr2/SEPmonG3/SEPmonG3/zynq_fsbl/zynq_fsbl_bsp/system.mss
TRACE::2024-06-20.18:06:23::SCWMssOS::Removing the swdes entry for  C:/Users/gusta/OneDrive/Documents/universidad/4to/1r/SEP/Proyectos/pr2/SEPmonG3/SEPmonG3/ps7_cortexa9_0/standalone_domain/bsp/system.mss
TRACE::2024-06-20.18:06:23::SCWSystem::Clearing the domains completed.
TRACE::2024-06-20.18:06:23::SCWPlatform::Clearing the opened hw db.
TRACE::2024-06-20.18:06:23::SCWPlatform::DSA given C:/Users/gusta/OneDrive/Documents/universidad/4to/1r/SEP/Proyectos/pr2/SEPmonG3/SEPmonG3/hw/SEPmon.xsa
TRACE::2024-06-20.18:06:23::SCWPlatform::DSA absoulate path C:/Users/gusta/OneDrive/Documents/universidad/4to/1r/SEP/Proyectos/pr2/SEPmonG3/SEPmonG3/hw/SEPmon.xsa
TRACE::2024-06-20.18:06:23::SCWPlatform:: Platform location is C:/Users/gusta/OneDrive/Documents/universidad/4to/1r/SEP/Proyectos/pr2/SEPmonG3/SEPmonG3/hw
TRACE::2024-06-20.18:06:23::SCWPlatform:: Platform Path C:/Users/gusta/OneDrive/Documents/universidad/4to/1r/SEP/Proyectos/pr2/SEPmonG3/SEPmonG3/hw/SEPmon.xsa
TRACE::2024-06-20.18:06:23::SCWPlatform:: Unique name xilinx:zybo-z7-10::0.0
TRACE::2024-06-20.18:06:23::SCWPlatform::Removing the HwDB with name C:/Users/gusta/OneDrive/Documents/universidad/4to/1r/SEP/Proyectos/pr2/SEPmonG3/SEPmonG3/hw/SEPmon.xsa
TRACE::2024-06-20.18:06:23::SCWPlatform::Trying to open the hw design at C:/Users/gusta/OneDrive/Documents/universidad/4to/1r/SEP/Proyectos/pr2/SEPmonG3/SEPmonG3/hw/SEPmon.xsa
TRACE::2024-06-20.18:06:23::SCWPlatform::DSA given C:/Users/gusta/OneDrive/Documents/universidad/4to/1r/SEP/Proyectos/pr2/SEPmonG3/SEPmonG3/hw/SEPmon.xsa
TRACE::2024-06-20.18:06:23::SCWPlatform::DSA absoulate path C:/Users/gusta/OneDrive/Documents/universidad/4to/1r/SEP/Proyectos/pr2/SEPmonG3/SEPmonG3/hw/SEPmon.xsa
TRACE::2024-06-20.18:06:23::SCWPlatform::DSA directory C:/Users/gusta/OneDrive/Documents/universidad/4to/1r/SEP/Proyectos/pr2/SEPmonG3/SEPmonG3/hw
TRACE::2024-06-20.18:06:23::SCWPlatform:: Platform Path C:/Users/gusta/OneDrive/Documents/universidad/4to/1r/SEP/Proyectos/pr2/SEPmonG3/SEPmonG3/hw/SEPmon.xsa
TRACE::2024-06-20.18:06:23::SCWPlatform:: Unique name xilinx:zybo-z7-10::0.0
TRACE::2024-06-20.18:06:23::SCWPlatform::Do not have an existing db opened. 
TRACE::2024-06-20.18:06:26::SCWPlatform::Opened new HwDB with name DEMO_wrapper_1
TRACE::2024-06-20.18:06:26::SCWReader::Active system found as  SEPmonG3
TRACE::2024-06-20.18:06:26::SCWReader::Handling sysconfig SEPmonG3
TRACE::2024-06-20.18:06:26::SCWDomain::checking for install qemu data   : 
TRACE::2024-06-20.18:06:26::SCWDomain:: Using the QEMU Data from install at  : C:/Xilinx/Vitis/2020.1/data/emulation/platforms/zynq/qemu/
TRACE::2024-06-20.18:06:26::SCWDomain:: Using the QEMU args  from install at  : C:/Xilinx/Vitis/2020.1/data/emulation/platforms/zynq/qemu/qemu_args.txt
TRACE::2024-06-20.18:06:26::SCWPlatform::Trying to open the hw design at C:/Users/gusta/OneDrive/Documents/universidad/4to/1r/SEP/Proyectos/pr2/SEPmonG3/SEPmonG3/hw/SEPmon.xsa
TRACE::2024-06-20.18:06:26::SCWPlatform::DSA given C:/Users/gusta/OneDrive/Documents/universidad/4to/1r/SEP/Proyectos/pr2/SEPmonG3/SEPmonG3/hw/SEPmon.xsa
TRACE::2024-06-20.18:06:26::SCWPlatform::DSA absoulate path C:/Users/gusta/OneDrive/Documents/universidad/4to/1r/SEP/Proyectos/pr2/SEPmonG3/SEPmonG3/hw/SEPmon.xsa
TRACE::2024-06-20.18:06:26::SCWPlatform::DSA directory C:/Users/gusta/OneDrive/Documents/universidad/4to/1r/SEP/Proyectos/pr2/SEPmonG3/SEPmonG3/hw
TRACE::2024-06-20.18:06:26::SCWPlatform:: Platform Path C:/Users/gusta/OneDrive/Documents/universidad/4to/1r/SEP/Proyectos/pr2/SEPmonG3/SEPmonG3/hw/SEPmon.xsa
TRACE::2024-06-20.18:06:26::SCWPlatform:: Unique name xilinx:zybo-z7-10::0.0
TRACE::2024-06-20.18:06:26::SCWPlatform::Trying to set the existing hwdb with name DEMO_wrapper_1
TRACE::2024-06-20.18:06:26::SCWPlatform::Opened existing hwdb DEMO_wrapper_1
TRACE::2024-06-20.18:06:26::SCWPlatform::Found the Hw Db part of the input DSA
TRACE::2024-06-20.18:06:26::SCWPlatform::Trying to open the hw design at C:/Users/gusta/OneDrive/Documents/universidad/4to/1r/SEP/Proyectos/pr2/SEPmonG3/SEPmonG3/hw/SEPmon.xsa
TRACE::2024-06-20.18:06:26::SCWPlatform::DSA given C:/Users/gusta/OneDrive/Documents/universidad/4to/1r/SEP/Proyectos/pr2/SEPmonG3/SEPmonG3/hw/SEPmon.xsa
TRACE::2024-06-20.18:06:26::SCWPlatform::DSA absoulate path C:/Users/gusta/OneDrive/Documents/universidad/4to/1r/SEP/Proyectos/pr2/SEPmonG3/SEPmonG3/hw/SEPmon.xsa
TRACE::2024-06-20.18:06:26::SCWPlatform::DSA directory C:/Users/gusta/OneDrive/Documents/universidad/4to/1r/SEP/Proyectos/pr2/SEPmonG3/SEPmonG3/hw
TRACE::2024-06-20.18:06:26::SCWPlatform:: Platform Path C:/Users/gusta/OneDrive/Documents/universidad/4to/1r/SEP/Proyectos/pr2/SEPmonG3/SEPmonG3/hw/SEPmon.xsa
TRACE::2024-06-20.18:06:26::SCWPlatform:: Unique name xilinx:zybo-z7-10::0.0
TRACE::2024-06-20.18:06:26::SCWPlatform::Trying to set the existing hwdb with name DEMO_wrapper_1
TRACE::2024-06-20.18:06:26::SCWPlatform::Opened existing hwdb DEMO_wrapper_1
TRACE::2024-06-20.18:06:26::SCWPlatform::Found the Hw Db part of the input DSA
TRACE::2024-06-20.18:06:26::SCWPlatform::Trying to open the hw design at C:/Users/gusta/OneDrive/Documents/universidad/4to/1r/SEP/Proyectos/pr2/SEPmonG3/SEPmonG3/hw/SEPmon.xsa
TRACE::2024-06-20.18:06:26::SCWPlatform::DSA given C:/Users/gusta/OneDrive/Documents/universidad/4to/1r/SEP/Proyectos/pr2/SEPmonG3/SEPmonG3/hw/SEPmon.xsa
TRACE::2024-06-20.18:06:26::SCWPlatform::DSA absoulate path C:/Users/gusta/OneDrive/Documents/universidad/4to/1r/SEP/Proyectos/pr2/SEPmonG3/SEPmonG3/hw/SEPmon.xsa
TRACE::2024-06-20.18:06:26::SCWPlatform::DSA directory C:/Users/gusta/OneDrive/Documents/universidad/4to/1r/SEP/Proyectos/pr2/SEPmonG3/SEPmonG3/hw
TRACE::2024-06-20.18:06:26::SCWPlatform:: Platform Path C:/Users/gusta/OneDrive/Documents/universidad/4to/1r/SEP/Proyectos/pr2/SEPmonG3/SEPmonG3/hw/SEPmon.xsa
TRACE::2024-06-20.18:06:26::SCWPlatform:: Unique name xilinx:zybo-z7-10::0.0
TRACE::2024-06-20.18:06:26::SCWPlatform::Trying to set the existing hwdb with name DEMO_wrapper_1
TRACE::2024-06-20.18:06:26::SCWPlatform::Opened existing hwdb DEMO_wrapper_1
TRACE::2024-06-20.18:06:26::SCWPlatform::Found the Hw Db part of the input DSA
TRACE::2024-06-20.18:06:26::SCWReader::Boot application domain added for zynq_fsbl
TRACE::2024-06-20.18:06:26::SCWPlatform::Trying to open the hw design at C:/Users/gusta/OneDrive/Documents/universidad/4to/1r/SEP/Proyectos/pr2/SEPmonG3/SEPmonG3/hw/SEPmon.xsa
TRACE::2024-06-20.18:06:26::SCWPlatform::DSA given C:/Users/gusta/OneDrive/Documents/universidad/4to/1r/SEP/Proyectos/pr2/SEPmonG3/SEPmonG3/hw/SEPmon.xsa
TRACE::2024-06-20.18:06:26::SCWPlatform::DSA absoulate path C:/Users/gusta/OneDrive/Documents/universidad/4to/1r/SEP/Proyectos/pr2/SEPmonG3/SEPmonG3/hw/SEPmon.xsa
TRACE::2024-06-20.18:06:26::SCWPlatform::DSA directory C:/Users/gusta/OneDrive/Documents/universidad/4to/1r/SEP/Proyectos/pr2/SEPmonG3/SEPmonG3/hw
TRACE::2024-06-20.18:06:26::SCWPlatform:: Platform Path C:/Users/gusta/OneDrive/Documents/universidad/4to/1r/SEP/Proyectos/pr2/SEPmonG3/SEPmonG3/hw/SEPmon.xsa
TRACE::2024-06-20.18:06:26::SCWPlatform:: Unique name xilinx:zybo-z7-10::0.0
TRACE::2024-06-20.18:06:26::SCWPlatform::Trying to set the existing hwdb with name DEMO_wrapper_1
TRACE::2024-06-20.18:06:26::SCWPlatform::Opened existing hwdb DEMO_wrapper_1
TRACE::2024-06-20.18:06:26::SCWPlatform::Found the Hw Db part of the input DSA
TRACE::2024-06-20.18:06:26::SCWMssOS::Checking the sw design at  C:/Users/gusta/OneDrive/Documents/universidad/4to/1r/SEP/Proyectos/pr2/SEPmonG3/SEPmonG3/zynq_fsbl/zynq_fsbl_bsp/system.mss
TRACE::2024-06-20.18:06:26::SCWMssOS::DEBUG:  swdes dump  
TRACE::2024-06-20.18:06:26::SCWMssOS::No sw design opened at  C:/Users/gusta/OneDrive/Documents/universidad/4to/1r/SEP/Proyectos/pr2/SEPmonG3/SEPmonG3/zynq_fsbl/zynq_fsbl_bsp/system.mss
TRACE::2024-06-20.18:06:26::SCWMssOS::mss exists loading the mss file  C:/Users/gusta/OneDrive/Documents/universidad/4to/1r/SEP/Proyectos/pr2/SEPmonG3/SEPmonG3/zynq_fsbl/zynq_fsbl_bsp/system.mss
TRACE::2024-06-20.18:06:26::SCWMssOS::Opened the sw design from mss  C:/Users/gusta/OneDrive/Documents/universidad/4to/1r/SEP/Proyectos/pr2/SEPmonG3/SEPmonG3/zynq_fsbl/zynq_fsbl_bsp/system.mss
TRACE::2024-06-20.18:06:26::SCWMssOS::Adding the swdes entry C:/Users/gusta/OneDrive/Documents/universidad/4to/1r/SEP/Proyectos/pr2/SEPmonG3/SEPmonG3/zynq_fsbl/zynq_fsbl_bsp/system.mss with des name system
TRACE::2024-06-20.18:06:26::SCWMssOS::updating the scw layer about changes
TRACE::2024-06-20.18:06:26::SCWMssOS::Opened the sw design.  C:/Users/gusta/OneDrive/Documents/universidad/4to/1r/SEP/Proyectos/pr2/SEPmonG3/SEPmonG3/zynq_fsbl/zynq_fsbl_bsp/system.mss
TRACE::2024-06-20.18:06:26::SCWPlatform::Trying to open the hw design at C:/Users/gusta/OneDrive/Documents/universidad/4to/1r/SEP/Proyectos/pr2/SEPmonG3/SEPmonG3/hw/SEPmon.xsa
TRACE::2024-06-20.18:06:26::SCWPlatform::DSA given C:/Users/gusta/OneDrive/Documents/universidad/4to/1r/SEP/Proyectos/pr2/SEPmonG3/SEPmonG3/hw/SEPmon.xsa
TRACE::2024-06-20.18:06:26::SCWPlatform::DSA absoulate path C:/Users/gusta/OneDrive/Documents/universidad/4to/1r/SEP/Proyectos/pr2/SEPmonG3/SEPmonG3/hw/SEPmon.xsa
TRACE::2024-06-20.18:06:26::SCWPlatform::DSA directory C:/Users/gusta/OneDrive/Documents/universidad/4to/1r/SEP/Proyectos/pr2/SEPmonG3/SEPmonG3/hw
TRACE::2024-06-20.18:06:26::SCWPlatform:: Platform Path C:/Users/gusta/OneDrive/Documents/universidad/4to/1r/SEP/Proyectos/pr2/SEPmonG3/SEPmonG3/hw/SEPmon.xsa
TRACE::2024-06-20.18:06:26::SCWPlatform:: Unique name xilinx:zybo-z7-10::0.0
TRACE::2024-06-20.18:06:26::SCWPlatform::Trying to set the existing hwdb with name DEMO_wrapper_1
TRACE::2024-06-20.18:06:26::SCWPlatform::Opened existing hwdb DEMO_wrapper_1
TRACE::2024-06-20.18:06:26::SCWPlatform::Found the Hw Db part of the input DSA
TRACE::2024-06-20.18:06:26::SCWMssOS::Checking the sw design at  C:/Users/gusta/OneDrive/Documents/universidad/4to/1r/SEP/Proyectos/pr2/SEPmonG3/SEPmonG3/zynq_fsbl/zynq_fsbl_bsp/system.mss
TRACE::2024-06-20.18:06:26::SCWMssOS::DEBUG:  swdes dump  C:/Users/gusta/OneDrive/Documents/universidad/4to/1r/SEP/Proyectos/pr2/SEPmonG3/SEPmonG3/zynq_fsbl/zynq_fsbl_bsp/system.mss|system||

TRACE::2024-06-20.18:06:26::SCWMssOS::Sw design exists and opened at  C:/Users/gusta/OneDrive/Documents/universidad/4to/1r/SEP/Proyectos/pr2/SEPmonG3/SEPmonG3/zynq_fsbl/zynq_fsbl_bsp/system.mss
TRACE::2024-06-20.18:06:26::SCWMssOS:: library already available in sw design:  xilffs:4.3
TRACE::2024-06-20.18:06:26::SCWPlatform::Trying to open the hw design at C:/Users/gusta/OneDrive/Documents/universidad/4to/1r/SEP/Proyectos/pr2/SEPmonG3/SEPmonG3/hw/SEPmon.xsa
TRACE::2024-06-20.18:06:26::SCWPlatform::DSA given C:/Users/gusta/OneDrive/Documents/universidad/4to/1r/SEP/Proyectos/pr2/SEPmonG3/SEPmonG3/hw/SEPmon.xsa
TRACE::2024-06-20.18:06:26::SCWPlatform::DSA absoulate path C:/Users/gusta/OneDrive/Documents/universidad/4to/1r/SEP/Proyectos/pr2/SEPmonG3/SEPmonG3/hw/SEPmon.xsa
TRACE::2024-06-20.18:06:26::SCWPlatform::DSA directory C:/Users/gusta/OneDrive/Documents/universidad/4to/1r/SEP/Proyectos/pr2/SEPmonG3/SEPmonG3/hw
TRACE::2024-06-20.18:06:26::SCWPlatform:: Platform Path C:/Users/gusta/OneDrive/Documents/universidad/4to/1r/SEP/Proyectos/pr2/SEPmonG3/SEPmonG3/hw/SEPmon.xsa
TRACE::2024-06-20.18:06:26::SCWPlatform:: Unique name xilinx:zybo-z7-10::0.0
TRACE::2024-06-20.18:06:26::SCWPlatform::Trying to set the existing hwdb with name DEMO_wrapper_1
TRACE::2024-06-20.18:06:26::SCWPlatform::Opened existing hwdb DEMO_wrapper_1
TRACE::2024-06-20.18:06:26::SCWPlatform::Found the Hw Db part of the input DSA
TRACE::2024-06-20.18:06:26::SCWMssOS::Checking the sw design at  C:/Users/gusta/OneDrive/Documents/universidad/4to/1r/SEP/Proyectos/pr2/SEPmonG3/SEPmonG3/zynq_fsbl/zynq_fsbl_bsp/system.mss
TRACE::2024-06-20.18:06:26::SCWMssOS::DEBUG:  swdes dump  C:/Users/gusta/OneDrive/Documents/universidad/4to/1r/SEP/Proyectos/pr2/SEPmonG3/SEPmonG3/zynq_fsbl/zynq_fsbl_bsp/system.mss|system||

TRACE::2024-06-20.18:06:26::SCWMssOS::Sw design exists and opened at  C:/Users/gusta/OneDrive/Documents/universidad/4to/1r/SEP/Proyectos/pr2/SEPmonG3/SEPmonG3/zynq_fsbl/zynq_fsbl_bsp/system.mss
TRACE::2024-06-20.18:06:26::SCWMssOS:: library already available in sw design:  xilrsa:1.6
TRACE::2024-06-20.18:06:26::SCWMssOS::Saving the mss changes C:/Users/gusta/OneDrive/Documents/universidad/4to/1r/SEP/Proyectos/pr2/SEPmonG3/SEPmonG3/zynq_fsbl/zynq_fsbl_bsp/system.mss
TRACE::2024-06-20.18:06:26::SCWMssOS::Found a swdesign opened with the mssfile.
TRACE::2024-06-20.18:06:26::SCWMssOS::Completed writemss as part of save.
TRACE::2024-06-20.18:06:26::SCWMssOS::Commit changes completed.
TRACE::2024-06-20.18:06:26::SCWReader::Adding prebuilt librarypaths as   
TRACE::2024-06-20.18:06:26::SCWReader::Adding prebuilt incpaths  as   
TRACE::2024-06-20.18:06:26::SCWPlatform::Trying to open the hw design at C:/Users/gusta/OneDrive/Documents/universidad/4to/1r/SEP/Proyectos/pr2/SEPmonG3/SEPmonG3/hw/SEPmon.xsa
TRACE::2024-06-20.18:06:26::SCWPlatform::DSA given C:/Users/gusta/OneDrive/Documents/universidad/4to/1r/SEP/Proyectos/pr2/SEPmonG3/SEPmonG3/hw/SEPmon.xsa
TRACE::2024-06-20.18:06:26::SCWPlatform::DSA absoulate path C:/Users/gusta/OneDrive/Documents/universidad/4to/1r/SEP/Proyectos/pr2/SEPmonG3/SEPmonG3/hw/SEPmon.xsa
TRACE::2024-06-20.18:06:26::SCWPlatform::DSA directory C:/Users/gusta/OneDrive/Documents/universidad/4to/1r/SEP/Proyectos/pr2/SEPmonG3/SEPmonG3/hw
TRACE::2024-06-20.18:06:26::SCWPlatform:: Platform Path C:/Users/gusta/OneDrive/Documents/universidad/4to/1r/SEP/Proyectos/pr2/SEPmonG3/SEPmonG3/hw/SEPmon.xsa
TRACE::2024-06-20.18:06:26::SCWPlatform:: Unique name xilinx:zybo-z7-10::0.0
TRACE::2024-06-20.18:06:26::SCWPlatform::Trying to set the existing hwdb with name DEMO_wrapper_1
TRACE::2024-06-20.18:06:26::SCWPlatform::Opened existing hwdb DEMO_wrapper_1
TRACE::2024-06-20.18:06:26::SCWPlatform::Found the Hw Db part of the input DSA
TRACE::2024-06-20.18:06:26::SCWMssOS::Checking the sw design at  C:/Users/gusta/OneDrive/Documents/universidad/4to/1r/SEP/Proyectos/pr2/SEPmonG3/SEPmonG3/zynq_fsbl/zynq_fsbl_bsp/system.mss
TRACE::2024-06-20.18:06:26::SCWMssOS::DEBUG:  swdes dump  C:/Users/gusta/OneDrive/Documents/universidad/4to/1r/SEP/Proyectos/pr2/SEPmonG3/SEPmonG3/zynq_fsbl/zynq_fsbl_bsp/system.mss|system||

TRACE::2024-06-20.18:06:26::SCWMssOS::Sw design exists and opened at  C:/Users/gusta/OneDrive/Documents/universidad/4to/1r/SEP/Proyectos/pr2/SEPmonG3/SEPmonG3/zynq_fsbl/zynq_fsbl_bsp/system.mss
TRACE::2024-06-20.18:06:26::SCWReader::No isolation master present  
TRACE::2024-06-20.18:06:26::SCWDomain::checking for install qemu data   : 
TRACE::2024-06-20.18:06:26::SCWDomain:: Using the QEMU Data from install at  : C:/Xilinx/Vitis/2020.1/data/emulation/platforms/zynq/qemu/
TRACE::2024-06-20.18:06:26::SCWDomain:: Using the QEMU args  from install at  : C:/Xilinx/Vitis/2020.1/data/emulation/platforms/zynq/qemu/qemu_args.txt
TRACE::2024-06-20.18:06:26::SCWPlatform::Trying to open the hw design at C:/Users/gusta/OneDrive/Documents/universidad/4to/1r/SEP/Proyectos/pr2/SEPmonG3/SEPmonG3/hw/SEPmon.xsa
TRACE::2024-06-20.18:06:26::SCWPlatform::DSA given C:/Users/gusta/OneDrive/Documents/universidad/4to/1r/SEP/Proyectos/pr2/SEPmonG3/SEPmonG3/hw/SEPmon.xsa
TRACE::2024-06-20.18:06:26::SCWPlatform::DSA absoulate path C:/Users/gusta/OneDrive/Documents/universidad/4to/1r/SEP/Proyectos/pr2/SEPmonG3/SEPmonG3/hw/SEPmon.xsa
TRACE::2024-06-20.18:06:26::SCWPlatform::DSA directory C:/Users/gusta/OneDrive/Documents/universidad/4to/1r/SEP/Proyectos/pr2/SEPmonG3/SEPmonG3/hw
TRACE::2024-06-20.18:06:26::SCWPlatform:: Platform Path C:/Users/gusta/OneDrive/Documents/universidad/4to/1r/SEP/Proyectos/pr2/SEPmonG3/SEPmonG3/hw/SEPmon.xsa
TRACE::2024-06-20.18:06:26::SCWPlatform:: Unique name xilinx:zybo-z7-10::0.0
TRACE::2024-06-20.18:06:26::SCWPlatform::Trying to set the existing hwdb with name DEMO_wrapper_1
TRACE::2024-06-20.18:06:26::SCWPlatform::Opened existing hwdb DEMO_wrapper_1
TRACE::2024-06-20.18:06:26::SCWPlatform::Found the Hw Db part of the input DSA
TRACE::2024-06-20.18:06:26::SCWPlatform::Trying to open the hw design at C:/Users/gusta/OneDrive/Documents/universidad/4to/1r/SEP/Proyectos/pr2/SEPmonG3/SEPmonG3/hw/SEPmon.xsa
TRACE::2024-06-20.18:06:26::SCWPlatform::DSA given C:/Users/gusta/OneDrive/Documents/universidad/4to/1r/SEP/Proyectos/pr2/SEPmonG3/SEPmonG3/hw/SEPmon.xsa
TRACE::2024-06-20.18:06:26::SCWPlatform::DSA absoulate path C:/Users/gusta/OneDrive/Documents/universidad/4to/1r/SEP/Proyectos/pr2/SEPmonG3/SEPmonG3/hw/SEPmon.xsa
TRACE::2024-06-20.18:06:26::SCWPlatform::DSA directory C:/Users/gusta/OneDrive/Documents/universidad/4to/1r/SEP/Proyectos/pr2/SEPmonG3/SEPmonG3/hw
TRACE::2024-06-20.18:06:26::SCWPlatform:: Platform Path C:/Users/gusta/OneDrive/Documents/universidad/4to/1r/SEP/Proyectos/pr2/SEPmonG3/SEPmonG3/hw/SEPmon.xsa
TRACE::2024-06-20.18:06:26::SCWPlatform:: Unique name xilinx:zybo-z7-10::0.0
TRACE::2024-06-20.18:06:26::SCWPlatform::Trying to set the existing hwdb with name DEMO_wrapper_1
TRACE::2024-06-20.18:06:26::SCWPlatform::Opened existing hwdb DEMO_wrapper_1
TRACE::2024-06-20.18:06:26::SCWPlatform::Found the Hw Db part of the input DSA
TRACE::2024-06-20.18:06:26::SCWPlatform::Trying to open the hw design at C:/Users/gusta/OneDrive/Documents/universidad/4to/1r/SEP/Proyectos/pr2/SEPmonG3/SEPmonG3/hw/SEPmon.xsa
TRACE::2024-06-20.18:06:26::SCWPlatform::DSA given C:/Users/gusta/OneDrive/Documents/universidad/4to/1r/SEP/Proyectos/pr2/SEPmonG3/SEPmonG3/hw/SEPmon.xsa
TRACE::2024-06-20.18:06:26::SCWPlatform::DSA absoulate path C:/Users/gusta/OneDrive/Documents/universidad/4to/1r/SEP/Proyectos/pr2/SEPmonG3/SEPmonG3/hw/SEPmon.xsa
TRACE::2024-06-20.18:06:26::SCWPlatform::DSA directory C:/Users/gusta/OneDrive/Documents/universidad/4to/1r/SEP/Proyectos/pr2/SEPmonG3/SEPmonG3/hw
TRACE::2024-06-20.18:06:26::SCWPlatform:: Platform Path C:/Users/gusta/OneDrive/Documents/universidad/4to/1r/SEP/Proyectos/pr2/SEPmonG3/SEPmonG3/hw/SEPmon.xsa
TRACE::2024-06-20.18:06:26::SCWPlatform:: Unique name xilinx:zybo-z7-10::0.0
TRACE::2024-06-20.18:06:26::SCWPlatform::Trying to set the existing hwdb with name DEMO_wrapper_1
TRACE::2024-06-20.18:06:26::SCWPlatform::Opened existing hwdb DEMO_wrapper_1
TRACE::2024-06-20.18:06:26::SCWPlatform::Found the Hw Db part of the input DSA
TRACE::2024-06-20.18:06:26::SCWMssOS::Checking the sw design at  C:/Users/gusta/OneDrive/Documents/universidad/4to/1r/SEP/Proyectos/pr2/SEPmonG3/SEPmonG3/ps7_cortexa9_0/standalone_domain/bsp/system.mss
TRACE::2024-06-20.18:06:26::SCWMssOS::DEBUG:  swdes dump  C:/Users/gusta/OneDrive/Documents/universidad/4to/1r/SEP/Proyectos/pr2/SEPmonG3/SEPmonG3/zynq_fsbl/zynq_fsbl_bsp/system.mss|system||

TRACE::2024-06-20.18:06:26::SCWMssOS::No sw design opened at  C:/Users/gusta/OneDrive/Documents/universidad/4to/1r/SEP/Proyectos/pr2/SEPmonG3/SEPmonG3/ps7_cortexa9_0/standalone_domain/bsp/system.mss
TRACE::2024-06-20.18:06:26::SCWMssOS::mss exists loading the mss file  C:/Users/gusta/OneDrive/Documents/universidad/4to/1r/SEP/Proyectos/pr2/SEPmonG3/SEPmonG3/ps7_cortexa9_0/standalone_domain/bsp/system.mss
TRACE::2024-06-20.18:06:26::SCWMssOS::Opened the sw design from mss  C:/Users/gusta/OneDrive/Documents/universidad/4to/1r/SEP/Proyectos/pr2/SEPmonG3/SEPmonG3/ps7_cortexa9_0/standalone_domain/bsp/system.mss
TRACE::2024-06-20.18:06:26::SCWMssOS::Adding the swdes entry C:/Users/gusta/OneDrive/Documents/universidad/4to/1r/SEP/Proyectos/pr2/SEPmonG3/SEPmonG3/ps7_cortexa9_0/standalone_domain/bsp/system.mss with des name system_0
TRACE::2024-06-20.18:06:26::SCWMssOS::updating the scw layer about changes
TRACE::2024-06-20.18:06:26::SCWMssOS::Opened the sw design.  C:/Users/gusta/OneDrive/Documents/universidad/4to/1r/SEP/Proyectos/pr2/SEPmonG3/SEPmonG3/ps7_cortexa9_0/standalone_domain/bsp/system.mss
TRACE::2024-06-20.18:06:26::SCWMssOS::Saving the mss changes C:/Users/gusta/OneDrive/Documents/universidad/4to/1r/SEP/Proyectos/pr2/SEPmonG3/SEPmonG3/ps7_cortexa9_0/standalone_domain/bsp/system.mss
TRACE::2024-06-20.18:06:26::SCWMssOS::Found a swdesign opened with the mssfile.
TRACE::2024-06-20.18:06:26::SCWMssOS::Completed writemss as part of save.
TRACE::2024-06-20.18:06:26::SCWMssOS::Commit changes completed.
TRACE::2024-06-20.18:06:26::SCWReader::Adding prebuilt librarypaths as   
TRACE::2024-06-20.18:06:26::SCWReader::Adding prebuilt incpaths  as   
TRACE::2024-06-20.18:06:26::SCWPlatform::Trying to open the hw design at C:/Users/gusta/OneDrive/Documents/universidad/4to/1r/SEP/Proyectos/pr2/SEPmonG3/SEPmonG3/hw/SEPmon.xsa
TRACE::2024-06-20.18:06:26::SCWPlatform::DSA given C:/Users/gusta/OneDrive/Documents/universidad/4to/1r/SEP/Proyectos/pr2/SEPmonG3/SEPmonG3/hw/SEPmon.xsa
TRACE::2024-06-20.18:06:26::SCWPlatform::DSA absoulate path C:/Users/gusta/OneDrive/Documents/universidad/4to/1r/SEP/Proyectos/pr2/SEPmonG3/SEPmonG3/hw/SEPmon.xsa
TRACE::2024-06-20.18:06:26::SCWPlatform::DSA directory C:/Users/gusta/OneDrive/Documents/universidad/4to/1r/SEP/Proyectos/pr2/SEPmonG3/SEPmonG3/hw
TRACE::2024-06-20.18:06:26::SCWPlatform:: Platform Path C:/Users/gusta/OneDrive/Documents/universidad/4to/1r/SEP/Proyectos/pr2/SEPmonG3/SEPmonG3/hw/SEPmon.xsa
TRACE::2024-06-20.18:06:26::SCWPlatform:: Unique name xilinx:zybo-z7-10::0.0
TRACE::2024-06-20.18:06:26::SCWPlatform::Trying to set the existing hwdb with name DEMO_wrapper_1
TRACE::2024-06-20.18:06:26::SCWPlatform::Opened existing hwdb DEMO_wrapper_1
TRACE::2024-06-20.18:06:26::SCWPlatform::Found the Hw Db part of the input DSA
TRACE::2024-06-20.18:06:26::SCWMssOS::Checking the sw design at  C:/Users/gusta/OneDrive/Documents/universidad/4to/1r/SEP/Proyectos/pr2/SEPmonG3/SEPmonG3/ps7_cortexa9_0/standalone_domain/bsp/system.mss
TRACE::2024-06-20.18:06:26::SCWMssOS::DEBUG:  swdes dump  C:/Users/gusta/OneDrive/Documents/universidad/4to/1r/SEP/Proyectos/pr2/SEPmonG3/SEPmonG3/ps7_cortexa9_0/standalone_domain/bsp/system.mss|system_0||
C:/Users/gusta/OneDrive/Documents/universidad/4to/1r/SEP/Proyectos/pr2/SEPmonG3/SEPmonG3/zynq_fsbl/zynq_fsbl_bsp/system.mss|system||

TRACE::2024-06-20.18:06:26::SCWMssOS::Sw design exists and opened at  C:/Users/gusta/OneDrive/Documents/universidad/4to/1r/SEP/Proyectos/pr2/SEPmonG3/SEPmonG3/ps7_cortexa9_0/standalone_domain/bsp/system.mss
TRACE::2024-06-20.18:06:26::SCWReader::No isolation master present  
LOG::2024-06-20.18:06:38::SCWPlatform::Started generating the artifacts platform SEPmonG3
TRACE::2024-06-20.18:06:38::SCWPlatform::Sanity checking of platform is completed
LOG::2024-06-20.18:06:38::SCWPlatform::Started generating the artifacts for system configuration SEPmonG3
LOG::2024-06-20.18:06:38::SCWSystem::Checking the domain zynq_fsbl
LOG::2024-06-20.18:06:38::SCWSystem::Doing application build for :  zynq_fsbl
TRACE::2024-06-20.18:06:38::SCWBDomain::Not a forced makefile updation, No changes are present. 
TRACE::2024-06-20.18:06:38::SCWDomain::Building the domain as part of full build :  zynq_fsbl
TRACE::2024-06-20.18:06:38::SCWPlatform::Trying to open the hw design at C:/Users/gusta/OneDrive/Documents/universidad/4to/1r/SEP/Proyectos/pr2/SEPmonG3/SEPmonG3/hw/SEPmon.xsa
TRACE::2024-06-20.18:06:38::SCWPlatform::DSA given C:/Users/gusta/OneDrive/Documents/universidad/4to/1r/SEP/Proyectos/pr2/SEPmonG3/SEPmonG3/hw/SEPmon.xsa
TRACE::2024-06-20.18:06:38::SCWPlatform::DSA absoulate path C:/Users/gusta/OneDrive/Documents/universidad/4to/1r/SEP/Proyectos/pr2/SEPmonG3/SEPmonG3/hw/SEPmon.xsa
TRACE::2024-06-20.18:06:38::SCWPlatform::DSA directory C:/Users/gusta/OneDrive/Documents/universidad/4to/1r/SEP/Proyectos/pr2/SEPmonG3/SEPmonG3/hw
TRACE::2024-06-20.18:06:38::SCWPlatform:: Platform Path C:/Users/gusta/OneDrive/Documents/universidad/4to/1r/SEP/Proyectos/pr2/SEPmonG3/SEPmonG3/hw/SEPmon.xsa
TRACE::2024-06-20.18:06:38::SCWPlatform:: Unique name xilinx:zybo-z7-10::0.0
TRACE::2024-06-20.18:06:38::SCWPlatform::Trying to set the existing hwdb with name DEMO_wrapper_1
TRACE::2024-06-20.18:06:38::SCWPlatform::Opened existing hwdb DEMO_wrapper_1
TRACE::2024-06-20.18:06:38::SCWPlatform::Found the Hw Db part of the input DSA
TRACE::2024-06-20.18:06:38::SCWMssOS::Checking the sw design at  C:/Users/gusta/OneDrive/Documents/universidad/4to/1r/SEP/Proyectos/pr2/SEPmonG3/SEPmonG3/zynq_fsbl/zynq_fsbl_bsp/system.mss
TRACE::2024-06-20.18:06:38::SCWMssOS::DEBUG:  swdes dump  C:/Users/gusta/OneDrive/Documents/universidad/4to/1r/SEP/Proyectos/pr2/SEPmonG3/SEPmonG3/ps7_cortexa9_0/standalone_domain/bsp/system.mss|system_0||
C:/Users/gusta/OneDrive/Documents/universidad/4to/1r/SEP/Proyectos/pr2/SEPmonG3/SEPmonG3/zynq_fsbl/zynq_fsbl_bsp/system.mss|system||

TRACE::2024-06-20.18:06:38::SCWMssOS::Sw design exists and opened at  C:/Users/gusta/OneDrive/Documents/universidad/4to/1r/SEP/Proyectos/pr2/SEPmonG3/SEPmonG3/zynq_fsbl/zynq_fsbl_bsp/system.mss
TRACE::2024-06-20.18:06:38::SCWBDomain::Completed writing the mss file at C:/Users/gusta/OneDrive/Documents/universidad/4to/1r/SEP/Proyectos/pr2/SEPmonG3/SEPmonG3/zynq_fsbl/zynq_fsbl_bsp
TRACE::2024-06-20.18:06:38::SCWBDomain::bsp generated is upto date with the mss file. Skipping bsp generation.
TRACE::2024-06-20.18:06:38::SCWBDomain::Not a forced makefile updation, No changes are present. 
TRACE::2024-06-20.18:06:38::SCWBDomain::System Command Ran  C:&  cd  C:/Users/gusta/OneDrive/Documents/universidad/4to/1r/SEP/Proyectos/pr2/SEPmonG3/SEPmonG3/zynq_fsbl & make 
TRACE::2024-06-20.18:06:38::SCWBDomain::make -C zynq_fsbl_bsp

TRACE::2024-06-20.18:06:38::SCWBDomain::make[1]: Entering directory 'C:/Users/gusta/OneDrive/Documents/universidad/4to/1r/SEP/Proyectos/pr2/SEPmonG3/SEPmonG3/zynq_fsbl
TRACE::2024-06-20.18:06:38::SCWBDomain::/zynq_fsbl_bsp'

TRACE::2024-06-20.18:06:38::SCWBDomain::"Running Make include in ps7_cortexa9_0/libsrc/coresightps_dcc_v1_7/src"

TRACE::2024-06-20.18:06:38::SCWBDomain::make -C ps7_cortexa9_0/libsrc/coresightps_dcc_v1_7/src -s include  "SHELL=CMD" "COMPILER=arm-none-eabi-gcc" "ASSEMBLER=arm-none
TRACE::2024-06-20.18:06:38::SCWBDomain::-eabi-as" "ARCHIVER=arm-none-eabi-ar" "COMPILER_FLAGS=  -O2 -c" "EXTRA_COMPILER_FLAGS=-mcpu=cortex-a9 -mfpu=vfpv3 -mfloat-abi=h
TRACE::2024-06-20.18:06:38::SCWBDomain::ard -nostartfiles -g -Wall -Wextra"

TRACE::2024-06-20.18:06:38::SCWBDomain::make[2]: Entering directory 'C:/Users/gusta/OneDrive/Documents/universidad/4to/1r/SEP/Proyectos/pr2/SEPmonG3/SEPmonG3/zynq_fsbl
TRACE::2024-06-20.18:06:38::SCWBDomain::/zynq_fsbl_bsp/ps7_cortexa9_0/libsrc/coresightps_dcc_v1_7/src'

TRACE::2024-06-20.18:06:38::SCWBDomain::make[2]: Leaving directory 'C:/Users/gusta/OneDrive/Documents/universidad/4to/1r/SEP/Proyectos/pr2/SEPmonG3/SEPmonG3/zynq_fsbl/
TRACE::2024-06-20.18:06:38::SCWBDomain::zynq_fsbl_bsp/ps7_cortexa9_0/libsrc/coresightps_dcc_v1_7/src'

TRACE::2024-06-20.18:06:38::SCWBDomain::"Running Make include in ps7_cortexa9_0/libsrc/cpu_cortexa9_v2_9/src"

TRACE::2024-06-20.18:06:38::SCWBDomain::make -C ps7_cortexa9_0/libsrc/cpu_cortexa9_v2_9/src -s include  "SHELL=CMD" "COMPILER=arm-none-eabi-gcc" "ASSEMBLER=arm-none-ea
TRACE::2024-06-20.18:06:38::SCWBDomain::bi-as" "ARCHIVER=arm-none-eabi-ar" "COMPILER_FLAGS=  -O2 -c" "EXTRA_COMPILER_FLAGS=-mcpu=cortex-a9 -mfpu=vfpv3 -mfloat-abi=hard
TRACE::2024-06-20.18:06:38::SCWBDomain:: -nostartfiles -g -Wall -Wextra"

TRACE::2024-06-20.18:06:38::SCWBDomain::make[2]: Entering directory 'C:/Users/gusta/OneDrive/Documents/universidad/4to/1r/SEP/Proyectos/pr2/SEPmonG3/SEPmonG3/zynq_fsbl
TRACE::2024-06-20.18:06:38::SCWBDomain::/zynq_fsbl_bsp/ps7_cortexa9_0/libsrc/cpu_cortexa9_v2_9/src'

TRACE::2024-06-20.18:06:38::SCWBDomain::make[2]: Leaving directory 'C:/Users/gusta/OneDrive/Documents/universidad/4to/1r/SEP/Proyectos/pr2/SEPmonG3/SEPmonG3/zynq_fsbl/
TRACE::2024-06-20.18:06:38::SCWBDomain::zynq_fsbl_bsp/ps7_cortexa9_0/libsrc/cpu_cortexa9_v2_9/src'

TRACE::2024-06-20.18:06:38::SCWBDomain::"Running Make include in ps7_cortexa9_0/libsrc/ddrps_v1_1/src"

TRACE::2024-06-20.18:06:38::SCWBDomain::make -C ps7_cortexa9_0/libsrc/ddrps_v1_1/src -s include  "SHELL=CMD" "COMPILER=arm-none-eabi-gcc" "ASSEMBLER=arm-none-eabi-as" 
TRACE::2024-06-20.18:06:38::SCWBDomain::"ARCHIVER=arm-none-eabi-ar" "COMPILER_FLAGS=  -O2 -c" "EXTRA_COMPILER_FLAGS=-mcpu=cortex-a9 -mfpu=vfpv3 -mfloat-abi=hard -nosta
TRACE::2024-06-20.18:06:38::SCWBDomain::rtfiles -g -Wall -Wextra"

TRACE::2024-06-20.18:06:38::SCWBDomain::make[2]: Entering directory 'C:/Users/gusta/OneDrive/Documents/universidad/4to/1r/SEP/Proyectos/pr2/SEPmonG3/SEPmonG3/zynq_fsbl
TRACE::2024-06-20.18:06:38::SCWBDomain::/zynq_fsbl_bsp/ps7_cortexa9_0/libsrc/ddrps_v1_1/src'

TRACE::2024-06-20.18:06:38::SCWBDomain::make[2]: Leaving directory 'C:/Users/gusta/OneDrive/Documents/universidad/4to/1r/SEP/Proyectos/pr2/SEPmonG3/SEPmonG3/zynq_fsbl/
TRACE::2024-06-20.18:06:38::SCWBDomain::zynq_fsbl_bsp/ps7_cortexa9_0/libsrc/ddrps_v1_1/src'

TRACE::2024-06-20.18:06:38::SCWBDomain::"Running Make include in ps7_cortexa9_0/libsrc/devcfg_v3_6/src"

TRACE::2024-06-20.18:06:38::SCWBDomain::make -C ps7_cortexa9_0/libsrc/devcfg_v3_6/src -s include  "SHELL=CMD" "COMPILER=arm-none-eabi-gcc" "ASSEMBLER=arm-none-eabi-as"
TRACE::2024-06-20.18:06:38::SCWBDomain:: "ARCHIVER=arm-none-eabi-ar" "COMPILER_FLAGS=  -O2 -c" "EXTRA_COMPILER_FLAGS=-mcpu=cortex-a9 -mfpu=vfpv3 -mfloat-abi=hard -nost
TRACE::2024-06-20.18:06:38::SCWBDomain::artfiles -g -Wall -Wextra"

TRACE::2024-06-20.18:06:38::SCWBDomain::make[2]: Entering directory 'C:/Users/gusta/OneDrive/Documents/universidad/4to/1r/SEP/Proyectos/pr2/SEPmonG3/SEPmonG3/zynq_fsbl
TRACE::2024-06-20.18:06:38::SCWBDomain::/zynq_fsbl_bsp/ps7_cortexa9_0/libsrc/devcfg_v3_6/src'

TRACE::2024-06-20.18:06:38::SCWBDomain::make[2]: Leaving directory 'C:/Users/gusta/OneDrive/Documents/universidad/4to/1r/SEP/Proyectos/pr2/SEPmonG3/SEPmonG3/zynq_fsbl/
TRACE::2024-06-20.18:06:38::SCWBDomain::zynq_fsbl_bsp/ps7_cortexa9_0/libsrc/devcfg_v3_6/src'

TRACE::2024-06-20.18:06:39::SCWBDomain::"Running Make include in ps7_cortexa9_0/libsrc/dmaps_v2_6/src"

TRACE::2024-06-20.18:06:39::SCWBDomain::make -C ps7_cortexa9_0/libsrc/dmaps_v2_6/src -s include  "SHELL=CMD" "COMPILER=arm-none-eabi-gcc" "ASSEMBLER=arm-none-eabi-as" 
TRACE::2024-06-20.18:06:39::SCWBDomain::"ARCHIVER=arm-none-eabi-ar" "COMPILER_FLAGS=  -O2 -c" "EXTRA_COMPILER_FLAGS=-mcpu=cortex-a9 -mfpu=vfpv3 -mfloat-abi=hard -nosta
TRACE::2024-06-20.18:06:39::SCWBDomain::rtfiles -g -Wall -Wextra"

TRACE::2024-06-20.18:06:39::SCWBDomain::make[2]: Entering directory 'C:/Users/gusta/OneDrive/Documents/universidad/4to/1r/SEP/Proyectos/pr2/SEPmonG3/SEPmonG3/zynq_fsbl
TRACE::2024-06-20.18:06:39::SCWBDomain::/zynq_fsbl_bsp/ps7_cortexa9_0/libsrc/dmaps_v2_6/src'

TRACE::2024-06-20.18:06:39::SCWBDomain::make[2]: Leaving directory 'C:/Users/gusta/OneDrive/Documents/universidad/4to/1r/SEP/Proyectos/pr2/SEPmonG3/SEPmonG3/zynq_fsbl/
TRACE::2024-06-20.18:06:39::SCWBDomain::zynq_fsbl_bsp/ps7_cortexa9_0/libsrc/dmaps_v2_6/src'

TRACE::2024-06-20.18:06:39::SCWBDomain::"Running Make include in ps7_cortexa9_0/libsrc/emacps_v3_11/src"

TRACE::2024-06-20.18:06:39::SCWBDomain::make -C ps7_cortexa9_0/libsrc/emacps_v3_11/src -s include  "SHELL=CMD" "COMPILER=arm-none-eabi-gcc" "ASSEMBLER=arm-none-eabi-as
TRACE::2024-06-20.18:06:39::SCWBDomain::" "ARCHIVER=arm-none-eabi-ar" "COMPILER_FLAGS=  -O2 -c" "EXTRA_COMPILER_FLAGS=-mcpu=cortex-a9 -mfpu=vfpv3 -mfloat-abi=hard -nos
TRACE::2024-06-20.18:06:39::SCWBDomain::tartfiles -g -Wall -Wextra"

TRACE::2024-06-20.18:06:39::SCWBDomain::make[2]: Entering directory 'C:/Users/gusta/OneDrive/Documents/universidad/4to/1r/SEP/Proyectos/pr2/SEPmonG3/SEPmonG3/zynq_fsbl
TRACE::2024-06-20.18:06:39::SCWBDomain::/zynq_fsbl_bsp/ps7_cortexa9_0/libsrc/emacps_v3_11/src'

TRACE::2024-06-20.18:06:39::SCWBDomain::make[2]: Leaving directory 'C:/Users/gusta/OneDrive/Documents/universidad/4to/1r/SEP/Proyectos/pr2/SEPmonG3/SEPmonG3/zynq_fsbl/
TRACE::2024-06-20.18:06:39::SCWBDomain::zynq_fsbl_bsp/ps7_cortexa9_0/libsrc/emacps_v3_11/src'

TRACE::2024-06-20.18:06:39::SCWBDomain::"Running Make include in ps7_cortexa9_0/libsrc/gpiops_v3_7/src"

TRACE::2024-06-20.18:06:39::SCWBDomain::make -C ps7_cortexa9_0/libsrc/gpiops_v3_7/src -s include  "SHELL=CMD" "COMPILER=arm-none-eabi-gcc" "ASSEMBLER=arm-none-eabi-as"
TRACE::2024-06-20.18:06:39::SCWBDomain:: "ARCHIVER=arm-none-eabi-ar" "COMPILER_FLAGS=  -O2 -c" "EXTRA_COMPILER_FLAGS=-mcpu=cortex-a9 -mfpu=vfpv3 -mfloat-abi=hard -nost
TRACE::2024-06-20.18:06:39::SCWBDomain::artfiles -g -Wall -Wextra"

TRACE::2024-06-20.18:06:39::SCWBDomain::make[2]: Entering directory 'C:/Users/gusta/OneDrive/Documents/universidad/4to/1r/SEP/Proyectos/pr2/SEPmonG3/SEPmonG3/zynq_fsbl
TRACE::2024-06-20.18:06:39::SCWBDomain::/zynq_fsbl_bsp/ps7_cortexa9_0/libsrc/gpiops_v3_7/src'

TRACE::2024-06-20.18:06:39::SCWBDomain::make[2]: Leaving directory 'C:/Users/gusta/OneDrive/Documents/universidad/4to/1r/SEP/Proyectos/pr2/SEPmonG3/SEPmonG3/zynq_fsbl/
TRACE::2024-06-20.18:06:39::SCWBDomain::zynq_fsbl_bsp/ps7_cortexa9_0/libsrc/gpiops_v3_7/src'

TRACE::2024-06-20.18:06:39::SCWBDomain::"Running Make include in ps7_cortexa9_0/libsrc/gpio_v4_6/src"

TRACE::2024-06-20.18:06:39::SCWBDomain::make -C ps7_cortexa9_0/libsrc/gpio_v4_6/src -s include  "SHELL=CMD" "COMPILER=arm-none-eabi-gcc" "ASSEMBLER=arm-none-eabi-as" "
TRACE::2024-06-20.18:06:39::SCWBDomain::ARCHIVER=arm-none-eabi-ar" "COMPILER_FLAGS=  -O2 -c" "EXTRA_COMPILER_FLAGS=-mcpu=cortex-a9 -mfpu=vfpv3 -mfloat-abi=hard -nostar
TRACE::2024-06-20.18:06:39::SCWBDomain::tfiles -g -Wall -Wextra"

TRACE::2024-06-20.18:06:39::SCWBDomain::make[2]: Entering directory 'C:/Users/gusta/OneDrive/Documents/universidad/4to/1r/SEP/Proyectos/pr2/SEPmonG3/SEPmonG3/zynq_fsbl
TRACE::2024-06-20.18:06:39::SCWBDomain::/zynq_fsbl_bsp/ps7_cortexa9_0/libsrc/gpio_v4_6/src'

TRACE::2024-06-20.18:06:39::SCWBDomain::make[2]: Leaving directory 'C:/Users/gusta/OneDrive/Documents/universidad/4to/1r/SEP/Proyectos/pr2/SEPmonG3/SEPmonG3/zynq_fsbl/
TRACE::2024-06-20.18:06:39::SCWBDomain::zynq_fsbl_bsp/ps7_cortexa9_0/libsrc/gpio_v4_6/src'

TRACE::2024-06-20.18:06:39::SCWBDomain::"Running Make include in ps7_cortexa9_0/libsrc/iic_v3_6/src"

TRACE::2024-06-20.18:06:39::SCWBDomain::make -C ps7_cortexa9_0/libsrc/iic_v3_6/src -s include  "SHELL=CMD" "COMPILER=arm-none-eabi-gcc" "ASSEMBLER=arm-none-eabi-as" "A
TRACE::2024-06-20.18:06:39::SCWBDomain::RCHIVER=arm-none-eabi-ar" "COMPILER_FLAGS=  -O2 -c" "EXTRA_COMPILER_FLAGS=-mcpu=cortex-a9 -mfpu=vfpv3 -mfloat-abi=hard -nostart
TRACE::2024-06-20.18:06:39::SCWBDomain::files -g -Wall -Wextra"

TRACE::2024-06-20.18:06:39::SCWBDomain::make[2]: Entering directory 'C:/Users/gusta/OneDrive/Documents/universidad/4to/1r/SEP/Proyectos/pr2/SEPmonG3/SEPmonG3/zynq_fsbl
TRACE::2024-06-20.18:06:39::SCWBDomain::/zynq_fsbl_bsp/ps7_cortexa9_0/libsrc/iic_v3_6/src'

TRACE::2024-06-20.18:06:39::SCWBDomain::make[2]: Leaving directory 'C:/Users/gusta/OneDrive/Documents/universidad/4to/1r/SEP/Proyectos/pr2/SEPmonG3/SEPmonG3/zynq_fsbl/
TRACE::2024-06-20.18:06:39::SCWBDomain::zynq_fsbl_bsp/ps7_cortexa9_0/libsrc/iic_v3_6/src'

TRACE::2024-06-20.18:06:39::SCWBDomain::"Running Make include in ps7_cortexa9_0/libsrc/qspips_v3_7/src"

TRACE::2024-06-20.18:06:39::SCWBDomain::make -C ps7_cortexa9_0/libsrc/qspips_v3_7/src -s include  "SHELL=CMD" "COMPILER=arm-none-eabi-gcc" "ASSEMBLER=arm-none-eabi-as"
TRACE::2024-06-20.18:06:39::SCWBDomain:: "ARCHIVER=arm-none-eabi-ar" "COMPILER_FLAGS=  -O2 -c" "EXTRA_COMPILER_FLAGS=-mcpu=cortex-a9 -mfpu=vfpv3 -mfloat-abi=hard -nost
TRACE::2024-06-20.18:06:39::SCWBDomain::artfiles -g -Wall -Wextra"

TRACE::2024-06-20.18:06:39::SCWBDomain::make[2]: Entering directory 'C:/Users/gusta/OneDrive/Documents/universidad/4to/1r/SEP/Proyectos/pr2/SEPmonG3/SEPmonG3/zynq_fsbl
TRACE::2024-06-20.18:06:39::SCWBDomain::/zynq_fsbl_bsp/ps7_cortexa9_0/libsrc/qspips_v3_7/src'

TRACE::2024-06-20.18:06:39::SCWBDomain::make[2]: Leaving directory 'C:/Users/gusta/OneDrive/Documents/universidad/4to/1r/SEP/Proyectos/pr2/SEPmonG3/SEPmonG3/zynq_fsbl/
TRACE::2024-06-20.18:06:39::SCWBDomain::zynq_fsbl_bsp/ps7_cortexa9_0/libsrc/qspips_v3_7/src'

TRACE::2024-06-20.18:06:39::SCWBDomain::"Running Make include in ps7_cortexa9_0/libsrc/scugic_v4_2/src"

TRACE::2024-06-20.18:06:39::SCWBDomain::make -C ps7_cortexa9_0/libsrc/scugic_v4_2/src -s include  "SHELL=CMD" "COMPILER=arm-none-eabi-gcc" "ASSEMBLER=arm-none-eabi-as"
TRACE::2024-06-20.18:06:39::SCWBDomain:: "ARCHIVER=arm-none-eabi-ar" "COMPILER_FLAGS=  -O2 -c" "EXTRA_COMPILER_FLAGS=-mcpu=cortex-a9 -mfpu=vfpv3 -mfloat-abi=hard -nost
TRACE::2024-06-20.18:06:39::SCWBDomain::artfiles -g -Wall -Wextra"

TRACE::2024-06-20.18:06:39::SCWBDomain::make[2]: Entering directory 'C:/Users/gusta/OneDrive/Documents/universidad/4to/1r/SEP/Proyectos/pr2/SEPmonG3/SEPmonG3/zynq_fsbl
TRACE::2024-06-20.18:06:39::SCWBDomain::/zynq_fsbl_bsp/ps7_cortexa9_0/libsrc/scugic_v4_2/src'

TRACE::2024-06-20.18:06:39::SCWBDomain::make[2]: Leaving directory 'C:/Users/gusta/OneDrive/Documents/universidad/4to/1r/SEP/Proyectos/pr2/SEPmonG3/SEPmonG3/zynq_fsbl/
TRACE::2024-06-20.18:06:39::SCWBDomain::zynq_fsbl_bsp/ps7_cortexa9_0/libsrc/scugic_v4_2/src'

TRACE::2024-06-20.18:06:39::SCWBDomain::"Running Make include in ps7_cortexa9_0/libsrc/scutimer_v2_2/src"

TRACE::2024-06-20.18:06:39::SCWBDomain::make -C ps7_cortexa9_0/libsrc/scutimer_v2_2/src -s include  "SHELL=CMD" "COMPILER=arm-none-eabi-gcc" "ASSEMBLER=arm-none-eabi-a
TRACE::2024-06-20.18:06:39::SCWBDomain::s" "ARCHIVER=arm-none-eabi-ar" "COMPILER_FLAGS=  -O2 -c" "EXTRA_COMPILER_FLAGS=-mcpu=cortex-a9 -mfpu=vfpv3 -mfloat-abi=hard -no
TRACE::2024-06-20.18:06:39::SCWBDomain::startfiles -g -Wall -Wextra"

TRACE::2024-06-20.18:06:39::SCWBDomain::make[2]: Entering directory 'C:/Users/gusta/OneDrive/Documents/universidad/4to/1r/SEP/Proyectos/pr2/SEPmonG3/SEPmonG3/zynq_fsbl
TRACE::2024-06-20.18:06:39::SCWBDomain::/zynq_fsbl_bsp/ps7_cortexa9_0/libsrc/scutimer_v2_2/src'

TRACE::2024-06-20.18:06:39::SCWBDomain::make[2]: Leaving directory 'C:/Users/gusta/OneDrive/Documents/universidad/4to/1r/SEP/Proyectos/pr2/SEPmonG3/SEPmonG3/zynq_fsbl/
TRACE::2024-06-20.18:06:39::SCWBDomain::zynq_fsbl_bsp/ps7_cortexa9_0/libsrc/scutimer_v2_2/src'

TRACE::2024-06-20.18:06:39::SCWBDomain::"Running Make include in ps7_cortexa9_0/libsrc/scuwdt_v2_2/src"

TRACE::2024-06-20.18:06:39::SCWBDomain::make -C ps7_cortexa9_0/libsrc/scuwdt_v2_2/src -s include  "SHELL=CMD" "COMPILER=arm-none-eabi-gcc" "ASSEMBLER=arm-none-eabi-as"
TRACE::2024-06-20.18:06:39::SCWBDomain:: "ARCHIVER=arm-none-eabi-ar" "COMPILER_FLAGS=  -O2 -c" "EXTRA_COMPILER_FLAGS=-mcpu=cortex-a9 -mfpu=vfpv3 -mfloat-abi=hard -nost
TRACE::2024-06-20.18:06:39::SCWBDomain::artfiles -g -Wall -Wextra"

TRACE::2024-06-20.18:06:39::SCWBDomain::make[2]: Entering directory 'C:/Users/gusta/OneDrive/Documents/universidad/4to/1r/SEP/Proyectos/pr2/SEPmonG3/SEPmonG3/zynq_fsbl
TRACE::2024-06-20.18:06:39::SCWBDomain::/zynq_fsbl_bsp/ps7_cortexa9_0/libsrc/scuwdt_v2_2/src'

TRACE::2024-06-20.18:06:40::SCWBDomain::make[2]: Leaving directory 'C:/Users/gusta/OneDrive/Documents/universidad/4to/1r/SEP/Proyectos/pr2/SEPmonG3/SEPmonG3/zynq_fsbl/
TRACE::2024-06-20.18:06:40::SCWBDomain::zynq_fsbl_bsp/ps7_cortexa9_0/libsrc/scuwdt_v2_2/src'

TRACE::2024-06-20.18:06:40::SCWBDomain::"Running Make include in ps7_cortexa9_0/libsrc/sdps_v3_9/src"

TRACE::2024-06-20.18:06:40::SCWBDomain::make -C ps7_cortexa9_0/libsrc/sdps_v3_9/src -s include  "SHELL=CMD" "COMPILER=arm-none-eabi-gcc" "ASSEMBLER=arm-none-eabi-as" "
TRACE::2024-06-20.18:06:40::SCWBDomain::ARCHIVER=arm-none-eabi-ar" "COMPILER_FLAGS=  -O2 -c" "EXTRA_COMPILER_FLAGS=-mcpu=cortex-a9 -mfpu=vfpv3 -mfloat-abi=hard -nostar
TRACE::2024-06-20.18:06:40::SCWBDomain::tfiles -g -Wall -Wextra"

TRACE::2024-06-20.18:06:40::SCWBDomain::make[2]: Entering directory 'C:/Users/gusta/OneDrive/Documents/universidad/4to/1r/SEP/Proyectos/pr2/SEPmonG3/SEPmonG3/zynq_fsbl
TRACE::2024-06-20.18:06:40::SCWBDomain::/zynq_fsbl_bsp/ps7_cortexa9_0/libsrc/sdps_v3_9/src'

TRACE::2024-06-20.18:06:40::SCWBDomain::make[2]: Leaving directory 'C:/Users/gusta/OneDrive/Documents/universidad/4to/1r/SEP/Proyectos/pr2/SEPmonG3/SEPmonG3/zynq_fsbl/
TRACE::2024-06-20.18:06:40::SCWBDomain::zynq_fsbl_bsp/ps7_cortexa9_0/libsrc/sdps_v3_9/src'

TRACE::2024-06-20.18:06:40::SCWBDomain::"Running Make include in ps7_cortexa9_0/libsrc/spi_v4_6/src"

TRACE::2024-06-20.18:06:40::SCWBDomain::make -C ps7_cortexa9_0/libsrc/spi_v4_6/src -s include  "SHELL=CMD" "COMPILER=arm-none-eabi-gcc" "ASSEMBLER=arm-none-eabi-as" "A
TRACE::2024-06-20.18:06:40::SCWBDomain::RCHIVER=arm-none-eabi-ar" "COMPILER_FLAGS=  -O2 -c" "EXTRA_COMPILER_FLAGS=-mcpu=cortex-a9 -mfpu=vfpv3 -mfloat-abi=hard -nostart
TRACE::2024-06-20.18:06:40::SCWBDomain::files -g -Wall -Wextra"

TRACE::2024-06-20.18:06:40::SCWBDomain::make[2]: Entering directory 'C:/Users/gusta/OneDrive/Documents/universidad/4to/1r/SEP/Proyectos/pr2/SEPmonG3/SEPmonG3/zynq_fsbl
TRACE::2024-06-20.18:06:40::SCWBDomain::/zynq_fsbl_bsp/ps7_cortexa9_0/libsrc/spi_v4_6/src'

TRACE::2024-06-20.18:06:40::SCWBDomain::make[2]: Leaving directory 'C:/Users/gusta/OneDrive/Documents/universidad/4to/1r/SEP/Proyectos/pr2/SEPmonG3/SEPmonG3/zynq_fsbl/
TRACE::2024-06-20.18:06:40::SCWBDomain::zynq_fsbl_bsp/ps7_cortexa9_0/libsrc/spi_v4_6/src'

TRACE::2024-06-20.18:06:40::SCWBDomain::"Running Make include in ps7_cortexa9_0/libsrc/standalone_v7_2/src"

TRACE::2024-06-20.18:06:40::SCWBDomain::make -C ps7_cortexa9_0/libsrc/standalone_v7_2/src -s include  "SHELL=CMD" "COMPILER=arm-none-eabi-gcc" "ASSEMBLER=arm-none-eabi
TRACE::2024-06-20.18:06:40::SCWBDomain::-as" "ARCHIVER=arm-none-eabi-ar" "COMPILER_FLAGS=  -O2 -c" "EXTRA_COMPILER_FLAGS=-mcpu=cortex-a9 -mfpu=vfpv3 -mfloat-abi=hard -
TRACE::2024-06-20.18:06:40::SCWBDomain::nostartfiles -g -Wall -Wextra"

TRACE::2024-06-20.18:06:40::SCWBDomain::make[2]: Entering directory 'C:/Users/gusta/OneDrive/Documents/universidad/4to/1r/SEP/Proyectos/pr2/SEPmonG3/SEPmonG3/zynq_fsbl
TRACE::2024-06-20.18:06:40::SCWBDomain::/zynq_fsbl_bsp/ps7_cortexa9_0/libsrc/standalone_v7_2/src'

TRACE::2024-06-20.18:06:41::SCWBDomain::make[3]: Entering directory 'C:/Users/gusta/OneDrive/Documents/universidad/4to/1r/SEP/Proyectos/pr2/SEPmonG3/SEPmonG3/zynq_fsbl
TRACE::2024-06-20.18:06:41::SCWBDomain::/zynq_fsbl_bsp/ps7_cortexa9_0/libsrc/standalone_v7_2/src/profile'

TRACE::2024-06-20.18:06:41::SCWBDomain::make[3]: Leaving directory 'C:/Users/gusta/OneDrive/Documents/universidad/4to/1r/SEP/Proyectos/pr2/SEPmonG3/SEPmonG3/zynq_fsbl/
TRACE::2024-06-20.18:06:41::SCWBDomain::zynq_fsbl_bsp/ps7_cortexa9_0/libsrc/standalone_v7_2/src/profile'

TRACE::2024-06-20.18:06:41::SCWBDomain::make[2]: Leaving directory 'C:/Users/gusta/OneDrive/Documents/universidad/4to/1r/SEP/Proyectos/pr2/SEPmonG3/SEPmonG3/zynq_fsbl/
TRACE::2024-06-20.18:06:41::SCWBDomain::zynq_fsbl_bsp/ps7_cortexa9_0/libsrc/standalone_v7_2/src'

TRACE::2024-06-20.18:06:41::SCWBDomain::"Running Make include in ps7_cortexa9_0/libsrc/tmrctr_v4_6/src"

TRACE::2024-06-20.18:06:41::SCWBDomain::make -C ps7_cortexa9_0/libsrc/tmrctr_v4_6/src -s include  "SHELL=CMD" "COMPILER=arm-none-eabi-gcc" "ASSEMBLER=arm-none-eabi-as"
TRACE::2024-06-20.18:06:41::SCWBDomain:: "ARCHIVER=arm-none-eabi-ar" "COMPILER_FLAGS=  -O2 -c" "EXTRA_COMPILER_FLAGS=-mcpu=cortex-a9 -mfpu=vfpv3 -mfloat-abi=hard -nost
TRACE::2024-06-20.18:06:41::SCWBDomain::artfiles -g -Wall -Wextra"

TRACE::2024-06-20.18:06:41::SCWBDomain::make[2]: Entering directory 'C:/Users/gusta/OneDrive/Documents/universidad/4to/1r/SEP/Proyectos/pr2/SEPmonG3/SEPmonG3/zynq_fsbl
TRACE::2024-06-20.18:06:41::SCWBDomain::/zynq_fsbl_bsp/ps7_cortexa9_0/libsrc/tmrctr_v4_6/src'

TRACE::2024-06-20.18:06:41::SCWBDomain::make[2]: Leaving directory 'C:/Users/gusta/OneDrive/Documents/universidad/4to/1r/SEP/Proyectos/pr2/SEPmonG3/SEPmonG3/zynq_fsbl/
TRACE::2024-06-20.18:06:41::SCWBDomain::zynq_fsbl_bsp/ps7_cortexa9_0/libsrc/tmrctr_v4_6/src'

TRACE::2024-06-20.18:06:41::SCWBDomain::"Running Make include in ps7_cortexa9_0/libsrc/uartps_v3_9/src"

TRACE::2024-06-20.18:06:41::SCWBDomain::make -C ps7_cortexa9_0/libsrc/uartps_v3_9/src -s include  "SHELL=CMD" "COMPILER=arm-none-eabi-gcc" "ASSEMBLER=arm-none-eabi-as"
TRACE::2024-06-20.18:06:41::SCWBDomain:: "ARCHIVER=arm-none-eabi-ar" "COMPILER_FLAGS=  -O2 -c" "EXTRA_COMPILER_FLAGS=-mcpu=cortex-a9 -mfpu=vfpv3 -mfloat-abi=hard -nost
TRACE::2024-06-20.18:06:41::SCWBDomain::artfiles -g -Wall -Wextra"

TRACE::2024-06-20.18:06:41::SCWBDomain::make[2]: Entering directory 'C:/Users/gusta/OneDrive/Documents/universidad/4to/1r/SEP/Proyectos/pr2/SEPmonG3/SEPmonG3/zynq_fsbl
TRACE::2024-06-20.18:06:41::SCWBDomain::/zynq_fsbl_bsp/ps7_cortexa9_0/libsrc/uartps_v3_9/src'

TRACE::2024-06-20.18:06:41::SCWBDomain::make[2]: Leaving directory 'C:/Users/gusta/OneDrive/Documents/universidad/4to/1r/SEP/Proyectos/pr2/SEPmonG3/SEPmonG3/zynq_fsbl/
TRACE::2024-06-20.18:06:41::SCWBDomain::zynq_fsbl_bsp/ps7_cortexa9_0/libsrc/uartps_v3_9/src'

TRACE::2024-06-20.18:06:41::SCWBDomain::"Running Make include in ps7_cortexa9_0/libsrc/usbps_v2_5/src"

TRACE::2024-06-20.18:06:41::SCWBDomain::make -C ps7_cortexa9_0/libsrc/usbps_v2_5/src -s include  "SHELL=CMD" "COMPILER=arm-none-eabi-gcc" "ASSEMBLER=arm-none-eabi-as" 
TRACE::2024-06-20.18:06:41::SCWBDomain::"ARCHIVER=arm-none-eabi-ar" "COMPILER_FLAGS=  -O2 -c" "EXTRA_COMPILER_FLAGS=-mcpu=cortex-a9 -mfpu=vfpv3 -mfloat-abi=hard -nosta
TRACE::2024-06-20.18:06:41::SCWBDomain::rtfiles -g -Wall -Wextra"

TRACE::2024-06-20.18:06:41::SCWBDomain::make[2]: Entering directory 'C:/Users/gusta/OneDrive/Documents/universidad/4to/1r/SEP/Proyectos/pr2/SEPmonG3/SEPmonG3/zynq_fsbl
TRACE::2024-06-20.18:06:41::SCWBDomain::/zynq_fsbl_bsp/ps7_cortexa9_0/libsrc/usbps_v2_5/src'

TRACE::2024-06-20.18:06:41::SCWBDomain::make[2]: Leaving directory 'C:/Users/gusta/OneDrive/Documents/universidad/4to/1r/SEP/Proyectos/pr2/SEPmonG3/SEPmonG3/zynq_fsbl/
TRACE::2024-06-20.18:06:41::SCWBDomain::zynq_fsbl_bsp/ps7_cortexa9_0/libsrc/usbps_v2_5/src'

TRACE::2024-06-20.18:06:41::SCWBDomain::"Running Make include in ps7_cortexa9_0/libsrc/xadcps_v2_4/src"

TRACE::2024-06-20.18:06:41::SCWBDomain::make -C ps7_cortexa9_0/libsrc/xadcps_v2_4/src -s include  "SHELL=CMD" "COMPILER=arm-none-eabi-gcc" "ASSEMBLER=arm-none-eabi-as"
TRACE::2024-06-20.18:06:41::SCWBDomain:: "ARCHIVER=arm-none-eabi-ar" "COMPILER_FLAGS=  -O2 -c" "EXTRA_COMPILER_FLAGS=-mcpu=cortex-a9 -mfpu=vfpv3 -mfloat-abi=hard -nost
TRACE::2024-06-20.18:06:41::SCWBDomain::artfiles -g -Wall -Wextra"

TRACE::2024-06-20.18:06:41::SCWBDomain::make[2]: Entering directory 'C:/Users/gusta/OneDrive/Documents/universidad/4to/1r/SEP/Proyectos/pr2/SEPmonG3/SEPmonG3/zynq_fsbl
TRACE::2024-06-20.18:06:41::SCWBDomain::/zynq_fsbl_bsp/ps7_cortexa9_0/libsrc/xadcps_v2_4/src'

TRACE::2024-06-20.18:06:41::SCWBDomain::make[2]: Leaving directory 'C:/Users/gusta/OneDrive/Documents/universidad/4to/1r/SEP/Proyectos/pr2/SEPmonG3/SEPmonG3/zynq_fsbl/
TRACE::2024-06-20.18:06:41::SCWBDomain::zynq_fsbl_bsp/ps7_cortexa9_0/libsrc/xadcps_v2_4/src'

TRACE::2024-06-20.18:06:41::SCWBDomain::"Running Make include in ps7_cortexa9_0/libsrc/xilffs_v4_3/src"

TRACE::2024-06-20.18:06:41::SCWBDomain::make -C ps7_cortexa9_0/libsrc/xilffs_v4_3/src -s include  "SHELL=CMD" "COMPILER=arm-none-eabi-gcc" "ASSEMBLER=arm-none-eabi-as"
TRACE::2024-06-20.18:06:41::SCWBDomain:: "ARCHIVER=arm-none-eabi-ar" "COMPILER_FLAGS=  -O2 -c" "EXTRA_COMPILER_FLAGS=-mcpu=cortex-a9 -mfpu=vfpv3 -mfloat-abi=hard -nost
TRACE::2024-06-20.18:06:41::SCWBDomain::artfiles -g -Wall -Wextra"

TRACE::2024-06-20.18:06:41::SCWBDomain::make[2]: Entering directory 'C:/Users/gusta/OneDrive/Documents/universidad/4to/1r/SEP/Proyectos/pr2/SEPmonG3/SEPmonG3/zynq_fsbl
TRACE::2024-06-20.18:06:41::SCWBDomain::/zynq_fsbl_bsp/ps7_cortexa9_0/libsrc/xilffs_v4_3/src'

TRACE::2024-06-20.18:06:41::SCWBDomain::make[2]: Leaving directory 'C:/Users/gusta/OneDrive/Documents/universidad/4to/1r/SEP/Proyectos/pr2/SEPmonG3/SEPmonG3/zynq_fsbl/
TRACE::2024-06-20.18:06:41::SCWBDomain::zynq_fsbl_bsp/ps7_cortexa9_0/libsrc/xilffs_v4_3/src'

TRACE::2024-06-20.18:06:41::SCWBDomain::"Running Make include in ps7_cortexa9_0/libsrc/xilrsa_v1_6/src"

TRACE::2024-06-20.18:06:41::SCWBDomain::make -C ps7_cortexa9_0/libsrc/xilrsa_v1_6/src -s include  "SHELL=CMD" "COMPILER=arm-none-eabi-gcc" "ASSEMBLER=arm-none-eabi-as"
TRACE::2024-06-20.18:06:41::SCWBDomain:: "ARCHIVER=arm-none-eabi-ar" "COMPILER_FLAGS=  -O2 -c" "EXTRA_COMPILER_FLAGS=-mcpu=cortex-a9 -mfpu=vfpv3 -mfloat-abi=hard -nost
TRACE::2024-06-20.18:06:41::SCWBDomain::artfiles -g -Wall -Wextra"

TRACE::2024-06-20.18:06:41::SCWBDomain::make[2]: Entering directory 'C:/Users/gusta/OneDrive/Documents/universidad/4to/1r/SEP/Proyectos/pr2/SEPmonG3/SEPmonG3/zynq_fsbl
TRACE::2024-06-20.18:06:41::SCWBDomain::/zynq_fsbl_bsp/ps7_cortexa9_0/libsrc/xilrsa_v1_6/src'

TRACE::2024-06-20.18:06:41::SCWBDomain::make[2]: Leaving directory 'C:/Users/gusta/OneDrive/Documents/universidad/4to/1r/SEP/Proyectos/pr2/SEPmonG3/SEPmonG3/zynq_fsbl/
TRACE::2024-06-20.18:06:41::SCWBDomain::zynq_fsbl_bsp/ps7_cortexa9_0/libsrc/xilrsa_v1_6/src'

TRACE::2024-06-20.18:06:41::SCWBDomain::"Running Make libs in ps7_cortexa9_0/libsrc/coresightps_dcc_v1_7/src"

TRACE::2024-06-20.18:06:41::SCWBDomain::make -C ps7_cortexa9_0/libsrc/coresightps_dcc_v1_7/src -s libs  "SHELL=CMD" "COMPILER=arm-none-eabi-gcc" "ASSEMBLER=arm-none-ea
TRACE::2024-06-20.18:06:41::SCWBDomain::bi-as" "ARCHIVER=arm-none-eabi-ar" "COMPILER_FLAGS=  -O2 -c" "EXTRA_COMPILER_FLAGS=-mcpu=cortex-a9 -mfpu=vfpv3 -mfloat-abi=hard
TRACE::2024-06-20.18:06:41::SCWBDomain:: -nostartfiles -g -Wall -Wextra"

TRACE::2024-06-20.18:06:41::SCWBDomain::make[2]: Entering directory 'C:/Users/gusta/OneDrive/Documents/universidad/4to/1r/SEP/Proyectos/pr2/SEPmonG3/SEPmonG3/zynq_fsbl
TRACE::2024-06-20.18:06:41::SCWBDomain::/zynq_fsbl_bsp/ps7_cortexa9_0/libsrc/coresightps_dcc_v1_7/src'

TRACE::2024-06-20.18:06:42::SCWBDomain::"Compiling coresightps_dcc"

TRACE::2024-06-20.18:06:43::SCWBDomain::make[2]: Leaving directory 'C:/Users/gusta/OneDrive/Documents/universidad/4to/1r/SEP/Proyectos/pr2/SEPmonG3/SEPmonG3/zynq_fsbl/
TRACE::2024-06-20.18:06:43::SCWBDomain::zynq_fsbl_bsp/ps7_cortexa9_0/libsrc/coresightps_dcc_v1_7/src'

TRACE::2024-06-20.18:06:43::SCWBDomain::"Running Make libs in ps7_cortexa9_0/libsrc/cpu_cortexa9_v2_9/src"

TRACE::2024-06-20.18:06:43::SCWBDomain::make -C ps7_cortexa9_0/libsrc/cpu_cortexa9_v2_9/src -s libs  "SHELL=CMD" "COMPILER=arm-none-eabi-gcc" "ASSEMBLER=arm-none-eabi-
TRACE::2024-06-20.18:06:43::SCWBDomain::as" "ARCHIVER=arm-none-eabi-ar" "COMPILER_FLAGS=  -O2 -c" "EXTRA_COMPILER_FLAGS=-mcpu=cortex-a9 -mfpu=vfpv3 -mfloat-abi=hard -n
TRACE::2024-06-20.18:06:43::SCWBDomain::ostartfiles -g -Wall -Wextra"

TRACE::2024-06-20.18:06:43::SCWBDomain::make[2]: Entering directory 'C:/Users/gusta/OneDrive/Documents/universidad/4to/1r/SEP/Proyectos/pr2/SEPmonG3/SEPmonG3/zynq_fsbl
TRACE::2024-06-20.18:06:43::SCWBDomain::/zynq_fsbl_bsp/ps7_cortexa9_0/libsrc/cpu_cortexa9_v2_9/src'

TRACE::2024-06-20.18:06:43::SCWBDomain::"Compiling cpu_cortexa9"

TRACE::2024-06-20.18:06:43::SCWBDomain::make[2]: Leaving directory 'C:/Users/gusta/OneDrive/Documents/universidad/4to/1r/SEP/Proyectos/pr2/SEPmonG3/SEPmonG3/zynq_fsbl/
TRACE::2024-06-20.18:06:43::SCWBDomain::zynq_fsbl_bsp/ps7_cortexa9_0/libsrc/cpu_cortexa9_v2_9/src'

TRACE::2024-06-20.18:06:43::SCWBDomain::"Running Make libs in ps7_cortexa9_0/libsrc/ddrps_v1_1/src"

TRACE::2024-06-20.18:06:43::SCWBDomain::make -C ps7_cortexa9_0/libsrc/ddrps_v1_1/src -s libs  "SHELL=CMD" "COMPILER=arm-none-eabi-gcc" "ASSEMBLER=arm-none-eabi-as" "AR
TRACE::2024-06-20.18:06:43::SCWBDomain::CHIVER=arm-none-eabi-ar" "COMPILER_FLAGS=  -O2 -c" "EXTRA_COMPILER_FLAGS=-mcpu=cortex-a9 -mfpu=vfpv3 -mfloat-abi=hard -nostartf
TRACE::2024-06-20.18:06:43::SCWBDomain::iles -g -Wall -Wextra"

TRACE::2024-06-20.18:06:43::SCWBDomain::make[2]: Entering directory 'C:/Users/gusta/OneDrive/Documents/universidad/4to/1r/SEP/Proyectos/pr2/SEPmonG3/SEPmonG3/zynq_fsbl
TRACE::2024-06-20.18:06:43::SCWBDomain::/zynq_fsbl_bsp/ps7_cortexa9_0/libsrc/ddrps_v1_1/src'

TRACE::2024-06-20.18:06:43::SCWBDomain::"Compiling ddrps"

TRACE::2024-06-20.18:06:43::SCWBDomain::make[2]: Leaving directory 'C:/Users/gusta/OneDrive/Documents/universidad/4to/1r/SEP/Proyectos/pr2/SEPmonG3/SEPmonG3/zynq_fsbl/
TRACE::2024-06-20.18:06:43::SCWBDomain::zynq_fsbl_bsp/ps7_cortexa9_0/libsrc/ddrps_v1_1/src'

TRACE::2024-06-20.18:06:43::SCWBDomain::"Running Make libs in ps7_cortexa9_0/libsrc/devcfg_v3_6/src"

TRACE::2024-06-20.18:06:43::SCWBDomain::make -C ps7_cortexa9_0/libsrc/devcfg_v3_6/src -s libs  "SHELL=CMD" "COMPILER=arm-none-eabi-gcc" "ASSEMBLER=arm-none-eabi-as" "A
TRACE::2024-06-20.18:06:43::SCWBDomain::RCHIVER=arm-none-eabi-ar" "COMPILER_FLAGS=  -O2 -c" "EXTRA_COMPILER_FLAGS=-mcpu=cortex-a9 -mfpu=vfpv3 -mfloat-abi=hard -nostart
TRACE::2024-06-20.18:06:43::SCWBDomain::files -g -Wall -Wextra"

TRACE::2024-06-20.18:06:43::SCWBDomain::make[2]: Entering directory 'C:/Users/gusta/OneDrive/Documents/universidad/4to/1r/SEP/Proyectos/pr2/SEPmonG3/SEPmonG3/zynq_fsbl
TRACE::2024-06-20.18:06:43::SCWBDomain::/zynq_fsbl_bsp/ps7_cortexa9_0/libsrc/devcfg_v3_6/src'

TRACE::2024-06-20.18:06:43::SCWBDomain::"Compiling devcfg"

TRACE::2024-06-20.18:06:44::SCWBDomain::make[2]: Leaving directory 'C:/Users/gusta/OneDrive/Documents/universidad/4to/1r/SEP/Proyectos/pr2/SEPmonG3/SEPmonG3/zynq_fsbl/
TRACE::2024-06-20.18:06:44::SCWBDomain::zynq_fsbl_bsp/ps7_cortexa9_0/libsrc/devcfg_v3_6/src'

TRACE::2024-06-20.18:06:44::SCWBDomain::"Running Make libs in ps7_cortexa9_0/libsrc/dmaps_v2_6/src"

TRACE::2024-06-20.18:06:44::SCWBDomain::make -C ps7_cortexa9_0/libsrc/dmaps_v2_6/src -s libs  "SHELL=CMD" "COMPILER=arm-none-eabi-gcc" "ASSEMBLER=arm-none-eabi-as" "AR
TRACE::2024-06-20.18:06:44::SCWBDomain::CHIVER=arm-none-eabi-ar" "COMPILER_FLAGS=  -O2 -c" "EXTRA_COMPILER_FLAGS=-mcpu=cortex-a9 -mfpu=vfpv3 -mfloat-abi=hard -nostartf
TRACE::2024-06-20.18:06:44::SCWBDomain::iles -g -Wall -Wextra"

TRACE::2024-06-20.18:06:44::SCWBDomain::make[2]: Entering directory 'C:/Users/gusta/OneDrive/Documents/universidad/4to/1r/SEP/Proyectos/pr2/SEPmonG3/SEPmonG3/zynq_fsbl
TRACE::2024-06-20.18:06:44::SCWBDomain::/zynq_fsbl_bsp/ps7_cortexa9_0/libsrc/dmaps_v2_6/src'

TRACE::2024-06-20.18:06:44::SCWBDomain::"Compiling dmaps"

TRACE::2024-06-20.18:06:45::SCWBDomain::make[2]: Leaving directory 'C:/Users/gusta/OneDrive/Documents/universidad/4to/1r/SEP/Proyectos/pr2/SEPmonG3/SEPmonG3/zynq_fsbl/
TRACE::2024-06-20.18:06:45::SCWBDomain::zynq_fsbl_bsp/ps7_cortexa9_0/libsrc/dmaps_v2_6/src'

TRACE::2024-06-20.18:06:45::SCWBDomain::"Running Make libs in ps7_cortexa9_0/libsrc/emacps_v3_11/src"

TRACE::2024-06-20.18:06:45::SCWBDomain::make -C ps7_cortexa9_0/libsrc/emacps_v3_11/src -s libs  "SHELL=CMD" "COMPILER=arm-none-eabi-gcc" "ASSEMBLER=arm-none-eabi-as" "
TRACE::2024-06-20.18:06:45::SCWBDomain::ARCHIVER=arm-none-eabi-ar" "COMPILER_FLAGS=  -O2 -c" "EXTRA_COMPILER_FLAGS=-mcpu=cortex-a9 -mfpu=vfpv3 -mfloat-abi=hard -nostar
TRACE::2024-06-20.18:06:45::SCWBDomain::tfiles -g -Wall -Wextra"

TRACE::2024-06-20.18:06:45::SCWBDomain::make[2]: Entering directory 'C:/Users/gusta/OneDrive/Documents/universidad/4to/1r/SEP/Proyectos/pr2/SEPmonG3/SEPmonG3/zynq_fsbl
TRACE::2024-06-20.18:06:45::SCWBDomain::/zynq_fsbl_bsp/ps7_cortexa9_0/libsrc/emacps_v3_11/src'

TRACE::2024-06-20.18:06:45::SCWBDomain::"Compiling emacps"

TRACE::2024-06-20.18:06:46::SCWBDomain::make[2]: Leaving directory 'C:/Users/gusta/OneDrive/Documents/universidad/4to/1r/SEP/Proyectos/pr2/SEPmonG3/SEPmonG3/zynq_fsbl/
TRACE::2024-06-20.18:06:46::SCWBDomain::zynq_fsbl_bsp/ps7_cortexa9_0/libsrc/emacps_v3_11/src'

TRACE::2024-06-20.18:06:46::SCWBDomain::"Running Make libs in ps7_cortexa9_0/libsrc/gpiops_v3_7/src"

TRACE::2024-06-20.18:06:46::SCWBDomain::make -C ps7_cortexa9_0/libsrc/gpiops_v3_7/src -s libs  "SHELL=CMD" "COMPILER=arm-none-eabi-gcc" "ASSEMBLER=arm-none-eabi-as" "A
TRACE::2024-06-20.18:06:46::SCWBDomain::RCHIVER=arm-none-eabi-ar" "COMPILER_FLAGS=  -O2 -c" "EXTRA_COMPILER_FLAGS=-mcpu=cortex-a9 -mfpu=vfpv3 -mfloat-abi=hard -nostart
TRACE::2024-06-20.18:06:46::SCWBDomain::files -g -Wall -Wextra"

TRACE::2024-06-20.18:06:46::SCWBDomain::make[2]: Entering directory 'C:/Users/gusta/OneDrive/Documents/universidad/4to/1r/SEP/Proyectos/pr2/SEPmonG3/SEPmonG3/zynq_fsbl
TRACE::2024-06-20.18:06:46::SCWBDomain::/zynq_fsbl_bsp/ps7_cortexa9_0/libsrc/gpiops_v3_7/src'

TRACE::2024-06-20.18:06:46::SCWBDomain::"Compiling gpiops"

TRACE::2024-06-20.18:06:47::SCWBDomain::make[2]: Leaving directory 'C:/Users/gusta/OneDrive/Documents/universidad/4to/1r/SEP/Proyectos/pr2/SEPmonG3/SEPmonG3/zynq_fsbl/
TRACE::2024-06-20.18:06:47::SCWBDomain::zynq_fsbl_bsp/ps7_cortexa9_0/libsrc/gpiops_v3_7/src'

TRACE::2024-06-20.18:06:47::SCWBDomain::"Running Make libs in ps7_cortexa9_0/libsrc/gpio_v4_6/src"

TRACE::2024-06-20.18:06:47::SCWBDomain::make -C ps7_cortexa9_0/libsrc/gpio_v4_6/src -s libs  "SHELL=CMD" "COMPILER=arm-none-eabi-gcc" "ASSEMBLER=arm-none-eabi-as" "ARC
TRACE::2024-06-20.18:06:47::SCWBDomain::HIVER=arm-none-eabi-ar" "COMPILER_FLAGS=  -O2 -c" "EXTRA_COMPILER_FLAGS=-mcpu=cortex-a9 -mfpu=vfpv3 -mfloat-abi=hard -nostartfi
TRACE::2024-06-20.18:06:47::SCWBDomain::les -g -Wall -Wextra"

TRACE::2024-06-20.18:06:47::SCWBDomain::make[2]: Entering directory 'C:/Users/gusta/OneDrive/Documents/universidad/4to/1r/SEP/Proyectos/pr2/SEPmonG3/SEPmonG3/zynq_fsbl
TRACE::2024-06-20.18:06:47::SCWBDomain::/zynq_fsbl_bsp/ps7_cortexa9_0/libsrc/gpio_v4_6/src'

TRACE::2024-06-20.18:06:47::SCWBDomain::"Compiling gpio"

TRACE::2024-06-20.18:06:48::SCWBDomain::make[2]: Leaving directory 'C:/Users/gusta/OneDrive/Documents/universidad/4to/1r/SEP/Proyectos/pr2/SEPmonG3/SEPmonG3/zynq_fsbl/
TRACE::2024-06-20.18:06:48::SCWBDomain::zynq_fsbl_bsp/ps7_cortexa9_0/libsrc/gpio_v4_6/src'

TRACE::2024-06-20.18:06:48::SCWBDomain::"Running Make libs in ps7_cortexa9_0/libsrc/iic_v3_6/src"

TRACE::2024-06-20.18:06:48::SCWBDomain::make -C ps7_cortexa9_0/libsrc/iic_v3_6/src -s libs  "SHELL=CMD" "COMPILER=arm-none-eabi-gcc" "ASSEMBLER=arm-none-eabi-as" "ARCH
TRACE::2024-06-20.18:06:48::SCWBDomain::IVER=arm-none-eabi-ar" "COMPILER_FLAGS=  -O2 -c" "EXTRA_COMPILER_FLAGS=-mcpu=cortex-a9 -mfpu=vfpv3 -mfloat-abi=hard -nostartfil
TRACE::2024-06-20.18:06:48::SCWBDomain::es -g -Wall -Wextra"

TRACE::2024-06-20.18:06:48::SCWBDomain::make[2]: Entering directory 'C:/Users/gusta/OneDrive/Documents/universidad/4to/1r/SEP/Proyectos/pr2/SEPmonG3/SEPmonG3/zynq_fsbl
TRACE::2024-06-20.18:06:48::SCWBDomain::/zynq_fsbl_bsp/ps7_cortexa9_0/libsrc/iic_v3_6/src'

TRACE::2024-06-20.18:06:48::SCWBDomain::"Compiling iic"

TRACE::2024-06-20.18:06:50::SCWBDomain::make[2]: Leaving directory 'C:/Users/gusta/OneDrive/Documents/universidad/4to/1r/SEP/Proyectos/pr2/SEPmonG3/SEPmonG3/zynq_fsbl/
TRACE::2024-06-20.18:06:50::SCWBDomain::zynq_fsbl_bsp/ps7_cortexa9_0/libsrc/iic_v3_6/src'

TRACE::2024-06-20.18:06:50::SCWBDomain::"Running Make libs in ps7_cortexa9_0/libsrc/qspips_v3_7/src"

TRACE::2024-06-20.18:06:50::SCWBDomain::make -C ps7_cortexa9_0/libsrc/qspips_v3_7/src -s libs  "SHELL=CMD" "COMPILER=arm-none-eabi-gcc" "ASSEMBLER=arm-none-eabi-as" "A
TRACE::2024-06-20.18:06:50::SCWBDomain::RCHIVER=arm-none-eabi-ar" "COMPILER_FLAGS=  -O2 -c" "EXTRA_COMPILER_FLAGS=-mcpu=cortex-a9 -mfpu=vfpv3 -mfloat-abi=hard -nostart
TRACE::2024-06-20.18:06:50::SCWBDomain::files -g -Wall -Wextra"

TRACE::2024-06-20.18:06:50::SCWBDomain::make[2]: Entering directory 'C:/Users/gusta/OneDrive/Documents/universidad/4to/1r/SEP/Proyectos/pr2/SEPmonG3/SEPmonG3/zynq_fsbl
TRACE::2024-06-20.18:06:50::SCWBDomain::/zynq_fsbl_bsp/ps7_cortexa9_0/libsrc/qspips_v3_7/src'

TRACE::2024-06-20.18:06:50::SCWBDomain::"Compiling qspips"

TRACE::2024-06-20.18:06:51::SCWBDomain::make[2]: Leaving directory 'C:/Users/gusta/OneDrive/Documents/universidad/4to/1r/SEP/Proyectos/pr2/SEPmonG3/SEPmonG3/zynq_fsbl/
TRACE::2024-06-20.18:06:51::SCWBDomain::zynq_fsbl_bsp/ps7_cortexa9_0/libsrc/qspips_v3_7/src'

TRACE::2024-06-20.18:06:51::SCWBDomain::"Running Make libs in ps7_cortexa9_0/libsrc/scugic_v4_2/src"

TRACE::2024-06-20.18:06:51::SCWBDomain::make -C ps7_cortexa9_0/libsrc/scugic_v4_2/src -s libs  "SHELL=CMD" "COMPILER=arm-none-eabi-gcc" "ASSEMBLER=arm-none-eabi-as" "A
TRACE::2024-06-20.18:06:51::SCWBDomain::RCHIVER=arm-none-eabi-ar" "COMPILER_FLAGS=  -O2 -c" "EXTRA_COMPILER_FLAGS=-mcpu=cortex-a9 -mfpu=vfpv3 -mfloat-abi=hard -nostart
TRACE::2024-06-20.18:06:51::SCWBDomain::files -g -Wall -Wextra"

TRACE::2024-06-20.18:06:51::SCWBDomain::make[2]: Entering directory 'C:/Users/gusta/OneDrive/Documents/universidad/4to/1r/SEP/Proyectos/pr2/SEPmonG3/SEPmonG3/zynq_fsbl
TRACE::2024-06-20.18:06:51::SCWBDomain::/zynq_fsbl_bsp/ps7_cortexa9_0/libsrc/scugic_v4_2/src'

TRACE::2024-06-20.18:06:51::SCWBDomain::"Compiling scugic"

TRACE::2024-06-20.18:06:52::SCWBDomain::make[2]: Leaving directory 'C:/Users/gusta/OneDrive/Documents/universidad/4to/1r/SEP/Proyectos/pr2/SEPmonG3/SEPmonG3/zynq_fsbl/
TRACE::2024-06-20.18:06:52::SCWBDomain::zynq_fsbl_bsp/ps7_cortexa9_0/libsrc/scugic_v4_2/src'

TRACE::2024-06-20.18:06:52::SCWBDomain::"Running Make libs in ps7_cortexa9_0/libsrc/scutimer_v2_2/src"

TRACE::2024-06-20.18:06:52::SCWBDomain::make -C ps7_cortexa9_0/libsrc/scutimer_v2_2/src -s libs  "SHELL=CMD" "COMPILER=arm-none-eabi-gcc" "ASSEMBLER=arm-none-eabi-as" 
TRACE::2024-06-20.18:06:52::SCWBDomain::"ARCHIVER=arm-none-eabi-ar" "COMPILER_FLAGS=  -O2 -c" "EXTRA_COMPILER_FLAGS=-mcpu=cortex-a9 -mfpu=vfpv3 -mfloat-abi=hard -nosta
TRACE::2024-06-20.18:06:52::SCWBDomain::rtfiles -g -Wall -Wextra"

TRACE::2024-06-20.18:06:52::SCWBDomain::make[2]: Entering directory 'C:/Users/gusta/OneDrive/Documents/universidad/4to/1r/SEP/Proyectos/pr2/SEPmonG3/SEPmonG3/zynq_fsbl
TRACE::2024-06-20.18:06:52::SCWBDomain::/zynq_fsbl_bsp/ps7_cortexa9_0/libsrc/scutimer_v2_2/src'

TRACE::2024-06-20.18:06:52::SCWBDomain::"Compiling scutimer"

TRACE::2024-06-20.18:06:52::SCWBDomain::make[2]: Leaving directory 'C:/Users/gusta/OneDrive/Documents/universidad/4to/1r/SEP/Proyectos/pr2/SEPmonG3/SEPmonG3/zynq_fsbl/
TRACE::2024-06-20.18:06:52::SCWBDomain::zynq_fsbl_bsp/ps7_cortexa9_0/libsrc/scutimer_v2_2/src'

TRACE::2024-06-20.18:06:52::SCWBDomain::"Running Make libs in ps7_cortexa9_0/libsrc/scuwdt_v2_2/src"

TRACE::2024-06-20.18:06:52::SCWBDomain::make -C ps7_cortexa9_0/libsrc/scuwdt_v2_2/src -s libs  "SHELL=CMD" "COMPILER=arm-none-eabi-gcc" "ASSEMBLER=arm-none-eabi-as" "A
TRACE::2024-06-20.18:06:52::SCWBDomain::RCHIVER=arm-none-eabi-ar" "COMPILER_FLAGS=  -O2 -c" "EXTRA_COMPILER_FLAGS=-mcpu=cortex-a9 -mfpu=vfpv3 -mfloat-abi=hard -nostart
TRACE::2024-06-20.18:06:52::SCWBDomain::files -g -Wall -Wextra"

TRACE::2024-06-20.18:06:52::SCWBDomain::make[2]: Entering directory 'C:/Users/gusta/OneDrive/Documents/universidad/4to/1r/SEP/Proyectos/pr2/SEPmonG3/SEPmonG3/zynq_fsbl
TRACE::2024-06-20.18:06:52::SCWBDomain::/zynq_fsbl_bsp/ps7_cortexa9_0/libsrc/scuwdt_v2_2/src'

TRACE::2024-06-20.18:06:52::SCWBDomain::"Compiling scuwdt"

TRACE::2024-06-20.18:06:53::SCWBDomain::make[2]: Leaving directory 'C:/Users/gusta/OneDrive/Documents/universidad/4to/1r/SEP/Proyectos/pr2/SEPmonG3/SEPmonG3/zynq_fsbl/
TRACE::2024-06-20.18:06:53::SCWBDomain::zynq_fsbl_bsp/ps7_cortexa9_0/libsrc/scuwdt_v2_2/src'

TRACE::2024-06-20.18:06:53::SCWBDomain::"Running Make libs in ps7_cortexa9_0/libsrc/sdps_v3_9/src"

TRACE::2024-06-20.18:06:53::SCWBDomain::make -C ps7_cortexa9_0/libsrc/sdps_v3_9/src -s libs  "SHELL=CMD" "COMPILER=arm-none-eabi-gcc" "ASSEMBLER=arm-none-eabi-as" "ARC
TRACE::2024-06-20.18:06:53::SCWBDomain::HIVER=arm-none-eabi-ar" "COMPILER_FLAGS=  -O2 -c" "EXTRA_COMPILER_FLAGS=-mcpu=cortex-a9 -mfpu=vfpv3 -mfloat-abi=hard -nostartfi
TRACE::2024-06-20.18:06:53::SCWBDomain::les -g -Wall -Wextra"

TRACE::2024-06-20.18:06:53::SCWBDomain::make[2]: Entering directory 'C:/Users/gusta/OneDrive/Documents/universidad/4to/1r/SEP/Proyectos/pr2/SEPmonG3/SEPmonG3/zynq_fsbl
TRACE::2024-06-20.18:06:53::SCWBDomain::/zynq_fsbl_bsp/ps7_cortexa9_0/libsrc/sdps_v3_9/src'

TRACE::2024-06-20.18:06:53::SCWBDomain::"Compiling sdps"

TRACE::2024-06-20.18:06:54::SCWBDomain::make[2]: Leaving directory 'C:/Users/gusta/OneDrive/Documents/universidad/4to/1r/SEP/Proyectos/pr2/SEPmonG3/SEPmonG3/zynq_fsbl/
TRACE::2024-06-20.18:06:54::SCWBDomain::zynq_fsbl_bsp/ps7_cortexa9_0/libsrc/sdps_v3_9/src'

TRACE::2024-06-20.18:06:54::SCWBDomain::"Running Make libs in ps7_cortexa9_0/libsrc/spi_v4_6/src"

TRACE::2024-06-20.18:06:54::SCWBDomain::make -C ps7_cortexa9_0/libsrc/spi_v4_6/src -s libs  "SHELL=CMD" "COMPILER=arm-none-eabi-gcc" "ASSEMBLER=arm-none-eabi-as" "ARCH
TRACE::2024-06-20.18:06:54::SCWBDomain::IVER=arm-none-eabi-ar" "COMPILER_FLAGS=  -O2 -c" "EXTRA_COMPILER_FLAGS=-mcpu=cortex-a9 -mfpu=vfpv3 -mfloat-abi=hard -nostartfil
TRACE::2024-06-20.18:06:54::SCWBDomain::es -g -Wall -Wextra"

TRACE::2024-06-20.18:06:54::SCWBDomain::make[2]: Entering directory 'C:/Users/gusta/OneDrive/Documents/universidad/4to/1r/SEP/Proyectos/pr2/SEPmonG3/SEPmonG3/zynq_fsbl
TRACE::2024-06-20.18:06:54::SCWBDomain::/zynq_fsbl_bsp/ps7_cortexa9_0/libsrc/spi_v4_6/src'

TRACE::2024-06-20.18:06:54::SCWBDomain::"Compiling spi"

TRACE::2024-06-20.18:06:55::SCWBDomain::make[2]: Leaving directory 'C:/Users/gusta/OneDrive/Documents/universidad/4to/1r/SEP/Proyectos/pr2/SEPmonG3/SEPmonG3/zynq_fsbl/
TRACE::2024-06-20.18:06:55::SCWBDomain::zynq_fsbl_bsp/ps7_cortexa9_0/libsrc/spi_v4_6/src'

TRACE::2024-06-20.18:06:55::SCWBDomain::"Running Make libs in ps7_cortexa9_0/libsrc/standalone_v7_2/src"

TRACE::2024-06-20.18:06:55::SCWBDomain::make -C ps7_cortexa9_0/libsrc/standalone_v7_2/src -s libs  "SHELL=CMD" "COMPILER=arm-none-eabi-gcc" "ASSEMBLER=arm-none-eabi-as
TRACE::2024-06-20.18:06:55::SCWBDomain::" "ARCHIVER=arm-none-eabi-ar" "COMPILER_FLAGS=  -O2 -c" "EXTRA_COMPILER_FLAGS=-mcpu=cortex-a9 -mfpu=vfpv3 -mfloat-abi=hard -nos
TRACE::2024-06-20.18:06:55::SCWBDomain::tartfiles -g -Wall -Wextra"

TRACE::2024-06-20.18:06:55::SCWBDomain::make[2]: Entering directory 'C:/Users/gusta/OneDrive/Documents/universidad/4to/1r/SEP/Proyectos/pr2/SEPmonG3/SEPmonG3/zynq_fsbl
TRACE::2024-06-20.18:06:55::SCWBDomain::/zynq_fsbl_bsp/ps7_cortexa9_0/libsrc/standalone_v7_2/src'

TRACE::2024-06-20.18:06:55::SCWBDomain::"Compiling standalone"

TRACE::2024-06-20.18:06:59::SCWBDomain::make[3]: Entering directory 'C:/Users/gusta/OneDrive/Documents/universidad/4to/1r/SEP/Proyectos/pr2/SEPmonG3/SEPmonG3/zynq_fsbl
TRACE::2024-06-20.18:06:59::SCWBDomain::/zynq_fsbl_bsp/ps7_cortexa9_0/libsrc/standalone_v7_2/src/profile'

TRACE::2024-06-20.18:06:59::SCWBDomain::make[3]: Leaving directory 'C:/Users/gusta/OneDrive/Documents/universidad/4to/1r/SEP/Proyectos/pr2/SEPmonG3/SEPmonG3/zynq_fsbl/
TRACE::2024-06-20.18:06:59::SCWBDomain::zynq_fsbl_bsp/ps7_cortexa9_0/libsrc/standalone_v7_2/src/profile'

TRACE::2024-06-20.18:06:59::SCWBDomain::make[2]: Leaving directory 'C:/Users/gusta/OneDrive/Documents/universidad/4to/1r/SEP/Proyectos/pr2/SEPmonG3/SEPmonG3/zynq_fsbl/
TRACE::2024-06-20.18:06:59::SCWBDomain::zynq_fsbl_bsp/ps7_cortexa9_0/libsrc/standalone_v7_2/src'

TRACE::2024-06-20.18:06:59::SCWBDomain::"Running Make libs in ps7_cortexa9_0/libsrc/tmrctr_v4_6/src"

TRACE::2024-06-20.18:06:59::SCWBDomain::make -C ps7_cortexa9_0/libsrc/tmrctr_v4_6/src -s libs  "SHELL=CMD" "COMPILER=arm-none-eabi-gcc" "ASSEMBLER=arm-none-eabi-as" "A
TRACE::2024-06-20.18:06:59::SCWBDomain::RCHIVER=arm-none-eabi-ar" "COMPILER_FLAGS=  -O2 -c" "EXTRA_COMPILER_FLAGS=-mcpu=cortex-a9 -mfpu=vfpv3 -mfloat-abi=hard -nostart
TRACE::2024-06-20.18:06:59::SCWBDomain::files -g -Wall -Wextra"

TRACE::2024-06-20.18:06:59::SCWBDomain::make[2]: Entering directory 'C:/Users/gusta/OneDrive/Documents/universidad/4to/1r/SEP/Proyectos/pr2/SEPmonG3/SEPmonG3/zynq_fsbl
TRACE::2024-06-20.18:06:59::SCWBDomain::/zynq_fsbl_bsp/ps7_cortexa9_0/libsrc/tmrctr_v4_6/src'

TRACE::2024-06-20.18:06:59::SCWBDomain::"Compiling tmrctr"

TRACE::2024-06-20.18:07:00::SCWBDomain::make[2]: Leaving directory 'C:/Users/gusta/OneDrive/Documents/universidad/4to/1r/SEP/Proyectos/pr2/SEPmonG3/SEPmonG3/zynq_fsbl/
TRACE::2024-06-20.18:07:00::SCWBDomain::zynq_fsbl_bsp/ps7_cortexa9_0/libsrc/tmrctr_v4_6/src'

TRACE::2024-06-20.18:07:00::SCWBDomain::"Running Make libs in ps7_cortexa9_0/libsrc/uartps_v3_9/src"

TRACE::2024-06-20.18:07:00::SCWBDomain::make -C ps7_cortexa9_0/libsrc/uartps_v3_9/src -s libs  "SHELL=CMD" "COMPILER=arm-none-eabi-gcc" "ASSEMBLER=arm-none-eabi-as" "A
TRACE::2024-06-20.18:07:00::SCWBDomain::RCHIVER=arm-none-eabi-ar" "COMPILER_FLAGS=  -O2 -c" "EXTRA_COMPILER_FLAGS=-mcpu=cortex-a9 -mfpu=vfpv3 -mfloat-abi=hard -nostart
TRACE::2024-06-20.18:07:00::SCWBDomain::files -g -Wall -Wextra"

TRACE::2024-06-20.18:07:00::SCWBDomain::make[2]: Entering directory 'C:/Users/gusta/OneDrive/Documents/universidad/4to/1r/SEP/Proyectos/pr2/SEPmonG3/SEPmonG3/zynq_fsbl
TRACE::2024-06-20.18:07:00::SCWBDomain::/zynq_fsbl_bsp/ps7_cortexa9_0/libsrc/uartps_v3_9/src'

TRACE::2024-06-20.18:07:00::SCWBDomain::"Compiling uartps"

TRACE::2024-06-20.18:07:01::SCWBDomain::make[2]: Leaving directory 'C:/Users/gusta/OneDrive/Documents/universidad/4to/1r/SEP/Proyectos/pr2/SEPmonG3/SEPmonG3/zynq_fsbl/
TRACE::2024-06-20.18:07:01::SCWBDomain::zynq_fsbl_bsp/ps7_cortexa9_0/libsrc/uartps_v3_9/src'

TRACE::2024-06-20.18:07:01::SCWBDomain::"Running Make libs in ps7_cortexa9_0/libsrc/usbps_v2_5/src"

TRACE::2024-06-20.18:07:01::SCWBDomain::make -C ps7_cortexa9_0/libsrc/usbps_v2_5/src -s libs  "SHELL=CMD" "COMPILER=arm-none-eabi-gcc" "ASSEMBLER=arm-none-eabi-as" "AR
TRACE::2024-06-20.18:07:01::SCWBDomain::CHIVER=arm-none-eabi-ar" "COMPILER_FLAGS=  -O2 -c" "EXTRA_COMPILER_FLAGS=-mcpu=cortex-a9 -mfpu=vfpv3 -mfloat-abi=hard -nostartf
TRACE::2024-06-20.18:07:01::SCWBDomain::iles -g -Wall -Wextra"

TRACE::2024-06-20.18:07:01::SCWBDomain::make[2]: Entering directory 'C:/Users/gusta/OneDrive/Documents/universidad/4to/1r/SEP/Proyectos/pr2/SEPmonG3/SEPmonG3/zynq_fsbl
TRACE::2024-06-20.18:07:01::SCWBDomain::/zynq_fsbl_bsp/ps7_cortexa9_0/libsrc/usbps_v2_5/src'

TRACE::2024-06-20.18:07:01::SCWBDomain::"Compiling usbps"

TRACE::2024-06-20.18:07:02::SCWBDomain::make[2]: Leaving directory 'C:/Users/gusta/OneDrive/Documents/universidad/4to/1r/SEP/Proyectos/pr2/SEPmonG3/SEPmonG3/zynq_fsbl/
TRACE::2024-06-20.18:07:02::SCWBDomain::zynq_fsbl_bsp/ps7_cortexa9_0/libsrc/usbps_v2_5/src'

TRACE::2024-06-20.18:07:02::SCWBDomain::"Running Make libs in ps7_cortexa9_0/libsrc/xadcps_v2_4/src"

TRACE::2024-06-20.18:07:02::SCWBDomain::make -C ps7_cortexa9_0/libsrc/xadcps_v2_4/src -s libs  "SHELL=CMD" "COMPILER=arm-none-eabi-gcc" "ASSEMBLER=arm-none-eabi-as" "A
TRACE::2024-06-20.18:07:02::SCWBDomain::RCHIVER=arm-none-eabi-ar" "COMPILER_FLAGS=  -O2 -c" "EXTRA_COMPILER_FLAGS=-mcpu=cortex-a9 -mfpu=vfpv3 -mfloat-abi=hard -nostart
TRACE::2024-06-20.18:07:02::SCWBDomain::files -g -Wall -Wextra"

TRACE::2024-06-20.18:07:02::SCWBDomain::make[2]: Entering directory 'C:/Users/gusta/OneDrive/Documents/universidad/4to/1r/SEP/Proyectos/pr2/SEPmonG3/SEPmonG3/zynq_fsbl
TRACE::2024-06-20.18:07:02::SCWBDomain::/zynq_fsbl_bsp/ps7_cortexa9_0/libsrc/xadcps_v2_4/src'

TRACE::2024-06-20.18:07:02::SCWBDomain::"Compiling xadcps"

TRACE::2024-06-20.18:07:03::SCWBDomain::make[2]: Leaving directory 'C:/Users/gusta/OneDrive/Documents/universidad/4to/1r/SEP/Proyectos/pr2/SEPmonG3/SEPmonG3/zynq_fsbl/
TRACE::2024-06-20.18:07:03::SCWBDomain::zynq_fsbl_bsp/ps7_cortexa9_0/libsrc/xadcps_v2_4/src'

TRACE::2024-06-20.18:07:03::SCWBDomain::"Running Make libs in ps7_cortexa9_0/libsrc/xilffs_v4_3/src"

TRACE::2024-06-20.18:07:03::SCWBDomain::make -C ps7_cortexa9_0/libsrc/xilffs_v4_3/src -s libs  "SHELL=CMD" "COMPILER=arm-none-eabi-gcc" "ASSEMBLER=arm-none-eabi-as" "A
TRACE::2024-06-20.18:07:03::SCWBDomain::RCHIVER=arm-none-eabi-ar" "COMPILER_FLAGS=  -O2 -c" "EXTRA_COMPILER_FLAGS=-mcpu=cortex-a9 -mfpu=vfpv3 -mfloat-abi=hard -nostart
TRACE::2024-06-20.18:07:03::SCWBDomain::files -g -Wall -Wextra"

TRACE::2024-06-20.18:07:03::SCWBDomain::make[2]: Entering directory 'C:/Users/gusta/OneDrive/Documents/universidad/4to/1r/SEP/Proyectos/pr2/SEPmonG3/SEPmonG3/zynq_fsbl
TRACE::2024-06-20.18:07:03::SCWBDomain::/zynq_fsbl_bsp/ps7_cortexa9_0/libsrc/xilffs_v4_3/src'

TRACE::2024-06-20.18:07:03::SCWBDomain::"Compiling XilFFs Library"

TRACE::2024-06-20.18:07:04::SCWBDomain::make[2]: Leaving directory 'C:/Users/gusta/OneDrive/Documents/universidad/4to/1r/SEP/Proyectos/pr2/SEPmonG3/SEPmonG3/zynq_fsbl/
TRACE::2024-06-20.18:07:04::SCWBDomain::zynq_fsbl_bsp/ps7_cortexa9_0/libsrc/xilffs_v4_3/src'

TRACE::2024-06-20.18:07:04::SCWBDomain::"Running Make libs in ps7_cortexa9_0/libsrc/xilrsa_v1_6/src"

TRACE::2024-06-20.18:07:04::SCWBDomain::make -C ps7_cortexa9_0/libsrc/xilrsa_v1_6/src -s libs  "SHELL=CMD" "COMPILER=arm-none-eabi-gcc" "ASSEMBLER=arm-none-eabi-as" "A
TRACE::2024-06-20.18:07:04::SCWBDomain::RCHIVER=arm-none-eabi-ar" "COMPILER_FLAGS=  -O2 -c" "EXTRA_COMPILER_FLAGS=-mcpu=cortex-a9 -mfpu=vfpv3 -mfloat-abi=hard -nostart
TRACE::2024-06-20.18:07:04::SCWBDomain::files -g -Wall -Wextra"

TRACE::2024-06-20.18:07:04::SCWBDomain::make[2]: Entering directory 'C:/Users/gusta/OneDrive/Documents/universidad/4to/1r/SEP/Proyectos/pr2/SEPmonG3/SEPmonG3/zynq_fsbl
TRACE::2024-06-20.18:07:04::SCWBDomain::/zynq_fsbl_bsp/ps7_cortexa9_0/libsrc/xilrsa_v1_6/src'

TRACE::2024-06-20.18:07:04::SCWBDomain::make[2]: Leaving directory 'C:/Users/gusta/OneDrive/Documents/universidad/4to/1r/SEP/Proyectos/pr2/SEPmonG3/SEPmonG3/zynq_fsbl/
TRACE::2024-06-20.18:07:04::SCWBDomain::zynq_fsbl_bsp/ps7_cortexa9_0/libsrc/xilrsa_v1_6/src'

TRACE::2024-06-20.18:07:04::SCWBDomain::'Finished building libraries'

TRACE::2024-06-20.18:07:04::SCWBDomain::make[1]: Leaving directory 'C:/Users/gusta/OneDrive/Documents/universidad/4to/1r/SEP/Proyectos/pr2/SEPmonG3/SEPmonG3/zynq_fsbl/
TRACE::2024-06-20.18:07:04::SCWBDomain::zynq_fsbl_bsp'

TRACE::2024-06-20.18:07:04::SCWBDomain::arm-none-eabi-gcc -MMD -MP       -mcpu=cortex-a9 -mfpu=vfpv3 -mfloat-abi=hard   -O2 -c -c sd.c -o sd.o -Izynq_fsbl_bsp/ps7_cort
TRACE::2024-06-20.18:07:04::SCWBDomain::exa9_0/include -I.

TRACE::2024-06-20.18:07:04::SCWBDomain::arm-none-eabi-gcc -MMD -MP       -mcpu=cortex-a9 -mfpu=vfpv3 -mfloat-abi=hard   -O2 -c -c nand.c -o nand.o -Izynq_fsbl_bsp/ps7_
TRACE::2024-06-20.18:07:04::SCWBDomain::cortexa9_0/include -I.

TRACE::2024-06-20.18:07:04::SCWBDomain::arm-none-eabi-gcc -MMD -MP       -mcpu=cortex-a9 -mfpu=vfpv3 -mfloat-abi=hard   -O2 -c -c nor.c -o nor.o -Izynq_fsbl_bsp/ps7_co
TRACE::2024-06-20.18:07:04::SCWBDomain::rtexa9_0/include -I.

TRACE::2024-06-20.18:07:04::SCWBDomain::arm-none-eabi-gcc -MMD -MP       -mcpu=cortex-a9 -mfpu=vfpv3 -mfloat-abi=hard   -O2 -c -c image_mover.c -o image_mover.o -Izynq
TRACE::2024-06-20.18:07:04::SCWBDomain::_fsbl_bsp/ps7_cortexa9_0/include -I.

TRACE::2024-06-20.18:07:05::SCWBDomain::arm-none-eabi-gcc -MMD -MP       -mcpu=cortex-a9 -mfpu=vfpv3 -mfloat-abi=hard   -O2 -c -c md5.c -o md5.o -Izynq_fsbl_bsp/ps7_co
TRACE::2024-06-20.18:07:05::SCWBDomain::rtexa9_0/include -I.

TRACE::2024-06-20.18:07:05::SCWBDomain::arm-none-eabi-gcc -MMD -MP       -mcpu=cortex-a9 -mfpu=vfpv3 -mfloat-abi=hard   -O2 -c -c fsbl_hooks.c -o fsbl_hooks.o -Izynq_f
TRACE::2024-06-20.18:07:05::SCWBDomain::sbl_bsp/ps7_cortexa9_0/include -I.

TRACE::2024-06-20.18:07:05::SCWBDomain::arm-none-eabi-gcc -MMD -MP       -mcpu=cortex-a9 -mfpu=vfpv3 -mfloat-abi=hard   -O2 -c -c main.c -o main.o -Izynq_fsbl_bsp/ps7_
TRACE::2024-06-20.18:07:05::SCWBDomain::cortexa9_0/include -I.

TRACE::2024-06-20.18:07:05::SCWBDomain::arm-none-eabi-gcc -MMD -MP       -mcpu=cortex-a9 -mfpu=vfpv3 -mfloat-abi=hard   -O2 -c -c rsa.c -o rsa.o -Izynq_fsbl_bsp/ps7_co
TRACE::2024-06-20.18:07:05::SCWBDomain::rtexa9_0/include -I.

TRACE::2024-06-20.18:07:05::SCWBDomain::arm-none-eabi-gcc -MMD -MP       -mcpu=cortex-a9 -mfpu=vfpv3 -mfloat-abi=hard   -O2 -c -c qspi.c -o qspi.o -Izynq_fsbl_bsp/ps7_
TRACE::2024-06-20.18:07:05::SCWBDomain::cortexa9_0/include -I.

TRACE::2024-06-20.18:07:05::SCWBDomain::arm-none-eabi-gcc -MMD -MP       -mcpu=cortex-a9 -mfpu=vfpv3 -mfloat-abi=hard   -O2 -c -c ps7_init.c -o ps7_init.o -Izynq_fsbl_
TRACE::2024-06-20.18:07:05::SCWBDomain::bsp/ps7_cortexa9_0/include -I.

TRACE::2024-06-20.18:07:05::SCWBDomain::arm-none-eabi-gcc -MMD -MP       -mcpu=cortex-a9 -mfpu=vfpv3 -mfloat-abi=hard   -O2 -c -c pcap.c -o pcap.o -Izynq_fsbl_bsp/ps7_
TRACE::2024-06-20.18:07:05::SCWBDomain::cortexa9_0/include -I.

TRACE::2024-06-20.18:07:05::SCWBDomain::arm-none-eabi-gcc -MMD -MP       -mcpu=cortex-a9 -mfpu=vfpv3 -mfloat-abi=hard   -O2 -c -c fsbl_handoff.S -o fsbl_handoff.o -Izy
TRACE::2024-06-20.18:07:05::SCWBDomain::nq_fsbl_bsp/ps7_cortexa9_0/include -I.

TRACE::2024-06-20.18:07:05::SCWBDomain::arm-none-eabi-gcc -o executable.elf  sd.o  nand.o  nor.o  image_mover.o  md5.o  fsbl_hooks.o  main.o  rsa.o  qspi.o  ps7_init.o
TRACE::2024-06-20.18:07:05::SCWBDomain::  pcap.o  fsbl_handoff.o -MMD -MP       -mcpu=cortex-a9 -mfpu=vfpv3 -mfloat-abi=hard   -mcpu=cortex-a9 -mfpu=vfpv3 -mfloat-abi=
TRACE::2024-06-20.18:07:05::SCWBDomain::hard -Wl,-build-id=none -specs=Xilinx.spec  -lrsa -Wl,--start-group,-lxil,-lgcc,-lc,--end-group -Wl,--start-group,-lxilffs,-lxi
TRACE::2024-06-20.18:07:05::SCWBDomain::l,-lgcc,-lc,--end-group -Wl,--start-group,-lrsa,-lxil,-lgcc,-lc,--end-group                                           -Wl,--gc-
TRACE::2024-06-20.18:07:05::SCWBDomain::sections -Lzynq_fsbl_bsp/ps7_cortexa9_0/lib -L./ -Tlscript.ld

LOG::2024-06-20.18:07:06::SCWSystem::Checking the domain standalone_domain
LOG::2024-06-20.18:07:06::SCWSystem::Not a boot domain 
LOG::2024-06-20.18:07:06::SCWSystem::Started Processing the domain standalone_domain
TRACE::2024-06-20.18:07:06::SCWDomain::Generating domain artifcats
TRACE::2024-06-20.18:07:06::SCWMssOS::Generating standalone artifcats
TRACE::2024-06-20.18:07:06::SCWMssOS::Copying the qemu file from  C:/Xilinx/Vitis/2020.1/data/emulation/platforms/zynq/qemu/qemu_args.txt To C:/Users/gusta/OneDrive/Documents/universidad/4to/1r/SEP/Proyectos/pr2/SEPmonG3/SEPmonG3/export/SEPmonG3/sw/SEPmonG3/qemu/
TRACE::2024-06-20.18:07:06::SCWMssOS::Copying the qemu file from  C:/Xilinx/Vitis/2020.1/data/emulation/platforms/zynq/qemu/qemu_args.txt To C:/Users/gusta/OneDrive/Documents/universidad/4to/1r/SEP/Proyectos/pr2/SEPmonG3/SEPmonG3/export/SEPmonG3/sw/SEPmonG3/standalone_domain/qemu/
TRACE::2024-06-20.18:07:06::SCWMssOS:: Copying the user libraries. 
TRACE::2024-06-20.18:07:06::SCWPlatform::Trying to open the hw design at C:/Users/gusta/OneDrive/Documents/universidad/4to/1r/SEP/Proyectos/pr2/SEPmonG3/SEPmonG3/hw/SEPmon.xsa
TRACE::2024-06-20.18:07:06::SCWPlatform::DSA given C:/Users/gusta/OneDrive/Documents/universidad/4to/1r/SEP/Proyectos/pr2/SEPmonG3/SEPmonG3/hw/SEPmon.xsa
TRACE::2024-06-20.18:07:06::SCWPlatform::DSA absoulate path C:/Users/gusta/OneDrive/Documents/universidad/4to/1r/SEP/Proyectos/pr2/SEPmonG3/SEPmonG3/hw/SEPmon.xsa
TRACE::2024-06-20.18:07:06::SCWPlatform::DSA directory C:/Users/gusta/OneDrive/Documents/universidad/4to/1r/SEP/Proyectos/pr2/SEPmonG3/SEPmonG3/hw
TRACE::2024-06-20.18:07:06::SCWPlatform:: Platform Path C:/Users/gusta/OneDrive/Documents/universidad/4to/1r/SEP/Proyectos/pr2/SEPmonG3/SEPmonG3/hw/SEPmon.xsa
TRACE::2024-06-20.18:07:06::SCWPlatform:: Unique name xilinx:zybo-z7-10::0.0
TRACE::2024-06-20.18:07:06::SCWPlatform::Trying to set the existing hwdb with name DEMO_wrapper_1
TRACE::2024-06-20.18:07:06::SCWPlatform::Opened existing hwdb DEMO_wrapper_1
TRACE::2024-06-20.18:07:06::SCWPlatform::Found the Hw Db part of the input DSA
TRACE::2024-06-20.18:07:06::SCWMssOS::Checking the sw design at  C:/Users/gusta/OneDrive/Documents/universidad/4to/1r/SEP/Proyectos/pr2/SEPmonG3/SEPmonG3/ps7_cortexa9_0/standalone_domain/bsp/system.mss
TRACE::2024-06-20.18:07:06::SCWMssOS::DEBUG:  swdes dump  C:/Users/gusta/OneDrive/Documents/universidad/4to/1r/SEP/Proyectos/pr2/SEPmonG3/SEPmonG3/ps7_cortexa9_0/standalone_domain/bsp/system.mss|system_0||
C:/Users/gusta/OneDrive/Documents/universidad/4to/1r/SEP/Proyectos/pr2/SEPmonG3/SEPmonG3/zynq_fsbl/zynq_fsbl_bsp/system.mss|system||

TRACE::2024-06-20.18:07:06::SCWMssOS::Sw design exists and opened at  C:/Users/gusta/OneDrive/Documents/universidad/4to/1r/SEP/Proyectos/pr2/SEPmonG3/SEPmonG3/ps7_cortexa9_0/standalone_domain/bsp/system.mss
TRACE::2024-06-20.18:07:06::SCWMssOS::Completed writing the mss file at C:/Users/gusta/OneDrive/Documents/universidad/4to/1r/SEP/Proyectos/pr2/SEPmonG3/SEPmonG3/ps7_cortexa9_0/standalone_domain/bsp
TRACE::2024-06-20.18:07:06::SCWMssOS::Mss edits present, copying mssfile into export location C:/Users/gusta/OneDrive/Documents/universidad/4to/1r/SEP/Proyectos/pr2/SEPmonG3/SEPmonG3/ps7_cortexa9_0/standalone_domain/bsp/system.mss
TRACE::2024-06-20.18:07:06::SCWMssOS::bsp generated is upto date with the mss file. Skipping bsp generation.
TRACE::2024-06-20.18:07:06::SCWMssOS::BSP is already built. skipping the bsp build ... 
TRACE::2024-06-20.18:07:06::SCWDomain::Building the domain as part of full build :  standalone_domain
TRACE::2024-06-20.18:07:06::SCWMssOS::doing bsp build ... 
TRACE::2024-06-20.18:07:06::SCWMssOS::System Command Ran  C: & cd  C:/Users/gusta/OneDrive/Documents/universidad/4to/1r/SEP/Proyectos/pr2/SEPmonG3/SEPmonG3/ps7_cortexa9_0/standalone_domain/bsp & make 
TRACE::2024-06-20.18:07:06::SCWMssOS::"Running Make include in ps7_cortexa9_0/libsrc/coresightps_dcc_v1_7/src"

TRACE::2024-06-20.18:07:06::SCWMssOS::make -C ps7_cortexa9_0/libsrc/coresightps_dcc_v1_7/src -s include  "SHELL=CMD" "COMPILER=arm-none-eabi-gcc" "ASSEMBLER=arm-none
TRACE::2024-06-20.18:07:06::SCWMssOS::-eabi-as" "ARCHIVER=arm-none-eabi-ar" "COMPILER_FLAGS=  -O2 -c" "EXTRA_COMPILER_FLAGS=-mcpu=cortex-a9 -mfpu=vfpv3 -mfloat-abi=h
TRACE::2024-06-20.18:07:06::SCWMssOS::ard -nostartfiles -g -Wall -Wextra"

TRACE::2024-06-20.18:07:06::SCWMssOS::"Running Make include in ps7_cortexa9_0/libsrc/cpu_cortexa9_v2_9/src"

TRACE::2024-06-20.18:07:06::SCWMssOS::make -C ps7_cortexa9_0/libsrc/cpu_cortexa9_v2_9/src -s include  "SHELL=CMD" "COMPILER=arm-none-eabi-gcc" "ASSEMBLER=arm-none-ea
TRACE::2024-06-20.18:07:06::SCWMssOS::bi-as" "ARCHIVER=arm-none-eabi-ar" "COMPILER_FLAGS=  -O2 -c" "EXTRA_COMPILER_FLAGS=-mcpu=cortex-a9 -mfpu=vfpv3 -mfloat-abi=hard
TRACE::2024-06-20.18:07:06::SCWMssOS:: -nostartfiles -g -Wall -Wextra"

TRACE::2024-06-20.18:07:06::SCWMssOS::"Running Make include in ps7_cortexa9_0/libsrc/ddrps_v1_1/src"

TRACE::2024-06-20.18:07:06::SCWMssOS::make -C ps7_cortexa9_0/libsrc/ddrps_v1_1/src -s include  "SHELL=CMD" "COMPILER=arm-none-eabi-gcc" "ASSEMBLER=arm-none-eabi-as" 
TRACE::2024-06-20.18:07:06::SCWMssOS::"ARCHIVER=arm-none-eabi-ar" "COMPILER_FLAGS=  -O2 -c" "EXTRA_COMPILER_FLAGS=-mcpu=cortex-a9 -mfpu=vfpv3 -mfloat-abi=hard -nosta
TRACE::2024-06-20.18:07:06::SCWMssOS::rtfiles -g -Wall -Wextra"

TRACE::2024-06-20.18:07:06::SCWMssOS::"Running Make include in ps7_cortexa9_0/libsrc/devcfg_v3_6/src"

TRACE::2024-06-20.18:07:06::SCWMssOS::make -C ps7_cortexa9_0/libsrc/devcfg_v3_6/src -s include  "SHELL=CMD" "COMPILER=arm-none-eabi-gcc" "ASSEMBLER=arm-none-eabi-as"
TRACE::2024-06-20.18:07:06::SCWMssOS:: "ARCHIVER=arm-none-eabi-ar" "COMPILER_FLAGS=  -O2 -c" "EXTRA_COMPILER_FLAGS=-mcpu=cortex-a9 -mfpu=vfpv3 -mfloat-abi=hard -nost
TRACE::2024-06-20.18:07:06::SCWMssOS::artfiles -g -Wall -Wextra"

TRACE::2024-06-20.18:07:06::SCWMssOS::"Running Make include in ps7_cortexa9_0/libsrc/dmaps_v2_6/src"

TRACE::2024-06-20.18:07:06::SCWMssOS::make -C ps7_cortexa9_0/libsrc/dmaps_v2_6/src -s include  "SHELL=CMD" "COMPILER=arm-none-eabi-gcc" "ASSEMBLER=arm-none-eabi-as" 
TRACE::2024-06-20.18:07:06::SCWMssOS::"ARCHIVER=arm-none-eabi-ar" "COMPILER_FLAGS=  -O2 -c" "EXTRA_COMPILER_FLAGS=-mcpu=cortex-a9 -mfpu=vfpv3 -mfloat-abi=hard -nosta
TRACE::2024-06-20.18:07:06::SCWMssOS::rtfiles -g -Wall -Wextra"

TRACE::2024-06-20.18:07:06::SCWMssOS::"Running Make include in ps7_cortexa9_0/libsrc/emacps_v3_11/src"

TRACE::2024-06-20.18:07:06::SCWMssOS::make -C ps7_cortexa9_0/libsrc/emacps_v3_11/src -s include  "SHELL=CMD" "COMPILER=arm-none-eabi-gcc" "ASSEMBLER=arm-none-eabi-as
TRACE::2024-06-20.18:07:06::SCWMssOS::" "ARCHIVER=arm-none-eabi-ar" "COMPILER_FLAGS=  -O2 -c" "EXTRA_COMPILER_FLAGS=-mcpu=cortex-a9 -mfpu=vfpv3 -mfloat-abi=hard -nos
TRACE::2024-06-20.18:07:06::SCWMssOS::tartfiles -g -Wall -Wextra"

TRACE::2024-06-20.18:07:07::SCWMssOS::"Running Make include in ps7_cortexa9_0/libsrc/gpiops_v3_7/src"

TRACE::2024-06-20.18:07:07::SCWMssOS::make -C ps7_cortexa9_0/libsrc/gpiops_v3_7/src -s include  "SHELL=CMD" "COMPILER=arm-none-eabi-gcc" "ASSEMBLER=arm-none-eabi-as"
TRACE::2024-06-20.18:07:07::SCWMssOS:: "ARCHIVER=arm-none-eabi-ar" "COMPILER_FLAGS=  -O2 -c" "EXTRA_COMPILER_FLAGS=-mcpu=cortex-a9 -mfpu=vfpv3 -mfloat-abi=hard -nost
TRACE::2024-06-20.18:07:07::SCWMssOS::artfiles -g -Wall -Wextra"

TRACE::2024-06-20.18:07:07::SCWMssOS::"Running Make include in ps7_cortexa9_0/libsrc/gpio_v4_6/src"

TRACE::2024-06-20.18:07:07::SCWMssOS::make -C ps7_cortexa9_0/libsrc/gpio_v4_6/src -s include  "SHELL=CMD" "COMPILER=arm-none-eabi-gcc" "ASSEMBLER=arm-none-eabi-as" "
TRACE::2024-06-20.18:07:07::SCWMssOS::ARCHIVER=arm-none-eabi-ar" "COMPILER_FLAGS=  -O2 -c" "EXTRA_COMPILER_FLAGS=-mcpu=cortex-a9 -mfpu=vfpv3 -mfloat-abi=hard -nostar
TRACE::2024-06-20.18:07:07::SCWMssOS::tfiles -g -Wall -Wextra"

TRACE::2024-06-20.18:07:07::SCWMssOS::"Running Make include in ps7_cortexa9_0/libsrc/iic_v3_6/src"

TRACE::2024-06-20.18:07:07::SCWMssOS::make -C ps7_cortexa9_0/libsrc/iic_v3_6/src -s include  "SHELL=CMD" "COMPILER=arm-none-eabi-gcc" "ASSEMBLER=arm-none-eabi-as" "A
TRACE::2024-06-20.18:07:07::SCWMssOS::RCHIVER=arm-none-eabi-ar" "COMPILER_FLAGS=  -O2 -c" "EXTRA_COMPILER_FLAGS=-mcpu=cortex-a9 -mfpu=vfpv3 -mfloat-abi=hard -nostart
TRACE::2024-06-20.18:07:07::SCWMssOS::files -g -Wall -Wextra"

TRACE::2024-06-20.18:07:07::SCWMssOS::"Running Make include in ps7_cortexa9_0/libsrc/qspips_v3_7/src"

TRACE::2024-06-20.18:07:07::SCWMssOS::make -C ps7_cortexa9_0/libsrc/qspips_v3_7/src -s include  "SHELL=CMD" "COMPILER=arm-none-eabi-gcc" "ASSEMBLER=arm-none-eabi-as"
TRACE::2024-06-20.18:07:07::SCWMssOS:: "ARCHIVER=arm-none-eabi-ar" "COMPILER_FLAGS=  -O2 -c" "EXTRA_COMPILER_FLAGS=-mcpu=cortex-a9 -mfpu=vfpv3 -mfloat-abi=hard -nost
TRACE::2024-06-20.18:07:07::SCWMssOS::artfiles -g -Wall -Wextra"

TRACE::2024-06-20.18:07:07::SCWMssOS::"Running Make include in ps7_cortexa9_0/libsrc/scugic_v4_2/src"

TRACE::2024-06-20.18:07:07::SCWMssOS::make -C ps7_cortexa9_0/libsrc/scugic_v4_2/src -s include  "SHELL=CMD" "COMPILER=arm-none-eabi-gcc" "ASSEMBLER=arm-none-eabi-as"
TRACE::2024-06-20.18:07:07::SCWMssOS:: "ARCHIVER=arm-none-eabi-ar" "COMPILER_FLAGS=  -O2 -c" "EXTRA_COMPILER_FLAGS=-mcpu=cortex-a9 -mfpu=vfpv3 -mfloat-abi=hard -nost
TRACE::2024-06-20.18:07:07::SCWMssOS::artfiles -g -Wall -Wextra"

TRACE::2024-06-20.18:07:07::SCWMssOS::"Running Make include in ps7_cortexa9_0/libsrc/scutimer_v2_2/src"

TRACE::2024-06-20.18:07:07::SCWMssOS::make -C ps7_cortexa9_0/libsrc/scutimer_v2_2/src -s include  "SHELL=CMD" "COMPILER=arm-none-eabi-gcc" "ASSEMBLER=arm-none-eabi-a
TRACE::2024-06-20.18:07:07::SCWMssOS::s" "ARCHIVER=arm-none-eabi-ar" "COMPILER_FLAGS=  -O2 -c" "EXTRA_COMPILER_FLAGS=-mcpu=cortex-a9 -mfpu=vfpv3 -mfloat-abi=hard -no
TRACE::2024-06-20.18:07:07::SCWMssOS::startfiles -g -Wall -Wextra"

TRACE::2024-06-20.18:07:07::SCWMssOS::"Running Make include in ps7_cortexa9_0/libsrc/scuwdt_v2_2/src"

TRACE::2024-06-20.18:07:07::SCWMssOS::make -C ps7_cortexa9_0/libsrc/scuwdt_v2_2/src -s include  "SHELL=CMD" "COMPILER=arm-none-eabi-gcc" "ASSEMBLER=arm-none-eabi-as"
TRACE::2024-06-20.18:07:07::SCWMssOS:: "ARCHIVER=arm-none-eabi-ar" "COMPILER_FLAGS=  -O2 -c" "EXTRA_COMPILER_FLAGS=-mcpu=cortex-a9 -mfpu=vfpv3 -mfloat-abi=hard -nost
TRACE::2024-06-20.18:07:07::SCWMssOS::artfiles -g -Wall -Wextra"

TRACE::2024-06-20.18:07:07::SCWMssOS::"Running Make include in ps7_cortexa9_0/libsrc/sdps_v3_9/src"

TRACE::2024-06-20.18:07:07::SCWMssOS::make -C ps7_cortexa9_0/libsrc/sdps_v3_9/src -s include  "SHELL=CMD" "COMPILER=arm-none-eabi-gcc" "ASSEMBLER=arm-none-eabi-as" "
TRACE::2024-06-20.18:07:07::SCWMssOS::ARCHIVER=arm-none-eabi-ar" "COMPILER_FLAGS=  -O2 -c" "EXTRA_COMPILER_FLAGS=-mcpu=cortex-a9 -mfpu=vfpv3 -mfloat-abi=hard -nostar
TRACE::2024-06-20.18:07:07::SCWMssOS::tfiles -g -Wall -Wextra"

TRACE::2024-06-20.18:07:07::SCWMssOS::"Running Make include in ps7_cortexa9_0/libsrc/spi_v4_6/src"

TRACE::2024-06-20.18:07:07::SCWMssOS::make -C ps7_cortexa9_0/libsrc/spi_v4_6/src -s include  "SHELL=CMD" "COMPILER=arm-none-eabi-gcc" "ASSEMBLER=arm-none-eabi-as" "A
TRACE::2024-06-20.18:07:07::SCWMssOS::RCHIVER=arm-none-eabi-ar" "COMPILER_FLAGS=  -O2 -c" "EXTRA_COMPILER_FLAGS=-mcpu=cortex-a9 -mfpu=vfpv3 -mfloat-abi=hard -nostart
TRACE::2024-06-20.18:07:07::SCWMssOS::files -g -Wall -Wextra"

TRACE::2024-06-20.18:07:08::SCWMssOS::"Running Make include in ps7_cortexa9_0/libsrc/standalone_v7_2/src"

TRACE::2024-06-20.18:07:08::SCWMssOS::make -C ps7_cortexa9_0/libsrc/standalone_v7_2/src -s include  "SHELL=CMD" "COMPILER=arm-none-eabi-gcc" "ASSEMBLER=arm-none-eabi
TRACE::2024-06-20.18:07:08::SCWMssOS::-as" "ARCHIVER=arm-none-eabi-ar" "COMPILER_FLAGS=  -O2 -c" "EXTRA_COMPILER_FLAGS=-mcpu=cortex-a9 -mfpu=vfpv3 -mfloat-abi=hard -
TRACE::2024-06-20.18:07:08::SCWMssOS::nostartfiles -g -Wall -Wextra"

TRACE::2024-06-20.18:07:08::SCWMssOS::"Running Make include in ps7_cortexa9_0/libsrc/tmrctr_v4_6/src"

TRACE::2024-06-20.18:07:08::SCWMssOS::make -C ps7_cortexa9_0/libsrc/tmrctr_v4_6/src -s include  "SHELL=CMD" "COMPILER=arm-none-eabi-gcc" "ASSEMBLER=arm-none-eabi-as"
TRACE::2024-06-20.18:07:08::SCWMssOS:: "ARCHIVER=arm-none-eabi-ar" "COMPILER_FLAGS=  -O2 -c" "EXTRA_COMPILER_FLAGS=-mcpu=cortex-a9 -mfpu=vfpv3 -mfloat-abi=hard -nost
TRACE::2024-06-20.18:07:08::SCWMssOS::artfiles -g -Wall -Wextra"

TRACE::2024-06-20.18:07:08::SCWMssOS::"Running Make include in ps7_cortexa9_0/libsrc/uartps_v3_9/src"

TRACE::2024-06-20.18:07:08::SCWMssOS::make -C ps7_cortexa9_0/libsrc/uartps_v3_9/src -s include  "SHELL=CMD" "COMPILER=arm-none-eabi-gcc" "ASSEMBLER=arm-none-eabi-as"
TRACE::2024-06-20.18:07:08::SCWMssOS:: "ARCHIVER=arm-none-eabi-ar" "COMPILER_FLAGS=  -O2 -c" "EXTRA_COMPILER_FLAGS=-mcpu=cortex-a9 -mfpu=vfpv3 -mfloat-abi=hard -nost
TRACE::2024-06-20.18:07:08::SCWMssOS::artfiles -g -Wall -Wextra"

TRACE::2024-06-20.18:07:08::SCWMssOS::"Running Make include in ps7_cortexa9_0/libsrc/usbps_v2_5/src"

TRACE::2024-06-20.18:07:08::SCWMssOS::make -C ps7_cortexa9_0/libsrc/usbps_v2_5/src -s include  "SHELL=CMD" "COMPILER=arm-none-eabi-gcc" "ASSEMBLER=arm-none-eabi-as" 
TRACE::2024-06-20.18:07:08::SCWMssOS::"ARCHIVER=arm-none-eabi-ar" "COMPILER_FLAGS=  -O2 -c" "EXTRA_COMPILER_FLAGS=-mcpu=cortex-a9 -mfpu=vfpv3 -mfloat-abi=hard -nosta
TRACE::2024-06-20.18:07:08::SCWMssOS::rtfiles -g -Wall -Wextra"

TRACE::2024-06-20.18:07:08::SCWMssOS::"Running Make include in ps7_cortexa9_0/libsrc/xadcps_v2_4/src"

TRACE::2024-06-20.18:07:08::SCWMssOS::make -C ps7_cortexa9_0/libsrc/xadcps_v2_4/src -s include  "SHELL=CMD" "COMPILER=arm-none-eabi-gcc" "ASSEMBLER=arm-none-eabi-as"
TRACE::2024-06-20.18:07:08::SCWMssOS:: "ARCHIVER=arm-none-eabi-ar" "COMPILER_FLAGS=  -O2 -c" "EXTRA_COMPILER_FLAGS=-mcpu=cortex-a9 -mfpu=vfpv3 -mfloat-abi=hard -nost
TRACE::2024-06-20.18:07:08::SCWMssOS::artfiles -g -Wall -Wextra"

TRACE::2024-06-20.18:07:08::SCWMssOS::"Running Make libs in ps7_cortexa9_0/libsrc/coresightps_dcc_v1_7/src"

TRACE::2024-06-20.18:07:08::SCWMssOS::make -C ps7_cortexa9_0/libsrc/coresightps_dcc_v1_7/src -s libs  "SHELL=CMD" "COMPILER=arm-none-eabi-gcc" "ASSEMBLER=arm-none-ea
TRACE::2024-06-20.18:07:08::SCWMssOS::bi-as" "ARCHIVER=arm-none-eabi-ar" "COMPILER_FLAGS=  -O2 -c" "EXTRA_COMPILER_FLAGS=-mcpu=cortex-a9 -mfpu=vfpv3 -mfloat-abi=hard
TRACE::2024-06-20.18:07:08::SCWMssOS:: -nostartfiles -g -Wall -Wextra"

TRACE::2024-06-20.18:07:09::SCWMssOS::"Compiling coresightps_dcc"

TRACE::2024-06-20.18:07:09::SCWMssOS::"Running Make libs in ps7_cortexa9_0/libsrc/cpu_cortexa9_v2_9/src"

TRACE::2024-06-20.18:07:09::SCWMssOS::make -C ps7_cortexa9_0/libsrc/cpu_cortexa9_v2_9/src -s libs  "SHELL=CMD" "COMPILER=arm-none-eabi-gcc" "ASSEMBLER=arm-none-eabi-
TRACE::2024-06-20.18:07:09::SCWMssOS::as" "ARCHIVER=arm-none-eabi-ar" "COMPILER_FLAGS=  -O2 -c" "EXTRA_COMPILER_FLAGS=-mcpu=cortex-a9 -mfpu=vfpv3 -mfloat-abi=hard -n
TRACE::2024-06-20.18:07:09::SCWMssOS::ostartfiles -g -Wall -Wextra"

TRACE::2024-06-20.18:07:09::SCWMssOS::"Compiling cpu_cortexa9"

TRACE::2024-06-20.18:07:09::SCWMssOS::"Running Make libs in ps7_cortexa9_0/libsrc/ddrps_v1_1/src"

TRACE::2024-06-20.18:07:09::SCWMssOS::make -C ps7_cortexa9_0/libsrc/ddrps_v1_1/src -s libs  "SHELL=CMD" "COMPILER=arm-none-eabi-gcc" "ASSEMBLER=arm-none-eabi-as" "AR
TRACE::2024-06-20.18:07:09::SCWMssOS::CHIVER=arm-none-eabi-ar" "COMPILER_FLAGS=  -O2 -c" "EXTRA_COMPILER_FLAGS=-mcpu=cortex-a9 -mfpu=vfpv3 -mfloat-abi=hard -nostartf
TRACE::2024-06-20.18:07:09::SCWMssOS::iles -g -Wall -Wextra"

TRACE::2024-06-20.18:07:09::SCWMssOS::"Compiling ddrps"

TRACE::2024-06-20.18:07:09::SCWMssOS::"Running Make libs in ps7_cortexa9_0/libsrc/devcfg_v3_6/src"

TRACE::2024-06-20.18:07:09::SCWMssOS::make -C ps7_cortexa9_0/libsrc/devcfg_v3_6/src -s libs  "SHELL=CMD" "COMPILER=arm-none-eabi-gcc" "ASSEMBLER=arm-none-eabi-as" "A
TRACE::2024-06-20.18:07:09::SCWMssOS::RCHIVER=arm-none-eabi-ar" "COMPILER_FLAGS=  -O2 -c" "EXTRA_COMPILER_FLAGS=-mcpu=cortex-a9 -mfpu=vfpv3 -mfloat-abi=hard -nostart
TRACE::2024-06-20.18:07:09::SCWMssOS::files -g -Wall -Wextra"

TRACE::2024-06-20.18:07:09::SCWMssOS::"Compiling devcfg"

TRACE::2024-06-20.18:07:10::SCWMssOS::"Running Make libs in ps7_cortexa9_0/libsrc/dmaps_v2_6/src"

TRACE::2024-06-20.18:07:10::SCWMssOS::make -C ps7_cortexa9_0/libsrc/dmaps_v2_6/src -s libs  "SHELL=CMD" "COMPILER=arm-none-eabi-gcc" "ASSEMBLER=arm-none-eabi-as" "AR
TRACE::2024-06-20.18:07:10::SCWMssOS::CHIVER=arm-none-eabi-ar" "COMPILER_FLAGS=  -O2 -c" "EXTRA_COMPILER_FLAGS=-mcpu=cortex-a9 -mfpu=vfpv3 -mfloat-abi=hard -nostartf
TRACE::2024-06-20.18:07:10::SCWMssOS::iles -g -Wall -Wextra"

TRACE::2024-06-20.18:07:10::SCWMssOS::"Compiling dmaps"

TRACE::2024-06-20.18:07:10::SCWMssOS::"Running Make libs in ps7_cortexa9_0/libsrc/emacps_v3_11/src"

TRACE::2024-06-20.18:07:10::SCWMssOS::make -C ps7_cortexa9_0/libsrc/emacps_v3_11/src -s libs  "SHELL=CMD" "COMPILER=arm-none-eabi-gcc" "ASSEMBLER=arm-none-eabi-as" "
TRACE::2024-06-20.18:07:10::SCWMssOS::ARCHIVER=arm-none-eabi-ar" "COMPILER_FLAGS=  -O2 -c" "EXTRA_COMPILER_FLAGS=-mcpu=cortex-a9 -mfpu=vfpv3 -mfloat-abi=hard -nostar
TRACE::2024-06-20.18:07:10::SCWMssOS::tfiles -g -Wall -Wextra"

TRACE::2024-06-20.18:07:11::SCWMssOS::"Compiling emacps"

TRACE::2024-06-20.18:07:12::SCWMssOS::"Running Make libs in ps7_cortexa9_0/libsrc/gpiops_v3_7/src"

TRACE::2024-06-20.18:07:12::SCWMssOS::make -C ps7_cortexa9_0/libsrc/gpiops_v3_7/src -s libs  "SHELL=CMD" "COMPILER=arm-none-eabi-gcc" "ASSEMBLER=arm-none-eabi-as" "A
TRACE::2024-06-20.18:07:12::SCWMssOS::RCHIVER=arm-none-eabi-ar" "COMPILER_FLAGS=  -O2 -c" "EXTRA_COMPILER_FLAGS=-mcpu=cortex-a9 -mfpu=vfpv3 -mfloat-abi=hard -nostart
TRACE::2024-06-20.18:07:12::SCWMssOS::files -g -Wall -Wextra"

TRACE::2024-06-20.18:07:12::SCWMssOS::"Compiling gpiops"

TRACE::2024-06-20.18:07:12::SCWMssOS::"Running Make libs in ps7_cortexa9_0/libsrc/gpio_v4_6/src"

TRACE::2024-06-20.18:07:12::SCWMssOS::make -C ps7_cortexa9_0/libsrc/gpio_v4_6/src -s libs  "SHELL=CMD" "COMPILER=arm-none-eabi-gcc" "ASSEMBLER=arm-none-eabi-as" "ARC
TRACE::2024-06-20.18:07:12::SCWMssOS::HIVER=arm-none-eabi-ar" "COMPILER_FLAGS=  -O2 -c" "EXTRA_COMPILER_FLAGS=-mcpu=cortex-a9 -mfpu=vfpv3 -mfloat-abi=hard -nostartfi
TRACE::2024-06-20.18:07:12::SCWMssOS::les -g -Wall -Wextra"

TRACE::2024-06-20.18:07:12::SCWMssOS::"Compiling gpio"

TRACE::2024-06-20.18:07:13::SCWMssOS::"Running Make libs in ps7_cortexa9_0/libsrc/iic_v3_6/src"

TRACE::2024-06-20.18:07:13::SCWMssOS::make -C ps7_cortexa9_0/libsrc/iic_v3_6/src -s libs  "SHELL=CMD" "COMPILER=arm-none-eabi-gcc" "ASSEMBLER=arm-none-eabi-as" "ARCH
TRACE::2024-06-20.18:07:13::SCWMssOS::IVER=arm-none-eabi-ar" "COMPILER_FLAGS=  -O2 -c" "EXTRA_COMPILER_FLAGS=-mcpu=cortex-a9 -mfpu=vfpv3 -mfloat-abi=hard -nostartfil
TRACE::2024-06-20.18:07:13::SCWMssOS::es -g -Wall -Wextra"

TRACE::2024-06-20.18:07:13::SCWMssOS::"Compiling iic"

TRACE::2024-06-20.18:07:15::SCWMssOS::"Running Make libs in ps7_cortexa9_0/libsrc/qspips_v3_7/src"

TRACE::2024-06-20.18:07:15::SCWMssOS::make -C ps7_cortexa9_0/libsrc/qspips_v3_7/src -s libs  "SHELL=CMD" "COMPILER=arm-none-eabi-gcc" "ASSEMBLER=arm-none-eabi-as" "A
TRACE::2024-06-20.18:07:15::SCWMssOS::RCHIVER=arm-none-eabi-ar" "COMPILER_FLAGS=  -O2 -c" "EXTRA_COMPILER_FLAGS=-mcpu=cortex-a9 -mfpu=vfpv3 -mfloat-abi=hard -nostart
TRACE::2024-06-20.18:07:15::SCWMssOS::files -g -Wall -Wextra"

TRACE::2024-06-20.18:07:15::SCWMssOS::"Compiling qspips"

TRACE::2024-06-20.18:07:16::SCWMssOS::"Running Make libs in ps7_cortexa9_0/libsrc/scugic_v4_2/src"

TRACE::2024-06-20.18:07:16::SCWMssOS::make -C ps7_cortexa9_0/libsrc/scugic_v4_2/src -s libs  "SHELL=CMD" "COMPILER=arm-none-eabi-gcc" "ASSEMBLER=arm-none-eabi-as" "A
TRACE::2024-06-20.18:07:16::SCWMssOS::RCHIVER=arm-none-eabi-ar" "COMPILER_FLAGS=  -O2 -c" "EXTRA_COMPILER_FLAGS=-mcpu=cortex-a9 -mfpu=vfpv3 -mfloat-abi=hard -nostart
TRACE::2024-06-20.18:07:16::SCWMssOS::files -g -Wall -Wextra"

TRACE::2024-06-20.18:07:16::SCWMssOS::"Compiling scugic"

TRACE::2024-06-20.18:07:16::SCWMssOS::"Running Make libs in ps7_cortexa9_0/libsrc/scutimer_v2_2/src"

TRACE::2024-06-20.18:07:16::SCWMssOS::make -C ps7_cortexa9_0/libsrc/scutimer_v2_2/src -s libs  "SHELL=CMD" "COMPILER=arm-none-eabi-gcc" "ASSEMBLER=arm-none-eabi-as" 
TRACE::2024-06-20.18:07:16::SCWMssOS::"ARCHIVER=arm-none-eabi-ar" "COMPILER_FLAGS=  -O2 -c" "EXTRA_COMPILER_FLAGS=-mcpu=cortex-a9 -mfpu=vfpv3 -mfloat-abi=hard -nosta
TRACE::2024-06-20.18:07:16::SCWMssOS::rtfiles -g -Wall -Wextra"

TRACE::2024-06-20.18:07:16::SCWMssOS::"Compiling scutimer"

TRACE::2024-06-20.18:07:17::SCWMssOS::"Running Make libs in ps7_cortexa9_0/libsrc/scuwdt_v2_2/src"

TRACE::2024-06-20.18:07:17::SCWMssOS::make -C ps7_cortexa9_0/libsrc/scuwdt_v2_2/src -s libs  "SHELL=CMD" "COMPILER=arm-none-eabi-gcc" "ASSEMBLER=arm-none-eabi-as" "A
TRACE::2024-06-20.18:07:17::SCWMssOS::RCHIVER=arm-none-eabi-ar" "COMPILER_FLAGS=  -O2 -c" "EXTRA_COMPILER_FLAGS=-mcpu=cortex-a9 -mfpu=vfpv3 -mfloat-abi=hard -nostart
TRACE::2024-06-20.18:07:17::SCWMssOS::files -g -Wall -Wextra"

TRACE::2024-06-20.18:07:17::SCWMssOS::"Compiling scuwdt"

TRACE::2024-06-20.18:07:17::SCWMssOS::"Running Make libs in ps7_cortexa9_0/libsrc/sdps_v3_9/src"

TRACE::2024-06-20.18:07:17::SCWMssOS::make -C ps7_cortexa9_0/libsrc/sdps_v3_9/src -s libs  "SHELL=CMD" "COMPILER=arm-none-eabi-gcc" "ASSEMBLER=arm-none-eabi-as" "ARC
TRACE::2024-06-20.18:07:17::SCWMssOS::HIVER=arm-none-eabi-ar" "COMPILER_FLAGS=  -O2 -c" "EXTRA_COMPILER_FLAGS=-mcpu=cortex-a9 -mfpu=vfpv3 -mfloat-abi=hard -nostartfi
TRACE::2024-06-20.18:07:17::SCWMssOS::les -g -Wall -Wextra"

TRACE::2024-06-20.18:07:18::SCWMssOS::"Compiling sdps"

TRACE::2024-06-20.18:07:19::SCWMssOS::"Running Make libs in ps7_cortexa9_0/libsrc/spi_v4_6/src"

TRACE::2024-06-20.18:07:19::SCWMssOS::make -C ps7_cortexa9_0/libsrc/spi_v4_6/src -s libs  "SHELL=CMD" "COMPILER=arm-none-eabi-gcc" "ASSEMBLER=arm-none-eabi-as" "ARCH
TRACE::2024-06-20.18:07:19::SCWMssOS::IVER=arm-none-eabi-ar" "COMPILER_FLAGS=  -O2 -c" "EXTRA_COMPILER_FLAGS=-mcpu=cortex-a9 -mfpu=vfpv3 -mfloat-abi=hard -nostartfil
TRACE::2024-06-20.18:07:19::SCWMssOS::es -g -Wall -Wextra"

TRACE::2024-06-20.18:07:19::SCWMssOS::"Compiling spi"

TRACE::2024-06-20.18:07:19::SCWMssOS::"Running Make libs in ps7_cortexa9_0/libsrc/standalone_v7_2/src"

TRACE::2024-06-20.18:07:19::SCWMssOS::make -C ps7_cortexa9_0/libsrc/standalone_v7_2/src -s libs  "SHELL=CMD" "COMPILER=arm-none-eabi-gcc" "ASSEMBLER=arm-none-eabi-as
TRACE::2024-06-20.18:07:19::SCWMssOS::" "ARCHIVER=arm-none-eabi-ar" "COMPILER_FLAGS=  -O2 -c" "EXTRA_COMPILER_FLAGS=-mcpu=cortex-a9 -mfpu=vfpv3 -mfloat-abi=hard -nos
TRACE::2024-06-20.18:07:19::SCWMssOS::tartfiles -g -Wall -Wextra"

TRACE::2024-06-20.18:07:19::SCWMssOS::"Compiling standalone"

TRACE::2024-06-20.18:07:22::SCWMssOS::"Running Make libs in ps7_cortexa9_0/libsrc/tmrctr_v4_6/src"

TRACE::2024-06-20.18:07:22::SCWMssOS::make -C ps7_cortexa9_0/libsrc/tmrctr_v4_6/src -s libs  "SHELL=CMD" "COMPILER=arm-none-eabi-gcc" "ASSEMBLER=arm-none-eabi-as" "A
TRACE::2024-06-20.18:07:22::SCWMssOS::RCHIVER=arm-none-eabi-ar" "COMPILER_FLAGS=  -O2 -c" "EXTRA_COMPILER_FLAGS=-mcpu=cortex-a9 -mfpu=vfpv3 -mfloat-abi=hard -nostart
TRACE::2024-06-20.18:07:22::SCWMssOS::files -g -Wall -Wextra"

TRACE::2024-06-20.18:07:23::SCWMssOS::"Compiling tmrctr"

TRACE::2024-06-20.18:07:24::SCWMssOS::"Running Make libs in ps7_cortexa9_0/libsrc/uartps_v3_9/src"

TRACE::2024-06-20.18:07:24::SCWMssOS::make -C ps7_cortexa9_0/libsrc/uartps_v3_9/src -s libs  "SHELL=CMD" "COMPILER=arm-none-eabi-gcc" "ASSEMBLER=arm-none-eabi-as" "A
TRACE::2024-06-20.18:07:24::SCWMssOS::RCHIVER=arm-none-eabi-ar" "COMPILER_FLAGS=  -O2 -c" "EXTRA_COMPILER_FLAGS=-mcpu=cortex-a9 -mfpu=vfpv3 -mfloat-abi=hard -nostart
TRACE::2024-06-20.18:07:24::SCWMssOS::files -g -Wall -Wextra"

TRACE::2024-06-20.18:07:24::SCWMssOS::"Compiling uartps"

TRACE::2024-06-20.18:07:25::SCWMssOS::"Running Make libs in ps7_cortexa9_0/libsrc/usbps_v2_5/src"

TRACE::2024-06-20.18:07:25::SCWMssOS::make -C ps7_cortexa9_0/libsrc/usbps_v2_5/src -s libs  "SHELL=CMD" "COMPILER=arm-none-eabi-gcc" "ASSEMBLER=arm-none-eabi-as" "AR
TRACE::2024-06-20.18:07:25::SCWMssOS::CHIVER=arm-none-eabi-ar" "COMPILER_FLAGS=  -O2 -c" "EXTRA_COMPILER_FLAGS=-mcpu=cortex-a9 -mfpu=vfpv3 -mfloat-abi=hard -nostartf
TRACE::2024-06-20.18:07:25::SCWMssOS::iles -g -Wall -Wextra"

TRACE::2024-06-20.18:07:25::SCWMssOS::"Compiling usbps"

TRACE::2024-06-20.18:07:26::SCWMssOS::"Running Make libs in ps7_cortexa9_0/libsrc/xadcps_v2_4/src"

TRACE::2024-06-20.18:07:26::SCWMssOS::make -C ps7_cortexa9_0/libsrc/xadcps_v2_4/src -s libs  "SHELL=CMD" "COMPILER=arm-none-eabi-gcc" "ASSEMBLER=arm-none-eabi-as" "A
TRACE::2024-06-20.18:07:26::SCWMssOS::RCHIVER=arm-none-eabi-ar" "COMPILER_FLAGS=  -O2 -c" "EXTRA_COMPILER_FLAGS=-mcpu=cortex-a9 -mfpu=vfpv3 -mfloat-abi=hard -nostart
TRACE::2024-06-20.18:07:26::SCWMssOS::files -g -Wall -Wextra"

TRACE::2024-06-20.18:07:26::SCWMssOS::"Compiling xadcps"

TRACE::2024-06-20.18:07:26::SCWMssOS::'Finished building libraries'

TRACE::2024-06-20.18:07:27::SCWMssOS::Copying to export directory.
TRACE::2024-06-20.18:07:27::SCWMssOS:: Checking if to create the Supporting Applications
TRACE::2024-06-20.18:07:27::SCWMssOS:: No Linux domain exists, trying to generate FSBL 
LOG::2024-06-20.18:07:27::SCWSystem::Completed Processing the domain standalone_domain
LOG::2024-06-20.18:07:27::SCWSystem::Completed Processing the sysconfig SEPmonG3
LOG::2024-06-20.18:07:27::SCWPlatform::Completed generating the artifacts for system configuration SEPmonG3
TRACE::2024-06-20.18:07:27::SCWPlatform::Started preparing the platform 
TRACE::2024-06-20.18:07:27::SCWSystem::Writing the bif file for system config SEPmonG3
TRACE::2024-06-20.18:07:27::SCWSystem::dir created 
TRACE::2024-06-20.18:07:27::SCWSystem::Writing the bif 
TRACE::2024-06-20.18:07:27::SCWPlatform::Started writing the spfm file 
TRACE::2024-06-20.18:07:27::SCWPlatform::Started writing the xpfm file 
TRACE::2024-06-20.18:07:27::SCWPlatform::Completed generating the platform
TRACE::2024-06-20.18:07:27::SCWMssOS::Saving the mss changes C:/Users/gusta/OneDrive/Documents/universidad/4to/1r/SEP/Proyectos/pr2/SEPmonG3/SEPmonG3/zynq_fsbl/zynq_fsbl_bsp/system.mss
TRACE::2024-06-20.18:07:27::SCWMssOS::Found a swdesign opened with the mssfile.
TRACE::2024-06-20.18:07:27::SCWMssOS::Completed writemss as part of save.
TRACE::2024-06-20.18:07:27::SCWMssOS::Commit changes completed.
TRACE::2024-06-20.18:07:27::SCWMssOS::Saving the mss changes C:/Users/gusta/OneDrive/Documents/universidad/4to/1r/SEP/Proyectos/pr2/SEPmonG3/SEPmonG3/ps7_cortexa9_0/standalone_domain/bsp/system.mss
TRACE::2024-06-20.18:07:27::SCWMssOS::Found a swdesign opened with the mssfile.
TRACE::2024-06-20.18:07:27::SCWMssOS::Completed writemss as part of save.
TRACE::2024-06-20.18:07:27::SCWMssOS::Commit changes completed.
TRACE::2024-06-20.18:07:27::SCWPlatform::Trying to open the hw design at C:/Users/gusta/OneDrive/Documents/universidad/4to/1r/SEP/Proyectos/pr2/SEPmonG3/SEPmonG3/hw/SEPmon.xsa
TRACE::2024-06-20.18:07:27::SCWPlatform::DSA given C:/Users/gusta/OneDrive/Documents/universidad/4to/1r/SEP/Proyectos/pr2/SEPmonG3/SEPmonG3/hw/SEPmon.xsa
TRACE::2024-06-20.18:07:27::SCWPlatform::DSA absoulate path C:/Users/gusta/OneDrive/Documents/universidad/4to/1r/SEP/Proyectos/pr2/SEPmonG3/SEPmonG3/hw/SEPmon.xsa
TRACE::2024-06-20.18:07:27::SCWPlatform::DSA directory C:/Users/gusta/OneDrive/Documents/universidad/4to/1r/SEP/Proyectos/pr2/SEPmonG3/SEPmonG3/hw
TRACE::2024-06-20.18:07:27::SCWPlatform:: Platform Path C:/Users/gusta/OneDrive/Documents/universidad/4to/1r/SEP/Proyectos/pr2/SEPmonG3/SEPmonG3/hw/SEPmon.xsa
TRACE::2024-06-20.18:07:27::SCWPlatform:: Unique name xilinx:zybo-z7-10::0.0
TRACE::2024-06-20.18:07:27::SCWPlatform::Trying to set the existing hwdb with name DEMO_wrapper_1
TRACE::2024-06-20.18:07:27::SCWPlatform::Opened existing hwdb DEMO_wrapper_1
TRACE::2024-06-20.18:07:27::SCWPlatform::Found the Hw Db part of the input DSA
TRACE::2024-06-20.18:07:27::SCWMssOS::Checking the sw design at  C:/Users/gusta/OneDrive/Documents/universidad/4to/1r/SEP/Proyectos/pr2/SEPmonG3/SEPmonG3/zynq_fsbl/zynq_fsbl_bsp/system.mss
TRACE::2024-06-20.18:07:27::SCWMssOS::DEBUG:  swdes dump  C:/Users/gusta/OneDrive/Documents/universidad/4to/1r/SEP/Proyectos/pr2/SEPmonG3/SEPmonG3/ps7_cortexa9_0/standalone_domain/bsp/system.mss|system_0||
C:/Users/gusta/OneDrive/Documents/universidad/4to/1r/SEP/Proyectos/pr2/SEPmonG3/SEPmonG3/zynq_fsbl/zynq_fsbl_bsp/system.mss|system||

TRACE::2024-06-20.18:07:27::SCWMssOS::Sw design exists and opened at  C:/Users/gusta/OneDrive/Documents/universidad/4to/1r/SEP/Proyectos/pr2/SEPmonG3/SEPmonG3/zynq_fsbl/zynq_fsbl_bsp/system.mss
TRACE::2024-06-20.18:07:27::SCWPlatform::Trying to open the hw design at C:/Users/gusta/OneDrive/Documents/universidad/4to/1r/SEP/Proyectos/pr2/SEPmonG3/SEPmonG3/hw/SEPmon.xsa
TRACE::2024-06-20.18:07:27::SCWPlatform::DSA given C:/Users/gusta/OneDrive/Documents/universidad/4to/1r/SEP/Proyectos/pr2/SEPmonG3/SEPmonG3/hw/SEPmon.xsa
TRACE::2024-06-20.18:07:27::SCWPlatform::DSA absoulate path C:/Users/gusta/OneDrive/Documents/universidad/4to/1r/SEP/Proyectos/pr2/SEPmonG3/SEPmonG3/hw/SEPmon.xsa
TRACE::2024-06-20.18:07:27::SCWPlatform::DSA directory C:/Users/gusta/OneDrive/Documents/universidad/4to/1r/SEP/Proyectos/pr2/SEPmonG3/SEPmonG3/hw
TRACE::2024-06-20.18:07:27::SCWPlatform:: Platform Path C:/Users/gusta/OneDrive/Documents/universidad/4to/1r/SEP/Proyectos/pr2/SEPmonG3/SEPmonG3/hw/SEPmon.xsa
TRACE::2024-06-20.18:07:27::SCWPlatform:: Unique name xilinx:zybo-z7-10::0.0
TRACE::2024-06-20.18:07:27::SCWPlatform::Trying to set the existing hwdb with name DEMO_wrapper_1
TRACE::2024-06-20.18:07:27::SCWPlatform::Opened existing hwdb DEMO_wrapper_1
TRACE::2024-06-20.18:07:27::SCWPlatform::Found the Hw Db part of the input DSA
TRACE::2024-06-20.18:07:27::SCWMssOS::Checking the sw design at  C:/Users/gusta/OneDrive/Documents/universidad/4to/1r/SEP/Proyectos/pr2/SEPmonG3/SEPmonG3/ps7_cortexa9_0/standalone_domain/bsp/system.mss
TRACE::2024-06-20.18:07:27::SCWMssOS::DEBUG:  swdes dump  C:/Users/gusta/OneDrive/Documents/universidad/4to/1r/SEP/Proyectos/pr2/SEPmonG3/SEPmonG3/ps7_cortexa9_0/standalone_domain/bsp/system.mss|system_0||
C:/Users/gusta/OneDrive/Documents/universidad/4to/1r/SEP/Proyectos/pr2/SEPmonG3/SEPmonG3/zynq_fsbl/zynq_fsbl_bsp/system.mss|system||

TRACE::2024-06-20.18:07:27::SCWMssOS::Sw design exists and opened at  C:/Users/gusta/OneDrive/Documents/universidad/4to/1r/SEP/Proyectos/pr2/SEPmonG3/SEPmonG3/ps7_cortexa9_0/standalone_domain/bsp/system.mss
TRACE::2024-06-20.18:07:27::SCWWriter::formatted JSON is {
	"platformName":	"SEPmonG3",
	"sprVersion":	"2.0",
	"mode":	"gui",
	"dsaType":	"Fixed",
	"platformDesc":	"SEPmonG3",
	"platHandOff":	"C:/Users/gusta/OneDrive/Documents/universidad/4to/1r/SEP/Proyectos/pr2/SEPmonG3/SEPmon/SEPmon.xsa",
	"platIntHandOff":	"<platformDir>/hw/SEPmon.xsa",
	"deviceType":	"zynq",
	"platIsPrebuiltAutogen":	"false",
	"platIsNoBootBsp":	"false",
	"hasFsblMakeHasChanges":	"false",
	"hasPmufwMakeHasChanges":	"false",
	"fsblExtraCompilerFlags":	"-MMD -MP       -mcpu=cortex-a9 -mfpu=vfpv3 -mfloat-abi=hard ",
	"platPreBuiltFlag":	false,
	"platformSamplesDir":	"",
	"platActiveSys":	"SEPmonG3",
	"systems":	[{
			"systemName":	"SEPmonG3",
			"systemDesc":	"SEPmonG3",
			"sysIsBootAutoGen":	"true",
			"systemDispName":	"SEPmonG3",
			"sysActiveDom":	"standalone_domain",
			"sysDefaultDom":	"standalone_domain",
			"domains":	[{
					"domainName":	"zynq_fsbl",
					"domainDispName":	"zynq_fsbl",
					"domainDesc":	"FSBL Application BSP - Auto Generated.",
					"processors":	"ps7_cortexa9_0",
					"os":	"standalone",
					"sdxOs":	"standalone",
					"debugEnable":	"",
					"domRuntimes":	["cpp"],
					"swRepo":	"",
					"mssOsVer":	"7.2",
					"mssFile":	"",
					"md5Digest":	"02312b845700e4a4fd39dd786149f184",
					"compatibleApp":	"zynq_fsbl",
					"domType":	"bootDomain",
					"appSettings":	{
						"appCompilerFlags":	"",
						"appLinkerFlags":	""
					},
					"addedLibs":	["xilffs:4.3", "xilrsa:1.6"],
					"libOptions":	{
						"libsContainingOptions":	[]
					},
					"prebuiltLibs":	{
						"prebuiltIncPath":	[],
						"prebuiltLibPath":	[]
					},
					"isolation":	{
					}
				}, {
					"domainName":	"standalone_domain",
					"domainDispName":	"standalone on ps7_cortexa9_0",
					"domainDesc":	"standalone_domain",
					"processors":	"ps7_cortexa9_0",
					"os":	"standalone",
					"sdxOs":	"standalone",
					"qemuArgs":	"C:/Xilinx/Vitis/2020.1/data/emulation/platforms/zynq/qemu/qemu_args.txt",
					"qemuData":	"C:/Xilinx/Vitis/2020.1/data/emulation/platforms/zynq/qemu/",
					"debugEnable":	"False",
					"domRuntimes":	["cpp"],
					"swRepo":	"",
					"mssOsVer":	"7.2",
					"mssFile":	"",
					"md5Digest":	"66dd88408418c3412ef42766414a5b97",
					"compatibleApp":	"",
					"domType":	"mssDomain",
					"appSettings":	{
						"appCompilerFlags":	"",
						"appLinkerFlags":	""
					},
					"addedLibs":	[],
					"libOptions":	{
						"libsContainingOptions":	[]
					},
					"prebuiltLibs":	{
						"prebuiltIncPath":	[],
						"prebuiltLibPath":	[]
					},
					"isolation":	{
					}
				}]
		}]
}
KEYINFO::2024-06-20.18:07:27::SCWPlatform::updated the xpfm file.
TRACE::2024-06-20.18:07:27::SCWPlatform::Trying to open the hw design at C:/Users/gusta/OneDrive/Documents/universidad/4to/1r/SEP/Proyectos/pr2/SEPmonG3/SEPmonG3/hw/SEPmon.xsa
TRACE::2024-06-20.18:07:27::SCWPlatform::DSA given C:/Users/gusta/OneDrive/Documents/universidad/4to/1r/SEP/Proyectos/pr2/SEPmonG3/SEPmonG3/hw/SEPmon.xsa
TRACE::2024-06-20.18:07:27::SCWPlatform::DSA absoulate path C:/Users/gusta/OneDrive/Documents/universidad/4to/1r/SEP/Proyectos/pr2/SEPmonG3/SEPmonG3/hw/SEPmon.xsa
TRACE::2024-06-20.18:07:27::SCWPlatform::DSA directory C:/Users/gusta/OneDrive/Documents/universidad/4to/1r/SEP/Proyectos/pr2/SEPmonG3/SEPmonG3/hw
TRACE::2024-06-20.18:07:27::SCWPlatform:: Platform Path C:/Users/gusta/OneDrive/Documents/universidad/4to/1r/SEP/Proyectos/pr2/SEPmonG3/SEPmonG3/hw/SEPmon.xsa
TRACE::2024-06-20.18:07:27::SCWPlatform:: Unique name xilinx:zybo-z7-10::0.0
TRACE::2024-06-20.18:07:27::SCWPlatform::Trying to set the existing hwdb with name DEMO_wrapper_1
TRACE::2024-06-20.18:07:27::SCWPlatform::Opened existing hwdb DEMO_wrapper_1
TRACE::2024-06-20.18:07:27::SCWPlatform::Found the Hw Db part of the input DSA
TRACE::2024-06-20.18:07:27::SCWMssOS::Checking the sw design at  C:/Users/gusta/OneDrive/Documents/universidad/4to/1r/SEP/Proyectos/pr2/SEPmonG3/SEPmonG3/ps7_cortexa9_0/standalone_domain/bsp/system.mss
TRACE::2024-06-20.18:07:27::SCWMssOS::DEBUG:  swdes dump  C:/Users/gusta/OneDrive/Documents/universidad/4to/1r/SEP/Proyectos/pr2/SEPmonG3/SEPmonG3/ps7_cortexa9_0/standalone_domain/bsp/system.mss|system_0||
C:/Users/gusta/OneDrive/Documents/universidad/4to/1r/SEP/Proyectos/pr2/SEPmonG3/SEPmonG3/zynq_fsbl/zynq_fsbl_bsp/system.mss|system||

TRACE::2024-06-20.18:07:27::SCWMssOS::Sw design exists and opened at  C:/Users/gusta/OneDrive/Documents/universidad/4to/1r/SEP/Proyectos/pr2/SEPmonG3/SEPmonG3/ps7_cortexa9_0/standalone_domain/bsp/system.mss
TRACE::2024-06-21.15:38:58::SCWPlatform::Trying to open the hw design at C:/Users/gusta/OneDrive/Documents/universidad/4to/1r/SEP/Proyectos/pr2/SEPmonG3/SEPmonG3/hw/SEPmon.xsa
TRACE::2024-06-21.15:38:58::SCWPlatform::DSA given C:/Users/gusta/OneDrive/Documents/universidad/4to/1r/SEP/Proyectos/pr2/SEPmonG3/SEPmonG3/hw/SEPmon.xsa
TRACE::2024-06-21.15:38:58::SCWPlatform::DSA absoulate path C:/Users/gusta/OneDrive/Documents/universidad/4to/1r/SEP/Proyectos/pr2/SEPmonG3/SEPmonG3/hw/SEPmon.xsa
TRACE::2024-06-21.15:39:00::SCWPlatform::DSA directory C:/Users/gusta/OneDrive/Documents/universidad/4to/1r/SEP/Proyectos/pr2/SEPmonG3/SEPmonG3/hw
TRACE::2024-06-21.15:39:00::SCWPlatform:: Platform Path C:/Users/gusta/OneDrive/Documents/universidad/4to/1r/SEP/Proyectos/pr2/SEPmonG3/SEPmonG3/hw/SEPmon.xsa
TRACE::2024-06-21.15:39:00::SCWPlatform:: Unique name xilinx:zybo-z7-10::0.0
TRACE::2024-06-21.15:39:00::SCWPlatform::Do not have an existing db opened. 
TRACE::2024-06-21.15:39:02::SCWPlatform::Opened new HwDB with name DEMO_wrapper
TRACE::2024-06-21.15:39:02::SCWReader::Active system found as  SEPmonG3
TRACE::2024-06-21.15:39:02::SCWReader::Handling sysconfig SEPmonG3
TRACE::2024-06-21.15:39:02::SCWDomain::checking for install qemu data   : 
TRACE::2024-06-21.15:39:03::SCWDomain:: Using the QEMU Data from install at  : C:/Xilinx/Vitis/2020.1/data/emulation/platforms/zynq/qemu/
TRACE::2024-06-21.15:39:03::SCWDomain:: Using the QEMU args  from install at  : C:/Xilinx/Vitis/2020.1/data/emulation/platforms/zynq/qemu/qemu_args.txt
TRACE::2024-06-21.15:39:03::SCWPlatform::Trying to open the hw design at C:/Users/gusta/OneDrive/Documents/universidad/4to/1r/SEP/Proyectos/pr2/SEPmonG3/SEPmonG3/hw/SEPmon.xsa
TRACE::2024-06-21.15:39:03::SCWPlatform::DSA given C:/Users/gusta/OneDrive/Documents/universidad/4to/1r/SEP/Proyectos/pr2/SEPmonG3/SEPmonG3/hw/SEPmon.xsa
TRACE::2024-06-21.15:39:03::SCWPlatform::DSA absoulate path C:/Users/gusta/OneDrive/Documents/universidad/4to/1r/SEP/Proyectos/pr2/SEPmonG3/SEPmonG3/hw/SEPmon.xsa
TRACE::2024-06-21.15:39:03::SCWPlatform::DSA directory C:/Users/gusta/OneDrive/Documents/universidad/4to/1r/SEP/Proyectos/pr2/SEPmonG3/SEPmonG3/hw
TRACE::2024-06-21.15:39:03::SCWPlatform:: Platform Path C:/Users/gusta/OneDrive/Documents/universidad/4to/1r/SEP/Proyectos/pr2/SEPmonG3/SEPmonG3/hw/SEPmon.xsa
TRACE::2024-06-21.15:39:03::SCWPlatform:: Unique name xilinx:zybo-z7-10::0.0
TRACE::2024-06-21.15:39:03::SCWPlatform::Trying to set the existing hwdb with name DEMO_wrapper
TRACE::2024-06-21.15:39:03::SCWPlatform::Opened existing hwdb DEMO_wrapper
TRACE::2024-06-21.15:39:03::SCWPlatform::Found the Hw Db part of the input DSA
TRACE::2024-06-21.15:39:03::SCWPlatform::Trying to open the hw design at C:/Users/gusta/OneDrive/Documents/universidad/4to/1r/SEP/Proyectos/pr2/SEPmonG3/SEPmonG3/hw/SEPmon.xsa
TRACE::2024-06-21.15:39:03::SCWPlatform::DSA given C:/Users/gusta/OneDrive/Documents/universidad/4to/1r/SEP/Proyectos/pr2/SEPmonG3/SEPmonG3/hw/SEPmon.xsa
TRACE::2024-06-21.15:39:03::SCWPlatform::DSA absoulate path C:/Users/gusta/OneDrive/Documents/universidad/4to/1r/SEP/Proyectos/pr2/SEPmonG3/SEPmonG3/hw/SEPmon.xsa
TRACE::2024-06-21.15:39:03::SCWPlatform::DSA directory C:/Users/gusta/OneDrive/Documents/universidad/4to/1r/SEP/Proyectos/pr2/SEPmonG3/SEPmonG3/hw
TRACE::2024-06-21.15:39:03::SCWPlatform:: Platform Path C:/Users/gusta/OneDrive/Documents/universidad/4to/1r/SEP/Proyectos/pr2/SEPmonG3/SEPmonG3/hw/SEPmon.xsa
TRACE::2024-06-21.15:39:03::SCWPlatform:: Unique name xilinx:zybo-z7-10::0.0
TRACE::2024-06-21.15:39:03::SCWPlatform::Trying to set the existing hwdb with name DEMO_wrapper
TRACE::2024-06-21.15:39:03::SCWPlatform::Opened existing hwdb DEMO_wrapper
TRACE::2024-06-21.15:39:03::SCWPlatform::Found the Hw Db part of the input DSA
TRACE::2024-06-21.15:39:03::SCWPlatform::Trying to open the hw design at C:/Users/gusta/OneDrive/Documents/universidad/4to/1r/SEP/Proyectos/pr2/SEPmonG3/SEPmonG3/hw/SEPmon.xsa
TRACE::2024-06-21.15:39:03::SCWPlatform::DSA given C:/Users/gusta/OneDrive/Documents/universidad/4to/1r/SEP/Proyectos/pr2/SEPmonG3/SEPmonG3/hw/SEPmon.xsa
TRACE::2024-06-21.15:39:03::SCWPlatform::DSA absoulate path C:/Users/gusta/OneDrive/Documents/universidad/4to/1r/SEP/Proyectos/pr2/SEPmonG3/SEPmonG3/hw/SEPmon.xsa
TRACE::2024-06-21.15:39:03::SCWPlatform::DSA directory C:/Users/gusta/OneDrive/Documents/universidad/4to/1r/SEP/Proyectos/pr2/SEPmonG3/SEPmonG3/hw
TRACE::2024-06-21.15:39:03::SCWPlatform:: Platform Path C:/Users/gusta/OneDrive/Documents/universidad/4to/1r/SEP/Proyectos/pr2/SEPmonG3/SEPmonG3/hw/SEPmon.xsa
TRACE::2024-06-21.15:39:03::SCWPlatform:: Unique name xilinx:zybo-z7-10::0.0
TRACE::2024-06-21.15:39:03::SCWPlatform::Trying to set the existing hwdb with name DEMO_wrapper
TRACE::2024-06-21.15:39:03::SCWPlatform::Opened existing hwdb DEMO_wrapper
TRACE::2024-06-21.15:39:03::SCWPlatform::Found the Hw Db part of the input DSA
TRACE::2024-06-21.15:39:03::SCWReader::Boot application domain added for zynq_fsbl
TRACE::2024-06-21.15:39:03::SCWPlatform::Trying to open the hw design at C:/Users/gusta/OneDrive/Documents/universidad/4to/1r/SEP/Proyectos/pr2/SEPmonG3/SEPmonG3/hw/SEPmon.xsa
TRACE::2024-06-21.15:39:03::SCWPlatform::DSA given C:/Users/gusta/OneDrive/Documents/universidad/4to/1r/SEP/Proyectos/pr2/SEPmonG3/SEPmonG3/hw/SEPmon.xsa
TRACE::2024-06-21.15:39:03::SCWPlatform::DSA absoulate path C:/Users/gusta/OneDrive/Documents/universidad/4to/1r/SEP/Proyectos/pr2/SEPmonG3/SEPmonG3/hw/SEPmon.xsa
TRACE::2024-06-21.15:39:03::SCWPlatform::DSA directory C:/Users/gusta/OneDrive/Documents/universidad/4to/1r/SEP/Proyectos/pr2/SEPmonG3/SEPmonG3/hw
TRACE::2024-06-21.15:39:03::SCWPlatform:: Platform Path C:/Users/gusta/OneDrive/Documents/universidad/4to/1r/SEP/Proyectos/pr2/SEPmonG3/SEPmonG3/hw/SEPmon.xsa
TRACE::2024-06-21.15:39:03::SCWPlatform:: Unique name xilinx:zybo-z7-10::0.0
TRACE::2024-06-21.15:39:03::SCWPlatform::Trying to set the existing hwdb with name DEMO_wrapper
TRACE::2024-06-21.15:39:03::SCWPlatform::Opened existing hwdb DEMO_wrapper
TRACE::2024-06-21.15:39:03::SCWPlatform::Found the Hw Db part of the input DSA
TRACE::2024-06-21.15:39:03::SCWMssOS::Checking the sw design at  C:/Users/gusta/OneDrive/Documents/universidad/4to/1r/SEP/Proyectos/pr2/SEPmonG3/SEPmonG3/zynq_fsbl/zynq_fsbl_bsp/system.mss
TRACE::2024-06-21.15:39:03::SCWMssOS::DEBUG:  swdes dump  
TRACE::2024-06-21.15:39:03::SCWMssOS::No sw design opened at  C:/Users/gusta/OneDrive/Documents/universidad/4to/1r/SEP/Proyectos/pr2/SEPmonG3/SEPmonG3/zynq_fsbl/zynq_fsbl_bsp/system.mss
TRACE::2024-06-21.15:39:03::SCWMssOS::mss exists loading the mss file  C:/Users/gusta/OneDrive/Documents/universidad/4to/1r/SEP/Proyectos/pr2/SEPmonG3/SEPmonG3/zynq_fsbl/zynq_fsbl_bsp/system.mss
TRACE::2024-06-21.15:39:03::SCWMssOS::Opened the sw design from mss  C:/Users/gusta/OneDrive/Documents/universidad/4to/1r/SEP/Proyectos/pr2/SEPmonG3/SEPmonG3/zynq_fsbl/zynq_fsbl_bsp/system.mss
TRACE::2024-06-21.15:39:03::SCWMssOS::Adding the swdes entry C:/Users/gusta/OneDrive/Documents/universidad/4to/1r/SEP/Proyectos/pr2/SEPmonG3/SEPmonG3/zynq_fsbl/zynq_fsbl_bsp/system.mss with des name system
TRACE::2024-06-21.15:39:03::SCWMssOS::updating the scw layer about changes
TRACE::2024-06-21.15:39:03::SCWMssOS::Opened the sw design.  C:/Users/gusta/OneDrive/Documents/universidad/4to/1r/SEP/Proyectos/pr2/SEPmonG3/SEPmonG3/zynq_fsbl/zynq_fsbl_bsp/system.mss
TRACE::2024-06-21.15:39:03::SCWPlatform::Trying to open the hw design at C:/Users/gusta/OneDrive/Documents/universidad/4to/1r/SEP/Proyectos/pr2/SEPmonG3/SEPmonG3/hw/SEPmon.xsa
TRACE::2024-06-21.15:39:03::SCWPlatform::DSA given C:/Users/gusta/OneDrive/Documents/universidad/4to/1r/SEP/Proyectos/pr2/SEPmonG3/SEPmonG3/hw/SEPmon.xsa
TRACE::2024-06-21.15:39:03::SCWPlatform::DSA absoulate path C:/Users/gusta/OneDrive/Documents/universidad/4to/1r/SEP/Proyectos/pr2/SEPmonG3/SEPmonG3/hw/SEPmon.xsa
TRACE::2024-06-21.15:39:03::SCWPlatform::DSA directory C:/Users/gusta/OneDrive/Documents/universidad/4to/1r/SEP/Proyectos/pr2/SEPmonG3/SEPmonG3/hw
TRACE::2024-06-21.15:39:03::SCWPlatform:: Platform Path C:/Users/gusta/OneDrive/Documents/universidad/4to/1r/SEP/Proyectos/pr2/SEPmonG3/SEPmonG3/hw/SEPmon.xsa
TRACE::2024-06-21.15:39:03::SCWPlatform:: Unique name xilinx:zybo-z7-10::0.0
TRACE::2024-06-21.15:39:03::SCWPlatform::Trying to set the existing hwdb with name DEMO_wrapper
TRACE::2024-06-21.15:39:03::SCWPlatform::Opened existing hwdb DEMO_wrapper
TRACE::2024-06-21.15:39:03::SCWPlatform::Found the Hw Db part of the input DSA
TRACE::2024-06-21.15:39:03::SCWMssOS::Checking the sw design at  C:/Users/gusta/OneDrive/Documents/universidad/4to/1r/SEP/Proyectos/pr2/SEPmonG3/SEPmonG3/zynq_fsbl/zynq_fsbl_bsp/system.mss
TRACE::2024-06-21.15:39:03::SCWMssOS::DEBUG:  swdes dump  C:/Users/gusta/OneDrive/Documents/universidad/4to/1r/SEP/Proyectos/pr2/SEPmonG3/SEPmonG3/zynq_fsbl/zynq_fsbl_bsp/system.mss|system||

TRACE::2024-06-21.15:39:03::SCWMssOS::Sw design exists and opened at  C:/Users/gusta/OneDrive/Documents/universidad/4to/1r/SEP/Proyectos/pr2/SEPmonG3/SEPmonG3/zynq_fsbl/zynq_fsbl_bsp/system.mss
TRACE::2024-06-21.15:39:03::SCWMssOS:: library already available in sw design:  xilffs:4.3
TRACE::2024-06-21.15:39:03::SCWPlatform::Trying to open the hw design at C:/Users/gusta/OneDrive/Documents/universidad/4to/1r/SEP/Proyectos/pr2/SEPmonG3/SEPmonG3/hw/SEPmon.xsa
TRACE::2024-06-21.15:39:03::SCWPlatform::DSA given C:/Users/gusta/OneDrive/Documents/universidad/4to/1r/SEP/Proyectos/pr2/SEPmonG3/SEPmonG3/hw/SEPmon.xsa
TRACE::2024-06-21.15:39:03::SCWPlatform::DSA absoulate path C:/Users/gusta/OneDrive/Documents/universidad/4to/1r/SEP/Proyectos/pr2/SEPmonG3/SEPmonG3/hw/SEPmon.xsa
TRACE::2024-06-21.15:39:03::SCWPlatform::DSA directory C:/Users/gusta/OneDrive/Documents/universidad/4to/1r/SEP/Proyectos/pr2/SEPmonG3/SEPmonG3/hw
TRACE::2024-06-21.15:39:03::SCWPlatform:: Platform Path C:/Users/gusta/OneDrive/Documents/universidad/4to/1r/SEP/Proyectos/pr2/SEPmonG3/SEPmonG3/hw/SEPmon.xsa
TRACE::2024-06-21.15:39:03::SCWPlatform:: Unique name xilinx:zybo-z7-10::0.0
TRACE::2024-06-21.15:39:03::SCWPlatform::Trying to set the existing hwdb with name DEMO_wrapper
TRACE::2024-06-21.15:39:03::SCWPlatform::Opened existing hwdb DEMO_wrapper
TRACE::2024-06-21.15:39:03::SCWPlatform::Found the Hw Db part of the input DSA
TRACE::2024-06-21.15:39:03::SCWMssOS::Checking the sw design at  C:/Users/gusta/OneDrive/Documents/universidad/4to/1r/SEP/Proyectos/pr2/SEPmonG3/SEPmonG3/zynq_fsbl/zynq_fsbl_bsp/system.mss
TRACE::2024-06-21.15:39:03::SCWMssOS::DEBUG:  swdes dump  C:/Users/gusta/OneDrive/Documents/universidad/4to/1r/SEP/Proyectos/pr2/SEPmonG3/SEPmonG3/zynq_fsbl/zynq_fsbl_bsp/system.mss|system||

TRACE::2024-06-21.15:39:03::SCWMssOS::Sw design exists and opened at  C:/Users/gusta/OneDrive/Documents/universidad/4to/1r/SEP/Proyectos/pr2/SEPmonG3/SEPmonG3/zynq_fsbl/zynq_fsbl_bsp/system.mss
TRACE::2024-06-21.15:39:03::SCWMssOS:: library already available in sw design:  xilrsa:1.6
TRACE::2024-06-21.15:39:03::SCWMssOS::Saving the mss changes C:/Users/gusta/OneDrive/Documents/universidad/4to/1r/SEP/Proyectos/pr2/SEPmonG3/SEPmonG3/zynq_fsbl/zynq_fsbl_bsp/system.mss
TRACE::2024-06-21.15:39:03::SCWMssOS::Found a swdesign opened with the mssfile.
TRACE::2024-06-21.15:39:03::SCWMssOS::Completed writemss as part of save.
TRACE::2024-06-21.15:39:03::SCWMssOS::Commit changes completed.
TRACE::2024-06-21.15:39:03::SCWReader::Adding prebuilt librarypaths as   
TRACE::2024-06-21.15:39:03::SCWReader::Adding prebuilt incpaths  as   
TRACE::2024-06-21.15:39:03::SCWPlatform::Trying to open the hw design at C:/Users/gusta/OneDrive/Documents/universidad/4to/1r/SEP/Proyectos/pr2/SEPmonG3/SEPmonG3/hw/SEPmon.xsa
TRACE::2024-06-21.15:39:03::SCWPlatform::DSA given C:/Users/gusta/OneDrive/Documents/universidad/4to/1r/SEP/Proyectos/pr2/SEPmonG3/SEPmonG3/hw/SEPmon.xsa
TRACE::2024-06-21.15:39:03::SCWPlatform::DSA absoulate path C:/Users/gusta/OneDrive/Documents/universidad/4to/1r/SEP/Proyectos/pr2/SEPmonG3/SEPmonG3/hw/SEPmon.xsa
TRACE::2024-06-21.15:39:03::SCWPlatform::DSA directory C:/Users/gusta/OneDrive/Documents/universidad/4to/1r/SEP/Proyectos/pr2/SEPmonG3/SEPmonG3/hw
TRACE::2024-06-21.15:39:03::SCWPlatform:: Platform Path C:/Users/gusta/OneDrive/Documents/universidad/4to/1r/SEP/Proyectos/pr2/SEPmonG3/SEPmonG3/hw/SEPmon.xsa
TRACE::2024-06-21.15:39:03::SCWPlatform:: Unique name xilinx:zybo-z7-10::0.0
TRACE::2024-06-21.15:39:03::SCWPlatform::Trying to set the existing hwdb with name DEMO_wrapper
TRACE::2024-06-21.15:39:03::SCWPlatform::Opened existing hwdb DEMO_wrapper
TRACE::2024-06-21.15:39:03::SCWPlatform::Found the Hw Db part of the input DSA
TRACE::2024-06-21.15:39:03::SCWMssOS::Checking the sw design at  C:/Users/gusta/OneDrive/Documents/universidad/4to/1r/SEP/Proyectos/pr2/SEPmonG3/SEPmonG3/zynq_fsbl/zynq_fsbl_bsp/system.mss
TRACE::2024-06-21.15:39:03::SCWMssOS::DEBUG:  swdes dump  C:/Users/gusta/OneDrive/Documents/universidad/4to/1r/SEP/Proyectos/pr2/SEPmonG3/SEPmonG3/zynq_fsbl/zynq_fsbl_bsp/system.mss|system||

TRACE::2024-06-21.15:39:03::SCWMssOS::Sw design exists and opened at  C:/Users/gusta/OneDrive/Documents/universidad/4to/1r/SEP/Proyectos/pr2/SEPmonG3/SEPmonG3/zynq_fsbl/zynq_fsbl_bsp/system.mss
TRACE::2024-06-21.15:39:03::SCWReader::No isolation master present  
TRACE::2024-06-21.15:39:03::SCWDomain::checking for install qemu data   : 
TRACE::2024-06-21.15:39:03::SCWDomain:: Using the QEMU Data from install at  : C:/Xilinx/Vitis/2020.1/data/emulation/platforms/zynq/qemu/
TRACE::2024-06-21.15:39:03::SCWDomain:: Using the QEMU args  from install at  : C:/Xilinx/Vitis/2020.1/data/emulation/platforms/zynq/qemu/qemu_args.txt
TRACE::2024-06-21.15:39:03::SCWPlatform::Trying to open the hw design at C:/Users/gusta/OneDrive/Documents/universidad/4to/1r/SEP/Proyectos/pr2/SEPmonG3/SEPmonG3/hw/SEPmon.xsa
TRACE::2024-06-21.15:39:03::SCWPlatform::DSA given C:/Users/gusta/OneDrive/Documents/universidad/4to/1r/SEP/Proyectos/pr2/SEPmonG3/SEPmonG3/hw/SEPmon.xsa
TRACE::2024-06-21.15:39:03::SCWPlatform::DSA absoulate path C:/Users/gusta/OneDrive/Documents/universidad/4to/1r/SEP/Proyectos/pr2/SEPmonG3/SEPmonG3/hw/SEPmon.xsa
TRACE::2024-06-21.15:39:03::SCWPlatform::DSA directory C:/Users/gusta/OneDrive/Documents/universidad/4to/1r/SEP/Proyectos/pr2/SEPmonG3/SEPmonG3/hw
TRACE::2024-06-21.15:39:03::SCWPlatform:: Platform Path C:/Users/gusta/OneDrive/Documents/universidad/4to/1r/SEP/Proyectos/pr2/SEPmonG3/SEPmonG3/hw/SEPmon.xsa
TRACE::2024-06-21.15:39:03::SCWPlatform:: Unique name xilinx:zybo-z7-10::0.0
TRACE::2024-06-21.15:39:03::SCWPlatform::Trying to set the existing hwdb with name DEMO_wrapper
TRACE::2024-06-21.15:39:03::SCWPlatform::Opened existing hwdb DEMO_wrapper
TRACE::2024-06-21.15:39:03::SCWPlatform::Found the Hw Db part of the input DSA
TRACE::2024-06-21.15:39:03::SCWPlatform::Trying to open the hw design at C:/Users/gusta/OneDrive/Documents/universidad/4to/1r/SEP/Proyectos/pr2/SEPmonG3/SEPmonG3/hw/SEPmon.xsa
TRACE::2024-06-21.15:39:03::SCWPlatform::DSA given C:/Users/gusta/OneDrive/Documents/universidad/4to/1r/SEP/Proyectos/pr2/SEPmonG3/SEPmonG3/hw/SEPmon.xsa
TRACE::2024-06-21.15:39:03::SCWPlatform::DSA absoulate path C:/Users/gusta/OneDrive/Documents/universidad/4to/1r/SEP/Proyectos/pr2/SEPmonG3/SEPmonG3/hw/SEPmon.xsa
TRACE::2024-06-21.15:39:03::SCWPlatform::DSA directory C:/Users/gusta/OneDrive/Documents/universidad/4to/1r/SEP/Proyectos/pr2/SEPmonG3/SEPmonG3/hw
TRACE::2024-06-21.15:39:03::SCWPlatform:: Platform Path C:/Users/gusta/OneDrive/Documents/universidad/4to/1r/SEP/Proyectos/pr2/SEPmonG3/SEPmonG3/hw/SEPmon.xsa
TRACE::2024-06-21.15:39:03::SCWPlatform:: Unique name xilinx:zybo-z7-10::0.0
TRACE::2024-06-21.15:39:03::SCWPlatform::Trying to set the existing hwdb with name DEMO_wrapper
TRACE::2024-06-21.15:39:03::SCWPlatform::Opened existing hwdb DEMO_wrapper
TRACE::2024-06-21.15:39:03::SCWPlatform::Found the Hw Db part of the input DSA
TRACE::2024-06-21.15:39:03::SCWPlatform::Trying to open the hw design at C:/Users/gusta/OneDrive/Documents/universidad/4to/1r/SEP/Proyectos/pr2/SEPmonG3/SEPmonG3/hw/SEPmon.xsa
TRACE::2024-06-21.15:39:03::SCWPlatform::DSA given C:/Users/gusta/OneDrive/Documents/universidad/4to/1r/SEP/Proyectos/pr2/SEPmonG3/SEPmonG3/hw/SEPmon.xsa
TRACE::2024-06-21.15:39:03::SCWPlatform::DSA absoulate path C:/Users/gusta/OneDrive/Documents/universidad/4to/1r/SEP/Proyectos/pr2/SEPmonG3/SEPmonG3/hw/SEPmon.xsa
TRACE::2024-06-21.15:39:03::SCWPlatform::DSA directory C:/Users/gusta/OneDrive/Documents/universidad/4to/1r/SEP/Proyectos/pr2/SEPmonG3/SEPmonG3/hw
TRACE::2024-06-21.15:39:03::SCWPlatform:: Platform Path C:/Users/gusta/OneDrive/Documents/universidad/4to/1r/SEP/Proyectos/pr2/SEPmonG3/SEPmonG3/hw/SEPmon.xsa
TRACE::2024-06-21.15:39:03::SCWPlatform:: Unique name xilinx:zybo-z7-10::0.0
TRACE::2024-06-21.15:39:03::SCWPlatform::Trying to set the existing hwdb with name DEMO_wrapper
TRACE::2024-06-21.15:39:03::SCWPlatform::Opened existing hwdb DEMO_wrapper
TRACE::2024-06-21.15:39:03::SCWPlatform::Found the Hw Db part of the input DSA
TRACE::2024-06-21.15:39:03::SCWMssOS::Checking the sw design at  C:/Users/gusta/OneDrive/Documents/universidad/4to/1r/SEP/Proyectos/pr2/SEPmonG3/SEPmonG3/ps7_cortexa9_0/standalone_domain/bsp/system.mss
TRACE::2024-06-21.15:39:03::SCWMssOS::DEBUG:  swdes dump  C:/Users/gusta/OneDrive/Documents/universidad/4to/1r/SEP/Proyectos/pr2/SEPmonG3/SEPmonG3/zynq_fsbl/zynq_fsbl_bsp/system.mss|system||

TRACE::2024-06-21.15:39:03::SCWMssOS::No sw design opened at  C:/Users/gusta/OneDrive/Documents/universidad/4to/1r/SEP/Proyectos/pr2/SEPmonG3/SEPmonG3/ps7_cortexa9_0/standalone_domain/bsp/system.mss
TRACE::2024-06-21.15:39:03::SCWMssOS::mss exists loading the mss file  C:/Users/gusta/OneDrive/Documents/universidad/4to/1r/SEP/Proyectos/pr2/SEPmonG3/SEPmonG3/ps7_cortexa9_0/standalone_domain/bsp/system.mss
TRACE::2024-06-21.15:39:03::SCWMssOS::Opened the sw design from mss  C:/Users/gusta/OneDrive/Documents/universidad/4to/1r/SEP/Proyectos/pr2/SEPmonG3/SEPmonG3/ps7_cortexa9_0/standalone_domain/bsp/system.mss
TRACE::2024-06-21.15:39:03::SCWMssOS::Adding the swdes entry C:/Users/gusta/OneDrive/Documents/universidad/4to/1r/SEP/Proyectos/pr2/SEPmonG3/SEPmonG3/ps7_cortexa9_0/standalone_domain/bsp/system.mss with des name system_0
TRACE::2024-06-21.15:39:03::SCWMssOS::updating the scw layer about changes
TRACE::2024-06-21.15:39:03::SCWMssOS::Opened the sw design.  C:/Users/gusta/OneDrive/Documents/universidad/4to/1r/SEP/Proyectos/pr2/SEPmonG3/SEPmonG3/ps7_cortexa9_0/standalone_domain/bsp/system.mss
TRACE::2024-06-21.15:39:03::SCWMssOS::Saving the mss changes C:/Users/gusta/OneDrive/Documents/universidad/4to/1r/SEP/Proyectos/pr2/SEPmonG3/SEPmonG3/ps7_cortexa9_0/standalone_domain/bsp/system.mss
TRACE::2024-06-21.15:39:03::SCWMssOS::Found a swdesign opened with the mssfile.
TRACE::2024-06-21.15:39:03::SCWMssOS::Completed writemss as part of save.
TRACE::2024-06-21.15:39:03::SCWMssOS::Commit changes completed.
TRACE::2024-06-21.15:39:03::SCWReader::Adding prebuilt librarypaths as   
TRACE::2024-06-21.15:39:03::SCWReader::Adding prebuilt incpaths  as   
TRACE::2024-06-21.15:39:03::SCWPlatform::Trying to open the hw design at C:/Users/gusta/OneDrive/Documents/universidad/4to/1r/SEP/Proyectos/pr2/SEPmonG3/SEPmonG3/hw/SEPmon.xsa
TRACE::2024-06-21.15:39:03::SCWPlatform::DSA given C:/Users/gusta/OneDrive/Documents/universidad/4to/1r/SEP/Proyectos/pr2/SEPmonG3/SEPmonG3/hw/SEPmon.xsa
TRACE::2024-06-21.15:39:03::SCWPlatform::DSA absoulate path C:/Users/gusta/OneDrive/Documents/universidad/4to/1r/SEP/Proyectos/pr2/SEPmonG3/SEPmonG3/hw/SEPmon.xsa
TRACE::2024-06-21.15:39:03::SCWPlatform::DSA directory C:/Users/gusta/OneDrive/Documents/universidad/4to/1r/SEP/Proyectos/pr2/SEPmonG3/SEPmonG3/hw
TRACE::2024-06-21.15:39:03::SCWPlatform:: Platform Path C:/Users/gusta/OneDrive/Documents/universidad/4to/1r/SEP/Proyectos/pr2/SEPmonG3/SEPmonG3/hw/SEPmon.xsa
TRACE::2024-06-21.15:39:03::SCWPlatform:: Unique name xilinx:zybo-z7-10::0.0
TRACE::2024-06-21.15:39:03::SCWPlatform::Trying to set the existing hwdb with name DEMO_wrapper
TRACE::2024-06-21.15:39:03::SCWPlatform::Opened existing hwdb DEMO_wrapper
TRACE::2024-06-21.15:39:03::SCWPlatform::Found the Hw Db part of the input DSA
TRACE::2024-06-21.15:39:03::SCWMssOS::Checking the sw design at  C:/Users/gusta/OneDrive/Documents/universidad/4to/1r/SEP/Proyectos/pr2/SEPmonG3/SEPmonG3/ps7_cortexa9_0/standalone_domain/bsp/system.mss
TRACE::2024-06-21.15:39:03::SCWMssOS::DEBUG:  swdes dump  C:/Users/gusta/OneDrive/Documents/universidad/4to/1r/SEP/Proyectos/pr2/SEPmonG3/SEPmonG3/ps7_cortexa9_0/standalone_domain/bsp/system.mss|system_0||
C:/Users/gusta/OneDrive/Documents/universidad/4to/1r/SEP/Proyectos/pr2/SEPmonG3/SEPmonG3/zynq_fsbl/zynq_fsbl_bsp/system.mss|system||

TRACE::2024-06-21.15:39:03::SCWMssOS::Sw design exists and opened at  C:/Users/gusta/OneDrive/Documents/universidad/4to/1r/SEP/Proyectos/pr2/SEPmonG3/SEPmonG3/ps7_cortexa9_0/standalone_domain/bsp/system.mss
TRACE::2024-06-21.15:39:03::SCWReader::No isolation master present  
LOG::2024-06-21.15:39:03::SCWPlatform::Started generating the artifacts platform SEPmonG3
TRACE::2024-06-21.15:39:03::SCWPlatform::Sanity checking of platform is completed
LOG::2024-06-21.15:39:03::SCWPlatform::Started generating the artifacts for system configuration SEPmonG3
LOG::2024-06-21.15:39:03::SCWSystem::Checking the domain zynq_fsbl
LOG::2024-06-21.15:39:03::SCWSystem::Doing application build for :  zynq_fsbl
TRACE::2024-06-21.15:39:03::SCWBDomain::Not a forced makefile updation, No changes are present. 
TRACE::2024-06-21.15:39:03::SCWDomain::Building the domain as part of full build :  zynq_fsbl
TRACE::2024-06-21.15:39:03::SCWPlatform::Trying to open the hw design at C:/Users/gusta/OneDrive/Documents/universidad/4to/1r/SEP/Proyectos/pr2/SEPmonG3/SEPmonG3/hw/SEPmon.xsa
TRACE::2024-06-21.15:39:03::SCWPlatform::DSA given C:/Users/gusta/OneDrive/Documents/universidad/4to/1r/SEP/Proyectos/pr2/SEPmonG3/SEPmonG3/hw/SEPmon.xsa
TRACE::2024-06-21.15:39:03::SCWPlatform::DSA absoulate path C:/Users/gusta/OneDrive/Documents/universidad/4to/1r/SEP/Proyectos/pr2/SEPmonG3/SEPmonG3/hw/SEPmon.xsa
TRACE::2024-06-21.15:39:03::SCWPlatform::DSA directory C:/Users/gusta/OneDrive/Documents/universidad/4to/1r/SEP/Proyectos/pr2/SEPmonG3/SEPmonG3/hw
TRACE::2024-06-21.15:39:03::SCWPlatform:: Platform Path C:/Users/gusta/OneDrive/Documents/universidad/4to/1r/SEP/Proyectos/pr2/SEPmonG3/SEPmonG3/hw/SEPmon.xsa
TRACE::2024-06-21.15:39:03::SCWPlatform:: Unique name xilinx:zybo-z7-10::0.0
TRACE::2024-06-21.15:39:03::SCWPlatform::Trying to set the existing hwdb with name DEMO_wrapper
TRACE::2024-06-21.15:39:03::SCWPlatform::Opened existing hwdb DEMO_wrapper
TRACE::2024-06-21.15:39:03::SCWPlatform::Found the Hw Db part of the input DSA
TRACE::2024-06-21.15:39:03::SCWMssOS::Checking the sw design at  C:/Users/gusta/OneDrive/Documents/universidad/4to/1r/SEP/Proyectos/pr2/SEPmonG3/SEPmonG3/zynq_fsbl/zynq_fsbl_bsp/system.mss
TRACE::2024-06-21.15:39:03::SCWMssOS::DEBUG:  swdes dump  C:/Users/gusta/OneDrive/Documents/universidad/4to/1r/SEP/Proyectos/pr2/SEPmonG3/SEPmonG3/ps7_cortexa9_0/standalone_domain/bsp/system.mss|system_0||
C:/Users/gusta/OneDrive/Documents/universidad/4to/1r/SEP/Proyectos/pr2/SEPmonG3/SEPmonG3/zynq_fsbl/zynq_fsbl_bsp/system.mss|system||

TRACE::2024-06-21.15:39:03::SCWMssOS::Sw design exists and opened at  C:/Users/gusta/OneDrive/Documents/universidad/4to/1r/SEP/Proyectos/pr2/SEPmonG3/SEPmonG3/zynq_fsbl/zynq_fsbl_bsp/system.mss
TRACE::2024-06-21.15:39:03::SCWBDomain::Completed writing the mss file at C:/Users/gusta/OneDrive/Documents/universidad/4to/1r/SEP/Proyectos/pr2/SEPmonG3/SEPmonG3/zynq_fsbl/zynq_fsbl_bsp
TRACE::2024-06-21.15:39:03::SCWBDomain::bsp generated is upto date with the mss file. Skipping bsp generation.
TRACE::2024-06-21.15:39:03::SCWBDomain::Not a forced makefile updation, No changes are present. 
TRACE::2024-06-21.15:39:03::SCWBDomain::System Command Ran  C:&  cd  C:/Users/gusta/OneDrive/Documents/universidad/4to/1r/SEP/Proyectos/pr2/SEPmonG3/SEPmonG3/zynq_fsbl & make 
TRACE::2024-06-21.15:39:03::SCWBDomain::make: Nothing to be done for 'all'.

LOG::2024-06-21.15:39:03::SCWSystem::Checking the domain standalone_domain
LOG::2024-06-21.15:39:03::SCWSystem::Not a boot domain 
LOG::2024-06-21.15:39:03::SCWSystem::Started Processing the domain standalone_domain
TRACE::2024-06-21.15:39:03::SCWDomain::Generating domain artifcats
TRACE::2024-06-21.15:39:03::SCWMssOS::Generating standalone artifcats
TRACE::2024-06-21.15:39:03::SCWMssOS::Copying the qemu file from  C:/Xilinx/Vitis/2020.1/data/emulation/platforms/zynq/qemu/qemu_args.txt To C:/Users/gusta/OneDrive/Documents/universidad/4to/1r/SEP/Proyectos/pr2/SEPmonG3/SEPmonG3/export/SEPmonG3/sw/SEPmonG3/qemu/
TRACE::2024-06-21.15:39:03::SCWMssOS::Copying the qemu file from  C:/Xilinx/Vitis/2020.1/data/emulation/platforms/zynq/qemu/qemu_args.txt To C:/Users/gusta/OneDrive/Documents/universidad/4to/1r/SEP/Proyectos/pr2/SEPmonG3/SEPmonG3/export/SEPmonG3/sw/SEPmonG3/standalone_domain/qemu/
TRACE::2024-06-21.15:39:03::SCWMssOS:: Copying the user libraries. 
TRACE::2024-06-21.15:39:03::SCWPlatform::Trying to open the hw design at C:/Users/gusta/OneDrive/Documents/universidad/4to/1r/SEP/Proyectos/pr2/SEPmonG3/SEPmonG3/hw/SEPmon.xsa
TRACE::2024-06-21.15:39:03::SCWPlatform::DSA given C:/Users/gusta/OneDrive/Documents/universidad/4to/1r/SEP/Proyectos/pr2/SEPmonG3/SEPmonG3/hw/SEPmon.xsa
TRACE::2024-06-21.15:39:03::SCWPlatform::DSA absoulate path C:/Users/gusta/OneDrive/Documents/universidad/4to/1r/SEP/Proyectos/pr2/SEPmonG3/SEPmonG3/hw/SEPmon.xsa
TRACE::2024-06-21.15:39:03::SCWPlatform::DSA directory C:/Users/gusta/OneDrive/Documents/universidad/4to/1r/SEP/Proyectos/pr2/SEPmonG3/SEPmonG3/hw
TRACE::2024-06-21.15:39:03::SCWPlatform:: Platform Path C:/Users/gusta/OneDrive/Documents/universidad/4to/1r/SEP/Proyectos/pr2/SEPmonG3/SEPmonG3/hw/SEPmon.xsa
TRACE::2024-06-21.15:39:03::SCWPlatform:: Unique name xilinx:zybo-z7-10::0.0
TRACE::2024-06-21.15:39:03::SCWPlatform::Trying to set the existing hwdb with name DEMO_wrapper
TRACE::2024-06-21.15:39:03::SCWPlatform::Opened existing hwdb DEMO_wrapper
TRACE::2024-06-21.15:39:03::SCWPlatform::Found the Hw Db part of the input DSA
TRACE::2024-06-21.15:39:03::SCWMssOS::Checking the sw design at  C:/Users/gusta/OneDrive/Documents/universidad/4to/1r/SEP/Proyectos/pr2/SEPmonG3/SEPmonG3/ps7_cortexa9_0/standalone_domain/bsp/system.mss
TRACE::2024-06-21.15:39:03::SCWMssOS::DEBUG:  swdes dump  C:/Users/gusta/OneDrive/Documents/universidad/4to/1r/SEP/Proyectos/pr2/SEPmonG3/SEPmonG3/ps7_cortexa9_0/standalone_domain/bsp/system.mss|system_0||
C:/Users/gusta/OneDrive/Documents/universidad/4to/1r/SEP/Proyectos/pr2/SEPmonG3/SEPmonG3/zynq_fsbl/zynq_fsbl_bsp/system.mss|system||

TRACE::2024-06-21.15:39:03::SCWMssOS::Sw design exists and opened at  C:/Users/gusta/OneDrive/Documents/universidad/4to/1r/SEP/Proyectos/pr2/SEPmonG3/SEPmonG3/ps7_cortexa9_0/standalone_domain/bsp/system.mss
TRACE::2024-06-21.15:39:03::SCWMssOS::Completed writing the mss file at C:/Users/gusta/OneDrive/Documents/universidad/4to/1r/SEP/Proyectos/pr2/SEPmonG3/SEPmonG3/ps7_cortexa9_0/standalone_domain/bsp
TRACE::2024-06-21.15:39:03::SCWMssOS::Mss edits present, copying mssfile into export location C:/Users/gusta/OneDrive/Documents/universidad/4to/1r/SEP/Proyectos/pr2/SEPmonG3/SEPmonG3/ps7_cortexa9_0/standalone_domain/bsp/system.mss
TRACE::2024-06-21.15:39:03::SCWMssOS::bsp generated is upto date with the mss file. Skipping bsp generation.
TRACE::2024-06-21.15:39:03::SCWMssOS::BSP is already built. skipping the bsp build ... 
TRACE::2024-06-21.15:39:03::SCWDomain::Building the domain as part of full build :  standalone_domain
TRACE::2024-06-21.15:39:03::SCWMssOS::doing bsp build ... 
TRACE::2024-06-21.15:39:03::SCWMssOS::System Command Ran  C: & cd  C:/Users/gusta/OneDrive/Documents/universidad/4to/1r/SEP/Proyectos/pr2/SEPmonG3/SEPmonG3/ps7_cortexa9_0/standalone_domain/bsp & make 
TRACE::2024-06-21.15:39:03::SCWMssOS::"Running Make include in ps7_cortexa9_0/libsrc/coresightps_dcc_v1_7/src"

TRACE::2024-06-21.15:39:03::SCWMssOS::make -C ps7_cortexa9_0/libsrc/coresightps_dcc_v1_7/src -s include  "SHELL=CMD" "COMPILER=arm-none-eabi-gcc" "ASSEMBLER=arm-none
TRACE::2024-06-21.15:39:03::SCWMssOS::-eabi-as" "ARCHIVER=arm-none-eabi-ar" "COMPILER_FLAGS=  -O2 -c" "EXTRA_COMPILER_FLAGS=-mcpu=cortex-a9 -mfpu=vfpv3 -mfloat-abi=h
TRACE::2024-06-21.15:39:03::SCWMssOS::ard -nostartfiles -g -Wall -Wextra"

TRACE::2024-06-21.15:39:03::SCWMssOS::"Running Make include in ps7_cortexa9_0/libsrc/cpu_cortexa9_v2_9/src"

TRACE::2024-06-21.15:39:03::SCWMssOS::make -C ps7_cortexa9_0/libsrc/cpu_cortexa9_v2_9/src -s include  "SHELL=CMD" "COMPILER=arm-none-eabi-gcc" "ASSEMBLER=arm-none-ea
TRACE::2024-06-21.15:39:03::SCWMssOS::bi-as" "ARCHIVER=arm-none-eabi-ar" "COMPILER_FLAGS=  -O2 -c" "EXTRA_COMPILER_FLAGS=-mcpu=cortex-a9 -mfpu=vfpv3 -mfloat-abi=hard
TRACE::2024-06-21.15:39:03::SCWMssOS:: -nostartfiles -g -Wall -Wextra"

TRACE::2024-06-21.15:39:03::SCWMssOS::"Running Make include in ps7_cortexa9_0/libsrc/ddrps_v1_1/src"

TRACE::2024-06-21.15:39:03::SCWMssOS::make -C ps7_cortexa9_0/libsrc/ddrps_v1_1/src -s include  "SHELL=CMD" "COMPILER=arm-none-eabi-gcc" "ASSEMBLER=arm-none-eabi-as" 
TRACE::2024-06-21.15:39:03::SCWMssOS::"ARCHIVER=arm-none-eabi-ar" "COMPILER_FLAGS=  -O2 -c" "EXTRA_COMPILER_FLAGS=-mcpu=cortex-a9 -mfpu=vfpv3 -mfloat-abi=hard -nosta
TRACE::2024-06-21.15:39:03::SCWMssOS::rtfiles -g -Wall -Wextra"

TRACE::2024-06-21.15:39:03::SCWMssOS::"Running Make include in ps7_cortexa9_0/libsrc/devcfg_v3_6/src"

TRACE::2024-06-21.15:39:03::SCWMssOS::make -C ps7_cortexa9_0/libsrc/devcfg_v3_6/src -s include  "SHELL=CMD" "COMPILER=arm-none-eabi-gcc" "ASSEMBLER=arm-none-eabi-as"
TRACE::2024-06-21.15:39:03::SCWMssOS:: "ARCHIVER=arm-none-eabi-ar" "COMPILER_FLAGS=  -O2 -c" "EXTRA_COMPILER_FLAGS=-mcpu=cortex-a9 -mfpu=vfpv3 -mfloat-abi=hard -nost
TRACE::2024-06-21.15:39:03::SCWMssOS::artfiles -g -Wall -Wextra"

TRACE::2024-06-21.15:39:04::SCWMssOS::"Running Make include in ps7_cortexa9_0/libsrc/dmaps_v2_6/src"

TRACE::2024-06-21.15:39:04::SCWMssOS::make -C ps7_cortexa9_0/libsrc/dmaps_v2_6/src -s include  "SHELL=CMD" "COMPILER=arm-none-eabi-gcc" "ASSEMBLER=arm-none-eabi-as" 
TRACE::2024-06-21.15:39:04::SCWMssOS::"ARCHIVER=arm-none-eabi-ar" "COMPILER_FLAGS=  -O2 -c" "EXTRA_COMPILER_FLAGS=-mcpu=cortex-a9 -mfpu=vfpv3 -mfloat-abi=hard -nosta
TRACE::2024-06-21.15:39:04::SCWMssOS::rtfiles -g -Wall -Wextra"

TRACE::2024-06-21.15:39:04::SCWMssOS::"Running Make include in ps7_cortexa9_0/libsrc/emacps_v3_11/src"

TRACE::2024-06-21.15:39:04::SCWMssOS::make -C ps7_cortexa9_0/libsrc/emacps_v3_11/src -s include  "SHELL=CMD" "COMPILER=arm-none-eabi-gcc" "ASSEMBLER=arm-none-eabi-as
TRACE::2024-06-21.15:39:04::SCWMssOS::" "ARCHIVER=arm-none-eabi-ar" "COMPILER_FLAGS=  -O2 -c" "EXTRA_COMPILER_FLAGS=-mcpu=cortex-a9 -mfpu=vfpv3 -mfloat-abi=hard -nos
TRACE::2024-06-21.15:39:04::SCWMssOS::tartfiles -g -Wall -Wextra"

TRACE::2024-06-21.15:39:04::SCWMssOS::"Running Make include in ps7_cortexa9_0/libsrc/gpiops_v3_7/src"

TRACE::2024-06-21.15:39:04::SCWMssOS::make -C ps7_cortexa9_0/libsrc/gpiops_v3_7/src -s include  "SHELL=CMD" "COMPILER=arm-none-eabi-gcc" "ASSEMBLER=arm-none-eabi-as"
TRACE::2024-06-21.15:39:04::SCWMssOS:: "ARCHIVER=arm-none-eabi-ar" "COMPILER_FLAGS=  -O2 -c" "EXTRA_COMPILER_FLAGS=-mcpu=cortex-a9 -mfpu=vfpv3 -mfloat-abi=hard -nost
TRACE::2024-06-21.15:39:04::SCWMssOS::artfiles -g -Wall -Wextra"

TRACE::2024-06-21.15:39:04::SCWMssOS::"Running Make include in ps7_cortexa9_0/libsrc/gpio_v4_6/src"

TRACE::2024-06-21.15:39:04::SCWMssOS::make -C ps7_cortexa9_0/libsrc/gpio_v4_6/src -s include  "SHELL=CMD" "COMPILER=arm-none-eabi-gcc" "ASSEMBLER=arm-none-eabi-as" "
TRACE::2024-06-21.15:39:04::SCWMssOS::ARCHIVER=arm-none-eabi-ar" "COMPILER_FLAGS=  -O2 -c" "EXTRA_COMPILER_FLAGS=-mcpu=cortex-a9 -mfpu=vfpv3 -mfloat-abi=hard -nostar
TRACE::2024-06-21.15:39:04::SCWMssOS::tfiles -g -Wall -Wextra"

TRACE::2024-06-21.15:39:04::SCWMssOS::"Running Make include in ps7_cortexa9_0/libsrc/iic_v3_6/src"

TRACE::2024-06-21.15:39:04::SCWMssOS::make -C ps7_cortexa9_0/libsrc/iic_v3_6/src -s include  "SHELL=CMD" "COMPILER=arm-none-eabi-gcc" "ASSEMBLER=arm-none-eabi-as" "A
TRACE::2024-06-21.15:39:04::SCWMssOS::RCHIVER=arm-none-eabi-ar" "COMPILER_FLAGS=  -O2 -c" "EXTRA_COMPILER_FLAGS=-mcpu=cortex-a9 -mfpu=vfpv3 -mfloat-abi=hard -nostart
TRACE::2024-06-21.15:39:04::SCWMssOS::files -g -Wall -Wextra"

TRACE::2024-06-21.15:39:05::SCWMssOS::"Running Make include in ps7_cortexa9_0/libsrc/qspips_v3_7/src"

TRACE::2024-06-21.15:39:05::SCWMssOS::make -C ps7_cortexa9_0/libsrc/qspips_v3_7/src -s include  "SHELL=CMD" "COMPILER=arm-none-eabi-gcc" "ASSEMBLER=arm-none-eabi-as"
TRACE::2024-06-21.15:39:05::SCWMssOS:: "ARCHIVER=arm-none-eabi-ar" "COMPILER_FLAGS=  -O2 -c" "EXTRA_COMPILER_FLAGS=-mcpu=cortex-a9 -mfpu=vfpv3 -mfloat-abi=hard -nost
TRACE::2024-06-21.15:39:05::SCWMssOS::artfiles -g -Wall -Wextra"

TRACE::2024-06-21.15:39:05::SCWMssOS::"Running Make include in ps7_cortexa9_0/libsrc/scugic_v4_2/src"

TRACE::2024-06-21.15:39:05::SCWMssOS::make -C ps7_cortexa9_0/libsrc/scugic_v4_2/src -s include  "SHELL=CMD" "COMPILER=arm-none-eabi-gcc" "ASSEMBLER=arm-none-eabi-as"
TRACE::2024-06-21.15:39:05::SCWMssOS:: "ARCHIVER=arm-none-eabi-ar" "COMPILER_FLAGS=  -O2 -c" "EXTRA_COMPILER_FLAGS=-mcpu=cortex-a9 -mfpu=vfpv3 -mfloat-abi=hard -nost
TRACE::2024-06-21.15:39:05::SCWMssOS::artfiles -g -Wall -Wextra"

TRACE::2024-06-21.15:39:05::SCWMssOS::"Running Make include in ps7_cortexa9_0/libsrc/scutimer_v2_2/src"

TRACE::2024-06-21.15:39:05::SCWMssOS::make -C ps7_cortexa9_0/libsrc/scutimer_v2_2/src -s include  "SHELL=CMD" "COMPILER=arm-none-eabi-gcc" "ASSEMBLER=arm-none-eabi-a
TRACE::2024-06-21.15:39:05::SCWMssOS::s" "ARCHIVER=arm-none-eabi-ar" "COMPILER_FLAGS=  -O2 -c" "EXTRA_COMPILER_FLAGS=-mcpu=cortex-a9 -mfpu=vfpv3 -mfloat-abi=hard -no
TRACE::2024-06-21.15:39:05::SCWMssOS::startfiles -g -Wall -Wextra"

TRACE::2024-06-21.15:39:05::SCWMssOS::"Running Make include in ps7_cortexa9_0/libsrc/scuwdt_v2_2/src"

TRACE::2024-06-21.15:39:05::SCWMssOS::make -C ps7_cortexa9_0/libsrc/scuwdt_v2_2/src -s include  "SHELL=CMD" "COMPILER=arm-none-eabi-gcc" "ASSEMBLER=arm-none-eabi-as"
TRACE::2024-06-21.15:39:05::SCWMssOS:: "ARCHIVER=arm-none-eabi-ar" "COMPILER_FLAGS=  -O2 -c" "EXTRA_COMPILER_FLAGS=-mcpu=cortex-a9 -mfpu=vfpv3 -mfloat-abi=hard -nost
TRACE::2024-06-21.15:39:05::SCWMssOS::artfiles -g -Wall -Wextra"

TRACE::2024-06-21.15:39:05::SCWMssOS::"Running Make include in ps7_cortexa9_0/libsrc/sdps_v3_9/src"

TRACE::2024-06-21.15:39:05::SCWMssOS::make -C ps7_cortexa9_0/libsrc/sdps_v3_9/src -s include  "SHELL=CMD" "COMPILER=arm-none-eabi-gcc" "ASSEMBLER=arm-none-eabi-as" "
TRACE::2024-06-21.15:39:05::SCWMssOS::ARCHIVER=arm-none-eabi-ar" "COMPILER_FLAGS=  -O2 -c" "EXTRA_COMPILER_FLAGS=-mcpu=cortex-a9 -mfpu=vfpv3 -mfloat-abi=hard -nostar
TRACE::2024-06-21.15:39:05::SCWMssOS::tfiles -g -Wall -Wextra"

TRACE::2024-06-21.15:39:05::SCWMssOS::"Running Make include in ps7_cortexa9_0/libsrc/spi_v4_6/src"

TRACE::2024-06-21.15:39:05::SCWMssOS::make -C ps7_cortexa9_0/libsrc/spi_v4_6/src -s include  "SHELL=CMD" "COMPILER=arm-none-eabi-gcc" "ASSEMBLER=arm-none-eabi-as" "A
TRACE::2024-06-21.15:39:05::SCWMssOS::RCHIVER=arm-none-eabi-ar" "COMPILER_FLAGS=  -O2 -c" "EXTRA_COMPILER_FLAGS=-mcpu=cortex-a9 -mfpu=vfpv3 -mfloat-abi=hard -nostart
TRACE::2024-06-21.15:39:05::SCWMssOS::files -g -Wall -Wextra"

TRACE::2024-06-21.15:39:06::SCWMssOS::"Running Make include in ps7_cortexa9_0/libsrc/standalone_v7_2/src"

TRACE::2024-06-21.15:39:06::SCWMssOS::make -C ps7_cortexa9_0/libsrc/standalone_v7_2/src -s include  "SHELL=CMD" "COMPILER=arm-none-eabi-gcc" "ASSEMBLER=arm-none-eabi
TRACE::2024-06-21.15:39:06::SCWMssOS::-as" "ARCHIVER=arm-none-eabi-ar" "COMPILER_FLAGS=  -O2 -c" "EXTRA_COMPILER_FLAGS=-mcpu=cortex-a9 -mfpu=vfpv3 -mfloat-abi=hard -
TRACE::2024-06-21.15:39:06::SCWMssOS::nostartfiles -g -Wall -Wextra"

TRACE::2024-06-21.15:39:07::SCWMssOS::"Running Make include in ps7_cortexa9_0/libsrc/tmrctr_v4_6/src"

TRACE::2024-06-21.15:39:07::SCWMssOS::make -C ps7_cortexa9_0/libsrc/tmrctr_v4_6/src -s include  "SHELL=CMD" "COMPILER=arm-none-eabi-gcc" "ASSEMBLER=arm-none-eabi-as"
TRACE::2024-06-21.15:39:07::SCWMssOS:: "ARCHIVER=arm-none-eabi-ar" "COMPILER_FLAGS=  -O2 -c" "EXTRA_COMPILER_FLAGS=-mcpu=cortex-a9 -mfpu=vfpv3 -mfloat-abi=hard -nost
TRACE::2024-06-21.15:39:07::SCWMssOS::artfiles -g -Wall -Wextra"

TRACE::2024-06-21.15:39:07::SCWMssOS::"Running Make include in ps7_cortexa9_0/libsrc/uartps_v3_9/src"

TRACE::2024-06-21.15:39:07::SCWMssOS::make -C ps7_cortexa9_0/libsrc/uartps_v3_9/src -s include  "SHELL=CMD" "COMPILER=arm-none-eabi-gcc" "ASSEMBLER=arm-none-eabi-as"
TRACE::2024-06-21.15:39:07::SCWMssOS:: "ARCHIVER=arm-none-eabi-ar" "COMPILER_FLAGS=  -O2 -c" "EXTRA_COMPILER_FLAGS=-mcpu=cortex-a9 -mfpu=vfpv3 -mfloat-abi=hard -nost
TRACE::2024-06-21.15:39:07::SCWMssOS::artfiles -g -Wall -Wextra"

TRACE::2024-06-21.15:39:07::SCWMssOS::"Running Make include in ps7_cortexa9_0/libsrc/usbps_v2_5/src"

TRACE::2024-06-21.15:39:07::SCWMssOS::make -C ps7_cortexa9_0/libsrc/usbps_v2_5/src -s include  "SHELL=CMD" "COMPILER=arm-none-eabi-gcc" "ASSEMBLER=arm-none-eabi-as" 
TRACE::2024-06-21.15:39:07::SCWMssOS::"ARCHIVER=arm-none-eabi-ar" "COMPILER_FLAGS=  -O2 -c" "EXTRA_COMPILER_FLAGS=-mcpu=cortex-a9 -mfpu=vfpv3 -mfloat-abi=hard -nosta
TRACE::2024-06-21.15:39:07::SCWMssOS::rtfiles -g -Wall -Wextra"

TRACE::2024-06-21.15:39:07::SCWMssOS::"Running Make include in ps7_cortexa9_0/libsrc/xadcps_v2_4/src"

TRACE::2024-06-21.15:39:07::SCWMssOS::make -C ps7_cortexa9_0/libsrc/xadcps_v2_4/src -s include  "SHELL=CMD" "COMPILER=arm-none-eabi-gcc" "ASSEMBLER=arm-none-eabi-as"
TRACE::2024-06-21.15:39:07::SCWMssOS:: "ARCHIVER=arm-none-eabi-ar" "COMPILER_FLAGS=  -O2 -c" "EXTRA_COMPILER_FLAGS=-mcpu=cortex-a9 -mfpu=vfpv3 -mfloat-abi=hard -nost
TRACE::2024-06-21.15:39:07::SCWMssOS::artfiles -g -Wall -Wextra"

TRACE::2024-06-21.15:39:07::SCWMssOS::"Running Make libs in ps7_cortexa9_0/libsrc/coresightps_dcc_v1_7/src"

TRACE::2024-06-21.15:39:07::SCWMssOS::make -C ps7_cortexa9_0/libsrc/coresightps_dcc_v1_7/src -s libs  "SHELL=CMD" "COMPILER=arm-none-eabi-gcc" "ASSEMBLER=arm-none-ea
TRACE::2024-06-21.15:39:07::SCWMssOS::bi-as" "ARCHIVER=arm-none-eabi-ar" "COMPILER_FLAGS=  -O2 -c" "EXTRA_COMPILER_FLAGS=-mcpu=cortex-a9 -mfpu=vfpv3 -mfloat-abi=hard
TRACE::2024-06-21.15:39:07::SCWMssOS:: -nostartfiles -g -Wall -Wextra"

TRACE::2024-06-21.15:39:07::SCWMssOS::"Compiling coresightps_dcc"

TRACE::2024-06-21.15:39:08::SCWMssOS::"Running Make libs in ps7_cortexa9_0/libsrc/cpu_cortexa9_v2_9/src"

TRACE::2024-06-21.15:39:08::SCWMssOS::make -C ps7_cortexa9_0/libsrc/cpu_cortexa9_v2_9/src -s libs  "SHELL=CMD" "COMPILER=arm-none-eabi-gcc" "ASSEMBLER=arm-none-eabi-
TRACE::2024-06-21.15:39:08::SCWMssOS::as" "ARCHIVER=arm-none-eabi-ar" "COMPILER_FLAGS=  -O2 -c" "EXTRA_COMPILER_FLAGS=-mcpu=cortex-a9 -mfpu=vfpv3 -mfloat-abi=hard -n
TRACE::2024-06-21.15:39:08::SCWMssOS::ostartfiles -g -Wall -Wextra"

TRACE::2024-06-21.15:39:08::SCWMssOS::"Compiling cpu_cortexa9"

TRACE::2024-06-21.15:39:08::SCWMssOS::"Running Make libs in ps7_cortexa9_0/libsrc/ddrps_v1_1/src"

TRACE::2024-06-21.15:39:08::SCWMssOS::make -C ps7_cortexa9_0/libsrc/ddrps_v1_1/src -s libs  "SHELL=CMD" "COMPILER=arm-none-eabi-gcc" "ASSEMBLER=arm-none-eabi-as" "AR
TRACE::2024-06-21.15:39:08::SCWMssOS::CHIVER=arm-none-eabi-ar" "COMPILER_FLAGS=  -O2 -c" "EXTRA_COMPILER_FLAGS=-mcpu=cortex-a9 -mfpu=vfpv3 -mfloat-abi=hard -nostartf
TRACE::2024-06-21.15:39:08::SCWMssOS::iles -g -Wall -Wextra"

TRACE::2024-06-21.15:39:08::SCWMssOS::"Compiling ddrps"

TRACE::2024-06-21.15:39:08::SCWMssOS::"Running Make libs in ps7_cortexa9_0/libsrc/devcfg_v3_6/src"

TRACE::2024-06-21.15:39:08::SCWMssOS::make -C ps7_cortexa9_0/libsrc/devcfg_v3_6/src -s libs  "SHELL=CMD" "COMPILER=arm-none-eabi-gcc" "ASSEMBLER=arm-none-eabi-as" "A
TRACE::2024-06-21.15:39:08::SCWMssOS::RCHIVER=arm-none-eabi-ar" "COMPILER_FLAGS=  -O2 -c" "EXTRA_COMPILER_FLAGS=-mcpu=cortex-a9 -mfpu=vfpv3 -mfloat-abi=hard -nostart
TRACE::2024-06-21.15:39:08::SCWMssOS::files -g -Wall -Wextra"

TRACE::2024-06-21.15:39:08::SCWMssOS::"Compiling devcfg"

TRACE::2024-06-21.15:39:09::SCWMssOS::"Running Make libs in ps7_cortexa9_0/libsrc/dmaps_v2_6/src"

TRACE::2024-06-21.15:39:09::SCWMssOS::make -C ps7_cortexa9_0/libsrc/dmaps_v2_6/src -s libs  "SHELL=CMD" "COMPILER=arm-none-eabi-gcc" "ASSEMBLER=arm-none-eabi-as" "AR
TRACE::2024-06-21.15:39:09::SCWMssOS::CHIVER=arm-none-eabi-ar" "COMPILER_FLAGS=  -O2 -c" "EXTRA_COMPILER_FLAGS=-mcpu=cortex-a9 -mfpu=vfpv3 -mfloat-abi=hard -nostartf
TRACE::2024-06-21.15:39:09::SCWMssOS::iles -g -Wall -Wextra"

TRACE::2024-06-21.15:39:09::SCWMssOS::"Compiling dmaps"

TRACE::2024-06-21.15:39:10::SCWMssOS::"Running Make libs in ps7_cortexa9_0/libsrc/emacps_v3_11/src"

TRACE::2024-06-21.15:39:10::SCWMssOS::make -C ps7_cortexa9_0/libsrc/emacps_v3_11/src -s libs  "SHELL=CMD" "COMPILER=arm-none-eabi-gcc" "ASSEMBLER=arm-none-eabi-as" "
TRACE::2024-06-21.15:39:10::SCWMssOS::ARCHIVER=arm-none-eabi-ar" "COMPILER_FLAGS=  -O2 -c" "EXTRA_COMPILER_FLAGS=-mcpu=cortex-a9 -mfpu=vfpv3 -mfloat-abi=hard -nostar
TRACE::2024-06-21.15:39:10::SCWMssOS::tfiles -g -Wall -Wextra"

TRACE::2024-06-21.15:39:10::SCWMssOS::"Compiling emacps"

TRACE::2024-06-21.15:39:11::SCWMssOS::"Running Make libs in ps7_cortexa9_0/libsrc/gpiops_v3_7/src"

TRACE::2024-06-21.15:39:11::SCWMssOS::make -C ps7_cortexa9_0/libsrc/gpiops_v3_7/src -s libs  "SHELL=CMD" "COMPILER=arm-none-eabi-gcc" "ASSEMBLER=arm-none-eabi-as" "A
TRACE::2024-06-21.15:39:11::SCWMssOS::RCHIVER=arm-none-eabi-ar" "COMPILER_FLAGS=  -O2 -c" "EXTRA_COMPILER_FLAGS=-mcpu=cortex-a9 -mfpu=vfpv3 -mfloat-abi=hard -nostart
TRACE::2024-06-21.15:39:11::SCWMssOS::files -g -Wall -Wextra"

TRACE::2024-06-21.15:39:11::SCWMssOS::"Compiling gpiops"

TRACE::2024-06-21.15:39:13::SCWMssOS::"Running Make libs in ps7_cortexa9_0/libsrc/gpio_v4_6/src"

TRACE::2024-06-21.15:39:13::SCWMssOS::make -C ps7_cortexa9_0/libsrc/gpio_v4_6/src -s libs  "SHELL=CMD" "COMPILER=arm-none-eabi-gcc" "ASSEMBLER=arm-none-eabi-as" "ARC
TRACE::2024-06-21.15:39:13::SCWMssOS::HIVER=arm-none-eabi-ar" "COMPILER_FLAGS=  -O2 -c" "EXTRA_COMPILER_FLAGS=-mcpu=cortex-a9 -mfpu=vfpv3 -mfloat-abi=hard -nostartfi
TRACE::2024-06-21.15:39:13::SCWMssOS::les -g -Wall -Wextra"

TRACE::2024-06-21.15:39:13::SCWMssOS::"Compiling gpio"

TRACE::2024-06-21.15:39:14::SCWMssOS::"Running Make libs in ps7_cortexa9_0/libsrc/iic_v3_6/src"

TRACE::2024-06-21.15:39:14::SCWMssOS::make -C ps7_cortexa9_0/libsrc/iic_v3_6/src -s libs  "SHELL=CMD" "COMPILER=arm-none-eabi-gcc" "ASSEMBLER=arm-none-eabi-as" "ARCH
TRACE::2024-06-21.15:39:14::SCWMssOS::IVER=arm-none-eabi-ar" "COMPILER_FLAGS=  -O2 -c" "EXTRA_COMPILER_FLAGS=-mcpu=cortex-a9 -mfpu=vfpv3 -mfloat-abi=hard -nostartfil
TRACE::2024-06-21.15:39:14::SCWMssOS::es -g -Wall -Wextra"

TRACE::2024-06-21.15:39:14::SCWMssOS::"Compiling iic"

TRACE::2024-06-21.15:39:15::SCWMssOS::"Running Make libs in ps7_cortexa9_0/libsrc/qspips_v3_7/src"

TRACE::2024-06-21.15:39:15::SCWMssOS::make -C ps7_cortexa9_0/libsrc/qspips_v3_7/src -s libs  "SHELL=CMD" "COMPILER=arm-none-eabi-gcc" "ASSEMBLER=arm-none-eabi-as" "A
TRACE::2024-06-21.15:39:15::SCWMssOS::RCHIVER=arm-none-eabi-ar" "COMPILER_FLAGS=  -O2 -c" "EXTRA_COMPILER_FLAGS=-mcpu=cortex-a9 -mfpu=vfpv3 -mfloat-abi=hard -nostart
TRACE::2024-06-21.15:39:15::SCWMssOS::files -g -Wall -Wextra"

TRACE::2024-06-21.15:39:16::SCWMssOS::"Compiling qspips"

TRACE::2024-06-21.15:39:17::SCWMssOS::"Running Make libs in ps7_cortexa9_0/libsrc/scugic_v4_2/src"

TRACE::2024-06-21.15:39:17::SCWMssOS::make -C ps7_cortexa9_0/libsrc/scugic_v4_2/src -s libs  "SHELL=CMD" "COMPILER=arm-none-eabi-gcc" "ASSEMBLER=arm-none-eabi-as" "A
TRACE::2024-06-21.15:39:17::SCWMssOS::RCHIVER=arm-none-eabi-ar" "COMPILER_FLAGS=  -O2 -c" "EXTRA_COMPILER_FLAGS=-mcpu=cortex-a9 -mfpu=vfpv3 -mfloat-abi=hard -nostart
TRACE::2024-06-21.15:39:17::SCWMssOS::files -g -Wall -Wextra"

TRACE::2024-06-21.15:39:17::SCWMssOS::"Compiling scugic"

TRACE::2024-06-21.15:39:18::SCWMssOS::"Running Make libs in ps7_cortexa9_0/libsrc/scutimer_v2_2/src"

TRACE::2024-06-21.15:39:18::SCWMssOS::make -C ps7_cortexa9_0/libsrc/scutimer_v2_2/src -s libs  "SHELL=CMD" "COMPILER=arm-none-eabi-gcc" "ASSEMBLER=arm-none-eabi-as" 
TRACE::2024-06-21.15:39:18::SCWMssOS::"ARCHIVER=arm-none-eabi-ar" "COMPILER_FLAGS=  -O2 -c" "EXTRA_COMPILER_FLAGS=-mcpu=cortex-a9 -mfpu=vfpv3 -mfloat-abi=hard -nosta
TRACE::2024-06-21.15:39:18::SCWMssOS::rtfiles -g -Wall -Wextra"

TRACE::2024-06-21.15:39:18::SCWMssOS::"Compiling scutimer"

TRACE::2024-06-21.15:39:18::SCWMssOS::"Running Make libs in ps7_cortexa9_0/libsrc/scuwdt_v2_2/src"

TRACE::2024-06-21.15:39:18::SCWMssOS::make -C ps7_cortexa9_0/libsrc/scuwdt_v2_2/src -s libs  "SHELL=CMD" "COMPILER=arm-none-eabi-gcc" "ASSEMBLER=arm-none-eabi-as" "A
TRACE::2024-06-21.15:39:18::SCWMssOS::RCHIVER=arm-none-eabi-ar" "COMPILER_FLAGS=  -O2 -c" "EXTRA_COMPILER_FLAGS=-mcpu=cortex-a9 -mfpu=vfpv3 -mfloat-abi=hard -nostart
TRACE::2024-06-21.15:39:18::SCWMssOS::files -g -Wall -Wextra"

TRACE::2024-06-21.15:39:18::SCWMssOS::"Compiling scuwdt"

TRACE::2024-06-21.15:39:19::SCWMssOS::"Running Make libs in ps7_cortexa9_0/libsrc/sdps_v3_9/src"

TRACE::2024-06-21.15:39:19::SCWMssOS::make -C ps7_cortexa9_0/libsrc/sdps_v3_9/src -s libs  "SHELL=CMD" "COMPILER=arm-none-eabi-gcc" "ASSEMBLER=arm-none-eabi-as" "ARC
TRACE::2024-06-21.15:39:19::SCWMssOS::HIVER=arm-none-eabi-ar" "COMPILER_FLAGS=  -O2 -c" "EXTRA_COMPILER_FLAGS=-mcpu=cortex-a9 -mfpu=vfpv3 -mfloat-abi=hard -nostartfi
TRACE::2024-06-21.15:39:19::SCWMssOS::les -g -Wall -Wextra"

TRACE::2024-06-21.15:39:19::SCWMssOS::"Compiling sdps"

TRACE::2024-06-21.15:39:20::SCWMssOS::"Running Make libs in ps7_cortexa9_0/libsrc/spi_v4_6/src"

TRACE::2024-06-21.15:39:20::SCWMssOS::make -C ps7_cortexa9_0/libsrc/spi_v4_6/src -s libs  "SHELL=CMD" "COMPILER=arm-none-eabi-gcc" "ASSEMBLER=arm-none-eabi-as" "ARCH
TRACE::2024-06-21.15:39:20::SCWMssOS::IVER=arm-none-eabi-ar" "COMPILER_FLAGS=  -O2 -c" "EXTRA_COMPILER_FLAGS=-mcpu=cortex-a9 -mfpu=vfpv3 -mfloat-abi=hard -nostartfil
TRACE::2024-06-21.15:39:20::SCWMssOS::es -g -Wall -Wextra"

TRACE::2024-06-21.15:39:20::SCWMssOS::"Compiling spi"

TRACE::2024-06-21.15:39:21::SCWMssOS::"Running Make libs in ps7_cortexa9_0/libsrc/standalone_v7_2/src"

TRACE::2024-06-21.15:39:21::SCWMssOS::make -C ps7_cortexa9_0/libsrc/standalone_v7_2/src -s libs  "SHELL=CMD" "COMPILER=arm-none-eabi-gcc" "ASSEMBLER=arm-none-eabi-as
TRACE::2024-06-21.15:39:21::SCWMssOS::" "ARCHIVER=arm-none-eabi-ar" "COMPILER_FLAGS=  -O2 -c" "EXTRA_COMPILER_FLAGS=-mcpu=cortex-a9 -mfpu=vfpv3 -mfloat-abi=hard -nos
TRACE::2024-06-21.15:39:21::SCWMssOS::tartfiles -g -Wall -Wextra"

TRACE::2024-06-21.15:39:21::SCWMssOS::"Compiling standalone"

TRACE::2024-06-21.15:39:25::SCWMssOS::"Running Make libs in ps7_cortexa9_0/libsrc/tmrctr_v4_6/src"

TRACE::2024-06-21.15:39:25::SCWMssOS::make -C ps7_cortexa9_0/libsrc/tmrctr_v4_6/src -s libs  "SHELL=CMD" "COMPILER=arm-none-eabi-gcc" "ASSEMBLER=arm-none-eabi-as" "A
TRACE::2024-06-21.15:39:25::SCWMssOS::RCHIVER=arm-none-eabi-ar" "COMPILER_FLAGS=  -O2 -c" "EXTRA_COMPILER_FLAGS=-mcpu=cortex-a9 -mfpu=vfpv3 -mfloat-abi=hard -nostart
TRACE::2024-06-21.15:39:25::SCWMssOS::files -g -Wall -Wextra"

TRACE::2024-06-21.15:39:25::SCWMssOS::"Compiling tmrctr"

TRACE::2024-06-21.15:39:26::SCWMssOS::"Running Make libs in ps7_cortexa9_0/libsrc/uartps_v3_9/src"

TRACE::2024-06-21.15:39:26::SCWMssOS::make -C ps7_cortexa9_0/libsrc/uartps_v3_9/src -s libs  "SHELL=CMD" "COMPILER=arm-none-eabi-gcc" "ASSEMBLER=arm-none-eabi-as" "A
TRACE::2024-06-21.15:39:26::SCWMssOS::RCHIVER=arm-none-eabi-ar" "COMPILER_FLAGS=  -O2 -c" "EXTRA_COMPILER_FLAGS=-mcpu=cortex-a9 -mfpu=vfpv3 -mfloat-abi=hard -nostart
TRACE::2024-06-21.15:39:26::SCWMssOS::files -g -Wall -Wextra"

TRACE::2024-06-21.15:39:26::SCWMssOS::"Compiling uartps"

TRACE::2024-06-21.15:39:27::SCWMssOS::"Running Make libs in ps7_cortexa9_0/libsrc/usbps_v2_5/src"

TRACE::2024-06-21.15:39:27::SCWMssOS::make -C ps7_cortexa9_0/libsrc/usbps_v2_5/src -s libs  "SHELL=CMD" "COMPILER=arm-none-eabi-gcc" "ASSEMBLER=arm-none-eabi-as" "AR
TRACE::2024-06-21.15:39:27::SCWMssOS::CHIVER=arm-none-eabi-ar" "COMPILER_FLAGS=  -O2 -c" "EXTRA_COMPILER_FLAGS=-mcpu=cortex-a9 -mfpu=vfpv3 -mfloat-abi=hard -nostartf
TRACE::2024-06-21.15:39:27::SCWMssOS::iles -g -Wall -Wextra"

TRACE::2024-06-21.15:39:27::SCWMssOS::"Compiling usbps"

TRACE::2024-06-21.15:39:29::SCWMssOS::"Running Make libs in ps7_cortexa9_0/libsrc/xadcps_v2_4/src"

TRACE::2024-06-21.15:39:29::SCWMssOS::make -C ps7_cortexa9_0/libsrc/xadcps_v2_4/src -s libs  "SHELL=CMD" "COMPILER=arm-none-eabi-gcc" "ASSEMBLER=arm-none-eabi-as" "A
TRACE::2024-06-21.15:39:29::SCWMssOS::RCHIVER=arm-none-eabi-ar" "COMPILER_FLAGS=  -O2 -c" "EXTRA_COMPILER_FLAGS=-mcpu=cortex-a9 -mfpu=vfpv3 -mfloat-abi=hard -nostart
TRACE::2024-06-21.15:39:29::SCWMssOS::files -g -Wall -Wextra"

TRACE::2024-06-21.15:39:29::SCWMssOS::"Compiling xadcps"

TRACE::2024-06-21.15:39:30::SCWMssOS::'Finished building libraries'

TRACE::2024-06-21.15:39:30::SCWMssOS::Copying to export directory.
TRACE::2024-06-21.15:39:30::SCWMssOS:: Checking if to create the Supporting Applications
TRACE::2024-06-21.15:39:30::SCWMssOS:: No Linux domain exists, trying to generate FSBL 
LOG::2024-06-21.15:39:30::SCWSystem::Completed Processing the domain standalone_domain
LOG::2024-06-21.15:39:30::SCWSystem::Completed Processing the sysconfig SEPmonG3
LOG::2024-06-21.15:39:30::SCWPlatform::Completed generating the artifacts for system configuration SEPmonG3
TRACE::2024-06-21.15:39:30::SCWPlatform::Started preparing the platform 
TRACE::2024-06-21.15:39:30::SCWSystem::Writing the bif file for system config SEPmonG3
TRACE::2024-06-21.15:39:30::SCWSystem::dir created 
TRACE::2024-06-21.15:39:30::SCWSystem::Writing the bif 
TRACE::2024-06-21.15:39:30::SCWPlatform::Started writing the spfm file 
TRACE::2024-06-21.15:39:30::SCWPlatform::Started writing the xpfm file 
TRACE::2024-06-21.15:39:30::SCWPlatform::Completed generating the platform
TRACE::2024-06-21.15:39:30::SCWMssOS::Saving the mss changes C:/Users/gusta/OneDrive/Documents/universidad/4to/1r/SEP/Proyectos/pr2/SEPmonG3/SEPmonG3/zynq_fsbl/zynq_fsbl_bsp/system.mss
TRACE::2024-06-21.15:39:30::SCWMssOS::Found a swdesign opened with the mssfile.
TRACE::2024-06-21.15:39:30::SCWMssOS::Completed writemss as part of save.
TRACE::2024-06-21.15:39:30::SCWMssOS::Commit changes completed.
TRACE::2024-06-21.15:39:30::SCWMssOS::Saving the mss changes C:/Users/gusta/OneDrive/Documents/universidad/4to/1r/SEP/Proyectos/pr2/SEPmonG3/SEPmonG3/ps7_cortexa9_0/standalone_domain/bsp/system.mss
TRACE::2024-06-21.15:39:30::SCWMssOS::Found a swdesign opened with the mssfile.
TRACE::2024-06-21.15:39:30::SCWMssOS::Completed writemss as part of save.
TRACE::2024-06-21.15:39:30::SCWMssOS::Commit changes completed.
TRACE::2024-06-21.15:39:30::SCWPlatform::Trying to open the hw design at C:/Users/gusta/OneDrive/Documents/universidad/4to/1r/SEP/Proyectos/pr2/SEPmonG3/SEPmonG3/hw/SEPmon.xsa
TRACE::2024-06-21.15:39:30::SCWPlatform::DSA given C:/Users/gusta/OneDrive/Documents/universidad/4to/1r/SEP/Proyectos/pr2/SEPmonG3/SEPmonG3/hw/SEPmon.xsa
TRACE::2024-06-21.15:39:30::SCWPlatform::DSA absoulate path C:/Users/gusta/OneDrive/Documents/universidad/4to/1r/SEP/Proyectos/pr2/SEPmonG3/SEPmonG3/hw/SEPmon.xsa
TRACE::2024-06-21.15:39:30::SCWPlatform::DSA directory C:/Users/gusta/OneDrive/Documents/universidad/4to/1r/SEP/Proyectos/pr2/SEPmonG3/SEPmonG3/hw
TRACE::2024-06-21.15:39:30::SCWPlatform:: Platform Path C:/Users/gusta/OneDrive/Documents/universidad/4to/1r/SEP/Proyectos/pr2/SEPmonG3/SEPmonG3/hw/SEPmon.xsa
TRACE::2024-06-21.15:39:30::SCWPlatform:: Unique name xilinx:zybo-z7-10::0.0
TRACE::2024-06-21.15:39:30::SCWPlatform::Trying to set the existing hwdb with name DEMO_wrapper
TRACE::2024-06-21.15:39:30::SCWPlatform::Opened existing hwdb DEMO_wrapper
TRACE::2024-06-21.15:39:30::SCWPlatform::Found the Hw Db part of the input DSA
TRACE::2024-06-21.15:39:30::SCWMssOS::Checking the sw design at  C:/Users/gusta/OneDrive/Documents/universidad/4to/1r/SEP/Proyectos/pr2/SEPmonG3/SEPmonG3/zynq_fsbl/zynq_fsbl_bsp/system.mss
TRACE::2024-06-21.15:39:30::SCWMssOS::DEBUG:  swdes dump  C:/Users/gusta/OneDrive/Documents/universidad/4to/1r/SEP/Proyectos/pr2/SEPmonG3/SEPmonG3/ps7_cortexa9_0/standalone_domain/bsp/system.mss|system_0||
C:/Users/gusta/OneDrive/Documents/universidad/4to/1r/SEP/Proyectos/pr2/SEPmonG3/SEPmonG3/zynq_fsbl/zynq_fsbl_bsp/system.mss|system||

TRACE::2024-06-21.15:39:30::SCWMssOS::Sw design exists and opened at  C:/Users/gusta/OneDrive/Documents/universidad/4to/1r/SEP/Proyectos/pr2/SEPmonG3/SEPmonG3/zynq_fsbl/zynq_fsbl_bsp/system.mss
TRACE::2024-06-21.15:39:30::SCWPlatform::Trying to open the hw design at C:/Users/gusta/OneDrive/Documents/universidad/4to/1r/SEP/Proyectos/pr2/SEPmonG3/SEPmonG3/hw/SEPmon.xsa
TRACE::2024-06-21.15:39:30::SCWPlatform::DSA given C:/Users/gusta/OneDrive/Documents/universidad/4to/1r/SEP/Proyectos/pr2/SEPmonG3/SEPmonG3/hw/SEPmon.xsa
TRACE::2024-06-21.15:39:30::SCWPlatform::DSA absoulate path C:/Users/gusta/OneDrive/Documents/universidad/4to/1r/SEP/Proyectos/pr2/SEPmonG3/SEPmonG3/hw/SEPmon.xsa
TRACE::2024-06-21.15:39:30::SCWPlatform::DSA directory C:/Users/gusta/OneDrive/Documents/universidad/4to/1r/SEP/Proyectos/pr2/SEPmonG3/SEPmonG3/hw
TRACE::2024-06-21.15:39:30::SCWPlatform:: Platform Path C:/Users/gusta/OneDrive/Documents/universidad/4to/1r/SEP/Proyectos/pr2/SEPmonG3/SEPmonG3/hw/SEPmon.xsa
TRACE::2024-06-21.15:39:30::SCWPlatform:: Unique name xilinx:zybo-z7-10::0.0
TRACE::2024-06-21.15:39:30::SCWPlatform::Trying to set the existing hwdb with name DEMO_wrapper
TRACE::2024-06-21.15:39:30::SCWPlatform::Opened existing hwdb DEMO_wrapper
TRACE::2024-06-21.15:39:30::SCWPlatform::Found the Hw Db part of the input DSA
TRACE::2024-06-21.15:39:30::SCWMssOS::Checking the sw design at  C:/Users/gusta/OneDrive/Documents/universidad/4to/1r/SEP/Proyectos/pr2/SEPmonG3/SEPmonG3/ps7_cortexa9_0/standalone_domain/bsp/system.mss
TRACE::2024-06-21.15:39:30::SCWMssOS::DEBUG:  swdes dump  C:/Users/gusta/OneDrive/Documents/universidad/4to/1r/SEP/Proyectos/pr2/SEPmonG3/SEPmonG3/ps7_cortexa9_0/standalone_domain/bsp/system.mss|system_0||
C:/Users/gusta/OneDrive/Documents/universidad/4to/1r/SEP/Proyectos/pr2/SEPmonG3/SEPmonG3/zynq_fsbl/zynq_fsbl_bsp/system.mss|system||

TRACE::2024-06-21.15:39:30::SCWMssOS::Sw design exists and opened at  C:/Users/gusta/OneDrive/Documents/universidad/4to/1r/SEP/Proyectos/pr2/SEPmonG3/SEPmonG3/ps7_cortexa9_0/standalone_domain/bsp/system.mss
TRACE::2024-06-21.15:39:30::SCWWriter::formatted JSON is {
	"platformName":	"SEPmonG3",
	"sprVersion":	"2.0",
	"mode":	"gui",
	"dsaType":	"Fixed",
	"platformDesc":	"SEPmonG3",
	"platHandOff":	"C:/Users/gusta/OneDrive/Documents/universidad/4to/1r/SEP/Proyectos/pr2/SEPmonG3/SEPmon/SEPmon.xsa",
	"platIntHandOff":	"<platformDir>/hw/SEPmon.xsa",
	"deviceType":	"zynq",
	"platIsPrebuiltAutogen":	"false",
	"platIsNoBootBsp":	"false",
	"hasFsblMakeHasChanges":	"false",
	"hasPmufwMakeHasChanges":	"false",
	"fsblExtraCompilerFlags":	"-MMD -MP       -mcpu=cortex-a9 -mfpu=vfpv3 -mfloat-abi=hard ",
	"platPreBuiltFlag":	false,
	"platformSamplesDir":	"",
	"platActiveSys":	"SEPmonG3",
	"systems":	[{
			"systemName":	"SEPmonG3",
			"systemDesc":	"SEPmonG3",
			"sysIsBootAutoGen":	"true",
			"systemDispName":	"SEPmonG3",
			"sysActiveDom":	"standalone_domain",
			"sysDefaultDom":	"standalone_domain",
			"domains":	[{
					"domainName":	"zynq_fsbl",
					"domainDispName":	"zynq_fsbl",
					"domainDesc":	"FSBL Application BSP - Auto Generated.",
					"processors":	"ps7_cortexa9_0",
					"os":	"standalone",
					"sdxOs":	"standalone",
					"debugEnable":	"",
					"domRuntimes":	["cpp"],
					"swRepo":	"",
					"mssOsVer":	"7.2",
					"mssFile":	"",
					"md5Digest":	"02312b845700e4a4fd39dd786149f184",
					"compatibleApp":	"zynq_fsbl",
					"domType":	"bootDomain",
					"appSettings":	{
						"appCompilerFlags":	"",
						"appLinkerFlags":	""
					},
					"addedLibs":	["xilffs:4.3", "xilrsa:1.6"],
					"libOptions":	{
						"libsContainingOptions":	[]
					},
					"prebuiltLibs":	{
						"prebuiltIncPath":	[],
						"prebuiltLibPath":	[]
					},
					"isolation":	{
					}
				}, {
					"domainName":	"standalone_domain",
					"domainDispName":	"standalone on ps7_cortexa9_0",
					"domainDesc":	"standalone_domain",
					"processors":	"ps7_cortexa9_0",
					"os":	"standalone",
					"sdxOs":	"standalone",
					"qemuArgs":	"C:/Xilinx/Vitis/2020.1/data/emulation/platforms/zynq/qemu/qemu_args.txt",
					"qemuData":	"C:/Xilinx/Vitis/2020.1/data/emulation/platforms/zynq/qemu/",
					"debugEnable":	"False",
					"domRuntimes":	["cpp"],
					"swRepo":	"",
					"mssOsVer":	"7.2",
					"mssFile":	"",
					"md5Digest":	"66dd88408418c3412ef42766414a5b97",
					"compatibleApp":	"",
					"domType":	"mssDomain",
					"appSettings":	{
						"appCompilerFlags":	"",
						"appLinkerFlags":	""
					},
					"addedLibs":	[],
					"libOptions":	{
						"libsContainingOptions":	[]
					},
					"prebuiltLibs":	{
						"prebuiltIncPath":	[],
						"prebuiltLibPath":	[]
					},
					"isolation":	{
					}
				}]
		}]
}
KEYINFO::2024-06-21.15:39:30::SCWPlatform::updated the xpfm file.
TRACE::2024-06-21.15:39:30::SCWPlatform::Trying to open the hw design at C:/Users/gusta/OneDrive/Documents/universidad/4to/1r/SEP/Proyectos/pr2/SEPmonG3/SEPmonG3/hw/SEPmon.xsa
TRACE::2024-06-21.15:39:30::SCWPlatform::DSA given C:/Users/gusta/OneDrive/Documents/universidad/4to/1r/SEP/Proyectos/pr2/SEPmonG3/SEPmonG3/hw/SEPmon.xsa
TRACE::2024-06-21.15:39:30::SCWPlatform::DSA absoulate path C:/Users/gusta/OneDrive/Documents/universidad/4to/1r/SEP/Proyectos/pr2/SEPmonG3/SEPmonG3/hw/SEPmon.xsa
TRACE::2024-06-21.15:39:30::SCWPlatform::DSA directory C:/Users/gusta/OneDrive/Documents/universidad/4to/1r/SEP/Proyectos/pr2/SEPmonG3/SEPmonG3/hw
TRACE::2024-06-21.15:39:30::SCWPlatform:: Platform Path C:/Users/gusta/OneDrive/Documents/universidad/4to/1r/SEP/Proyectos/pr2/SEPmonG3/SEPmonG3/hw/SEPmon.xsa
TRACE::2024-06-21.15:39:30::SCWPlatform:: Unique name xilinx:zybo-z7-10::0.0
TRACE::2024-06-21.15:39:30::SCWPlatform::Trying to set the existing hwdb with name DEMO_wrapper
TRACE::2024-06-21.15:39:30::SCWPlatform::Opened existing hwdb DEMO_wrapper
TRACE::2024-06-21.15:39:30::SCWPlatform::Found the Hw Db part of the input DSA
TRACE::2024-06-21.15:39:30::SCWMssOS::Checking the sw design at  C:/Users/gusta/OneDrive/Documents/universidad/4to/1r/SEP/Proyectos/pr2/SEPmonG3/SEPmonG3/ps7_cortexa9_0/standalone_domain/bsp/system.mss
TRACE::2024-06-21.15:39:30::SCWMssOS::DEBUG:  swdes dump  C:/Users/gusta/OneDrive/Documents/universidad/4to/1r/SEP/Proyectos/pr2/SEPmonG3/SEPmonG3/ps7_cortexa9_0/standalone_domain/bsp/system.mss|system_0||
C:/Users/gusta/OneDrive/Documents/universidad/4to/1r/SEP/Proyectos/pr2/SEPmonG3/SEPmonG3/zynq_fsbl/zynq_fsbl_bsp/system.mss|system||

TRACE::2024-06-21.15:39:30::SCWMssOS::Sw design exists and opened at  C:/Users/gusta/OneDrive/Documents/universidad/4to/1r/SEP/Proyectos/pr2/SEPmonG3/SEPmonG3/ps7_cortexa9_0/standalone_domain/bsp/system.mss
TRACE::2024-06-21.16:52:48::SCWPlatform::Clearing the existing platform
TRACE::2024-06-21.16:52:48::SCWSystem::Clearing the existing sysconfig
TRACE::2024-06-21.16:52:48::SCWBDomain::clearing the fsbl build
TRACE::2024-06-21.16:52:48::SCWMssOS::Removing the swdes entry for  C:/Users/gusta/OneDrive/Documents/universidad/4to/1r/SEP/Proyectos/pr2/SEPmonG3/SEPmonG3/zynq_fsbl/zynq_fsbl_bsp/system.mss
TRACE::2024-06-21.16:52:48::SCWMssOS::Removing the swdes entry for  C:/Users/gusta/OneDrive/Documents/universidad/4to/1r/SEP/Proyectos/pr2/SEPmonG3/SEPmonG3/ps7_cortexa9_0/standalone_domain/bsp/system.mss
TRACE::2024-06-21.16:52:48::SCWSystem::Clearing the domains completed.
TRACE::2024-06-21.16:52:48::SCWPlatform::Clearing the opened hw db.
TRACE::2024-06-21.16:52:48::SCWPlatform::DSA given C:/Users/gusta/OneDrive/Documents/universidad/4to/1r/SEP/Proyectos/pr2/SEPmonG3/SEPmonG3/hw/SEPmon.xsa
TRACE::2024-06-21.16:52:48::SCWPlatform::DSA absoulate path C:/Users/gusta/OneDrive/Documents/universidad/4to/1r/SEP/Proyectos/pr2/SEPmonG3/SEPmonG3/hw/SEPmon.xsa
TRACE::2024-06-21.16:52:48::SCWPlatform:: Platform location is C:/Users/gusta/OneDrive/Documents/universidad/4to/1r/SEP/Proyectos/pr2/SEPmonG3/SEPmonG3/hw
TRACE::2024-06-21.16:52:48::SCWPlatform:: Platform Path C:/Users/gusta/OneDrive/Documents/universidad/4to/1r/SEP/Proyectos/pr2/SEPmonG3/SEPmonG3/hw/SEPmon.xsa
TRACE::2024-06-21.16:52:48::SCWPlatform:: Unique name xilinx:zybo-z7-10::0.0
TRACE::2024-06-21.16:52:48::SCWPlatform::Removing the HwDB with name C:/Users/gusta/OneDrive/Documents/universidad/4to/1r/SEP/Proyectos/pr2/SEPmonG3/SEPmonG3/hw/SEPmon.xsa
TRACE::2024-06-21.16:52:48::SCWPlatform::Trying to open the hw design at C:/Users/gusta/OneDrive/Documents/universidad/4to/1r/SEP/Proyectos/pr2/SEPmonG3/SEPmonG3/hw/SEPmon.xsa
TRACE::2024-06-21.16:52:48::SCWPlatform::DSA given C:/Users/gusta/OneDrive/Documents/universidad/4to/1r/SEP/Proyectos/pr2/SEPmonG3/SEPmonG3/hw/SEPmon.xsa
TRACE::2024-06-21.16:52:48::SCWPlatform::DSA absoulate path C:/Users/gusta/OneDrive/Documents/universidad/4to/1r/SEP/Proyectos/pr2/SEPmonG3/SEPmonG3/hw/SEPmon.xsa
TRACE::2024-06-21.16:52:48::SCWPlatform::DSA directory C:/Users/gusta/OneDrive/Documents/universidad/4to/1r/SEP/Proyectos/pr2/SEPmonG3/SEPmonG3/hw
TRACE::2024-06-21.16:52:48::SCWPlatform:: Platform Path C:/Users/gusta/OneDrive/Documents/universidad/4to/1r/SEP/Proyectos/pr2/SEPmonG3/SEPmonG3/hw/SEPmon.xsa
TRACE::2024-06-21.16:52:48::SCWPlatform:: Unique name xilinx:zybo-z7-10::0.0
TRACE::2024-06-21.16:52:48::SCWPlatform::Do not have an existing db opened. 
TRACE::2024-06-21.16:52:50::SCWPlatform::Opened new HwDB with name DEMO_wrapper_1
TRACE::2024-06-21.16:52:50::SCWReader::Active system found as  SEPmonG3
TRACE::2024-06-21.16:52:50::SCWReader::Handling sysconfig SEPmonG3
TRACE::2024-06-21.16:52:50::SCWDomain::checking for install qemu data   : 
TRACE::2024-06-21.16:52:50::SCWDomain:: Using the QEMU Data from install at  : C:/Xilinx/Vitis/2020.1/data/emulation/platforms/zynq/qemu/
TRACE::2024-06-21.16:52:50::SCWDomain:: Using the QEMU args  from install at  : C:/Xilinx/Vitis/2020.1/data/emulation/platforms/zynq/qemu/qemu_args.txt
TRACE::2024-06-21.16:52:50::SCWPlatform::Trying to open the hw design at C:/Users/gusta/OneDrive/Documents/universidad/4to/1r/SEP/Proyectos/pr2/SEPmonG3/SEPmonG3/hw/SEPmon.xsa
TRACE::2024-06-21.16:52:50::SCWPlatform::DSA given C:/Users/gusta/OneDrive/Documents/universidad/4to/1r/SEP/Proyectos/pr2/SEPmonG3/SEPmonG3/hw/SEPmon.xsa
TRACE::2024-06-21.16:52:50::SCWPlatform::DSA absoulate path C:/Users/gusta/OneDrive/Documents/universidad/4to/1r/SEP/Proyectos/pr2/SEPmonG3/SEPmonG3/hw/SEPmon.xsa
TRACE::2024-06-21.16:52:50::SCWPlatform::DSA directory C:/Users/gusta/OneDrive/Documents/universidad/4to/1r/SEP/Proyectos/pr2/SEPmonG3/SEPmonG3/hw
TRACE::2024-06-21.16:52:50::SCWPlatform:: Platform Path C:/Users/gusta/OneDrive/Documents/universidad/4to/1r/SEP/Proyectos/pr2/SEPmonG3/SEPmonG3/hw/SEPmon.xsa
TRACE::2024-06-21.16:52:50::SCWPlatform:: Unique name xilinx:zybo-z7-10::0.0
TRACE::2024-06-21.16:52:50::SCWPlatform::Trying to set the existing hwdb with name DEMO_wrapper_1
TRACE::2024-06-21.16:52:50::SCWPlatform::Opened existing hwdb DEMO_wrapper_1
TRACE::2024-06-21.16:52:50::SCWPlatform::Found the Hw Db part of the input DSA
TRACE::2024-06-21.16:52:50::SCWPlatform::Trying to open the hw design at C:/Users/gusta/OneDrive/Documents/universidad/4to/1r/SEP/Proyectos/pr2/SEPmonG3/SEPmonG3/hw/SEPmon.xsa
TRACE::2024-06-21.16:52:50::SCWPlatform::DSA given C:/Users/gusta/OneDrive/Documents/universidad/4to/1r/SEP/Proyectos/pr2/SEPmonG3/SEPmonG3/hw/SEPmon.xsa
TRACE::2024-06-21.16:52:50::SCWPlatform::DSA absoulate path C:/Users/gusta/OneDrive/Documents/universidad/4to/1r/SEP/Proyectos/pr2/SEPmonG3/SEPmonG3/hw/SEPmon.xsa
TRACE::2024-06-21.16:52:50::SCWPlatform::DSA directory C:/Users/gusta/OneDrive/Documents/universidad/4to/1r/SEP/Proyectos/pr2/SEPmonG3/SEPmonG3/hw
TRACE::2024-06-21.16:52:50::SCWPlatform:: Platform Path C:/Users/gusta/OneDrive/Documents/universidad/4to/1r/SEP/Proyectos/pr2/SEPmonG3/SEPmonG3/hw/SEPmon.xsa
TRACE::2024-06-21.16:52:50::SCWPlatform:: Unique name xilinx:zybo-z7-10::0.0
TRACE::2024-06-21.16:52:50::SCWPlatform::Trying to set the existing hwdb with name DEMO_wrapper_1
TRACE::2024-06-21.16:52:50::SCWPlatform::Opened existing hwdb DEMO_wrapper_1
TRACE::2024-06-21.16:52:50::SCWPlatform::Found the Hw Db part of the input DSA
TRACE::2024-06-21.16:52:50::SCWPlatform::Trying to open the hw design at C:/Users/gusta/OneDrive/Documents/universidad/4to/1r/SEP/Proyectos/pr2/SEPmonG3/SEPmonG3/hw/SEPmon.xsa
TRACE::2024-06-21.16:52:50::SCWPlatform::DSA given C:/Users/gusta/OneDrive/Documents/universidad/4to/1r/SEP/Proyectos/pr2/SEPmonG3/SEPmonG3/hw/SEPmon.xsa
TRACE::2024-06-21.16:52:50::SCWPlatform::DSA absoulate path C:/Users/gusta/OneDrive/Documents/universidad/4to/1r/SEP/Proyectos/pr2/SEPmonG3/SEPmonG3/hw/SEPmon.xsa
TRACE::2024-06-21.16:52:50::SCWPlatform::DSA directory C:/Users/gusta/OneDrive/Documents/universidad/4to/1r/SEP/Proyectos/pr2/SEPmonG3/SEPmonG3/hw
TRACE::2024-06-21.16:52:50::SCWPlatform:: Platform Path C:/Users/gusta/OneDrive/Documents/universidad/4to/1r/SEP/Proyectos/pr2/SEPmonG3/SEPmonG3/hw/SEPmon.xsa
TRACE::2024-06-21.16:52:50::SCWPlatform:: Unique name xilinx:zybo-z7-10::0.0
TRACE::2024-06-21.16:52:50::SCWPlatform::Trying to set the existing hwdb with name DEMO_wrapper_1
TRACE::2024-06-21.16:52:50::SCWPlatform::Opened existing hwdb DEMO_wrapper_1
TRACE::2024-06-21.16:52:50::SCWPlatform::Found the Hw Db part of the input DSA
TRACE::2024-06-21.16:52:50::SCWReader::Boot application domain added for zynq_fsbl
TRACE::2024-06-21.16:52:50::SCWPlatform::Trying to open the hw design at C:/Users/gusta/OneDrive/Documents/universidad/4to/1r/SEP/Proyectos/pr2/SEPmonG3/SEPmonG3/hw/SEPmon.xsa
TRACE::2024-06-21.16:52:50::SCWPlatform::DSA given C:/Users/gusta/OneDrive/Documents/universidad/4to/1r/SEP/Proyectos/pr2/SEPmonG3/SEPmonG3/hw/SEPmon.xsa
TRACE::2024-06-21.16:52:50::SCWPlatform::DSA absoulate path C:/Users/gusta/OneDrive/Documents/universidad/4to/1r/SEP/Proyectos/pr2/SEPmonG3/SEPmonG3/hw/SEPmon.xsa
TRACE::2024-06-21.16:52:50::SCWPlatform::DSA directory C:/Users/gusta/OneDrive/Documents/universidad/4to/1r/SEP/Proyectos/pr2/SEPmonG3/SEPmonG3/hw
TRACE::2024-06-21.16:52:50::SCWPlatform:: Platform Path C:/Users/gusta/OneDrive/Documents/universidad/4to/1r/SEP/Proyectos/pr2/SEPmonG3/SEPmonG3/hw/SEPmon.xsa
TRACE::2024-06-21.16:52:50::SCWPlatform:: Unique name xilinx:zybo-z7-10::0.0
TRACE::2024-06-21.16:52:50::SCWPlatform::Trying to set the existing hwdb with name DEMO_wrapper_1
TRACE::2024-06-21.16:52:50::SCWPlatform::Opened existing hwdb DEMO_wrapper_1
TRACE::2024-06-21.16:52:50::SCWPlatform::Found the Hw Db part of the input DSA
TRACE::2024-06-21.16:52:50::SCWMssOS::Checking the sw design at  C:/Users/gusta/OneDrive/Documents/universidad/4to/1r/SEP/Proyectos/pr2/SEPmonG3/SEPmonG3/zynq_fsbl/zynq_fsbl_bsp/system.mss
TRACE::2024-06-21.16:52:50::SCWMssOS::DEBUG:  swdes dump  
TRACE::2024-06-21.16:52:50::SCWMssOS::No sw design opened at  C:/Users/gusta/OneDrive/Documents/universidad/4to/1r/SEP/Proyectos/pr2/SEPmonG3/SEPmonG3/zynq_fsbl/zynq_fsbl_bsp/system.mss
TRACE::2024-06-21.16:52:50::SCWMssOS::mss exists loading the mss file  C:/Users/gusta/OneDrive/Documents/universidad/4to/1r/SEP/Proyectos/pr2/SEPmonG3/SEPmonG3/zynq_fsbl/zynq_fsbl_bsp/system.mss
TRACE::2024-06-21.16:52:50::SCWMssOS::Opened the sw design from mss  C:/Users/gusta/OneDrive/Documents/universidad/4to/1r/SEP/Proyectos/pr2/SEPmonG3/SEPmonG3/zynq_fsbl/zynq_fsbl_bsp/system.mss
TRACE::2024-06-21.16:52:50::SCWMssOS::Adding the swdes entry C:/Users/gusta/OneDrive/Documents/universidad/4to/1r/SEP/Proyectos/pr2/SEPmonG3/SEPmonG3/zynq_fsbl/zynq_fsbl_bsp/system.mss with des name system
TRACE::2024-06-21.16:52:50::SCWMssOS::updating the scw layer about changes
TRACE::2024-06-21.16:52:50::SCWMssOS::Opened the sw design.  C:/Users/gusta/OneDrive/Documents/universidad/4to/1r/SEP/Proyectos/pr2/SEPmonG3/SEPmonG3/zynq_fsbl/zynq_fsbl_bsp/system.mss
TRACE::2024-06-21.16:52:50::SCWPlatform::Trying to open the hw design at C:/Users/gusta/OneDrive/Documents/universidad/4to/1r/SEP/Proyectos/pr2/SEPmonG3/SEPmonG3/hw/SEPmon.xsa
TRACE::2024-06-21.16:52:50::SCWPlatform::DSA given C:/Users/gusta/OneDrive/Documents/universidad/4to/1r/SEP/Proyectos/pr2/SEPmonG3/SEPmonG3/hw/SEPmon.xsa
TRACE::2024-06-21.16:52:50::SCWPlatform::DSA absoulate path C:/Users/gusta/OneDrive/Documents/universidad/4to/1r/SEP/Proyectos/pr2/SEPmonG3/SEPmonG3/hw/SEPmon.xsa
TRACE::2024-06-21.16:52:50::SCWPlatform::DSA directory C:/Users/gusta/OneDrive/Documents/universidad/4to/1r/SEP/Proyectos/pr2/SEPmonG3/SEPmonG3/hw
TRACE::2024-06-21.16:52:50::SCWPlatform:: Platform Path C:/Users/gusta/OneDrive/Documents/universidad/4to/1r/SEP/Proyectos/pr2/SEPmonG3/SEPmonG3/hw/SEPmon.xsa
TRACE::2024-06-21.16:52:50::SCWPlatform:: Unique name xilinx:zybo-z7-10::0.0
TRACE::2024-06-21.16:52:50::SCWPlatform::Trying to set the existing hwdb with name DEMO_wrapper_1
TRACE::2024-06-21.16:52:50::SCWPlatform::Opened existing hwdb DEMO_wrapper_1
TRACE::2024-06-21.16:52:50::SCWPlatform::Found the Hw Db part of the input DSA
TRACE::2024-06-21.16:52:50::SCWMssOS::Checking the sw design at  C:/Users/gusta/OneDrive/Documents/universidad/4to/1r/SEP/Proyectos/pr2/SEPmonG3/SEPmonG3/zynq_fsbl/zynq_fsbl_bsp/system.mss
TRACE::2024-06-21.16:52:50::SCWMssOS::DEBUG:  swdes dump  C:/Users/gusta/OneDrive/Documents/universidad/4to/1r/SEP/Proyectos/pr2/SEPmonG3/SEPmonG3/zynq_fsbl/zynq_fsbl_bsp/system.mss|system||

TRACE::2024-06-21.16:52:50::SCWMssOS::Sw design exists and opened at  C:/Users/gusta/OneDrive/Documents/universidad/4to/1r/SEP/Proyectos/pr2/SEPmonG3/SEPmonG3/zynq_fsbl/zynq_fsbl_bsp/system.mss
TRACE::2024-06-21.16:52:50::SCWMssOS:: library already available in sw design:  xilffs:4.3
TRACE::2024-06-21.16:52:50::SCWPlatform::Trying to open the hw design at C:/Users/gusta/OneDrive/Documents/universidad/4to/1r/SEP/Proyectos/pr2/SEPmonG3/SEPmonG3/hw/SEPmon.xsa
TRACE::2024-06-21.16:52:50::SCWPlatform::DSA given C:/Users/gusta/OneDrive/Documents/universidad/4to/1r/SEP/Proyectos/pr2/SEPmonG3/SEPmonG3/hw/SEPmon.xsa
TRACE::2024-06-21.16:52:50::SCWPlatform::DSA absoulate path C:/Users/gusta/OneDrive/Documents/universidad/4to/1r/SEP/Proyectos/pr2/SEPmonG3/SEPmonG3/hw/SEPmon.xsa
TRACE::2024-06-21.16:52:50::SCWPlatform::DSA directory C:/Users/gusta/OneDrive/Documents/universidad/4to/1r/SEP/Proyectos/pr2/SEPmonG3/SEPmonG3/hw
TRACE::2024-06-21.16:52:50::SCWPlatform:: Platform Path C:/Users/gusta/OneDrive/Documents/universidad/4to/1r/SEP/Proyectos/pr2/SEPmonG3/SEPmonG3/hw/SEPmon.xsa
TRACE::2024-06-21.16:52:50::SCWPlatform:: Unique name xilinx:zybo-z7-10::0.0
TRACE::2024-06-21.16:52:50::SCWPlatform::Trying to set the existing hwdb with name DEMO_wrapper_1
TRACE::2024-06-21.16:52:50::SCWPlatform::Opened existing hwdb DEMO_wrapper_1
TRACE::2024-06-21.16:52:50::SCWPlatform::Found the Hw Db part of the input DSA
TRACE::2024-06-21.16:52:50::SCWMssOS::Checking the sw design at  C:/Users/gusta/OneDrive/Documents/universidad/4to/1r/SEP/Proyectos/pr2/SEPmonG3/SEPmonG3/zynq_fsbl/zynq_fsbl_bsp/system.mss
TRACE::2024-06-21.16:52:50::SCWMssOS::DEBUG:  swdes dump  C:/Users/gusta/OneDrive/Documents/universidad/4to/1r/SEP/Proyectos/pr2/SEPmonG3/SEPmonG3/zynq_fsbl/zynq_fsbl_bsp/system.mss|system||

TRACE::2024-06-21.16:52:50::SCWMssOS::Sw design exists and opened at  C:/Users/gusta/OneDrive/Documents/universidad/4to/1r/SEP/Proyectos/pr2/SEPmonG3/SEPmonG3/zynq_fsbl/zynq_fsbl_bsp/system.mss
TRACE::2024-06-21.16:52:50::SCWMssOS:: library already available in sw design:  xilrsa:1.6
TRACE::2024-06-21.16:52:50::SCWMssOS::Saving the mss changes C:/Users/gusta/OneDrive/Documents/universidad/4to/1r/SEP/Proyectos/pr2/SEPmonG3/SEPmonG3/zynq_fsbl/zynq_fsbl_bsp/system.mss
TRACE::2024-06-21.16:52:50::SCWMssOS::Found a swdesign opened with the mssfile.
TRACE::2024-06-21.16:52:50::SCWMssOS::Completed writemss as part of save.
TRACE::2024-06-21.16:52:50::SCWMssOS::Commit changes completed.
TRACE::2024-06-21.16:52:50::SCWReader::Adding prebuilt librarypaths as   
TRACE::2024-06-21.16:52:50::SCWReader::Adding prebuilt incpaths  as   
TRACE::2024-06-21.16:52:50::SCWPlatform::Trying to open the hw design at C:/Users/gusta/OneDrive/Documents/universidad/4to/1r/SEP/Proyectos/pr2/SEPmonG3/SEPmonG3/hw/SEPmon.xsa
TRACE::2024-06-21.16:52:50::SCWPlatform::DSA given C:/Users/gusta/OneDrive/Documents/universidad/4to/1r/SEP/Proyectos/pr2/SEPmonG3/SEPmonG3/hw/SEPmon.xsa
TRACE::2024-06-21.16:52:50::SCWPlatform::DSA absoulate path C:/Users/gusta/OneDrive/Documents/universidad/4to/1r/SEP/Proyectos/pr2/SEPmonG3/SEPmonG3/hw/SEPmon.xsa
TRACE::2024-06-21.16:52:50::SCWPlatform::DSA directory C:/Users/gusta/OneDrive/Documents/universidad/4to/1r/SEP/Proyectos/pr2/SEPmonG3/SEPmonG3/hw
TRACE::2024-06-21.16:52:50::SCWPlatform:: Platform Path C:/Users/gusta/OneDrive/Documents/universidad/4to/1r/SEP/Proyectos/pr2/SEPmonG3/SEPmonG3/hw/SEPmon.xsa
TRACE::2024-06-21.16:52:50::SCWPlatform:: Unique name xilinx:zybo-z7-10::0.0
TRACE::2024-06-21.16:52:50::SCWPlatform::Trying to set the existing hwdb with name DEMO_wrapper_1
TRACE::2024-06-21.16:52:50::SCWPlatform::Opened existing hwdb DEMO_wrapper_1
TRACE::2024-06-21.16:52:50::SCWPlatform::Found the Hw Db part of the input DSA
TRACE::2024-06-21.16:52:50::SCWMssOS::Checking the sw design at  C:/Users/gusta/OneDrive/Documents/universidad/4to/1r/SEP/Proyectos/pr2/SEPmonG3/SEPmonG3/zynq_fsbl/zynq_fsbl_bsp/system.mss
TRACE::2024-06-21.16:52:50::SCWMssOS::DEBUG:  swdes dump  C:/Users/gusta/OneDrive/Documents/universidad/4to/1r/SEP/Proyectos/pr2/SEPmonG3/SEPmonG3/zynq_fsbl/zynq_fsbl_bsp/system.mss|system||

TRACE::2024-06-21.16:52:50::SCWMssOS::Sw design exists and opened at  C:/Users/gusta/OneDrive/Documents/universidad/4to/1r/SEP/Proyectos/pr2/SEPmonG3/SEPmonG3/zynq_fsbl/zynq_fsbl_bsp/system.mss
TRACE::2024-06-21.16:52:50::SCWReader::No isolation master present  
TRACE::2024-06-21.16:52:50::SCWDomain::checking for install qemu data   : 
TRACE::2024-06-21.16:52:50::SCWDomain:: Using the QEMU Data from install at  : C:/Xilinx/Vitis/2020.1/data/emulation/platforms/zynq/qemu/
TRACE::2024-06-21.16:52:50::SCWDomain:: Using the QEMU args  from install at  : C:/Xilinx/Vitis/2020.1/data/emulation/platforms/zynq/qemu/qemu_args.txt
TRACE::2024-06-21.16:52:50::SCWPlatform::Trying to open the hw design at C:/Users/gusta/OneDrive/Documents/universidad/4to/1r/SEP/Proyectos/pr2/SEPmonG3/SEPmonG3/hw/SEPmon.xsa
TRACE::2024-06-21.16:52:50::SCWPlatform::DSA given C:/Users/gusta/OneDrive/Documents/universidad/4to/1r/SEP/Proyectos/pr2/SEPmonG3/SEPmonG3/hw/SEPmon.xsa
TRACE::2024-06-21.16:52:50::SCWPlatform::DSA absoulate path C:/Users/gusta/OneDrive/Documents/universidad/4to/1r/SEP/Proyectos/pr2/SEPmonG3/SEPmonG3/hw/SEPmon.xsa
TRACE::2024-06-21.16:52:50::SCWPlatform::DSA directory C:/Users/gusta/OneDrive/Documents/universidad/4to/1r/SEP/Proyectos/pr2/SEPmonG3/SEPmonG3/hw
TRACE::2024-06-21.16:52:50::SCWPlatform:: Platform Path C:/Users/gusta/OneDrive/Documents/universidad/4to/1r/SEP/Proyectos/pr2/SEPmonG3/SEPmonG3/hw/SEPmon.xsa
TRACE::2024-06-21.16:52:50::SCWPlatform:: Unique name xilinx:zybo-z7-10::0.0
TRACE::2024-06-21.16:52:50::SCWPlatform::Trying to set the existing hwdb with name DEMO_wrapper_1
TRACE::2024-06-21.16:52:50::SCWPlatform::Opened existing hwdb DEMO_wrapper_1
TRACE::2024-06-21.16:52:50::SCWPlatform::Found the Hw Db part of the input DSA
TRACE::2024-06-21.16:52:50::SCWPlatform::Trying to open the hw design at C:/Users/gusta/OneDrive/Documents/universidad/4to/1r/SEP/Proyectos/pr2/SEPmonG3/SEPmonG3/hw/SEPmon.xsa
TRACE::2024-06-21.16:52:50::SCWPlatform::DSA given C:/Users/gusta/OneDrive/Documents/universidad/4to/1r/SEP/Proyectos/pr2/SEPmonG3/SEPmonG3/hw/SEPmon.xsa
TRACE::2024-06-21.16:52:50::SCWPlatform::DSA absoulate path C:/Users/gusta/OneDrive/Documents/universidad/4to/1r/SEP/Proyectos/pr2/SEPmonG3/SEPmonG3/hw/SEPmon.xsa
TRACE::2024-06-21.16:52:50::SCWPlatform::DSA directory C:/Users/gusta/OneDrive/Documents/universidad/4to/1r/SEP/Proyectos/pr2/SEPmonG3/SEPmonG3/hw
TRACE::2024-06-21.16:52:50::SCWPlatform:: Platform Path C:/Users/gusta/OneDrive/Documents/universidad/4to/1r/SEP/Proyectos/pr2/SEPmonG3/SEPmonG3/hw/SEPmon.xsa
TRACE::2024-06-21.16:52:50::SCWPlatform:: Unique name xilinx:zybo-z7-10::0.0
TRACE::2024-06-21.16:52:50::SCWPlatform::Trying to set the existing hwdb with name DEMO_wrapper_1
TRACE::2024-06-21.16:52:50::SCWPlatform::Opened existing hwdb DEMO_wrapper_1
TRACE::2024-06-21.16:52:50::SCWPlatform::Found the Hw Db part of the input DSA
TRACE::2024-06-21.16:52:50::SCWPlatform::Trying to open the hw design at C:/Users/gusta/OneDrive/Documents/universidad/4to/1r/SEP/Proyectos/pr2/SEPmonG3/SEPmonG3/hw/SEPmon.xsa
TRACE::2024-06-21.16:52:50::SCWPlatform::DSA given C:/Users/gusta/OneDrive/Documents/universidad/4to/1r/SEP/Proyectos/pr2/SEPmonG3/SEPmonG3/hw/SEPmon.xsa
TRACE::2024-06-21.16:52:50::SCWPlatform::DSA absoulate path C:/Users/gusta/OneDrive/Documents/universidad/4to/1r/SEP/Proyectos/pr2/SEPmonG3/SEPmonG3/hw/SEPmon.xsa
TRACE::2024-06-21.16:52:50::SCWPlatform::DSA directory C:/Users/gusta/OneDrive/Documents/universidad/4to/1r/SEP/Proyectos/pr2/SEPmonG3/SEPmonG3/hw
TRACE::2024-06-21.16:52:50::SCWPlatform:: Platform Path C:/Users/gusta/OneDrive/Documents/universidad/4to/1r/SEP/Proyectos/pr2/SEPmonG3/SEPmonG3/hw/SEPmon.xsa
TRACE::2024-06-21.16:52:50::SCWPlatform:: Unique name xilinx:zybo-z7-10::0.0
TRACE::2024-06-21.16:52:50::SCWPlatform::Trying to set the existing hwdb with name DEMO_wrapper_1
TRACE::2024-06-21.16:52:50::SCWPlatform::Opened existing hwdb DEMO_wrapper_1
TRACE::2024-06-21.16:52:50::SCWPlatform::Found the Hw Db part of the input DSA
TRACE::2024-06-21.16:52:50::SCWMssOS::Checking the sw design at  C:/Users/gusta/OneDrive/Documents/universidad/4to/1r/SEP/Proyectos/pr2/SEPmonG3/SEPmonG3/ps7_cortexa9_0/standalone_domain/bsp/system.mss
TRACE::2024-06-21.16:52:50::SCWMssOS::DEBUG:  swdes dump  C:/Users/gusta/OneDrive/Documents/universidad/4to/1r/SEP/Proyectos/pr2/SEPmonG3/SEPmonG3/zynq_fsbl/zynq_fsbl_bsp/system.mss|system||

TRACE::2024-06-21.16:52:50::SCWMssOS::No sw design opened at  C:/Users/gusta/OneDrive/Documents/universidad/4to/1r/SEP/Proyectos/pr2/SEPmonG3/SEPmonG3/ps7_cortexa9_0/standalone_domain/bsp/system.mss
TRACE::2024-06-21.16:52:50::SCWMssOS::mss exists loading the mss file  C:/Users/gusta/OneDrive/Documents/universidad/4to/1r/SEP/Proyectos/pr2/SEPmonG3/SEPmonG3/ps7_cortexa9_0/standalone_domain/bsp/system.mss
TRACE::2024-06-21.16:52:50::SCWMssOS::Opened the sw design from mss  C:/Users/gusta/OneDrive/Documents/universidad/4to/1r/SEP/Proyectos/pr2/SEPmonG3/SEPmonG3/ps7_cortexa9_0/standalone_domain/bsp/system.mss
TRACE::2024-06-21.16:52:50::SCWMssOS::Adding the swdes entry C:/Users/gusta/OneDrive/Documents/universidad/4to/1r/SEP/Proyectos/pr2/SEPmonG3/SEPmonG3/ps7_cortexa9_0/standalone_domain/bsp/system.mss with des name system_0
TRACE::2024-06-21.16:52:50::SCWMssOS::updating the scw layer about changes
TRACE::2024-06-21.16:52:50::SCWMssOS::Opened the sw design.  C:/Users/gusta/OneDrive/Documents/universidad/4to/1r/SEP/Proyectos/pr2/SEPmonG3/SEPmonG3/ps7_cortexa9_0/standalone_domain/bsp/system.mss
TRACE::2024-06-21.16:52:50::SCWMssOS::Saving the mss changes C:/Users/gusta/OneDrive/Documents/universidad/4to/1r/SEP/Proyectos/pr2/SEPmonG3/SEPmonG3/ps7_cortexa9_0/standalone_domain/bsp/system.mss
TRACE::2024-06-21.16:52:50::SCWMssOS::Found a swdesign opened with the mssfile.
TRACE::2024-06-21.16:52:50::SCWMssOS::Completed writemss as part of save.
TRACE::2024-06-21.16:52:50::SCWMssOS::Commit changes completed.
TRACE::2024-06-21.16:52:50::SCWReader::Adding prebuilt librarypaths as   
TRACE::2024-06-21.16:52:50::SCWReader::Adding prebuilt incpaths  as   
TRACE::2024-06-21.16:52:50::SCWPlatform::Trying to open the hw design at C:/Users/gusta/OneDrive/Documents/universidad/4to/1r/SEP/Proyectos/pr2/SEPmonG3/SEPmonG3/hw/SEPmon.xsa
TRACE::2024-06-21.16:52:50::SCWPlatform::DSA given C:/Users/gusta/OneDrive/Documents/universidad/4to/1r/SEP/Proyectos/pr2/SEPmonG3/SEPmonG3/hw/SEPmon.xsa
TRACE::2024-06-21.16:52:50::SCWPlatform::DSA absoulate path C:/Users/gusta/OneDrive/Documents/universidad/4to/1r/SEP/Proyectos/pr2/SEPmonG3/SEPmonG3/hw/SEPmon.xsa
TRACE::2024-06-21.16:52:50::SCWPlatform::DSA directory C:/Users/gusta/OneDrive/Documents/universidad/4to/1r/SEP/Proyectos/pr2/SEPmonG3/SEPmonG3/hw
TRACE::2024-06-21.16:52:50::SCWPlatform:: Platform Path C:/Users/gusta/OneDrive/Documents/universidad/4to/1r/SEP/Proyectos/pr2/SEPmonG3/SEPmonG3/hw/SEPmon.xsa
TRACE::2024-06-21.16:52:50::SCWPlatform:: Unique name xilinx:zybo-z7-10::0.0
TRACE::2024-06-21.16:52:50::SCWPlatform::Trying to set the existing hwdb with name DEMO_wrapper_1
TRACE::2024-06-21.16:52:50::SCWPlatform::Opened existing hwdb DEMO_wrapper_1
TRACE::2024-06-21.16:52:50::SCWPlatform::Found the Hw Db part of the input DSA
TRACE::2024-06-21.16:52:50::SCWMssOS::Checking the sw design at  C:/Users/gusta/OneDrive/Documents/universidad/4to/1r/SEP/Proyectos/pr2/SEPmonG3/SEPmonG3/ps7_cortexa9_0/standalone_domain/bsp/system.mss
TRACE::2024-06-21.16:52:50::SCWMssOS::DEBUG:  swdes dump  C:/Users/gusta/OneDrive/Documents/universidad/4to/1r/SEP/Proyectos/pr2/SEPmonG3/SEPmonG3/ps7_cortexa9_0/standalone_domain/bsp/system.mss|system_0||
C:/Users/gusta/OneDrive/Documents/universidad/4to/1r/SEP/Proyectos/pr2/SEPmonG3/SEPmonG3/zynq_fsbl/zynq_fsbl_bsp/system.mss|system||

TRACE::2024-06-21.16:52:50::SCWMssOS::Sw design exists and opened at  C:/Users/gusta/OneDrive/Documents/universidad/4to/1r/SEP/Proyectos/pr2/SEPmonG3/SEPmonG3/ps7_cortexa9_0/standalone_domain/bsp/system.mss
TRACE::2024-06-21.16:52:50::SCWReader::No isolation master present  
LOG::2024-06-21.17:22:58::SCWPlatform::Started generating the artifacts platform SEPmonG3
TRACE::2024-06-21.17:22:58::SCWPlatform::Sanity checking of platform is completed
LOG::2024-06-21.17:22:58::SCWPlatform::Started generating the artifacts for system configuration SEPmonG3
LOG::2024-06-21.17:22:58::SCWSystem::Checking the domain zynq_fsbl
LOG::2024-06-21.17:22:58::SCWSystem::Doing application build for :  zynq_fsbl
TRACE::2024-06-21.17:22:58::SCWBDomain::Not a forced makefile updation, No changes are present. 
TRACE::2024-06-21.17:22:58::SCWDomain::Skipping the build for domain :  zynq_fsbl
LOG::2024-06-21.17:22:58::SCWSystem::Checking the domain standalone_domain
LOG::2024-06-21.17:22:58::SCWSystem::Not a boot domain 
LOG::2024-06-21.17:22:58::SCWSystem::Started Processing the domain standalone_domain
TRACE::2024-06-21.17:22:58::SCWDomain::Generating domain artifcats
TRACE::2024-06-21.17:22:58::SCWMssOS::Generating standalone artifcats
TRACE::2024-06-21.17:22:58::SCWMssOS::Copying the qemu file from  C:/Xilinx/Vitis/2020.1/data/emulation/platforms/zynq/qemu/qemu_args.txt To C:/Users/gusta/OneDrive/Documents/universidad/4to/1r/SEP/Proyectos/pr2/SEPmonG3/SEPmonG3/export/SEPmonG3/sw/SEPmonG3/qemu/
TRACE::2024-06-21.17:22:58::SCWMssOS::Copying the qemu file from  C:/Xilinx/Vitis/2020.1/data/emulation/platforms/zynq/qemu/qemu_args.txt To C:/Users/gusta/OneDrive/Documents/universidad/4to/1r/SEP/Proyectos/pr2/SEPmonG3/SEPmonG3/export/SEPmonG3/sw/SEPmonG3/standalone_domain/qemu/
TRACE::2024-06-21.17:22:58::SCWMssOS:: Copying the user libraries. 
TRACE::2024-06-21.17:22:58::SCWPlatform::Trying to open the hw design at C:/Users/gusta/OneDrive/Documents/universidad/4to/1r/SEP/Proyectos/pr2/SEPmonG3/SEPmonG3/hw/SEPmon.xsa
TRACE::2024-06-21.17:22:58::SCWPlatform::DSA given C:/Users/gusta/OneDrive/Documents/universidad/4to/1r/SEP/Proyectos/pr2/SEPmonG3/SEPmonG3/hw/SEPmon.xsa
TRACE::2024-06-21.17:22:58::SCWPlatform::DSA absoulate path C:/Users/gusta/OneDrive/Documents/universidad/4to/1r/SEP/Proyectos/pr2/SEPmonG3/SEPmonG3/hw/SEPmon.xsa
TRACE::2024-06-21.17:22:58::SCWPlatform::DSA directory C:/Users/gusta/OneDrive/Documents/universidad/4to/1r/SEP/Proyectos/pr2/SEPmonG3/SEPmonG3/hw
TRACE::2024-06-21.17:22:58::SCWPlatform:: Platform Path C:/Users/gusta/OneDrive/Documents/universidad/4to/1r/SEP/Proyectos/pr2/SEPmonG3/SEPmonG3/hw/SEPmon.xsa
TRACE::2024-06-21.17:22:58::SCWPlatform:: Unique name xilinx:zybo-z7-10::0.0
TRACE::2024-06-21.17:22:58::SCWPlatform::Trying to set the existing hwdb with name DEMO_wrapper_1
TRACE::2024-06-21.17:22:58::SCWPlatform::Opened existing hwdb DEMO_wrapper_1
TRACE::2024-06-21.17:22:58::SCWPlatform::Found the Hw Db part of the input DSA
TRACE::2024-06-21.17:22:58::SCWMssOS::Checking the sw design at  C:/Users/gusta/OneDrive/Documents/universidad/4to/1r/SEP/Proyectos/pr2/SEPmonG3/SEPmonG3/ps7_cortexa9_0/standalone_domain/bsp/system.mss
TRACE::2024-06-21.17:22:58::SCWMssOS::DEBUG:  swdes dump  C:/Users/gusta/OneDrive/Documents/universidad/4to/1r/SEP/Proyectos/pr2/SEPmonG3/SEPmonG3/ps7_cortexa9_0/standalone_domain/bsp/system.mss|system_0||
C:/Users/gusta/OneDrive/Documents/universidad/4to/1r/SEP/Proyectos/pr2/SEPmonG3/SEPmonG3/zynq_fsbl/zynq_fsbl_bsp/system.mss|system||

TRACE::2024-06-21.17:22:58::SCWMssOS::Sw design exists and opened at  C:/Users/gusta/OneDrive/Documents/universidad/4to/1r/SEP/Proyectos/pr2/SEPmonG3/SEPmonG3/ps7_cortexa9_0/standalone_domain/bsp/system.mss
TRACE::2024-06-21.17:22:58::SCWMssOS::Completed writing the mss file at C:/Users/gusta/OneDrive/Documents/universidad/4to/1r/SEP/Proyectos/pr2/SEPmonG3/SEPmonG3/ps7_cortexa9_0/standalone_domain/bsp
TRACE::2024-06-21.17:22:58::SCWMssOS::Mss edits present, copying mssfile into export location C:/Users/gusta/OneDrive/Documents/universidad/4to/1r/SEP/Proyectos/pr2/SEPmonG3/SEPmonG3/ps7_cortexa9_0/standalone_domain/bsp/system.mss
TRACE::2024-06-21.17:22:58::SCWMssOS::bsp generated is upto date with the mss file. Skipping bsp generation.
TRACE::2024-06-21.17:22:58::SCWMssOS::BSP is already built. skipping the bsp build ... 
TRACE::2024-06-21.17:22:58::SCWDomain::Skipping the build for domain :  standalone_domain
TRACE::2024-06-21.17:22:58::SCWMssOS::skipping the bsp build ... 
TRACE::2024-06-21.17:22:58::SCWMssOS::Copying to export directory.
TRACE::2024-06-21.17:22:58::SCWMssOS:: Checking if to create the Supporting Applications
TRACE::2024-06-21.17:22:58::SCWMssOS:: No Linux domain exists, trying to generate FSBL 
LOG::2024-06-21.17:22:58::SCWSystem::Completed Processing the domain standalone_domain
LOG::2024-06-21.17:22:58::SCWSystem::Completed Processing the sysconfig SEPmonG3
LOG::2024-06-21.17:22:58::SCWPlatform::Completed generating the artifacts for system configuration SEPmonG3
TRACE::2024-06-21.17:22:58::SCWPlatform::Started preparing the platform 
TRACE::2024-06-21.17:22:58::SCWSystem::Writing the bif file for system config SEPmonG3
TRACE::2024-06-21.17:22:58::SCWSystem::dir created 
TRACE::2024-06-21.17:22:58::SCWSystem::Writing the bif 
TRACE::2024-06-21.17:22:58::SCWPlatform::Started writing the spfm file 
TRACE::2024-06-21.17:22:58::SCWPlatform::Started writing the xpfm file 
TRACE::2024-06-21.17:22:58::SCWPlatform::Completed generating the platform
TRACE::2024-06-21.17:22:58::SCWMssOS::Saving the mss changes C:/Users/gusta/OneDrive/Documents/universidad/4to/1r/SEP/Proyectos/pr2/SEPmonG3/SEPmonG3/zynq_fsbl/zynq_fsbl_bsp/system.mss
TRACE::2024-06-21.17:22:58::SCWMssOS::Found a swdesign opened with the mssfile.
TRACE::2024-06-21.17:22:58::SCWMssOS::Completed writemss as part of save.
TRACE::2024-06-21.17:22:58::SCWMssOS::Commit changes completed.
TRACE::2024-06-21.17:22:58::SCWMssOS::Saving the mss changes C:/Users/gusta/OneDrive/Documents/universidad/4to/1r/SEP/Proyectos/pr2/SEPmonG3/SEPmonG3/ps7_cortexa9_0/standalone_domain/bsp/system.mss
TRACE::2024-06-21.17:22:58::SCWMssOS::Found a swdesign opened with the mssfile.
TRACE::2024-06-21.17:22:58::SCWMssOS::Completed writemss as part of save.
TRACE::2024-06-21.17:22:58::SCWMssOS::Commit changes completed.
TRACE::2024-06-21.17:22:58::SCWPlatform::Trying to open the hw design at C:/Users/gusta/OneDrive/Documents/universidad/4to/1r/SEP/Proyectos/pr2/SEPmonG3/SEPmonG3/hw/SEPmon.xsa
TRACE::2024-06-21.17:22:58::SCWPlatform::DSA given C:/Users/gusta/OneDrive/Documents/universidad/4to/1r/SEP/Proyectos/pr2/SEPmonG3/SEPmonG3/hw/SEPmon.xsa
TRACE::2024-06-21.17:22:58::SCWPlatform::DSA absoulate path C:/Users/gusta/OneDrive/Documents/universidad/4to/1r/SEP/Proyectos/pr2/SEPmonG3/SEPmonG3/hw/SEPmon.xsa
TRACE::2024-06-21.17:22:58::SCWPlatform::DSA directory C:/Users/gusta/OneDrive/Documents/universidad/4to/1r/SEP/Proyectos/pr2/SEPmonG3/SEPmonG3/hw
TRACE::2024-06-21.17:22:58::SCWPlatform:: Platform Path C:/Users/gusta/OneDrive/Documents/universidad/4to/1r/SEP/Proyectos/pr2/SEPmonG3/SEPmonG3/hw/SEPmon.xsa
TRACE::2024-06-21.17:22:58::SCWPlatform:: Unique name xilinx:zybo-z7-10::0.0
TRACE::2024-06-21.17:22:58::SCWPlatform::Trying to set the existing hwdb with name DEMO_wrapper_1
TRACE::2024-06-21.17:22:58::SCWPlatform::Opened existing hwdb DEMO_wrapper_1
TRACE::2024-06-21.17:22:58::SCWPlatform::Found the Hw Db part of the input DSA
TRACE::2024-06-21.17:22:58::SCWMssOS::Checking the sw design at  C:/Users/gusta/OneDrive/Documents/universidad/4to/1r/SEP/Proyectos/pr2/SEPmonG3/SEPmonG3/zynq_fsbl/zynq_fsbl_bsp/system.mss
TRACE::2024-06-21.17:22:58::SCWMssOS::DEBUG:  swdes dump  C:/Users/gusta/OneDrive/Documents/universidad/4to/1r/SEP/Proyectos/pr2/SEPmonG3/SEPmonG3/ps7_cortexa9_0/standalone_domain/bsp/system.mss|system_0||
C:/Users/gusta/OneDrive/Documents/universidad/4to/1r/SEP/Proyectos/pr2/SEPmonG3/SEPmonG3/zynq_fsbl/zynq_fsbl_bsp/system.mss|system||

TRACE::2024-06-21.17:22:58::SCWMssOS::Sw design exists and opened at  C:/Users/gusta/OneDrive/Documents/universidad/4to/1r/SEP/Proyectos/pr2/SEPmonG3/SEPmonG3/zynq_fsbl/zynq_fsbl_bsp/system.mss
TRACE::2024-06-21.17:22:58::SCWPlatform::Trying to open the hw design at C:/Users/gusta/OneDrive/Documents/universidad/4to/1r/SEP/Proyectos/pr2/SEPmonG3/SEPmonG3/hw/SEPmon.xsa
TRACE::2024-06-21.17:22:58::SCWPlatform::DSA given C:/Users/gusta/OneDrive/Documents/universidad/4to/1r/SEP/Proyectos/pr2/SEPmonG3/SEPmonG3/hw/SEPmon.xsa
TRACE::2024-06-21.17:22:58::SCWPlatform::DSA absoulate path C:/Users/gusta/OneDrive/Documents/universidad/4to/1r/SEP/Proyectos/pr2/SEPmonG3/SEPmonG3/hw/SEPmon.xsa
TRACE::2024-06-21.17:22:58::SCWPlatform::DSA directory C:/Users/gusta/OneDrive/Documents/universidad/4to/1r/SEP/Proyectos/pr2/SEPmonG3/SEPmonG3/hw
TRACE::2024-06-21.17:22:58::SCWPlatform:: Platform Path C:/Users/gusta/OneDrive/Documents/universidad/4to/1r/SEP/Proyectos/pr2/SEPmonG3/SEPmonG3/hw/SEPmon.xsa
TRACE::2024-06-21.17:22:58::SCWPlatform:: Unique name xilinx:zybo-z7-10::0.0
TRACE::2024-06-21.17:22:58::SCWPlatform::Trying to set the existing hwdb with name DEMO_wrapper_1
TRACE::2024-06-21.17:22:58::SCWPlatform::Opened existing hwdb DEMO_wrapper_1
TRACE::2024-06-21.17:22:58::SCWPlatform::Found the Hw Db part of the input DSA
TRACE::2024-06-21.17:22:58::SCWMssOS::Checking the sw design at  C:/Users/gusta/OneDrive/Documents/universidad/4to/1r/SEP/Proyectos/pr2/SEPmonG3/SEPmonG3/ps7_cortexa9_0/standalone_domain/bsp/system.mss
TRACE::2024-06-21.17:22:58::SCWMssOS::DEBUG:  swdes dump  C:/Users/gusta/OneDrive/Documents/universidad/4to/1r/SEP/Proyectos/pr2/SEPmonG3/SEPmonG3/ps7_cortexa9_0/standalone_domain/bsp/system.mss|system_0||
C:/Users/gusta/OneDrive/Documents/universidad/4to/1r/SEP/Proyectos/pr2/SEPmonG3/SEPmonG3/zynq_fsbl/zynq_fsbl_bsp/system.mss|system||

TRACE::2024-06-21.17:22:58::SCWMssOS::Sw design exists and opened at  C:/Users/gusta/OneDrive/Documents/universidad/4to/1r/SEP/Proyectos/pr2/SEPmonG3/SEPmonG3/ps7_cortexa9_0/standalone_domain/bsp/system.mss
TRACE::2024-06-21.17:22:58::SCWWriter::formatted JSON is {
	"platformName":	"SEPmonG3",
	"sprVersion":	"2.0",
	"mode":	"gui",
	"dsaType":	"Fixed",
	"platformDesc":	"SEPmonG3",
	"platHandOff":	"C:/Users/gusta/OneDrive/Documents/universidad/4to/1r/SEP/Proyectos/pr2/SEPmonG3/SEPmon/SEPmon.xsa",
	"platIntHandOff":	"<platformDir>/hw/SEPmon.xsa",
	"deviceType":	"zynq",
	"platIsPrebuiltAutogen":	"false",
	"platIsNoBootBsp":	"false",
	"hasFsblMakeHasChanges":	"false",
	"hasPmufwMakeHasChanges":	"false",
	"fsblExtraCompilerFlags":	"-MMD -MP       -mcpu=cortex-a9 -mfpu=vfpv3 -mfloat-abi=hard ",
	"platPreBuiltFlag":	false,
	"platformSamplesDir":	"",
	"platActiveSys":	"SEPmonG3",
	"systems":	[{
			"systemName":	"SEPmonG3",
			"systemDesc":	"SEPmonG3",
			"sysIsBootAutoGen":	"true",
			"systemDispName":	"SEPmonG3",
			"sysActiveDom":	"standalone_domain",
			"sysDefaultDom":	"standalone_domain",
			"domains":	[{
					"domainName":	"zynq_fsbl",
					"domainDispName":	"zynq_fsbl",
					"domainDesc":	"FSBL Application BSP - Auto Generated.",
					"processors":	"ps7_cortexa9_0",
					"os":	"standalone",
					"sdxOs":	"standalone",
					"debugEnable":	"",
					"domRuntimes":	["cpp"],
					"swRepo":	"",
					"mssOsVer":	"7.2",
					"mssFile":	"",
					"md5Digest":	"02312b845700e4a4fd39dd786149f184",
					"compatibleApp":	"zynq_fsbl",
					"domType":	"bootDomain",
					"appSettings":	{
						"appCompilerFlags":	"",
						"appLinkerFlags":	""
					},
					"addedLibs":	["xilffs:4.3", "xilrsa:1.6"],
					"libOptions":	{
						"libsContainingOptions":	[]
					},
					"prebuiltLibs":	{
						"prebuiltIncPath":	[],
						"prebuiltLibPath":	[]
					},
					"isolation":	{
					}
				}, {
					"domainName":	"standalone_domain",
					"domainDispName":	"standalone on ps7_cortexa9_0",
					"domainDesc":	"standalone_domain",
					"processors":	"ps7_cortexa9_0",
					"os":	"standalone",
					"sdxOs":	"standalone",
					"qemuArgs":	"C:/Xilinx/Vitis/2020.1/data/emulation/platforms/zynq/qemu/qemu_args.txt",
					"qemuData":	"C:/Xilinx/Vitis/2020.1/data/emulation/platforms/zynq/qemu/",
					"debugEnable":	"False",
					"domRuntimes":	["cpp"],
					"swRepo":	"",
					"mssOsVer":	"7.2",
					"mssFile":	"",
					"md5Digest":	"66dd88408418c3412ef42766414a5b97",
					"compatibleApp":	"",
					"domType":	"mssDomain",
					"appSettings":	{
						"appCompilerFlags":	"",
						"appLinkerFlags":	""
					},
					"addedLibs":	[],
					"libOptions":	{
						"libsContainingOptions":	[]
					},
					"prebuiltLibs":	{
						"prebuiltIncPath":	[],
						"prebuiltLibPath":	[]
					},
					"isolation":	{
					}
				}]
		}]
}
KEYINFO::2024-06-21.17:22:58::SCWPlatform::updated the xpfm file.
TRACE::2024-06-21.17:22:59::SCWPlatform::Trying to open the hw design at C:/Users/gusta/OneDrive/Documents/universidad/4to/1r/SEP/Proyectos/pr2/SEPmonG3/SEPmonG3/hw/SEPmon.xsa
TRACE::2024-06-21.17:22:59::SCWPlatform::DSA given C:/Users/gusta/OneDrive/Documents/universidad/4to/1r/SEP/Proyectos/pr2/SEPmonG3/SEPmonG3/hw/SEPmon.xsa
TRACE::2024-06-21.17:22:59::SCWPlatform::DSA absoulate path C:/Users/gusta/OneDrive/Documents/universidad/4to/1r/SEP/Proyectos/pr2/SEPmonG3/SEPmonG3/hw/SEPmon.xsa
TRACE::2024-06-21.17:22:59::SCWPlatform::DSA directory C:/Users/gusta/OneDrive/Documents/universidad/4to/1r/SEP/Proyectos/pr2/SEPmonG3/SEPmonG3/hw
TRACE::2024-06-21.17:22:59::SCWPlatform:: Platform Path C:/Users/gusta/OneDrive/Documents/universidad/4to/1r/SEP/Proyectos/pr2/SEPmonG3/SEPmonG3/hw/SEPmon.xsa
TRACE::2024-06-21.17:22:59::SCWPlatform:: Unique name xilinx:zybo-z7-10::0.0
TRACE::2024-06-21.17:22:59::SCWPlatform::Trying to set the existing hwdb with name DEMO_wrapper_1
TRACE::2024-06-21.17:22:59::SCWPlatform::Opened existing hwdb DEMO_wrapper_1
TRACE::2024-06-21.17:22:59::SCWPlatform::Found the Hw Db part of the input DSA
TRACE::2024-06-21.17:22:59::SCWMssOS::Checking the sw design at  C:/Users/gusta/OneDrive/Documents/universidad/4to/1r/SEP/Proyectos/pr2/SEPmonG3/SEPmonG3/ps7_cortexa9_0/standalone_domain/bsp/system.mss
TRACE::2024-06-21.17:22:59::SCWMssOS::DEBUG:  swdes dump  C:/Users/gusta/OneDrive/Documents/universidad/4to/1r/SEP/Proyectos/pr2/SEPmonG3/SEPmonG3/ps7_cortexa9_0/standalone_domain/bsp/system.mss|system_0||
C:/Users/gusta/OneDrive/Documents/universidad/4to/1r/SEP/Proyectos/pr2/SEPmonG3/SEPmonG3/zynq_fsbl/zynq_fsbl_bsp/system.mss|system||

TRACE::2024-06-21.17:22:59::SCWMssOS::Sw design exists and opened at  C:/Users/gusta/OneDrive/Documents/universidad/4to/1r/SEP/Proyectos/pr2/SEPmonG3/SEPmonG3/ps7_cortexa9_0/standalone_domain/bsp/system.mss
TRACE::2024-06-26.00:33:33::SCWPlatform::Trying to open the hw design at C:/Users/gusta/OneDrive/Documents/universidad/4to/1r/SEP/Proyectos/pr2/SEPmonG3/SEPmonG3/hw/SEPmon.xsa
TRACE::2024-06-26.00:33:33::SCWPlatform::DSA given C:/Users/gusta/OneDrive/Documents/universidad/4to/1r/SEP/Proyectos/pr2/SEPmonG3/SEPmonG3/hw/SEPmon.xsa
TRACE::2024-06-26.00:33:33::SCWPlatform::DSA absoulate path C:/Users/gusta/OneDrive/Documents/universidad/4to/1r/SEP/Proyectos/pr2/SEPmonG3/SEPmonG3/hw/SEPmon.xsa
TRACE::2024-06-26.00:33:35::SCWPlatform::DSA directory C:/Users/gusta/OneDrive/Documents/universidad/4to/1r/SEP/Proyectos/pr2/SEPmonG3/SEPmonG3/hw
TRACE::2024-06-26.00:33:35::SCWPlatform:: Platform Path C:/Users/gusta/OneDrive/Documents/universidad/4to/1r/SEP/Proyectos/pr2/SEPmonG3/SEPmonG3/hw/SEPmon.xsa
TRACE::2024-06-26.00:33:35::SCWPlatform:: Unique name xilinx:zybo-z7-10::0.0
TRACE::2024-06-26.00:33:35::SCWPlatform::Do not have an existing db opened. 
TRACE::2024-06-26.00:33:38::SCWPlatform::Opened new HwDB with name DEMO_wrapper
TRACE::2024-06-26.00:33:38::SCWReader::Active system found as  SEPmonG3
TRACE::2024-06-26.00:33:38::SCWReader::Handling sysconfig SEPmonG3
TRACE::2024-06-26.00:33:38::SCWDomain::checking for install qemu data   : 
TRACE::2024-06-26.00:33:38::SCWDomain:: Using the QEMU Data from install at  : C:/Xilinx/Vitis/2020.1/data/emulation/platforms/zynq/qemu/
TRACE::2024-06-26.00:33:38::SCWDomain:: Using the QEMU args  from install at  : C:/Xilinx/Vitis/2020.1/data/emulation/platforms/zynq/qemu/qemu_args.txt
TRACE::2024-06-26.00:33:38::SCWPlatform::Trying to open the hw design at C:/Users/gusta/OneDrive/Documents/universidad/4to/1r/SEP/Proyectos/pr2/SEPmonG3/SEPmonG3/hw/SEPmon.xsa
TRACE::2024-06-26.00:33:38::SCWPlatform::DSA given C:/Users/gusta/OneDrive/Documents/universidad/4to/1r/SEP/Proyectos/pr2/SEPmonG3/SEPmonG3/hw/SEPmon.xsa
TRACE::2024-06-26.00:33:38::SCWPlatform::DSA absoulate path C:/Users/gusta/OneDrive/Documents/universidad/4to/1r/SEP/Proyectos/pr2/SEPmonG3/SEPmonG3/hw/SEPmon.xsa
TRACE::2024-06-26.00:33:38::SCWPlatform::DSA directory C:/Users/gusta/OneDrive/Documents/universidad/4to/1r/SEP/Proyectos/pr2/SEPmonG3/SEPmonG3/hw
TRACE::2024-06-26.00:33:38::SCWPlatform:: Platform Path C:/Users/gusta/OneDrive/Documents/universidad/4to/1r/SEP/Proyectos/pr2/SEPmonG3/SEPmonG3/hw/SEPmon.xsa
TRACE::2024-06-26.00:33:38::SCWPlatform:: Unique name xilinx:zybo-z7-10::0.0
TRACE::2024-06-26.00:33:38::SCWPlatform::Trying to set the existing hwdb with name DEMO_wrapper
TRACE::2024-06-26.00:33:38::SCWPlatform::Opened existing hwdb DEMO_wrapper
TRACE::2024-06-26.00:33:38::SCWPlatform::Found the Hw Db part of the input DSA
TRACE::2024-06-26.00:33:38::SCWPlatform::Trying to open the hw design at C:/Users/gusta/OneDrive/Documents/universidad/4to/1r/SEP/Proyectos/pr2/SEPmonG3/SEPmonG3/hw/SEPmon.xsa
TRACE::2024-06-26.00:33:38::SCWPlatform::DSA given C:/Users/gusta/OneDrive/Documents/universidad/4to/1r/SEP/Proyectos/pr2/SEPmonG3/SEPmonG3/hw/SEPmon.xsa
TRACE::2024-06-26.00:33:38::SCWPlatform::DSA absoulate path C:/Users/gusta/OneDrive/Documents/universidad/4to/1r/SEP/Proyectos/pr2/SEPmonG3/SEPmonG3/hw/SEPmon.xsa
TRACE::2024-06-26.00:33:38::SCWPlatform::DSA directory C:/Users/gusta/OneDrive/Documents/universidad/4to/1r/SEP/Proyectos/pr2/SEPmonG3/SEPmonG3/hw
TRACE::2024-06-26.00:33:38::SCWPlatform:: Platform Path C:/Users/gusta/OneDrive/Documents/universidad/4to/1r/SEP/Proyectos/pr2/SEPmonG3/SEPmonG3/hw/SEPmon.xsa
TRACE::2024-06-26.00:33:38::SCWPlatform:: Unique name xilinx:zybo-z7-10::0.0
TRACE::2024-06-26.00:33:38::SCWPlatform::Trying to set the existing hwdb with name DEMO_wrapper
TRACE::2024-06-26.00:33:38::SCWPlatform::Opened existing hwdb DEMO_wrapper
TRACE::2024-06-26.00:33:38::SCWPlatform::Found the Hw Db part of the input DSA
TRACE::2024-06-26.00:33:38::SCWPlatform::Trying to open the hw design at C:/Users/gusta/OneDrive/Documents/universidad/4to/1r/SEP/Proyectos/pr2/SEPmonG3/SEPmonG3/hw/SEPmon.xsa
TRACE::2024-06-26.00:33:38::SCWPlatform::DSA given C:/Users/gusta/OneDrive/Documents/universidad/4to/1r/SEP/Proyectos/pr2/SEPmonG3/SEPmonG3/hw/SEPmon.xsa
TRACE::2024-06-26.00:33:38::SCWPlatform::DSA absoulate path C:/Users/gusta/OneDrive/Documents/universidad/4to/1r/SEP/Proyectos/pr2/SEPmonG3/SEPmonG3/hw/SEPmon.xsa
TRACE::2024-06-26.00:33:38::SCWPlatform::DSA directory C:/Users/gusta/OneDrive/Documents/universidad/4to/1r/SEP/Proyectos/pr2/SEPmonG3/SEPmonG3/hw
TRACE::2024-06-26.00:33:38::SCWPlatform:: Platform Path C:/Users/gusta/OneDrive/Documents/universidad/4to/1r/SEP/Proyectos/pr2/SEPmonG3/SEPmonG3/hw/SEPmon.xsa
TRACE::2024-06-26.00:33:38::SCWPlatform:: Unique name xilinx:zybo-z7-10::0.0
TRACE::2024-06-26.00:33:38::SCWPlatform::Trying to set the existing hwdb with name DEMO_wrapper
TRACE::2024-06-26.00:33:38::SCWPlatform::Opened existing hwdb DEMO_wrapper
TRACE::2024-06-26.00:33:38::SCWPlatform::Found the Hw Db part of the input DSA
TRACE::2024-06-26.00:33:38::SCWReader::Boot application domain added for zynq_fsbl
TRACE::2024-06-26.00:33:38::SCWPlatform::Trying to open the hw design at C:/Users/gusta/OneDrive/Documents/universidad/4to/1r/SEP/Proyectos/pr2/SEPmonG3/SEPmonG3/hw/SEPmon.xsa
TRACE::2024-06-26.00:33:38::SCWPlatform::DSA given C:/Users/gusta/OneDrive/Documents/universidad/4to/1r/SEP/Proyectos/pr2/SEPmonG3/SEPmonG3/hw/SEPmon.xsa
TRACE::2024-06-26.00:33:38::SCWPlatform::DSA absoulate path C:/Users/gusta/OneDrive/Documents/universidad/4to/1r/SEP/Proyectos/pr2/SEPmonG3/SEPmonG3/hw/SEPmon.xsa
TRACE::2024-06-26.00:33:38::SCWPlatform::DSA directory C:/Users/gusta/OneDrive/Documents/universidad/4to/1r/SEP/Proyectos/pr2/SEPmonG3/SEPmonG3/hw
TRACE::2024-06-26.00:33:38::SCWPlatform:: Platform Path C:/Users/gusta/OneDrive/Documents/universidad/4to/1r/SEP/Proyectos/pr2/SEPmonG3/SEPmonG3/hw/SEPmon.xsa
TRACE::2024-06-26.00:33:38::SCWPlatform:: Unique name xilinx:zybo-z7-10::0.0
TRACE::2024-06-26.00:33:38::SCWPlatform::Trying to set the existing hwdb with name DEMO_wrapper
TRACE::2024-06-26.00:33:38::SCWPlatform::Opened existing hwdb DEMO_wrapper
TRACE::2024-06-26.00:33:38::SCWPlatform::Found the Hw Db part of the input DSA
TRACE::2024-06-26.00:33:38::SCWMssOS::Checking the sw design at  C:/Users/gusta/OneDrive/Documents/universidad/4to/1r/SEP/Proyectos/pr2/SEPmonG3/SEPmonG3/zynq_fsbl/zynq_fsbl_bsp/system.mss
TRACE::2024-06-26.00:33:38::SCWMssOS::DEBUG:  swdes dump  
TRACE::2024-06-26.00:33:38::SCWMssOS::No sw design opened at  C:/Users/gusta/OneDrive/Documents/universidad/4to/1r/SEP/Proyectos/pr2/SEPmonG3/SEPmonG3/zynq_fsbl/zynq_fsbl_bsp/system.mss
TRACE::2024-06-26.00:33:38::SCWMssOS::mss exists loading the mss file  C:/Users/gusta/OneDrive/Documents/universidad/4to/1r/SEP/Proyectos/pr2/SEPmonG3/SEPmonG3/zynq_fsbl/zynq_fsbl_bsp/system.mss
TRACE::2024-06-26.00:33:38::SCWMssOS::Opened the sw design from mss  C:/Users/gusta/OneDrive/Documents/universidad/4to/1r/SEP/Proyectos/pr2/SEPmonG3/SEPmonG3/zynq_fsbl/zynq_fsbl_bsp/system.mss
TRACE::2024-06-26.00:33:38::SCWMssOS::Adding the swdes entry C:/Users/gusta/OneDrive/Documents/universidad/4to/1r/SEP/Proyectos/pr2/SEPmonG3/SEPmonG3/zynq_fsbl/zynq_fsbl_bsp/system.mss with des name system
TRACE::2024-06-26.00:33:38::SCWMssOS::updating the scw layer about changes
TRACE::2024-06-26.00:33:38::SCWMssOS::Opened the sw design.  C:/Users/gusta/OneDrive/Documents/universidad/4to/1r/SEP/Proyectos/pr2/SEPmonG3/SEPmonG3/zynq_fsbl/zynq_fsbl_bsp/system.mss
TRACE::2024-06-26.00:33:38::SCWPlatform::Trying to open the hw design at C:/Users/gusta/OneDrive/Documents/universidad/4to/1r/SEP/Proyectos/pr2/SEPmonG3/SEPmonG3/hw/SEPmon.xsa
TRACE::2024-06-26.00:33:38::SCWPlatform::DSA given C:/Users/gusta/OneDrive/Documents/universidad/4to/1r/SEP/Proyectos/pr2/SEPmonG3/SEPmonG3/hw/SEPmon.xsa
TRACE::2024-06-26.00:33:38::SCWPlatform::DSA absoulate path C:/Users/gusta/OneDrive/Documents/universidad/4to/1r/SEP/Proyectos/pr2/SEPmonG3/SEPmonG3/hw/SEPmon.xsa
TRACE::2024-06-26.00:33:38::SCWPlatform::DSA directory C:/Users/gusta/OneDrive/Documents/universidad/4to/1r/SEP/Proyectos/pr2/SEPmonG3/SEPmonG3/hw
TRACE::2024-06-26.00:33:38::SCWPlatform:: Platform Path C:/Users/gusta/OneDrive/Documents/universidad/4to/1r/SEP/Proyectos/pr2/SEPmonG3/SEPmonG3/hw/SEPmon.xsa
TRACE::2024-06-26.00:33:38::SCWPlatform:: Unique name xilinx:zybo-z7-10::0.0
TRACE::2024-06-26.00:33:38::SCWPlatform::Trying to set the existing hwdb with name DEMO_wrapper
TRACE::2024-06-26.00:33:38::SCWPlatform::Opened existing hwdb DEMO_wrapper
TRACE::2024-06-26.00:33:38::SCWPlatform::Found the Hw Db part of the input DSA
TRACE::2024-06-26.00:33:38::SCWMssOS::Checking the sw design at  C:/Users/gusta/OneDrive/Documents/universidad/4to/1r/SEP/Proyectos/pr2/SEPmonG3/SEPmonG3/zynq_fsbl/zynq_fsbl_bsp/system.mss
TRACE::2024-06-26.00:33:38::SCWMssOS::DEBUG:  swdes dump  C:/Users/gusta/OneDrive/Documents/universidad/4to/1r/SEP/Proyectos/pr2/SEPmonG3/SEPmonG3/zynq_fsbl/zynq_fsbl_bsp/system.mss|system||

TRACE::2024-06-26.00:33:38::SCWMssOS::Sw design exists and opened at  C:/Users/gusta/OneDrive/Documents/universidad/4to/1r/SEP/Proyectos/pr2/SEPmonG3/SEPmonG3/zynq_fsbl/zynq_fsbl_bsp/system.mss
TRACE::2024-06-26.00:33:38::SCWMssOS:: library already available in sw design:  xilffs:4.3
TRACE::2024-06-26.00:33:38::SCWPlatform::Trying to open the hw design at C:/Users/gusta/OneDrive/Documents/universidad/4to/1r/SEP/Proyectos/pr2/SEPmonG3/SEPmonG3/hw/SEPmon.xsa
TRACE::2024-06-26.00:33:38::SCWPlatform::DSA given C:/Users/gusta/OneDrive/Documents/universidad/4to/1r/SEP/Proyectos/pr2/SEPmonG3/SEPmonG3/hw/SEPmon.xsa
TRACE::2024-06-26.00:33:38::SCWPlatform::DSA absoulate path C:/Users/gusta/OneDrive/Documents/universidad/4to/1r/SEP/Proyectos/pr2/SEPmonG3/SEPmonG3/hw/SEPmon.xsa
TRACE::2024-06-26.00:33:38::SCWPlatform::DSA directory C:/Users/gusta/OneDrive/Documents/universidad/4to/1r/SEP/Proyectos/pr2/SEPmonG3/SEPmonG3/hw
TRACE::2024-06-26.00:33:38::SCWPlatform:: Platform Path C:/Users/gusta/OneDrive/Documents/universidad/4to/1r/SEP/Proyectos/pr2/SEPmonG3/SEPmonG3/hw/SEPmon.xsa
TRACE::2024-06-26.00:33:38::SCWPlatform:: Unique name xilinx:zybo-z7-10::0.0
TRACE::2024-06-26.00:33:38::SCWPlatform::Trying to set the existing hwdb with name DEMO_wrapper
TRACE::2024-06-26.00:33:38::SCWPlatform::Opened existing hwdb DEMO_wrapper
TRACE::2024-06-26.00:33:38::SCWPlatform::Found the Hw Db part of the input DSA
TRACE::2024-06-26.00:33:38::SCWMssOS::Checking the sw design at  C:/Users/gusta/OneDrive/Documents/universidad/4to/1r/SEP/Proyectos/pr2/SEPmonG3/SEPmonG3/zynq_fsbl/zynq_fsbl_bsp/system.mss
TRACE::2024-06-26.00:33:38::SCWMssOS::DEBUG:  swdes dump  C:/Users/gusta/OneDrive/Documents/universidad/4to/1r/SEP/Proyectos/pr2/SEPmonG3/SEPmonG3/zynq_fsbl/zynq_fsbl_bsp/system.mss|system||

TRACE::2024-06-26.00:33:38::SCWMssOS::Sw design exists and opened at  C:/Users/gusta/OneDrive/Documents/universidad/4to/1r/SEP/Proyectos/pr2/SEPmonG3/SEPmonG3/zynq_fsbl/zynq_fsbl_bsp/system.mss
TRACE::2024-06-26.00:33:38::SCWMssOS:: library already available in sw design:  xilrsa:1.6
TRACE::2024-06-26.00:33:38::SCWMssOS::Saving the mss changes C:/Users/gusta/OneDrive/Documents/universidad/4to/1r/SEP/Proyectos/pr2/SEPmonG3/SEPmonG3/zynq_fsbl/zynq_fsbl_bsp/system.mss
TRACE::2024-06-26.00:33:38::SCWMssOS::Found a swdesign opened with the mssfile.
TRACE::2024-06-26.00:33:38::SCWMssOS::Completed writemss as part of save.
TRACE::2024-06-26.00:33:38::SCWMssOS::Commit changes completed.
TRACE::2024-06-26.00:33:38::SCWReader::Adding prebuilt librarypaths as   
TRACE::2024-06-26.00:33:38::SCWReader::Adding prebuilt incpaths  as   
TRACE::2024-06-26.00:33:38::SCWPlatform::Trying to open the hw design at C:/Users/gusta/OneDrive/Documents/universidad/4to/1r/SEP/Proyectos/pr2/SEPmonG3/SEPmonG3/hw/SEPmon.xsa
TRACE::2024-06-26.00:33:38::SCWPlatform::DSA given C:/Users/gusta/OneDrive/Documents/universidad/4to/1r/SEP/Proyectos/pr2/SEPmonG3/SEPmonG3/hw/SEPmon.xsa
TRACE::2024-06-26.00:33:38::SCWPlatform::DSA absoulate path C:/Users/gusta/OneDrive/Documents/universidad/4to/1r/SEP/Proyectos/pr2/SEPmonG3/SEPmonG3/hw/SEPmon.xsa
TRACE::2024-06-26.00:33:38::SCWPlatform::DSA directory C:/Users/gusta/OneDrive/Documents/universidad/4to/1r/SEP/Proyectos/pr2/SEPmonG3/SEPmonG3/hw
TRACE::2024-06-26.00:33:38::SCWPlatform:: Platform Path C:/Users/gusta/OneDrive/Documents/universidad/4to/1r/SEP/Proyectos/pr2/SEPmonG3/SEPmonG3/hw/SEPmon.xsa
TRACE::2024-06-26.00:33:38::SCWPlatform:: Unique name xilinx:zybo-z7-10::0.0
TRACE::2024-06-26.00:33:38::SCWPlatform::Trying to set the existing hwdb with name DEMO_wrapper
TRACE::2024-06-26.00:33:38::SCWPlatform::Opened existing hwdb DEMO_wrapper
TRACE::2024-06-26.00:33:38::SCWPlatform::Found the Hw Db part of the input DSA
TRACE::2024-06-26.00:33:38::SCWMssOS::Checking the sw design at  C:/Users/gusta/OneDrive/Documents/universidad/4to/1r/SEP/Proyectos/pr2/SEPmonG3/SEPmonG3/zynq_fsbl/zynq_fsbl_bsp/system.mss
TRACE::2024-06-26.00:33:38::SCWMssOS::DEBUG:  swdes dump  C:/Users/gusta/OneDrive/Documents/universidad/4to/1r/SEP/Proyectos/pr2/SEPmonG3/SEPmonG3/zynq_fsbl/zynq_fsbl_bsp/system.mss|system||

TRACE::2024-06-26.00:33:38::SCWMssOS::Sw design exists and opened at  C:/Users/gusta/OneDrive/Documents/universidad/4to/1r/SEP/Proyectos/pr2/SEPmonG3/SEPmonG3/zynq_fsbl/zynq_fsbl_bsp/system.mss
TRACE::2024-06-26.00:33:38::SCWReader::No isolation master present  
TRACE::2024-06-26.00:33:38::SCWDomain::checking for install qemu data   : 
TRACE::2024-06-26.00:33:38::SCWDomain:: Using the QEMU Data from install at  : C:/Xilinx/Vitis/2020.1/data/emulation/platforms/zynq/qemu/
TRACE::2024-06-26.00:33:38::SCWDomain:: Using the QEMU args  from install at  : C:/Xilinx/Vitis/2020.1/data/emulation/platforms/zynq/qemu/qemu_args.txt
TRACE::2024-06-26.00:33:38::SCWPlatform::Trying to open the hw design at C:/Users/gusta/OneDrive/Documents/universidad/4to/1r/SEP/Proyectos/pr2/SEPmonG3/SEPmonG3/hw/SEPmon.xsa
TRACE::2024-06-26.00:33:38::SCWPlatform::DSA given C:/Users/gusta/OneDrive/Documents/universidad/4to/1r/SEP/Proyectos/pr2/SEPmonG3/SEPmonG3/hw/SEPmon.xsa
TRACE::2024-06-26.00:33:38::SCWPlatform::DSA absoulate path C:/Users/gusta/OneDrive/Documents/universidad/4to/1r/SEP/Proyectos/pr2/SEPmonG3/SEPmonG3/hw/SEPmon.xsa
TRACE::2024-06-26.00:33:38::SCWPlatform::DSA directory C:/Users/gusta/OneDrive/Documents/universidad/4to/1r/SEP/Proyectos/pr2/SEPmonG3/SEPmonG3/hw
TRACE::2024-06-26.00:33:38::SCWPlatform:: Platform Path C:/Users/gusta/OneDrive/Documents/universidad/4to/1r/SEP/Proyectos/pr2/SEPmonG3/SEPmonG3/hw/SEPmon.xsa
TRACE::2024-06-26.00:33:38::SCWPlatform:: Unique name xilinx:zybo-z7-10::0.0
TRACE::2024-06-26.00:33:38::SCWPlatform::Trying to set the existing hwdb with name DEMO_wrapper
TRACE::2024-06-26.00:33:38::SCWPlatform::Opened existing hwdb DEMO_wrapper
TRACE::2024-06-26.00:33:38::SCWPlatform::Found the Hw Db part of the input DSA
TRACE::2024-06-26.00:33:38::SCWPlatform::Trying to open the hw design at C:/Users/gusta/OneDrive/Documents/universidad/4to/1r/SEP/Proyectos/pr2/SEPmonG3/SEPmonG3/hw/SEPmon.xsa
TRACE::2024-06-26.00:33:38::SCWPlatform::DSA given C:/Users/gusta/OneDrive/Documents/universidad/4to/1r/SEP/Proyectos/pr2/SEPmonG3/SEPmonG3/hw/SEPmon.xsa
TRACE::2024-06-26.00:33:38::SCWPlatform::DSA absoulate path C:/Users/gusta/OneDrive/Documents/universidad/4to/1r/SEP/Proyectos/pr2/SEPmonG3/SEPmonG3/hw/SEPmon.xsa
TRACE::2024-06-26.00:33:38::SCWPlatform::DSA directory C:/Users/gusta/OneDrive/Documents/universidad/4to/1r/SEP/Proyectos/pr2/SEPmonG3/SEPmonG3/hw
TRACE::2024-06-26.00:33:38::SCWPlatform:: Platform Path C:/Users/gusta/OneDrive/Documents/universidad/4to/1r/SEP/Proyectos/pr2/SEPmonG3/SEPmonG3/hw/SEPmon.xsa
TRACE::2024-06-26.00:33:38::SCWPlatform:: Unique name xilinx:zybo-z7-10::0.0
TRACE::2024-06-26.00:33:38::SCWPlatform::Trying to set the existing hwdb with name DEMO_wrapper
TRACE::2024-06-26.00:33:38::SCWPlatform::Opened existing hwdb DEMO_wrapper
TRACE::2024-06-26.00:33:38::SCWPlatform::Found the Hw Db part of the input DSA
TRACE::2024-06-26.00:33:38::SCWPlatform::Trying to open the hw design at C:/Users/gusta/OneDrive/Documents/universidad/4to/1r/SEP/Proyectos/pr2/SEPmonG3/SEPmonG3/hw/SEPmon.xsa
TRACE::2024-06-26.00:33:38::SCWPlatform::DSA given C:/Users/gusta/OneDrive/Documents/universidad/4to/1r/SEP/Proyectos/pr2/SEPmonG3/SEPmonG3/hw/SEPmon.xsa
TRACE::2024-06-26.00:33:38::SCWPlatform::DSA absoulate path C:/Users/gusta/OneDrive/Documents/universidad/4to/1r/SEP/Proyectos/pr2/SEPmonG3/SEPmonG3/hw/SEPmon.xsa
TRACE::2024-06-26.00:33:38::SCWPlatform::DSA directory C:/Users/gusta/OneDrive/Documents/universidad/4to/1r/SEP/Proyectos/pr2/SEPmonG3/SEPmonG3/hw
TRACE::2024-06-26.00:33:38::SCWPlatform:: Platform Path C:/Users/gusta/OneDrive/Documents/universidad/4to/1r/SEP/Proyectos/pr2/SEPmonG3/SEPmonG3/hw/SEPmon.xsa
TRACE::2024-06-26.00:33:38::SCWPlatform:: Unique name xilinx:zybo-z7-10::0.0
TRACE::2024-06-26.00:33:38::SCWPlatform::Trying to set the existing hwdb with name DEMO_wrapper
TRACE::2024-06-26.00:33:38::SCWPlatform::Opened existing hwdb DEMO_wrapper
TRACE::2024-06-26.00:33:38::SCWPlatform::Found the Hw Db part of the input DSA
TRACE::2024-06-26.00:33:38::SCWMssOS::Checking the sw design at  C:/Users/gusta/OneDrive/Documents/universidad/4to/1r/SEP/Proyectos/pr2/SEPmonG3/SEPmonG3/ps7_cortexa9_0/standalone_domain/bsp/system.mss
TRACE::2024-06-26.00:33:38::SCWMssOS::DEBUG:  swdes dump  C:/Users/gusta/OneDrive/Documents/universidad/4to/1r/SEP/Proyectos/pr2/SEPmonG3/SEPmonG3/zynq_fsbl/zynq_fsbl_bsp/system.mss|system||

TRACE::2024-06-26.00:33:38::SCWMssOS::No sw design opened at  C:/Users/gusta/OneDrive/Documents/universidad/4to/1r/SEP/Proyectos/pr2/SEPmonG3/SEPmonG3/ps7_cortexa9_0/standalone_domain/bsp/system.mss
TRACE::2024-06-26.00:33:38::SCWMssOS::mss exists loading the mss file  C:/Users/gusta/OneDrive/Documents/universidad/4to/1r/SEP/Proyectos/pr2/SEPmonG3/SEPmonG3/ps7_cortexa9_0/standalone_domain/bsp/system.mss
TRACE::2024-06-26.00:33:38::SCWMssOS::Opened the sw design from mss  C:/Users/gusta/OneDrive/Documents/universidad/4to/1r/SEP/Proyectos/pr2/SEPmonG3/SEPmonG3/ps7_cortexa9_0/standalone_domain/bsp/system.mss
TRACE::2024-06-26.00:33:38::SCWMssOS::Adding the swdes entry C:/Users/gusta/OneDrive/Documents/universidad/4to/1r/SEP/Proyectos/pr2/SEPmonG3/SEPmonG3/ps7_cortexa9_0/standalone_domain/bsp/system.mss with des name system_0
TRACE::2024-06-26.00:33:38::SCWMssOS::updating the scw layer about changes
TRACE::2024-06-26.00:33:38::SCWMssOS::Opened the sw design.  C:/Users/gusta/OneDrive/Documents/universidad/4to/1r/SEP/Proyectos/pr2/SEPmonG3/SEPmonG3/ps7_cortexa9_0/standalone_domain/bsp/system.mss
TRACE::2024-06-26.00:33:38::SCWMssOS::Saving the mss changes C:/Users/gusta/OneDrive/Documents/universidad/4to/1r/SEP/Proyectos/pr2/SEPmonG3/SEPmonG3/ps7_cortexa9_0/standalone_domain/bsp/system.mss
TRACE::2024-06-26.00:33:38::SCWMssOS::Found a swdesign opened with the mssfile.
TRACE::2024-06-26.00:33:38::SCWMssOS::Completed writemss as part of save.
TRACE::2024-06-26.00:33:38::SCWMssOS::Commit changes completed.
TRACE::2024-06-26.00:33:38::SCWReader::Adding prebuilt librarypaths as   
TRACE::2024-06-26.00:33:38::SCWReader::Adding prebuilt incpaths  as   
TRACE::2024-06-26.00:33:38::SCWPlatform::Trying to open the hw design at C:/Users/gusta/OneDrive/Documents/universidad/4to/1r/SEP/Proyectos/pr2/SEPmonG3/SEPmonG3/hw/SEPmon.xsa
TRACE::2024-06-26.00:33:38::SCWPlatform::DSA given C:/Users/gusta/OneDrive/Documents/universidad/4to/1r/SEP/Proyectos/pr2/SEPmonG3/SEPmonG3/hw/SEPmon.xsa
TRACE::2024-06-26.00:33:38::SCWPlatform::DSA absoulate path C:/Users/gusta/OneDrive/Documents/universidad/4to/1r/SEP/Proyectos/pr2/SEPmonG3/SEPmonG3/hw/SEPmon.xsa
TRACE::2024-06-26.00:33:38::SCWPlatform::DSA directory C:/Users/gusta/OneDrive/Documents/universidad/4to/1r/SEP/Proyectos/pr2/SEPmonG3/SEPmonG3/hw
TRACE::2024-06-26.00:33:38::SCWPlatform:: Platform Path C:/Users/gusta/OneDrive/Documents/universidad/4to/1r/SEP/Proyectos/pr2/SEPmonG3/SEPmonG3/hw/SEPmon.xsa
TRACE::2024-06-26.00:33:38::SCWPlatform:: Unique name xilinx:zybo-z7-10::0.0
TRACE::2024-06-26.00:33:38::SCWPlatform::Trying to set the existing hwdb with name DEMO_wrapper
TRACE::2024-06-26.00:33:38::SCWPlatform::Opened existing hwdb DEMO_wrapper
TRACE::2024-06-26.00:33:38::SCWPlatform::Found the Hw Db part of the input DSA
TRACE::2024-06-26.00:33:38::SCWMssOS::Checking the sw design at  C:/Users/gusta/OneDrive/Documents/universidad/4to/1r/SEP/Proyectos/pr2/SEPmonG3/SEPmonG3/ps7_cortexa9_0/standalone_domain/bsp/system.mss
TRACE::2024-06-26.00:33:38::SCWMssOS::DEBUG:  swdes dump  C:/Users/gusta/OneDrive/Documents/universidad/4to/1r/SEP/Proyectos/pr2/SEPmonG3/SEPmonG3/ps7_cortexa9_0/standalone_domain/bsp/system.mss|system_0||
C:/Users/gusta/OneDrive/Documents/universidad/4to/1r/SEP/Proyectos/pr2/SEPmonG3/SEPmonG3/zynq_fsbl/zynq_fsbl_bsp/system.mss|system||

TRACE::2024-06-26.00:33:38::SCWMssOS::Sw design exists and opened at  C:/Users/gusta/OneDrive/Documents/universidad/4to/1r/SEP/Proyectos/pr2/SEPmonG3/SEPmonG3/ps7_cortexa9_0/standalone_domain/bsp/system.mss
TRACE::2024-06-26.00:33:38::SCWReader::No isolation master present  
LOG::2024-06-26.00:33:38::SCWPlatform::Started generating the artifacts platform SEPmonG3
TRACE::2024-06-26.00:33:38::SCWPlatform::Sanity checking of platform is completed
LOG::2024-06-26.00:33:38::SCWPlatform::Started generating the artifacts for system configuration SEPmonG3
LOG::2024-06-26.00:33:38::SCWSystem::Checking the domain zynq_fsbl
LOG::2024-06-26.00:33:38::SCWSystem::Doing application build for :  zynq_fsbl
TRACE::2024-06-26.00:33:38::SCWBDomain::Not a forced makefile updation, No changes are present. 
TRACE::2024-06-26.00:33:38::SCWDomain::Building the domain as part of full build :  zynq_fsbl
TRACE::2024-06-26.00:33:38::SCWPlatform::Trying to open the hw design at C:/Users/gusta/OneDrive/Documents/universidad/4to/1r/SEP/Proyectos/pr2/SEPmonG3/SEPmonG3/hw/SEPmon.xsa
TRACE::2024-06-26.00:33:38::SCWPlatform::DSA given C:/Users/gusta/OneDrive/Documents/universidad/4to/1r/SEP/Proyectos/pr2/SEPmonG3/SEPmonG3/hw/SEPmon.xsa
TRACE::2024-06-26.00:33:38::SCWPlatform::DSA absoulate path C:/Users/gusta/OneDrive/Documents/universidad/4to/1r/SEP/Proyectos/pr2/SEPmonG3/SEPmonG3/hw/SEPmon.xsa
TRACE::2024-06-26.00:33:38::SCWPlatform::DSA directory C:/Users/gusta/OneDrive/Documents/universidad/4to/1r/SEP/Proyectos/pr2/SEPmonG3/SEPmonG3/hw
TRACE::2024-06-26.00:33:38::SCWPlatform:: Platform Path C:/Users/gusta/OneDrive/Documents/universidad/4to/1r/SEP/Proyectos/pr2/SEPmonG3/SEPmonG3/hw/SEPmon.xsa
TRACE::2024-06-26.00:33:38::SCWPlatform:: Unique name xilinx:zybo-z7-10::0.0
TRACE::2024-06-26.00:33:38::SCWPlatform::Trying to set the existing hwdb with name DEMO_wrapper
TRACE::2024-06-26.00:33:38::SCWPlatform::Opened existing hwdb DEMO_wrapper
TRACE::2024-06-26.00:33:38::SCWPlatform::Found the Hw Db part of the input DSA
TRACE::2024-06-26.00:33:38::SCWMssOS::Checking the sw design at  C:/Users/gusta/OneDrive/Documents/universidad/4to/1r/SEP/Proyectos/pr2/SEPmonG3/SEPmonG3/zynq_fsbl/zynq_fsbl_bsp/system.mss
TRACE::2024-06-26.00:33:38::SCWMssOS::DEBUG:  swdes dump  C:/Users/gusta/OneDrive/Documents/universidad/4to/1r/SEP/Proyectos/pr2/SEPmonG3/SEPmonG3/ps7_cortexa9_0/standalone_domain/bsp/system.mss|system_0||
C:/Users/gusta/OneDrive/Documents/universidad/4to/1r/SEP/Proyectos/pr2/SEPmonG3/SEPmonG3/zynq_fsbl/zynq_fsbl_bsp/system.mss|system||

TRACE::2024-06-26.00:33:38::SCWMssOS::Sw design exists and opened at  C:/Users/gusta/OneDrive/Documents/universidad/4to/1r/SEP/Proyectos/pr2/SEPmonG3/SEPmonG3/zynq_fsbl/zynq_fsbl_bsp/system.mss
TRACE::2024-06-26.00:33:38::SCWBDomain::Completed writing the mss file at C:/Users/gusta/OneDrive/Documents/universidad/4to/1r/SEP/Proyectos/pr2/SEPmonG3/SEPmonG3/zynq_fsbl/zynq_fsbl_bsp
TRACE::2024-06-26.00:33:38::SCWBDomain::bsp generated is upto date with the mss file. Skipping bsp generation.
TRACE::2024-06-26.00:33:38::SCWBDomain::Not a forced makefile updation, No changes are present. 
TRACE::2024-06-26.00:33:38::SCWBDomain::System Command Ran  C:&  cd  C:/Users/gusta/OneDrive/Documents/universidad/4to/1r/SEP/Proyectos/pr2/SEPmonG3/SEPmonG3/zynq_fsbl & make 
TRACE::2024-06-26.00:33:38::SCWBDomain::make: Nothing to be done for 'all'.

LOG::2024-06-26.00:33:38::SCWSystem::Checking the domain standalone_domain
LOG::2024-06-26.00:33:38::SCWSystem::Not a boot domain 
LOG::2024-06-26.00:33:38::SCWSystem::Started Processing the domain standalone_domain
TRACE::2024-06-26.00:33:38::SCWDomain::Generating domain artifcats
TRACE::2024-06-26.00:33:38::SCWMssOS::Generating standalone artifcats
TRACE::2024-06-26.00:33:38::SCWMssOS::Copying the qemu file from  C:/Xilinx/Vitis/2020.1/data/emulation/platforms/zynq/qemu/qemu_args.txt To C:/Users/gusta/OneDrive/Documents/universidad/4to/1r/SEP/Proyectos/pr2/SEPmonG3/SEPmonG3/export/SEPmonG3/sw/SEPmonG3/qemu/
TRACE::2024-06-26.00:33:38::SCWMssOS::Copying the qemu file from  C:/Xilinx/Vitis/2020.1/data/emulation/platforms/zynq/qemu/qemu_args.txt To C:/Users/gusta/OneDrive/Documents/universidad/4to/1r/SEP/Proyectos/pr2/SEPmonG3/SEPmonG3/export/SEPmonG3/sw/SEPmonG3/standalone_domain/qemu/
TRACE::2024-06-26.00:33:38::SCWMssOS:: Copying the user libraries. 
TRACE::2024-06-26.00:33:38::SCWPlatform::Trying to open the hw design at C:/Users/gusta/OneDrive/Documents/universidad/4to/1r/SEP/Proyectos/pr2/SEPmonG3/SEPmonG3/hw/SEPmon.xsa
TRACE::2024-06-26.00:33:38::SCWPlatform::DSA given C:/Users/gusta/OneDrive/Documents/universidad/4to/1r/SEP/Proyectos/pr2/SEPmonG3/SEPmonG3/hw/SEPmon.xsa
TRACE::2024-06-26.00:33:38::SCWPlatform::DSA absoulate path C:/Users/gusta/OneDrive/Documents/universidad/4to/1r/SEP/Proyectos/pr2/SEPmonG3/SEPmonG3/hw/SEPmon.xsa
TRACE::2024-06-26.00:33:38::SCWPlatform::DSA directory C:/Users/gusta/OneDrive/Documents/universidad/4to/1r/SEP/Proyectos/pr2/SEPmonG3/SEPmonG3/hw
TRACE::2024-06-26.00:33:38::SCWPlatform:: Platform Path C:/Users/gusta/OneDrive/Documents/universidad/4to/1r/SEP/Proyectos/pr2/SEPmonG3/SEPmonG3/hw/SEPmon.xsa
TRACE::2024-06-26.00:33:38::SCWPlatform:: Unique name xilinx:zybo-z7-10::0.0
TRACE::2024-06-26.00:33:38::SCWPlatform::Trying to set the existing hwdb with name DEMO_wrapper
TRACE::2024-06-26.00:33:38::SCWPlatform::Opened existing hwdb DEMO_wrapper
TRACE::2024-06-26.00:33:38::SCWPlatform::Found the Hw Db part of the input DSA
TRACE::2024-06-26.00:33:38::SCWMssOS::Checking the sw design at  C:/Users/gusta/OneDrive/Documents/universidad/4to/1r/SEP/Proyectos/pr2/SEPmonG3/SEPmonG3/ps7_cortexa9_0/standalone_domain/bsp/system.mss
TRACE::2024-06-26.00:33:38::SCWMssOS::DEBUG:  swdes dump  C:/Users/gusta/OneDrive/Documents/universidad/4to/1r/SEP/Proyectos/pr2/SEPmonG3/SEPmonG3/ps7_cortexa9_0/standalone_domain/bsp/system.mss|system_0||
C:/Users/gusta/OneDrive/Documents/universidad/4to/1r/SEP/Proyectos/pr2/SEPmonG3/SEPmonG3/zynq_fsbl/zynq_fsbl_bsp/system.mss|system||

TRACE::2024-06-26.00:33:38::SCWMssOS::Sw design exists and opened at  C:/Users/gusta/OneDrive/Documents/universidad/4to/1r/SEP/Proyectos/pr2/SEPmonG3/SEPmonG3/ps7_cortexa9_0/standalone_domain/bsp/system.mss
TRACE::2024-06-26.00:33:38::SCWMssOS::Completed writing the mss file at C:/Users/gusta/OneDrive/Documents/universidad/4to/1r/SEP/Proyectos/pr2/SEPmonG3/SEPmonG3/ps7_cortexa9_0/standalone_domain/bsp
TRACE::2024-06-26.00:33:38::SCWMssOS::Mss edits present, copying mssfile into export location C:/Users/gusta/OneDrive/Documents/universidad/4to/1r/SEP/Proyectos/pr2/SEPmonG3/SEPmonG3/ps7_cortexa9_0/standalone_domain/bsp/system.mss
TRACE::2024-06-26.00:33:38::SCWMssOS::bsp generated is upto date with the mss file. Skipping bsp generation.
TRACE::2024-06-26.00:33:38::SCWMssOS::BSP is already built. skipping the bsp build ... 
TRACE::2024-06-26.00:33:38::SCWDomain::Building the domain as part of full build :  standalone_domain
TRACE::2024-06-26.00:33:38::SCWMssOS::doing bsp build ... 
TRACE::2024-06-26.00:33:38::SCWMssOS::System Command Ran  C: & cd  C:/Users/gusta/OneDrive/Documents/universidad/4to/1r/SEP/Proyectos/pr2/SEPmonG3/SEPmonG3/ps7_cortexa9_0/standalone_domain/bsp & make 
TRACE::2024-06-26.00:33:38::SCWMssOS::"Running Make include in ps7_cortexa9_0/libsrc/coresightps_dcc_v1_7/src"

TRACE::2024-06-26.00:33:38::SCWMssOS::make -C ps7_cortexa9_0/libsrc/coresightps_dcc_v1_7/src -s include  "SHELL=CMD" "COMPILER=arm-none-eabi-gcc" "ASSEMBLER=arm-none
TRACE::2024-06-26.00:33:38::SCWMssOS::-eabi-as" "ARCHIVER=arm-none-eabi-ar" "COMPILER_FLAGS=  -O2 -c" "EXTRA_COMPILER_FLAGS=-mcpu=cortex-a9 -mfpu=vfpv3 -mfloat-abi=h
TRACE::2024-06-26.00:33:38::SCWMssOS::ard -nostartfiles -g -Wall -Wextra"

TRACE::2024-06-26.00:33:38::SCWMssOS::"Running Make include in ps7_cortexa9_0/libsrc/cpu_cortexa9_v2_9/src"

TRACE::2024-06-26.00:33:38::SCWMssOS::make -C ps7_cortexa9_0/libsrc/cpu_cortexa9_v2_9/src -s include  "SHELL=CMD" "COMPILER=arm-none-eabi-gcc" "ASSEMBLER=arm-none-ea
TRACE::2024-06-26.00:33:38::SCWMssOS::bi-as" "ARCHIVER=arm-none-eabi-ar" "COMPILER_FLAGS=  -O2 -c" "EXTRA_COMPILER_FLAGS=-mcpu=cortex-a9 -mfpu=vfpv3 -mfloat-abi=hard
TRACE::2024-06-26.00:33:38::SCWMssOS:: -nostartfiles -g -Wall -Wextra"

TRACE::2024-06-26.00:33:38::SCWMssOS::"Running Make include in ps7_cortexa9_0/libsrc/ddrps_v1_1/src"

TRACE::2024-06-26.00:33:38::SCWMssOS::make -C ps7_cortexa9_0/libsrc/ddrps_v1_1/src -s include  "SHELL=CMD" "COMPILER=arm-none-eabi-gcc" "ASSEMBLER=arm-none-eabi-as" 
TRACE::2024-06-26.00:33:38::SCWMssOS::"ARCHIVER=arm-none-eabi-ar" "COMPILER_FLAGS=  -O2 -c" "EXTRA_COMPILER_FLAGS=-mcpu=cortex-a9 -mfpu=vfpv3 -mfloat-abi=hard -nosta
TRACE::2024-06-26.00:33:38::SCWMssOS::rtfiles -g -Wall -Wextra"

TRACE::2024-06-26.00:33:39::SCWMssOS::"Running Make include in ps7_cortexa9_0/libsrc/devcfg_v3_6/src"

TRACE::2024-06-26.00:33:39::SCWMssOS::make -C ps7_cortexa9_0/libsrc/devcfg_v3_6/src -s include  "SHELL=CMD" "COMPILER=arm-none-eabi-gcc" "ASSEMBLER=arm-none-eabi-as"
TRACE::2024-06-26.00:33:39::SCWMssOS:: "ARCHIVER=arm-none-eabi-ar" "COMPILER_FLAGS=  -O2 -c" "EXTRA_COMPILER_FLAGS=-mcpu=cortex-a9 -mfpu=vfpv3 -mfloat-abi=hard -nost
TRACE::2024-06-26.00:33:39::SCWMssOS::artfiles -g -Wall -Wextra"

TRACE::2024-06-26.00:33:39::SCWMssOS::"Running Make include in ps7_cortexa9_0/libsrc/dmaps_v2_6/src"

TRACE::2024-06-26.00:33:39::SCWMssOS::make -C ps7_cortexa9_0/libsrc/dmaps_v2_6/src -s include  "SHELL=CMD" "COMPILER=arm-none-eabi-gcc" "ASSEMBLER=arm-none-eabi-as" 
TRACE::2024-06-26.00:33:39::SCWMssOS::"ARCHIVER=arm-none-eabi-ar" "COMPILER_FLAGS=  -O2 -c" "EXTRA_COMPILER_FLAGS=-mcpu=cortex-a9 -mfpu=vfpv3 -mfloat-abi=hard -nosta
TRACE::2024-06-26.00:33:39::SCWMssOS::rtfiles -g -Wall -Wextra"

TRACE::2024-06-26.00:33:39::SCWMssOS::"Running Make include in ps7_cortexa9_0/libsrc/emacps_v3_11/src"

TRACE::2024-06-26.00:33:39::SCWMssOS::make -C ps7_cortexa9_0/libsrc/emacps_v3_11/src -s include  "SHELL=CMD" "COMPILER=arm-none-eabi-gcc" "ASSEMBLER=arm-none-eabi-as
TRACE::2024-06-26.00:33:39::SCWMssOS::" "ARCHIVER=arm-none-eabi-ar" "COMPILER_FLAGS=  -O2 -c" "EXTRA_COMPILER_FLAGS=-mcpu=cortex-a9 -mfpu=vfpv3 -mfloat-abi=hard -nos
TRACE::2024-06-26.00:33:39::SCWMssOS::tartfiles -g -Wall -Wextra"

TRACE::2024-06-26.00:33:39::SCWMssOS::"Running Make include in ps7_cortexa9_0/libsrc/gpiops_v3_7/src"

TRACE::2024-06-26.00:33:39::SCWMssOS::make -C ps7_cortexa9_0/libsrc/gpiops_v3_7/src -s include  "SHELL=CMD" "COMPILER=arm-none-eabi-gcc" "ASSEMBLER=arm-none-eabi-as"
TRACE::2024-06-26.00:33:39::SCWMssOS:: "ARCHIVER=arm-none-eabi-ar" "COMPILER_FLAGS=  -O2 -c" "EXTRA_COMPILER_FLAGS=-mcpu=cortex-a9 -mfpu=vfpv3 -mfloat-abi=hard -nost
TRACE::2024-06-26.00:33:39::SCWMssOS::artfiles -g -Wall -Wextra"

TRACE::2024-06-26.00:33:39::SCWMssOS::"Running Make include in ps7_cortexa9_0/libsrc/gpio_v4_6/src"

TRACE::2024-06-26.00:33:39::SCWMssOS::make -C ps7_cortexa9_0/libsrc/gpio_v4_6/src -s include  "SHELL=CMD" "COMPILER=arm-none-eabi-gcc" "ASSEMBLER=arm-none-eabi-as" "
TRACE::2024-06-26.00:33:39::SCWMssOS::ARCHIVER=arm-none-eabi-ar" "COMPILER_FLAGS=  -O2 -c" "EXTRA_COMPILER_FLAGS=-mcpu=cortex-a9 -mfpu=vfpv3 -mfloat-abi=hard -nostar
TRACE::2024-06-26.00:33:39::SCWMssOS::tfiles -g -Wall -Wextra"

TRACE::2024-06-26.00:33:39::SCWMssOS::"Running Make include in ps7_cortexa9_0/libsrc/iic_v3_6/src"

TRACE::2024-06-26.00:33:39::SCWMssOS::make -C ps7_cortexa9_0/libsrc/iic_v3_6/src -s include  "SHELL=CMD" "COMPILER=arm-none-eabi-gcc" "ASSEMBLER=arm-none-eabi-as" "A
TRACE::2024-06-26.00:33:39::SCWMssOS::RCHIVER=arm-none-eabi-ar" "COMPILER_FLAGS=  -O2 -c" "EXTRA_COMPILER_FLAGS=-mcpu=cortex-a9 -mfpu=vfpv3 -mfloat-abi=hard -nostart
TRACE::2024-06-26.00:33:39::SCWMssOS::files -g -Wall -Wextra"

TRACE::2024-06-26.00:33:40::SCWMssOS::"Running Make include in ps7_cortexa9_0/libsrc/qspips_v3_7/src"

TRACE::2024-06-26.00:33:40::SCWMssOS::make -C ps7_cortexa9_0/libsrc/qspips_v3_7/src -s include  "SHELL=CMD" "COMPILER=arm-none-eabi-gcc" "ASSEMBLER=arm-none-eabi-as"
TRACE::2024-06-26.00:33:40::SCWMssOS:: "ARCHIVER=arm-none-eabi-ar" "COMPILER_FLAGS=  -O2 -c" "EXTRA_COMPILER_FLAGS=-mcpu=cortex-a9 -mfpu=vfpv3 -mfloat-abi=hard -nost
TRACE::2024-06-26.00:33:40::SCWMssOS::artfiles -g -Wall -Wextra"

TRACE::2024-06-26.00:33:40::SCWMssOS::"Running Make include in ps7_cortexa9_0/libsrc/scugic_v4_2/src"

TRACE::2024-06-26.00:33:40::SCWMssOS::make -C ps7_cortexa9_0/libsrc/scugic_v4_2/src -s include  "SHELL=CMD" "COMPILER=arm-none-eabi-gcc" "ASSEMBLER=arm-none-eabi-as"
TRACE::2024-06-26.00:33:40::SCWMssOS:: "ARCHIVER=arm-none-eabi-ar" "COMPILER_FLAGS=  -O2 -c" "EXTRA_COMPILER_FLAGS=-mcpu=cortex-a9 -mfpu=vfpv3 -mfloat-abi=hard -nost
TRACE::2024-06-26.00:33:40::SCWMssOS::artfiles -g -Wall -Wextra"

TRACE::2024-06-26.00:33:40::SCWMssOS::"Running Make include in ps7_cortexa9_0/libsrc/scutimer_v2_2/src"

TRACE::2024-06-26.00:33:40::SCWMssOS::make -C ps7_cortexa9_0/libsrc/scutimer_v2_2/src -s include  "SHELL=CMD" "COMPILER=arm-none-eabi-gcc" "ASSEMBLER=arm-none-eabi-a
TRACE::2024-06-26.00:33:40::SCWMssOS::s" "ARCHIVER=arm-none-eabi-ar" "COMPILER_FLAGS=  -O2 -c" "EXTRA_COMPILER_FLAGS=-mcpu=cortex-a9 -mfpu=vfpv3 -mfloat-abi=hard -no
TRACE::2024-06-26.00:33:40::SCWMssOS::startfiles -g -Wall -Wextra"

TRACE::2024-06-26.00:33:40::SCWMssOS::"Running Make include in ps7_cortexa9_0/libsrc/scuwdt_v2_2/src"

TRACE::2024-06-26.00:33:40::SCWMssOS::make -C ps7_cortexa9_0/libsrc/scuwdt_v2_2/src -s include  "SHELL=CMD" "COMPILER=arm-none-eabi-gcc" "ASSEMBLER=arm-none-eabi-as"
TRACE::2024-06-26.00:33:40::SCWMssOS:: "ARCHIVER=arm-none-eabi-ar" "COMPILER_FLAGS=  -O2 -c" "EXTRA_COMPILER_FLAGS=-mcpu=cortex-a9 -mfpu=vfpv3 -mfloat-abi=hard -nost
TRACE::2024-06-26.00:33:40::SCWMssOS::artfiles -g -Wall -Wextra"

TRACE::2024-06-26.00:33:40::SCWMssOS::"Running Make include in ps7_cortexa9_0/libsrc/sdps_v3_9/src"

TRACE::2024-06-26.00:33:40::SCWMssOS::make -C ps7_cortexa9_0/libsrc/sdps_v3_9/src -s include  "SHELL=CMD" "COMPILER=arm-none-eabi-gcc" "ASSEMBLER=arm-none-eabi-as" "
TRACE::2024-06-26.00:33:40::SCWMssOS::ARCHIVER=arm-none-eabi-ar" "COMPILER_FLAGS=  -O2 -c" "EXTRA_COMPILER_FLAGS=-mcpu=cortex-a9 -mfpu=vfpv3 -mfloat-abi=hard -nostar
TRACE::2024-06-26.00:33:40::SCWMssOS::tfiles -g -Wall -Wextra"

TRACE::2024-06-26.00:33:40::SCWMssOS::"Running Make include in ps7_cortexa9_0/libsrc/spi_v4_6/src"

TRACE::2024-06-26.00:33:40::SCWMssOS::make -C ps7_cortexa9_0/libsrc/spi_v4_6/src -s include  "SHELL=CMD" "COMPILER=arm-none-eabi-gcc" "ASSEMBLER=arm-none-eabi-as" "A
TRACE::2024-06-26.00:33:40::SCWMssOS::RCHIVER=arm-none-eabi-ar" "COMPILER_FLAGS=  -O2 -c" "EXTRA_COMPILER_FLAGS=-mcpu=cortex-a9 -mfpu=vfpv3 -mfloat-abi=hard -nostart
TRACE::2024-06-26.00:33:40::SCWMssOS::files -g -Wall -Wextra"

TRACE::2024-06-26.00:33:41::SCWMssOS::"Running Make include in ps7_cortexa9_0/libsrc/standalone_v7_2/src"

TRACE::2024-06-26.00:33:41::SCWMssOS::make -C ps7_cortexa9_0/libsrc/standalone_v7_2/src -s include  "SHELL=CMD" "COMPILER=arm-none-eabi-gcc" "ASSEMBLER=arm-none-eabi
TRACE::2024-06-26.00:33:41::SCWMssOS::-as" "ARCHIVER=arm-none-eabi-ar" "COMPILER_FLAGS=  -O2 -c" "EXTRA_COMPILER_FLAGS=-mcpu=cortex-a9 -mfpu=vfpv3 -mfloat-abi=hard -
TRACE::2024-06-26.00:33:41::SCWMssOS::nostartfiles -g -Wall -Wextra"

TRACE::2024-06-26.00:33:41::SCWMssOS::"Running Make include in ps7_cortexa9_0/libsrc/tmrctr_v4_6/src"

TRACE::2024-06-26.00:33:41::SCWMssOS::make -C ps7_cortexa9_0/libsrc/tmrctr_v4_6/src -s include  "SHELL=CMD" "COMPILER=arm-none-eabi-gcc" "ASSEMBLER=arm-none-eabi-as"
TRACE::2024-06-26.00:33:41::SCWMssOS:: "ARCHIVER=arm-none-eabi-ar" "COMPILER_FLAGS=  -O2 -c" "EXTRA_COMPILER_FLAGS=-mcpu=cortex-a9 -mfpu=vfpv3 -mfloat-abi=hard -nost
TRACE::2024-06-26.00:33:41::SCWMssOS::artfiles -g -Wall -Wextra"

TRACE::2024-06-26.00:33:42::SCWMssOS::"Running Make include in ps7_cortexa9_0/libsrc/uartps_v3_9/src"

TRACE::2024-06-26.00:33:42::SCWMssOS::make -C ps7_cortexa9_0/libsrc/uartps_v3_9/src -s include  "SHELL=CMD" "COMPILER=arm-none-eabi-gcc" "ASSEMBLER=arm-none-eabi-as"
TRACE::2024-06-26.00:33:42::SCWMssOS:: "ARCHIVER=arm-none-eabi-ar" "COMPILER_FLAGS=  -O2 -c" "EXTRA_COMPILER_FLAGS=-mcpu=cortex-a9 -mfpu=vfpv3 -mfloat-abi=hard -nost
TRACE::2024-06-26.00:33:42::SCWMssOS::artfiles -g -Wall -Wextra"

TRACE::2024-06-26.00:33:42::SCWMssOS::"Running Make include in ps7_cortexa9_0/libsrc/usbps_v2_5/src"

TRACE::2024-06-26.00:33:42::SCWMssOS::make -C ps7_cortexa9_0/libsrc/usbps_v2_5/src -s include  "SHELL=CMD" "COMPILER=arm-none-eabi-gcc" "ASSEMBLER=arm-none-eabi-as" 
TRACE::2024-06-26.00:33:42::SCWMssOS::"ARCHIVER=arm-none-eabi-ar" "COMPILER_FLAGS=  -O2 -c" "EXTRA_COMPILER_FLAGS=-mcpu=cortex-a9 -mfpu=vfpv3 -mfloat-abi=hard -nosta
TRACE::2024-06-26.00:33:42::SCWMssOS::rtfiles -g -Wall -Wextra"

TRACE::2024-06-26.00:33:42::SCWMssOS::"Running Make include in ps7_cortexa9_0/libsrc/xadcps_v2_4/src"

TRACE::2024-06-26.00:33:42::SCWMssOS::make -C ps7_cortexa9_0/libsrc/xadcps_v2_4/src -s include  "SHELL=CMD" "COMPILER=arm-none-eabi-gcc" "ASSEMBLER=arm-none-eabi-as"
TRACE::2024-06-26.00:33:42::SCWMssOS:: "ARCHIVER=arm-none-eabi-ar" "COMPILER_FLAGS=  -O2 -c" "EXTRA_COMPILER_FLAGS=-mcpu=cortex-a9 -mfpu=vfpv3 -mfloat-abi=hard -nost
TRACE::2024-06-26.00:33:42::SCWMssOS::artfiles -g -Wall -Wextra"

TRACE::2024-06-26.00:33:42::SCWMssOS::"Running Make libs in ps7_cortexa9_0/libsrc/coresightps_dcc_v1_7/src"

TRACE::2024-06-26.00:33:42::SCWMssOS::make -C ps7_cortexa9_0/libsrc/coresightps_dcc_v1_7/src -s libs  "SHELL=CMD" "COMPILER=arm-none-eabi-gcc" "ASSEMBLER=arm-none-ea
TRACE::2024-06-26.00:33:42::SCWMssOS::bi-as" "ARCHIVER=arm-none-eabi-ar" "COMPILER_FLAGS=  -O2 -c" "EXTRA_COMPILER_FLAGS=-mcpu=cortex-a9 -mfpu=vfpv3 -mfloat-abi=hard
TRACE::2024-06-26.00:33:42::SCWMssOS:: -nostartfiles -g -Wall -Wextra"

TRACE::2024-06-26.00:33:42::SCWMssOS::"Compiling coresightps_dcc"

TRACE::2024-06-26.00:33:43::SCWMssOS::"Running Make libs in ps7_cortexa9_0/libsrc/cpu_cortexa9_v2_9/src"

TRACE::2024-06-26.00:33:43::SCWMssOS::make -C ps7_cortexa9_0/libsrc/cpu_cortexa9_v2_9/src -s libs  "SHELL=CMD" "COMPILER=arm-none-eabi-gcc" "ASSEMBLER=arm-none-eabi-
TRACE::2024-06-26.00:33:43::SCWMssOS::as" "ARCHIVER=arm-none-eabi-ar" "COMPILER_FLAGS=  -O2 -c" "EXTRA_COMPILER_FLAGS=-mcpu=cortex-a9 -mfpu=vfpv3 -mfloat-abi=hard -n
TRACE::2024-06-26.00:33:43::SCWMssOS::ostartfiles -g -Wall -Wextra"

TRACE::2024-06-26.00:33:43::SCWMssOS::"Compiling cpu_cortexa9"

TRACE::2024-06-26.00:33:43::SCWMssOS::"Running Make libs in ps7_cortexa9_0/libsrc/ddrps_v1_1/src"

TRACE::2024-06-26.00:33:43::SCWMssOS::make -C ps7_cortexa9_0/libsrc/ddrps_v1_1/src -s libs  "SHELL=CMD" "COMPILER=arm-none-eabi-gcc" "ASSEMBLER=arm-none-eabi-as" "AR
TRACE::2024-06-26.00:33:43::SCWMssOS::CHIVER=arm-none-eabi-ar" "COMPILER_FLAGS=  -O2 -c" "EXTRA_COMPILER_FLAGS=-mcpu=cortex-a9 -mfpu=vfpv3 -mfloat-abi=hard -nostartf
TRACE::2024-06-26.00:33:43::SCWMssOS::iles -g -Wall -Wextra"

TRACE::2024-06-26.00:33:43::SCWMssOS::"Compiling ddrps"

TRACE::2024-06-26.00:33:43::SCWMssOS::"Running Make libs in ps7_cortexa9_0/libsrc/devcfg_v3_6/src"

TRACE::2024-06-26.00:33:43::SCWMssOS::make -C ps7_cortexa9_0/libsrc/devcfg_v3_6/src -s libs  "SHELL=CMD" "COMPILER=arm-none-eabi-gcc" "ASSEMBLER=arm-none-eabi-as" "A
TRACE::2024-06-26.00:33:43::SCWMssOS::RCHIVER=arm-none-eabi-ar" "COMPILER_FLAGS=  -O2 -c" "EXTRA_COMPILER_FLAGS=-mcpu=cortex-a9 -mfpu=vfpv3 -mfloat-abi=hard -nostart
TRACE::2024-06-26.00:33:43::SCWMssOS::files -g -Wall -Wextra"

TRACE::2024-06-26.00:33:43::SCWMssOS::"Compiling devcfg"

TRACE::2024-06-26.00:33:44::SCWMssOS::"Running Make libs in ps7_cortexa9_0/libsrc/dmaps_v2_6/src"

TRACE::2024-06-26.00:33:44::SCWMssOS::make -C ps7_cortexa9_0/libsrc/dmaps_v2_6/src -s libs  "SHELL=CMD" "COMPILER=arm-none-eabi-gcc" "ASSEMBLER=arm-none-eabi-as" "AR
TRACE::2024-06-26.00:33:44::SCWMssOS::CHIVER=arm-none-eabi-ar" "COMPILER_FLAGS=  -O2 -c" "EXTRA_COMPILER_FLAGS=-mcpu=cortex-a9 -mfpu=vfpv3 -mfloat-abi=hard -nostartf
TRACE::2024-06-26.00:33:44::SCWMssOS::iles -g -Wall -Wextra"

TRACE::2024-06-26.00:33:44::SCWMssOS::"Compiling dmaps"

TRACE::2024-06-26.00:33:45::SCWMssOS::"Running Make libs in ps7_cortexa9_0/libsrc/emacps_v3_11/src"

TRACE::2024-06-26.00:33:45::SCWMssOS::make -C ps7_cortexa9_0/libsrc/emacps_v3_11/src -s libs  "SHELL=CMD" "COMPILER=arm-none-eabi-gcc" "ASSEMBLER=arm-none-eabi-as" "
TRACE::2024-06-26.00:33:45::SCWMssOS::ARCHIVER=arm-none-eabi-ar" "COMPILER_FLAGS=  -O2 -c" "EXTRA_COMPILER_FLAGS=-mcpu=cortex-a9 -mfpu=vfpv3 -mfloat-abi=hard -nostar
TRACE::2024-06-26.00:33:45::SCWMssOS::tfiles -g -Wall -Wextra"

TRACE::2024-06-26.00:33:45::SCWMssOS::"Compiling emacps"

TRACE::2024-06-26.00:33:46::SCWMssOS::"Running Make libs in ps7_cortexa9_0/libsrc/gpiops_v3_7/src"

TRACE::2024-06-26.00:33:46::SCWMssOS::make -C ps7_cortexa9_0/libsrc/gpiops_v3_7/src -s libs  "SHELL=CMD" "COMPILER=arm-none-eabi-gcc" "ASSEMBLER=arm-none-eabi-as" "A
TRACE::2024-06-26.00:33:46::SCWMssOS::RCHIVER=arm-none-eabi-ar" "COMPILER_FLAGS=  -O2 -c" "EXTRA_COMPILER_FLAGS=-mcpu=cortex-a9 -mfpu=vfpv3 -mfloat-abi=hard -nostart
TRACE::2024-06-26.00:33:46::SCWMssOS::files -g -Wall -Wextra"

TRACE::2024-06-26.00:33:46::SCWMssOS::"Compiling gpiops"

TRACE::2024-06-26.00:33:48::SCWMssOS::"Running Make libs in ps7_cortexa9_0/libsrc/gpio_v4_6/src"

TRACE::2024-06-26.00:33:48::SCWMssOS::make -C ps7_cortexa9_0/libsrc/gpio_v4_6/src -s libs  "SHELL=CMD" "COMPILER=arm-none-eabi-gcc" "ASSEMBLER=arm-none-eabi-as" "ARC
TRACE::2024-06-26.00:33:48::SCWMssOS::HIVER=arm-none-eabi-ar" "COMPILER_FLAGS=  -O2 -c" "EXTRA_COMPILER_FLAGS=-mcpu=cortex-a9 -mfpu=vfpv3 -mfloat-abi=hard -nostartfi
TRACE::2024-06-26.00:33:48::SCWMssOS::les -g -Wall -Wextra"

TRACE::2024-06-26.00:33:48::SCWMssOS::"Compiling gpio"

TRACE::2024-06-26.00:33:49::SCWMssOS::"Running Make libs in ps7_cortexa9_0/libsrc/iic_v3_6/src"

TRACE::2024-06-26.00:33:49::SCWMssOS::make -C ps7_cortexa9_0/libsrc/iic_v3_6/src -s libs  "SHELL=CMD" "COMPILER=arm-none-eabi-gcc" "ASSEMBLER=arm-none-eabi-as" "ARCH
TRACE::2024-06-26.00:33:49::SCWMssOS::IVER=arm-none-eabi-ar" "COMPILER_FLAGS=  -O2 -c" "EXTRA_COMPILER_FLAGS=-mcpu=cortex-a9 -mfpu=vfpv3 -mfloat-abi=hard -nostartfil
TRACE::2024-06-26.00:33:49::SCWMssOS::es -g -Wall -Wextra"

TRACE::2024-06-26.00:33:49::SCWMssOS::"Compiling iic"

TRACE::2024-06-26.00:33:51::SCWMssOS::"Running Make libs in ps7_cortexa9_0/libsrc/qspips_v3_7/src"

TRACE::2024-06-26.00:33:51::SCWMssOS::make -C ps7_cortexa9_0/libsrc/qspips_v3_7/src -s libs  "SHELL=CMD" "COMPILER=arm-none-eabi-gcc" "ASSEMBLER=arm-none-eabi-as" "A
TRACE::2024-06-26.00:33:51::SCWMssOS::RCHIVER=arm-none-eabi-ar" "COMPILER_FLAGS=  -O2 -c" "EXTRA_COMPILER_FLAGS=-mcpu=cortex-a9 -mfpu=vfpv3 -mfloat-abi=hard -nostart
TRACE::2024-06-26.00:33:51::SCWMssOS::files -g -Wall -Wextra"

TRACE::2024-06-26.00:33:51::SCWMssOS::"Compiling qspips"

TRACE::2024-06-26.00:33:52::SCWMssOS::"Running Make libs in ps7_cortexa9_0/libsrc/scugic_v4_2/src"

TRACE::2024-06-26.00:33:52::SCWMssOS::make -C ps7_cortexa9_0/libsrc/scugic_v4_2/src -s libs  "SHELL=CMD" "COMPILER=arm-none-eabi-gcc" "ASSEMBLER=arm-none-eabi-as" "A
TRACE::2024-06-26.00:33:52::SCWMssOS::RCHIVER=arm-none-eabi-ar" "COMPILER_FLAGS=  -O2 -c" "EXTRA_COMPILER_FLAGS=-mcpu=cortex-a9 -mfpu=vfpv3 -mfloat-abi=hard -nostart
TRACE::2024-06-26.00:33:52::SCWMssOS::files -g -Wall -Wextra"

TRACE::2024-06-26.00:33:52::SCWMssOS::"Compiling scugic"

TRACE::2024-06-26.00:33:53::SCWMssOS::"Running Make libs in ps7_cortexa9_0/libsrc/scutimer_v2_2/src"

TRACE::2024-06-26.00:33:53::SCWMssOS::make -C ps7_cortexa9_0/libsrc/scutimer_v2_2/src -s libs  "SHELL=CMD" "COMPILER=arm-none-eabi-gcc" "ASSEMBLER=arm-none-eabi-as" 
TRACE::2024-06-26.00:33:53::SCWMssOS::"ARCHIVER=arm-none-eabi-ar" "COMPILER_FLAGS=  -O2 -c" "EXTRA_COMPILER_FLAGS=-mcpu=cortex-a9 -mfpu=vfpv3 -mfloat-abi=hard -nosta
TRACE::2024-06-26.00:33:53::SCWMssOS::rtfiles -g -Wall -Wextra"

TRACE::2024-06-26.00:33:53::SCWMssOS::"Compiling scutimer"

TRACE::2024-06-26.00:33:54::SCWMssOS::"Running Make libs in ps7_cortexa9_0/libsrc/scuwdt_v2_2/src"

TRACE::2024-06-26.00:33:54::SCWMssOS::make -C ps7_cortexa9_0/libsrc/scuwdt_v2_2/src -s libs  "SHELL=CMD" "COMPILER=arm-none-eabi-gcc" "ASSEMBLER=arm-none-eabi-as" "A
TRACE::2024-06-26.00:33:54::SCWMssOS::RCHIVER=arm-none-eabi-ar" "COMPILER_FLAGS=  -O2 -c" "EXTRA_COMPILER_FLAGS=-mcpu=cortex-a9 -mfpu=vfpv3 -mfloat-abi=hard -nostart
TRACE::2024-06-26.00:33:54::SCWMssOS::files -g -Wall -Wextra"

TRACE::2024-06-26.00:33:54::SCWMssOS::"Compiling scuwdt"

TRACE::2024-06-26.00:33:55::SCWMssOS::"Running Make libs in ps7_cortexa9_0/libsrc/sdps_v3_9/src"

TRACE::2024-06-26.00:33:55::SCWMssOS::make -C ps7_cortexa9_0/libsrc/sdps_v3_9/src -s libs  "SHELL=CMD" "COMPILER=arm-none-eabi-gcc" "ASSEMBLER=arm-none-eabi-as" "ARC
TRACE::2024-06-26.00:33:55::SCWMssOS::HIVER=arm-none-eabi-ar" "COMPILER_FLAGS=  -O2 -c" "EXTRA_COMPILER_FLAGS=-mcpu=cortex-a9 -mfpu=vfpv3 -mfloat-abi=hard -nostartfi
TRACE::2024-06-26.00:33:55::SCWMssOS::les -g -Wall -Wextra"

TRACE::2024-06-26.00:33:55::SCWMssOS::"Compiling sdps"

TRACE::2024-06-26.00:33:56::SCWMssOS::"Running Make libs in ps7_cortexa9_0/libsrc/spi_v4_6/src"

TRACE::2024-06-26.00:33:56::SCWMssOS::make -C ps7_cortexa9_0/libsrc/spi_v4_6/src -s libs  "SHELL=CMD" "COMPILER=arm-none-eabi-gcc" "ASSEMBLER=arm-none-eabi-as" "ARCH
TRACE::2024-06-26.00:33:56::SCWMssOS::IVER=arm-none-eabi-ar" "COMPILER_FLAGS=  -O2 -c" "EXTRA_COMPILER_FLAGS=-mcpu=cortex-a9 -mfpu=vfpv3 -mfloat-abi=hard -nostartfil
TRACE::2024-06-26.00:33:56::SCWMssOS::es -g -Wall -Wextra"

TRACE::2024-06-26.00:33:56::SCWMssOS::"Compiling spi"

TRACE::2024-06-26.00:33:57::SCWMssOS::"Running Make libs in ps7_cortexa9_0/libsrc/standalone_v7_2/src"

TRACE::2024-06-26.00:33:57::SCWMssOS::make -C ps7_cortexa9_0/libsrc/standalone_v7_2/src -s libs  "SHELL=CMD" "COMPILER=arm-none-eabi-gcc" "ASSEMBLER=arm-none-eabi-as
TRACE::2024-06-26.00:33:57::SCWMssOS::" "ARCHIVER=arm-none-eabi-ar" "COMPILER_FLAGS=  -O2 -c" "EXTRA_COMPILER_FLAGS=-mcpu=cortex-a9 -mfpu=vfpv3 -mfloat-abi=hard -nos
TRACE::2024-06-26.00:33:57::SCWMssOS::tartfiles -g -Wall -Wextra"

TRACE::2024-06-26.00:33:57::SCWMssOS::"Compiling standalone"

TRACE::2024-06-26.00:34:01::SCWMssOS::"Running Make libs in ps7_cortexa9_0/libsrc/tmrctr_v4_6/src"

TRACE::2024-06-26.00:34:01::SCWMssOS::make -C ps7_cortexa9_0/libsrc/tmrctr_v4_6/src -s libs  "SHELL=CMD" "COMPILER=arm-none-eabi-gcc" "ASSEMBLER=arm-none-eabi-as" "A
TRACE::2024-06-26.00:34:01::SCWMssOS::RCHIVER=arm-none-eabi-ar" "COMPILER_FLAGS=  -O2 -c" "EXTRA_COMPILER_FLAGS=-mcpu=cortex-a9 -mfpu=vfpv3 -mfloat-abi=hard -nostart
TRACE::2024-06-26.00:34:01::SCWMssOS::files -g -Wall -Wextra"

TRACE::2024-06-26.00:34:01::SCWMssOS::"Compiling tmrctr"

TRACE::2024-06-26.00:34:03::SCWMssOS::"Running Make libs in ps7_cortexa9_0/libsrc/uartps_v3_9/src"

TRACE::2024-06-26.00:34:03::SCWMssOS::make -C ps7_cortexa9_0/libsrc/uartps_v3_9/src -s libs  "SHELL=CMD" "COMPILER=arm-none-eabi-gcc" "ASSEMBLER=arm-none-eabi-as" "A
TRACE::2024-06-26.00:34:03::SCWMssOS::RCHIVER=arm-none-eabi-ar" "COMPILER_FLAGS=  -O2 -c" "EXTRA_COMPILER_FLAGS=-mcpu=cortex-a9 -mfpu=vfpv3 -mfloat-abi=hard -nostart
TRACE::2024-06-26.00:34:03::SCWMssOS::files -g -Wall -Wextra"

TRACE::2024-06-26.00:34:03::SCWMssOS::"Compiling uartps"

TRACE::2024-06-26.00:34:04::SCWMssOS::"Running Make libs in ps7_cortexa9_0/libsrc/usbps_v2_5/src"

TRACE::2024-06-26.00:34:04::SCWMssOS::make -C ps7_cortexa9_0/libsrc/usbps_v2_5/src -s libs  "SHELL=CMD" "COMPILER=arm-none-eabi-gcc" "ASSEMBLER=arm-none-eabi-as" "AR
TRACE::2024-06-26.00:34:04::SCWMssOS::CHIVER=arm-none-eabi-ar" "COMPILER_FLAGS=  -O2 -c" "EXTRA_COMPILER_FLAGS=-mcpu=cortex-a9 -mfpu=vfpv3 -mfloat-abi=hard -nostartf
TRACE::2024-06-26.00:34:04::SCWMssOS::iles -g -Wall -Wextra"

TRACE::2024-06-26.00:34:04::SCWMssOS::"Compiling usbps"

TRACE::2024-06-26.00:34:05::SCWMssOS::"Running Make libs in ps7_cortexa9_0/libsrc/xadcps_v2_4/src"

TRACE::2024-06-26.00:34:05::SCWMssOS::make -C ps7_cortexa9_0/libsrc/xadcps_v2_4/src -s libs  "SHELL=CMD" "COMPILER=arm-none-eabi-gcc" "ASSEMBLER=arm-none-eabi-as" "A
TRACE::2024-06-26.00:34:05::SCWMssOS::RCHIVER=arm-none-eabi-ar" "COMPILER_FLAGS=  -O2 -c" "EXTRA_COMPILER_FLAGS=-mcpu=cortex-a9 -mfpu=vfpv3 -mfloat-abi=hard -nostart
TRACE::2024-06-26.00:34:05::SCWMssOS::files -g -Wall -Wextra"

TRACE::2024-06-26.00:34:05::SCWMssOS::"Compiling xadcps"

TRACE::2024-06-26.00:34:06::SCWMssOS::'Finished building libraries'

TRACE::2024-06-26.00:34:06::SCWMssOS::Copying to export directory.
TRACE::2024-06-26.00:34:07::SCWMssOS:: Checking if to create the Supporting Applications
TRACE::2024-06-26.00:34:07::SCWMssOS:: No Linux domain exists, trying to generate FSBL 
LOG::2024-06-26.00:34:07::SCWSystem::Completed Processing the domain standalone_domain
LOG::2024-06-26.00:34:07::SCWSystem::Completed Processing the sysconfig SEPmonG3
LOG::2024-06-26.00:34:07::SCWPlatform::Completed generating the artifacts for system configuration SEPmonG3
TRACE::2024-06-26.00:34:07::SCWPlatform::Started preparing the platform 
TRACE::2024-06-26.00:34:07::SCWSystem::Writing the bif file for system config SEPmonG3
TRACE::2024-06-26.00:34:07::SCWSystem::dir created 
TRACE::2024-06-26.00:34:07::SCWSystem::Writing the bif 
TRACE::2024-06-26.00:34:07::SCWPlatform::Started writing the spfm file 
TRACE::2024-06-26.00:34:07::SCWPlatform::Started writing the xpfm file 
TRACE::2024-06-26.00:34:07::SCWPlatform::Completed generating the platform
TRACE::2024-06-26.00:34:07::SCWMssOS::Saving the mss changes C:/Users/gusta/OneDrive/Documents/universidad/4to/1r/SEP/Proyectos/pr2/SEPmonG3/SEPmonG3/zynq_fsbl/zynq_fsbl_bsp/system.mss
TRACE::2024-06-26.00:34:07::SCWMssOS::Found a swdesign opened with the mssfile.
TRACE::2024-06-26.00:34:07::SCWMssOS::Completed writemss as part of save.
TRACE::2024-06-26.00:34:07::SCWMssOS::Commit changes completed.
TRACE::2024-06-26.00:34:07::SCWMssOS::Saving the mss changes C:/Users/gusta/OneDrive/Documents/universidad/4to/1r/SEP/Proyectos/pr2/SEPmonG3/SEPmonG3/ps7_cortexa9_0/standalone_domain/bsp/system.mss
TRACE::2024-06-26.00:34:07::SCWMssOS::Found a swdesign opened with the mssfile.
TRACE::2024-06-26.00:34:07::SCWMssOS::Completed writemss as part of save.
TRACE::2024-06-26.00:34:07::SCWMssOS::Commit changes completed.
TRACE::2024-06-26.00:34:07::SCWPlatform::Trying to open the hw design at C:/Users/gusta/OneDrive/Documents/universidad/4to/1r/SEP/Proyectos/pr2/SEPmonG3/SEPmonG3/hw/SEPmon.xsa
TRACE::2024-06-26.00:34:07::SCWPlatform::DSA given C:/Users/gusta/OneDrive/Documents/universidad/4to/1r/SEP/Proyectos/pr2/SEPmonG3/SEPmonG3/hw/SEPmon.xsa
TRACE::2024-06-26.00:34:07::SCWPlatform::DSA absoulate path C:/Users/gusta/OneDrive/Documents/universidad/4to/1r/SEP/Proyectos/pr2/SEPmonG3/SEPmonG3/hw/SEPmon.xsa
TRACE::2024-06-26.00:34:07::SCWPlatform::DSA directory C:/Users/gusta/OneDrive/Documents/universidad/4to/1r/SEP/Proyectos/pr2/SEPmonG3/SEPmonG3/hw
TRACE::2024-06-26.00:34:07::SCWPlatform:: Platform Path C:/Users/gusta/OneDrive/Documents/universidad/4to/1r/SEP/Proyectos/pr2/SEPmonG3/SEPmonG3/hw/SEPmon.xsa
TRACE::2024-06-26.00:34:07::SCWPlatform:: Unique name xilinx:zybo-z7-10::0.0
TRACE::2024-06-26.00:34:07::SCWPlatform::Trying to set the existing hwdb with name DEMO_wrapper
TRACE::2024-06-26.00:34:07::SCWPlatform::Opened existing hwdb DEMO_wrapper
TRACE::2024-06-26.00:34:07::SCWPlatform::Found the Hw Db part of the input DSA
TRACE::2024-06-26.00:34:07::SCWMssOS::Checking the sw design at  C:/Users/gusta/OneDrive/Documents/universidad/4to/1r/SEP/Proyectos/pr2/SEPmonG3/SEPmonG3/zynq_fsbl/zynq_fsbl_bsp/system.mss
TRACE::2024-06-26.00:34:07::SCWMssOS::DEBUG:  swdes dump  C:/Users/gusta/OneDrive/Documents/universidad/4to/1r/SEP/Proyectos/pr2/SEPmonG3/SEPmonG3/ps7_cortexa9_0/standalone_domain/bsp/system.mss|system_0||
C:/Users/gusta/OneDrive/Documents/universidad/4to/1r/SEP/Proyectos/pr2/SEPmonG3/SEPmonG3/zynq_fsbl/zynq_fsbl_bsp/system.mss|system||

TRACE::2024-06-26.00:34:07::SCWMssOS::Sw design exists and opened at  C:/Users/gusta/OneDrive/Documents/universidad/4to/1r/SEP/Proyectos/pr2/SEPmonG3/SEPmonG3/zynq_fsbl/zynq_fsbl_bsp/system.mss
TRACE::2024-06-26.00:34:07::SCWPlatform::Trying to open the hw design at C:/Users/gusta/OneDrive/Documents/universidad/4to/1r/SEP/Proyectos/pr2/SEPmonG3/SEPmonG3/hw/SEPmon.xsa
TRACE::2024-06-26.00:34:07::SCWPlatform::DSA given C:/Users/gusta/OneDrive/Documents/universidad/4to/1r/SEP/Proyectos/pr2/SEPmonG3/SEPmonG3/hw/SEPmon.xsa
TRACE::2024-06-26.00:34:07::SCWPlatform::DSA absoulate path C:/Users/gusta/OneDrive/Documents/universidad/4to/1r/SEP/Proyectos/pr2/SEPmonG3/SEPmonG3/hw/SEPmon.xsa
TRACE::2024-06-26.00:34:07::SCWPlatform::DSA directory C:/Users/gusta/OneDrive/Documents/universidad/4to/1r/SEP/Proyectos/pr2/SEPmonG3/SEPmonG3/hw
TRACE::2024-06-26.00:34:07::SCWPlatform:: Platform Path C:/Users/gusta/OneDrive/Documents/universidad/4to/1r/SEP/Proyectos/pr2/SEPmonG3/SEPmonG3/hw/SEPmon.xsa
TRACE::2024-06-26.00:34:07::SCWPlatform:: Unique name xilinx:zybo-z7-10::0.0
TRACE::2024-06-26.00:34:07::SCWPlatform::Trying to set the existing hwdb with name DEMO_wrapper
TRACE::2024-06-26.00:34:07::SCWPlatform::Opened existing hwdb DEMO_wrapper
TRACE::2024-06-26.00:34:07::SCWPlatform::Found the Hw Db part of the input DSA
TRACE::2024-06-26.00:34:07::SCWMssOS::Checking the sw design at  C:/Users/gusta/OneDrive/Documents/universidad/4to/1r/SEP/Proyectos/pr2/SEPmonG3/SEPmonG3/ps7_cortexa9_0/standalone_domain/bsp/system.mss
TRACE::2024-06-26.00:34:07::SCWMssOS::DEBUG:  swdes dump  C:/Users/gusta/OneDrive/Documents/universidad/4to/1r/SEP/Proyectos/pr2/SEPmonG3/SEPmonG3/ps7_cortexa9_0/standalone_domain/bsp/system.mss|system_0||
C:/Users/gusta/OneDrive/Documents/universidad/4to/1r/SEP/Proyectos/pr2/SEPmonG3/SEPmonG3/zynq_fsbl/zynq_fsbl_bsp/system.mss|system||

TRACE::2024-06-26.00:34:07::SCWMssOS::Sw design exists and opened at  C:/Users/gusta/OneDrive/Documents/universidad/4to/1r/SEP/Proyectos/pr2/SEPmonG3/SEPmonG3/ps7_cortexa9_0/standalone_domain/bsp/system.mss
TRACE::2024-06-26.00:34:07::SCWWriter::formatted JSON is {
	"platformName":	"SEPmonG3",
	"sprVersion":	"2.0",
	"mode":	"gui",
	"dsaType":	"Fixed",
	"platformDesc":	"SEPmonG3",
	"platHandOff":	"C:/Users/gusta/OneDrive/Documents/universidad/4to/1r/SEP/Proyectos/pr2/SEPmonG3/SEPmon/SEPmon.xsa",
	"platIntHandOff":	"<platformDir>/hw/SEPmon.xsa",
	"deviceType":	"zynq",
	"platIsPrebuiltAutogen":	"false",
	"platIsNoBootBsp":	"false",
	"hasFsblMakeHasChanges":	"false",
	"hasPmufwMakeHasChanges":	"false",
	"fsblExtraCompilerFlags":	"-MMD -MP       -mcpu=cortex-a9 -mfpu=vfpv3 -mfloat-abi=hard ",
	"platPreBuiltFlag":	false,
	"platformSamplesDir":	"",
	"platActiveSys":	"SEPmonG3",
	"systems":	[{
			"systemName":	"SEPmonG3",
			"systemDesc":	"SEPmonG3",
			"sysIsBootAutoGen":	"true",
			"systemDispName":	"SEPmonG3",
			"sysActiveDom":	"standalone_domain",
			"sysDefaultDom":	"standalone_domain",
			"domains":	[{
					"domainName":	"zynq_fsbl",
					"domainDispName":	"zynq_fsbl",
					"domainDesc":	"FSBL Application BSP - Auto Generated.",
					"processors":	"ps7_cortexa9_0",
					"os":	"standalone",
					"sdxOs":	"standalone",
					"debugEnable":	"",
					"domRuntimes":	["cpp"],
					"swRepo":	"",
					"mssOsVer":	"7.2",
					"mssFile":	"",
					"md5Digest":	"02312b845700e4a4fd39dd786149f184",
					"compatibleApp":	"zynq_fsbl",
					"domType":	"bootDomain",
					"appSettings":	{
						"appCompilerFlags":	"",
						"appLinkerFlags":	""
					},
					"addedLibs":	["xilffs:4.3", "xilrsa:1.6"],
					"libOptions":	{
						"libsContainingOptions":	[]
					},
					"prebuiltLibs":	{
						"prebuiltIncPath":	[],
						"prebuiltLibPath":	[]
					},
					"isolation":	{
					}
				}, {
					"domainName":	"standalone_domain",
					"domainDispName":	"standalone on ps7_cortexa9_0",
					"domainDesc":	"standalone_domain",
					"processors":	"ps7_cortexa9_0",
					"os":	"standalone",
					"sdxOs":	"standalone",
					"qemuArgs":	"C:/Xilinx/Vitis/2020.1/data/emulation/platforms/zynq/qemu/qemu_args.txt",
					"qemuData":	"C:/Xilinx/Vitis/2020.1/data/emulation/platforms/zynq/qemu/",
					"debugEnable":	"False",
					"domRuntimes":	["cpp"],
					"swRepo":	"",
					"mssOsVer":	"7.2",
					"mssFile":	"",
					"md5Digest":	"66dd88408418c3412ef42766414a5b97",
					"compatibleApp":	"",
					"domType":	"mssDomain",
					"appSettings":	{
						"appCompilerFlags":	"",
						"appLinkerFlags":	""
					},
					"addedLibs":	[],
					"libOptions":	{
						"libsContainingOptions":	[]
					},
					"prebuiltLibs":	{
						"prebuiltIncPath":	[],
						"prebuiltLibPath":	[]
					},
					"isolation":	{
					}
				}]
		}]
}
KEYINFO::2024-06-26.00:34:07::SCWPlatform::updated the xpfm file.
TRACE::2024-06-26.00:34:07::SCWPlatform::Trying to open the hw design at C:/Users/gusta/OneDrive/Documents/universidad/4to/1r/SEP/Proyectos/pr2/SEPmonG3/SEPmonG3/hw/SEPmon.xsa
TRACE::2024-06-26.00:34:07::SCWPlatform::DSA given C:/Users/gusta/OneDrive/Documents/universidad/4to/1r/SEP/Proyectos/pr2/SEPmonG3/SEPmonG3/hw/SEPmon.xsa
TRACE::2024-06-26.00:34:07::SCWPlatform::DSA absoulate path C:/Users/gusta/OneDrive/Documents/universidad/4to/1r/SEP/Proyectos/pr2/SEPmonG3/SEPmonG3/hw/SEPmon.xsa
TRACE::2024-06-26.00:34:07::SCWPlatform::DSA directory C:/Users/gusta/OneDrive/Documents/universidad/4to/1r/SEP/Proyectos/pr2/SEPmonG3/SEPmonG3/hw
TRACE::2024-06-26.00:34:07::SCWPlatform:: Platform Path C:/Users/gusta/OneDrive/Documents/universidad/4to/1r/SEP/Proyectos/pr2/SEPmonG3/SEPmonG3/hw/SEPmon.xsa
TRACE::2024-06-26.00:34:07::SCWPlatform:: Unique name xilinx:zybo-z7-10::0.0
TRACE::2024-06-26.00:34:07::SCWPlatform::Trying to set the existing hwdb with name DEMO_wrapper
TRACE::2024-06-26.00:34:07::SCWPlatform::Opened existing hwdb DEMO_wrapper
TRACE::2024-06-26.00:34:07::SCWPlatform::Found the Hw Db part of the input DSA
TRACE::2024-06-26.00:34:07::SCWMssOS::Checking the sw design at  C:/Users/gusta/OneDrive/Documents/universidad/4to/1r/SEP/Proyectos/pr2/SEPmonG3/SEPmonG3/ps7_cortexa9_0/standalone_domain/bsp/system.mss
TRACE::2024-06-26.00:34:07::SCWMssOS::DEBUG:  swdes dump  C:/Users/gusta/OneDrive/Documents/universidad/4to/1r/SEP/Proyectos/pr2/SEPmonG3/SEPmonG3/ps7_cortexa9_0/standalone_domain/bsp/system.mss|system_0||
C:/Users/gusta/OneDrive/Documents/universidad/4to/1r/SEP/Proyectos/pr2/SEPmonG3/SEPmonG3/zynq_fsbl/zynq_fsbl_bsp/system.mss|system||

TRACE::2024-06-26.00:34:07::SCWMssOS::Sw design exists and opened at  C:/Users/gusta/OneDrive/Documents/universidad/4to/1r/SEP/Proyectos/pr2/SEPmonG3/SEPmonG3/ps7_cortexa9_0/standalone_domain/bsp/system.mss
TRACE::2024-07-05.16:18:11::SCWPlatform::Trying to open the hw design at C:/Users/gusta/OneDrive/Documents/universidad/4to/1r/SEP/Proyectos/pr2/SEPmonG3/SEPmonG3/hw/SEPmon.xsa
TRACE::2024-07-05.16:18:11::SCWPlatform::DSA given C:/Users/gusta/OneDrive/Documents/universidad/4to/1r/SEP/Proyectos/pr2/SEPmonG3/SEPmonG3/hw/SEPmon.xsa
TRACE::2024-07-05.16:18:11::SCWPlatform::DSA absoulate path C:/Users/gusta/OneDrive/Documents/universidad/4to/1r/SEP/Proyectos/pr2/SEPmonG3/SEPmonG3/hw/SEPmon.xsa
TRACE::2024-07-05.16:18:13::SCWPlatform::DSA directory C:/Users/gusta/OneDrive/Documents/universidad/4to/1r/SEP/Proyectos/pr2/SEPmonG3/SEPmonG3/hw
TRACE::2024-07-05.16:18:13::SCWPlatform:: Platform Path C:/Users/gusta/OneDrive/Documents/universidad/4to/1r/SEP/Proyectos/pr2/SEPmonG3/SEPmonG3/hw/SEPmon.xsa
TRACE::2024-07-05.16:18:13::SCWPlatform:: Unique name xilinx:zybo-z7-10::0.0
TRACE::2024-07-05.16:18:13::SCWPlatform::Do not have an existing db opened. 
TRACE::2024-07-05.16:18:16::SCWPlatform::Opened new HwDB with name DEMO_wrapper
TRACE::2024-07-05.16:18:16::SCWReader::Active system found as  SEPmonG3
TRACE::2024-07-05.16:18:16::SCWReader::Handling sysconfig SEPmonG3
TRACE::2024-07-05.16:18:16::SCWDomain::checking for install qemu data   : 
TRACE::2024-07-05.16:18:16::SCWDomain:: Using the QEMU Data from install at  : C:/Xilinx/Vitis/2020.1/data/emulation/platforms/zynq/qemu/
TRACE::2024-07-05.16:18:16::SCWDomain:: Using the QEMU args  from install at  : C:/Xilinx/Vitis/2020.1/data/emulation/platforms/zynq/qemu/qemu_args.txt
TRACE::2024-07-05.16:18:16::SCWPlatform::Trying to open the hw design at C:/Users/gusta/OneDrive/Documents/universidad/4to/1r/SEP/Proyectos/pr2/SEPmonG3/SEPmonG3/hw/SEPmon.xsa
TRACE::2024-07-05.16:18:16::SCWPlatform::DSA given C:/Users/gusta/OneDrive/Documents/universidad/4to/1r/SEP/Proyectos/pr2/SEPmonG3/SEPmonG3/hw/SEPmon.xsa
TRACE::2024-07-05.16:18:16::SCWPlatform::DSA absoulate path C:/Users/gusta/OneDrive/Documents/universidad/4to/1r/SEP/Proyectos/pr2/SEPmonG3/SEPmonG3/hw/SEPmon.xsa
TRACE::2024-07-05.16:18:16::SCWPlatform::DSA directory C:/Users/gusta/OneDrive/Documents/universidad/4to/1r/SEP/Proyectos/pr2/SEPmonG3/SEPmonG3/hw
TRACE::2024-07-05.16:18:16::SCWPlatform:: Platform Path C:/Users/gusta/OneDrive/Documents/universidad/4to/1r/SEP/Proyectos/pr2/SEPmonG3/SEPmonG3/hw/SEPmon.xsa
TRACE::2024-07-05.16:18:16::SCWPlatform:: Unique name xilinx:zybo-z7-10::0.0
TRACE::2024-07-05.16:18:16::SCWPlatform::Trying to set the existing hwdb with name DEMO_wrapper
TRACE::2024-07-05.16:18:16::SCWPlatform::Opened existing hwdb DEMO_wrapper
TRACE::2024-07-05.16:18:16::SCWPlatform::Found the Hw Db part of the input DSA
TRACE::2024-07-05.16:18:16::SCWPlatform::Trying to open the hw design at C:/Users/gusta/OneDrive/Documents/universidad/4to/1r/SEP/Proyectos/pr2/SEPmonG3/SEPmonG3/hw/SEPmon.xsa
TRACE::2024-07-05.16:18:16::SCWPlatform::DSA given C:/Users/gusta/OneDrive/Documents/universidad/4to/1r/SEP/Proyectos/pr2/SEPmonG3/SEPmonG3/hw/SEPmon.xsa
TRACE::2024-07-05.16:18:16::SCWPlatform::DSA absoulate path C:/Users/gusta/OneDrive/Documents/universidad/4to/1r/SEP/Proyectos/pr2/SEPmonG3/SEPmonG3/hw/SEPmon.xsa
TRACE::2024-07-05.16:18:16::SCWPlatform::DSA directory C:/Users/gusta/OneDrive/Documents/universidad/4to/1r/SEP/Proyectos/pr2/SEPmonG3/SEPmonG3/hw
TRACE::2024-07-05.16:18:16::SCWPlatform:: Platform Path C:/Users/gusta/OneDrive/Documents/universidad/4to/1r/SEP/Proyectos/pr2/SEPmonG3/SEPmonG3/hw/SEPmon.xsa
TRACE::2024-07-05.16:18:16::SCWPlatform:: Unique name xilinx:zybo-z7-10::0.0
TRACE::2024-07-05.16:18:16::SCWPlatform::Trying to set the existing hwdb with name DEMO_wrapper
TRACE::2024-07-05.16:18:16::SCWPlatform::Opened existing hwdb DEMO_wrapper
TRACE::2024-07-05.16:18:16::SCWPlatform::Found the Hw Db part of the input DSA
TRACE::2024-07-05.16:18:16::SCWPlatform::Trying to open the hw design at C:/Users/gusta/OneDrive/Documents/universidad/4to/1r/SEP/Proyectos/pr2/SEPmonG3/SEPmonG3/hw/SEPmon.xsa
TRACE::2024-07-05.16:18:16::SCWPlatform::DSA given C:/Users/gusta/OneDrive/Documents/universidad/4to/1r/SEP/Proyectos/pr2/SEPmonG3/SEPmonG3/hw/SEPmon.xsa
TRACE::2024-07-05.16:18:16::SCWPlatform::DSA absoulate path C:/Users/gusta/OneDrive/Documents/universidad/4to/1r/SEP/Proyectos/pr2/SEPmonG3/SEPmonG3/hw/SEPmon.xsa
TRACE::2024-07-05.16:18:16::SCWPlatform::DSA directory C:/Users/gusta/OneDrive/Documents/universidad/4to/1r/SEP/Proyectos/pr2/SEPmonG3/SEPmonG3/hw
TRACE::2024-07-05.16:18:16::SCWPlatform:: Platform Path C:/Users/gusta/OneDrive/Documents/universidad/4to/1r/SEP/Proyectos/pr2/SEPmonG3/SEPmonG3/hw/SEPmon.xsa
TRACE::2024-07-05.16:18:16::SCWPlatform:: Unique name xilinx:zybo-z7-10::0.0
TRACE::2024-07-05.16:18:16::SCWPlatform::Trying to set the existing hwdb with name DEMO_wrapper
TRACE::2024-07-05.16:18:16::SCWPlatform::Opened existing hwdb DEMO_wrapper
TRACE::2024-07-05.16:18:16::SCWPlatform::Found the Hw Db part of the input DSA
TRACE::2024-07-05.16:18:16::SCWReader::Boot application domain added for zynq_fsbl
TRACE::2024-07-05.16:18:16::SCWPlatform::Trying to open the hw design at C:/Users/gusta/OneDrive/Documents/universidad/4to/1r/SEP/Proyectos/pr2/SEPmonG3/SEPmonG3/hw/SEPmon.xsa
TRACE::2024-07-05.16:18:16::SCWPlatform::DSA given C:/Users/gusta/OneDrive/Documents/universidad/4to/1r/SEP/Proyectos/pr2/SEPmonG3/SEPmonG3/hw/SEPmon.xsa
TRACE::2024-07-05.16:18:16::SCWPlatform::DSA absoulate path C:/Users/gusta/OneDrive/Documents/universidad/4to/1r/SEP/Proyectos/pr2/SEPmonG3/SEPmonG3/hw/SEPmon.xsa
TRACE::2024-07-05.16:18:16::SCWPlatform::DSA directory C:/Users/gusta/OneDrive/Documents/universidad/4to/1r/SEP/Proyectos/pr2/SEPmonG3/SEPmonG3/hw
TRACE::2024-07-05.16:18:16::SCWPlatform:: Platform Path C:/Users/gusta/OneDrive/Documents/universidad/4to/1r/SEP/Proyectos/pr2/SEPmonG3/SEPmonG3/hw/SEPmon.xsa
TRACE::2024-07-05.16:18:16::SCWPlatform:: Unique name xilinx:zybo-z7-10::0.0
TRACE::2024-07-05.16:18:16::SCWPlatform::Trying to set the existing hwdb with name DEMO_wrapper
TRACE::2024-07-05.16:18:16::SCWPlatform::Opened existing hwdb DEMO_wrapper
TRACE::2024-07-05.16:18:16::SCWPlatform::Found the Hw Db part of the input DSA
TRACE::2024-07-05.16:18:16::SCWMssOS::Checking the sw design at  C:/Users/gusta/OneDrive/Documents/universidad/4to/1r/SEP/Proyectos/pr2/SEPmonG3/SEPmonG3/zynq_fsbl/zynq_fsbl_bsp/system.mss
TRACE::2024-07-05.16:18:16::SCWMssOS::DEBUG:  swdes dump  
TRACE::2024-07-05.16:18:16::SCWMssOS::No sw design opened at  C:/Users/gusta/OneDrive/Documents/universidad/4to/1r/SEP/Proyectos/pr2/SEPmonG3/SEPmonG3/zynq_fsbl/zynq_fsbl_bsp/system.mss
TRACE::2024-07-05.16:18:16::SCWMssOS::mss exists loading the mss file  C:/Users/gusta/OneDrive/Documents/universidad/4to/1r/SEP/Proyectos/pr2/SEPmonG3/SEPmonG3/zynq_fsbl/zynq_fsbl_bsp/system.mss
TRACE::2024-07-05.16:18:16::SCWMssOS::Opened the sw design from mss  C:/Users/gusta/OneDrive/Documents/universidad/4to/1r/SEP/Proyectos/pr2/SEPmonG3/SEPmonG3/zynq_fsbl/zynq_fsbl_bsp/system.mss
TRACE::2024-07-05.16:18:16::SCWMssOS::Adding the swdes entry C:/Users/gusta/OneDrive/Documents/universidad/4to/1r/SEP/Proyectos/pr2/SEPmonG3/SEPmonG3/zynq_fsbl/zynq_fsbl_bsp/system.mss with des name system
TRACE::2024-07-05.16:18:16::SCWMssOS::updating the scw layer about changes
TRACE::2024-07-05.16:18:16::SCWMssOS::Opened the sw design.  C:/Users/gusta/OneDrive/Documents/universidad/4to/1r/SEP/Proyectos/pr2/SEPmonG3/SEPmonG3/zynq_fsbl/zynq_fsbl_bsp/system.mss
TRACE::2024-07-05.16:18:16::SCWPlatform::Trying to open the hw design at C:/Users/gusta/OneDrive/Documents/universidad/4to/1r/SEP/Proyectos/pr2/SEPmonG3/SEPmonG3/hw/SEPmon.xsa
TRACE::2024-07-05.16:18:16::SCWPlatform::DSA given C:/Users/gusta/OneDrive/Documents/universidad/4to/1r/SEP/Proyectos/pr2/SEPmonG3/SEPmonG3/hw/SEPmon.xsa
TRACE::2024-07-05.16:18:16::SCWPlatform::DSA absoulate path C:/Users/gusta/OneDrive/Documents/universidad/4to/1r/SEP/Proyectos/pr2/SEPmonG3/SEPmonG3/hw/SEPmon.xsa
TRACE::2024-07-05.16:18:16::SCWPlatform::DSA directory C:/Users/gusta/OneDrive/Documents/universidad/4to/1r/SEP/Proyectos/pr2/SEPmonG3/SEPmonG3/hw
TRACE::2024-07-05.16:18:16::SCWPlatform:: Platform Path C:/Users/gusta/OneDrive/Documents/universidad/4to/1r/SEP/Proyectos/pr2/SEPmonG3/SEPmonG3/hw/SEPmon.xsa
TRACE::2024-07-05.16:18:16::SCWPlatform:: Unique name xilinx:zybo-z7-10::0.0
TRACE::2024-07-05.16:18:16::SCWPlatform::Trying to set the existing hwdb with name DEMO_wrapper
TRACE::2024-07-05.16:18:16::SCWPlatform::Opened existing hwdb DEMO_wrapper
TRACE::2024-07-05.16:18:16::SCWPlatform::Found the Hw Db part of the input DSA
TRACE::2024-07-05.16:18:16::SCWMssOS::Checking the sw design at  C:/Users/gusta/OneDrive/Documents/universidad/4to/1r/SEP/Proyectos/pr2/SEPmonG3/SEPmonG3/zynq_fsbl/zynq_fsbl_bsp/system.mss
TRACE::2024-07-05.16:18:16::SCWMssOS::DEBUG:  swdes dump  C:/Users/gusta/OneDrive/Documents/universidad/4to/1r/SEP/Proyectos/pr2/SEPmonG3/SEPmonG3/zynq_fsbl/zynq_fsbl_bsp/system.mss|system||

TRACE::2024-07-05.16:18:16::SCWMssOS::Sw design exists and opened at  C:/Users/gusta/OneDrive/Documents/universidad/4to/1r/SEP/Proyectos/pr2/SEPmonG3/SEPmonG3/zynq_fsbl/zynq_fsbl_bsp/system.mss
TRACE::2024-07-05.16:18:16::SCWMssOS:: library already available in sw design:  xilffs:4.3
TRACE::2024-07-05.16:18:16::SCWPlatform::Trying to open the hw design at C:/Users/gusta/OneDrive/Documents/universidad/4to/1r/SEP/Proyectos/pr2/SEPmonG3/SEPmonG3/hw/SEPmon.xsa
TRACE::2024-07-05.16:18:16::SCWPlatform::DSA given C:/Users/gusta/OneDrive/Documents/universidad/4to/1r/SEP/Proyectos/pr2/SEPmonG3/SEPmonG3/hw/SEPmon.xsa
TRACE::2024-07-05.16:18:16::SCWPlatform::DSA absoulate path C:/Users/gusta/OneDrive/Documents/universidad/4to/1r/SEP/Proyectos/pr2/SEPmonG3/SEPmonG3/hw/SEPmon.xsa
TRACE::2024-07-05.16:18:16::SCWPlatform::DSA directory C:/Users/gusta/OneDrive/Documents/universidad/4to/1r/SEP/Proyectos/pr2/SEPmonG3/SEPmonG3/hw
TRACE::2024-07-05.16:18:16::SCWPlatform:: Platform Path C:/Users/gusta/OneDrive/Documents/universidad/4to/1r/SEP/Proyectos/pr2/SEPmonG3/SEPmonG3/hw/SEPmon.xsa
TRACE::2024-07-05.16:18:16::SCWPlatform:: Unique name xilinx:zybo-z7-10::0.0
TRACE::2024-07-05.16:18:16::SCWPlatform::Trying to set the existing hwdb with name DEMO_wrapper
TRACE::2024-07-05.16:18:16::SCWPlatform::Opened existing hwdb DEMO_wrapper
TRACE::2024-07-05.16:18:16::SCWPlatform::Found the Hw Db part of the input DSA
TRACE::2024-07-05.16:18:16::SCWMssOS::Checking the sw design at  C:/Users/gusta/OneDrive/Documents/universidad/4to/1r/SEP/Proyectos/pr2/SEPmonG3/SEPmonG3/zynq_fsbl/zynq_fsbl_bsp/system.mss
TRACE::2024-07-05.16:18:16::SCWMssOS::DEBUG:  swdes dump  C:/Users/gusta/OneDrive/Documents/universidad/4to/1r/SEP/Proyectos/pr2/SEPmonG3/SEPmonG3/zynq_fsbl/zynq_fsbl_bsp/system.mss|system||

TRACE::2024-07-05.16:18:16::SCWMssOS::Sw design exists and opened at  C:/Users/gusta/OneDrive/Documents/universidad/4to/1r/SEP/Proyectos/pr2/SEPmonG3/SEPmonG3/zynq_fsbl/zynq_fsbl_bsp/system.mss
TRACE::2024-07-05.16:18:16::SCWMssOS:: library already available in sw design:  xilrsa:1.6
TRACE::2024-07-05.16:18:16::SCWMssOS::Saving the mss changes C:/Users/gusta/OneDrive/Documents/universidad/4to/1r/SEP/Proyectos/pr2/SEPmonG3/SEPmonG3/zynq_fsbl/zynq_fsbl_bsp/system.mss
TRACE::2024-07-05.16:18:16::SCWMssOS::Found a swdesign opened with the mssfile.
TRACE::2024-07-05.16:18:16::SCWMssOS::Completed writemss as part of save.
TRACE::2024-07-05.16:18:16::SCWMssOS::Commit changes completed.
TRACE::2024-07-05.16:18:16::SCWReader::Adding prebuilt librarypaths as   
TRACE::2024-07-05.16:18:16::SCWReader::Adding prebuilt incpaths  as   
TRACE::2024-07-05.16:18:16::SCWPlatform::Trying to open the hw design at C:/Users/gusta/OneDrive/Documents/universidad/4to/1r/SEP/Proyectos/pr2/SEPmonG3/SEPmonG3/hw/SEPmon.xsa
TRACE::2024-07-05.16:18:16::SCWPlatform::DSA given C:/Users/gusta/OneDrive/Documents/universidad/4to/1r/SEP/Proyectos/pr2/SEPmonG3/SEPmonG3/hw/SEPmon.xsa
TRACE::2024-07-05.16:18:16::SCWPlatform::DSA absoulate path C:/Users/gusta/OneDrive/Documents/universidad/4to/1r/SEP/Proyectos/pr2/SEPmonG3/SEPmonG3/hw/SEPmon.xsa
TRACE::2024-07-05.16:18:17::SCWPlatform::DSA directory C:/Users/gusta/OneDrive/Documents/universidad/4to/1r/SEP/Proyectos/pr2/SEPmonG3/SEPmonG3/hw
TRACE::2024-07-05.16:18:17::SCWPlatform:: Platform Path C:/Users/gusta/OneDrive/Documents/universidad/4to/1r/SEP/Proyectos/pr2/SEPmonG3/SEPmonG3/hw/SEPmon.xsa
TRACE::2024-07-05.16:18:17::SCWPlatform:: Unique name xilinx:zybo-z7-10::0.0
TRACE::2024-07-05.16:18:17::SCWPlatform::Trying to set the existing hwdb with name DEMO_wrapper
TRACE::2024-07-05.16:18:17::SCWPlatform::Opened existing hwdb DEMO_wrapper
TRACE::2024-07-05.16:18:17::SCWPlatform::Found the Hw Db part of the input DSA
TRACE::2024-07-05.16:18:17::SCWMssOS::Checking the sw design at  C:/Users/gusta/OneDrive/Documents/universidad/4to/1r/SEP/Proyectos/pr2/SEPmonG3/SEPmonG3/zynq_fsbl/zynq_fsbl_bsp/system.mss
TRACE::2024-07-05.16:18:17::SCWMssOS::DEBUG:  swdes dump  C:/Users/gusta/OneDrive/Documents/universidad/4to/1r/SEP/Proyectos/pr2/SEPmonG3/SEPmonG3/zynq_fsbl/zynq_fsbl_bsp/system.mss|system||

TRACE::2024-07-05.16:18:17::SCWMssOS::Sw design exists and opened at  C:/Users/gusta/OneDrive/Documents/universidad/4to/1r/SEP/Proyectos/pr2/SEPmonG3/SEPmonG3/zynq_fsbl/zynq_fsbl_bsp/system.mss
TRACE::2024-07-05.16:18:17::SCWReader::No isolation master present  
TRACE::2024-07-05.16:18:17::SCWDomain::checking for install qemu data   : 
TRACE::2024-07-05.16:18:17::SCWDomain:: Using the QEMU Data from install at  : C:/Xilinx/Vitis/2020.1/data/emulation/platforms/zynq/qemu/
TRACE::2024-07-05.16:18:17::SCWDomain:: Using the QEMU args  from install at  : C:/Xilinx/Vitis/2020.1/data/emulation/platforms/zynq/qemu/qemu_args.txt
TRACE::2024-07-05.16:18:17::SCWPlatform::Trying to open the hw design at C:/Users/gusta/OneDrive/Documents/universidad/4to/1r/SEP/Proyectos/pr2/SEPmonG3/SEPmonG3/hw/SEPmon.xsa
TRACE::2024-07-05.16:18:17::SCWPlatform::DSA given C:/Users/gusta/OneDrive/Documents/universidad/4to/1r/SEP/Proyectos/pr2/SEPmonG3/SEPmonG3/hw/SEPmon.xsa
TRACE::2024-07-05.16:18:17::SCWPlatform::DSA absoulate path C:/Users/gusta/OneDrive/Documents/universidad/4to/1r/SEP/Proyectos/pr2/SEPmonG3/SEPmonG3/hw/SEPmon.xsa
TRACE::2024-07-05.16:18:17::SCWPlatform::DSA directory C:/Users/gusta/OneDrive/Documents/universidad/4to/1r/SEP/Proyectos/pr2/SEPmonG3/SEPmonG3/hw
TRACE::2024-07-05.16:18:17::SCWPlatform:: Platform Path C:/Users/gusta/OneDrive/Documents/universidad/4to/1r/SEP/Proyectos/pr2/SEPmonG3/SEPmonG3/hw/SEPmon.xsa
TRACE::2024-07-05.16:18:17::SCWPlatform:: Unique name xilinx:zybo-z7-10::0.0
TRACE::2024-07-05.16:18:17::SCWPlatform::Trying to set the existing hwdb with name DEMO_wrapper
TRACE::2024-07-05.16:18:17::SCWPlatform::Opened existing hwdb DEMO_wrapper
TRACE::2024-07-05.16:18:17::SCWPlatform::Found the Hw Db part of the input DSA
TRACE::2024-07-05.16:18:17::SCWPlatform::Trying to open the hw design at C:/Users/gusta/OneDrive/Documents/universidad/4to/1r/SEP/Proyectos/pr2/SEPmonG3/SEPmonG3/hw/SEPmon.xsa
TRACE::2024-07-05.16:18:17::SCWPlatform::DSA given C:/Users/gusta/OneDrive/Documents/universidad/4to/1r/SEP/Proyectos/pr2/SEPmonG3/SEPmonG3/hw/SEPmon.xsa
TRACE::2024-07-05.16:18:17::SCWPlatform::DSA absoulate path C:/Users/gusta/OneDrive/Documents/universidad/4to/1r/SEP/Proyectos/pr2/SEPmonG3/SEPmonG3/hw/SEPmon.xsa
TRACE::2024-07-05.16:18:17::SCWPlatform::DSA directory C:/Users/gusta/OneDrive/Documents/universidad/4to/1r/SEP/Proyectos/pr2/SEPmonG3/SEPmonG3/hw
TRACE::2024-07-05.16:18:17::SCWPlatform:: Platform Path C:/Users/gusta/OneDrive/Documents/universidad/4to/1r/SEP/Proyectos/pr2/SEPmonG3/SEPmonG3/hw/SEPmon.xsa
TRACE::2024-07-05.16:18:17::SCWPlatform:: Unique name xilinx:zybo-z7-10::0.0
TRACE::2024-07-05.16:18:17::SCWPlatform::Trying to set the existing hwdb with name DEMO_wrapper
TRACE::2024-07-05.16:18:17::SCWPlatform::Opened existing hwdb DEMO_wrapper
TRACE::2024-07-05.16:18:17::SCWPlatform::Found the Hw Db part of the input DSA
TRACE::2024-07-05.16:18:17::SCWPlatform::Trying to open the hw design at C:/Users/gusta/OneDrive/Documents/universidad/4to/1r/SEP/Proyectos/pr2/SEPmonG3/SEPmonG3/hw/SEPmon.xsa
TRACE::2024-07-05.16:18:17::SCWPlatform::DSA given C:/Users/gusta/OneDrive/Documents/universidad/4to/1r/SEP/Proyectos/pr2/SEPmonG3/SEPmonG3/hw/SEPmon.xsa
TRACE::2024-07-05.16:18:17::SCWPlatform::DSA absoulate path C:/Users/gusta/OneDrive/Documents/universidad/4to/1r/SEP/Proyectos/pr2/SEPmonG3/SEPmonG3/hw/SEPmon.xsa
TRACE::2024-07-05.16:18:17::SCWPlatform::DSA directory C:/Users/gusta/OneDrive/Documents/universidad/4to/1r/SEP/Proyectos/pr2/SEPmonG3/SEPmonG3/hw
TRACE::2024-07-05.16:18:17::SCWPlatform:: Platform Path C:/Users/gusta/OneDrive/Documents/universidad/4to/1r/SEP/Proyectos/pr2/SEPmonG3/SEPmonG3/hw/SEPmon.xsa
TRACE::2024-07-05.16:18:17::SCWPlatform:: Unique name xilinx:zybo-z7-10::0.0
TRACE::2024-07-05.16:18:17::SCWPlatform::Trying to set the existing hwdb with name DEMO_wrapper
TRACE::2024-07-05.16:18:17::SCWPlatform::Opened existing hwdb DEMO_wrapper
TRACE::2024-07-05.16:18:17::SCWPlatform::Found the Hw Db part of the input DSA
TRACE::2024-07-05.16:18:17::SCWMssOS::Checking the sw design at  C:/Users/gusta/OneDrive/Documents/universidad/4to/1r/SEP/Proyectos/pr2/SEPmonG3/SEPmonG3/ps7_cortexa9_0/standalone_domain/bsp/system.mss
TRACE::2024-07-05.16:18:17::SCWMssOS::DEBUG:  swdes dump  C:/Users/gusta/OneDrive/Documents/universidad/4to/1r/SEP/Proyectos/pr2/SEPmonG3/SEPmonG3/zynq_fsbl/zynq_fsbl_bsp/system.mss|system||

TRACE::2024-07-05.16:18:17::SCWMssOS::No sw design opened at  C:/Users/gusta/OneDrive/Documents/universidad/4to/1r/SEP/Proyectos/pr2/SEPmonG3/SEPmonG3/ps7_cortexa9_0/standalone_domain/bsp/system.mss
TRACE::2024-07-05.16:18:17::SCWMssOS::mss exists loading the mss file  C:/Users/gusta/OneDrive/Documents/universidad/4to/1r/SEP/Proyectos/pr2/SEPmonG3/SEPmonG3/ps7_cortexa9_0/standalone_domain/bsp/system.mss
TRACE::2024-07-05.16:18:17::SCWMssOS::Opened the sw design from mss  C:/Users/gusta/OneDrive/Documents/universidad/4to/1r/SEP/Proyectos/pr2/SEPmonG3/SEPmonG3/ps7_cortexa9_0/standalone_domain/bsp/system.mss
TRACE::2024-07-05.16:18:17::SCWMssOS::Adding the swdes entry C:/Users/gusta/OneDrive/Documents/universidad/4to/1r/SEP/Proyectos/pr2/SEPmonG3/SEPmonG3/ps7_cortexa9_0/standalone_domain/bsp/system.mss with des name system_0
TRACE::2024-07-05.16:18:17::SCWMssOS::updating the scw layer about changes
TRACE::2024-07-05.16:18:17::SCWMssOS::Opened the sw design.  C:/Users/gusta/OneDrive/Documents/universidad/4to/1r/SEP/Proyectos/pr2/SEPmonG3/SEPmonG3/ps7_cortexa9_0/standalone_domain/bsp/system.mss
TRACE::2024-07-05.16:18:17::SCWMssOS::Saving the mss changes C:/Users/gusta/OneDrive/Documents/universidad/4to/1r/SEP/Proyectos/pr2/SEPmonG3/SEPmonG3/ps7_cortexa9_0/standalone_domain/bsp/system.mss
TRACE::2024-07-05.16:18:17::SCWMssOS::Found a swdesign opened with the mssfile.
TRACE::2024-07-05.16:18:17::SCWMssOS::Completed writemss as part of save.
TRACE::2024-07-05.16:18:17::SCWMssOS::Commit changes completed.
TRACE::2024-07-05.16:18:17::SCWReader::Adding prebuilt librarypaths as   
TRACE::2024-07-05.16:18:17::SCWReader::Adding prebuilt incpaths  as   
TRACE::2024-07-05.16:18:17::SCWPlatform::Trying to open the hw design at C:/Users/gusta/OneDrive/Documents/universidad/4to/1r/SEP/Proyectos/pr2/SEPmonG3/SEPmonG3/hw/SEPmon.xsa
TRACE::2024-07-05.16:18:17::SCWPlatform::DSA given C:/Users/gusta/OneDrive/Documents/universidad/4to/1r/SEP/Proyectos/pr2/SEPmonG3/SEPmonG3/hw/SEPmon.xsa
TRACE::2024-07-05.16:18:17::SCWPlatform::DSA absoulate path C:/Users/gusta/OneDrive/Documents/universidad/4to/1r/SEP/Proyectos/pr2/SEPmonG3/SEPmonG3/hw/SEPmon.xsa
TRACE::2024-07-05.16:18:17::SCWPlatform::DSA directory C:/Users/gusta/OneDrive/Documents/universidad/4to/1r/SEP/Proyectos/pr2/SEPmonG3/SEPmonG3/hw
TRACE::2024-07-05.16:18:17::SCWPlatform:: Platform Path C:/Users/gusta/OneDrive/Documents/universidad/4to/1r/SEP/Proyectos/pr2/SEPmonG3/SEPmonG3/hw/SEPmon.xsa
TRACE::2024-07-05.16:18:17::SCWPlatform:: Unique name xilinx:zybo-z7-10::0.0
TRACE::2024-07-05.16:18:17::SCWPlatform::Trying to set the existing hwdb with name DEMO_wrapper
TRACE::2024-07-05.16:18:17::SCWPlatform::Opened existing hwdb DEMO_wrapper
TRACE::2024-07-05.16:18:17::SCWPlatform::Found the Hw Db part of the input DSA
TRACE::2024-07-05.16:18:17::SCWMssOS::Checking the sw design at  C:/Users/gusta/OneDrive/Documents/universidad/4to/1r/SEP/Proyectos/pr2/SEPmonG3/SEPmonG3/ps7_cortexa9_0/standalone_domain/bsp/system.mss
TRACE::2024-07-05.16:18:17::SCWMssOS::DEBUG:  swdes dump  C:/Users/gusta/OneDrive/Documents/universidad/4to/1r/SEP/Proyectos/pr2/SEPmonG3/SEPmonG3/ps7_cortexa9_0/standalone_domain/bsp/system.mss|system_0||
C:/Users/gusta/OneDrive/Documents/universidad/4to/1r/SEP/Proyectos/pr2/SEPmonG3/SEPmonG3/zynq_fsbl/zynq_fsbl_bsp/system.mss|system||

TRACE::2024-07-05.16:18:17::SCWMssOS::Sw design exists and opened at  C:/Users/gusta/OneDrive/Documents/universidad/4to/1r/SEP/Proyectos/pr2/SEPmonG3/SEPmonG3/ps7_cortexa9_0/standalone_domain/bsp/system.mss
TRACE::2024-07-05.16:18:17::SCWReader::No isolation master present  
LOG::2024-07-05.16:39:41::SCWPlatform::Started generating the artifacts platform SEPmonG3
TRACE::2024-07-05.16:39:41::SCWPlatform::Sanity checking of platform is completed
LOG::2024-07-05.16:39:41::SCWPlatform::Started generating the artifacts for system configuration SEPmonG3
LOG::2024-07-05.16:39:41::SCWSystem::Checking the domain zynq_fsbl
LOG::2024-07-05.16:39:41::SCWSystem::Doing application build for :  zynq_fsbl
TRACE::2024-07-05.16:39:41::SCWBDomain::Not a forced makefile updation, No changes are present. 
TRACE::2024-07-05.16:39:41::SCWDomain::Building the domain as part of full build :  zynq_fsbl
TRACE::2024-07-05.16:39:41::SCWPlatform::Trying to open the hw design at C:/Users/gusta/OneDrive/Documents/universidad/4to/1r/SEP/Proyectos/pr2/SEPmonG3/SEPmonG3/hw/SEPmon.xsa
TRACE::2024-07-05.16:39:41::SCWPlatform::DSA given C:/Users/gusta/OneDrive/Documents/universidad/4to/1r/SEP/Proyectos/pr2/SEPmonG3/SEPmonG3/hw/SEPmon.xsa
TRACE::2024-07-05.16:39:41::SCWPlatform::DSA absoulate path C:/Users/gusta/OneDrive/Documents/universidad/4to/1r/SEP/Proyectos/pr2/SEPmonG3/SEPmonG3/hw/SEPmon.xsa
TRACE::2024-07-05.16:39:41::SCWPlatform::DSA directory C:/Users/gusta/OneDrive/Documents/universidad/4to/1r/SEP/Proyectos/pr2/SEPmonG3/SEPmonG3/hw
TRACE::2024-07-05.16:39:41::SCWPlatform:: Platform Path C:/Users/gusta/OneDrive/Documents/universidad/4to/1r/SEP/Proyectos/pr2/SEPmonG3/SEPmonG3/hw/SEPmon.xsa
TRACE::2024-07-05.16:39:41::SCWPlatform:: Unique name xilinx:zybo-z7-10::0.0
TRACE::2024-07-05.16:39:41::SCWPlatform::Trying to set the existing hwdb with name DEMO_wrapper
TRACE::2024-07-05.16:39:41::SCWPlatform::Opened existing hwdb DEMO_wrapper
TRACE::2024-07-05.16:39:41::SCWPlatform::Found the Hw Db part of the input DSA
TRACE::2024-07-05.16:39:41::SCWMssOS::Checking the sw design at  C:/Users/gusta/OneDrive/Documents/universidad/4to/1r/SEP/Proyectos/pr2/SEPmonG3/SEPmonG3/zynq_fsbl/zynq_fsbl_bsp/system.mss
TRACE::2024-07-05.16:39:41::SCWMssOS::DEBUG:  swdes dump  C:/Users/gusta/OneDrive/Documents/universidad/4to/1r/SEP/Proyectos/pr2/SEPmonG3/SEPmonG3/ps7_cortexa9_0/standalone_domain/bsp/system.mss|system_0||
C:/Users/gusta/OneDrive/Documents/universidad/4to/1r/SEP/Proyectos/pr2/SEPmonG3/SEPmonG3/zynq_fsbl/zynq_fsbl_bsp/system.mss|system||

TRACE::2024-07-05.16:39:41::SCWMssOS::Sw design exists and opened at  C:/Users/gusta/OneDrive/Documents/universidad/4to/1r/SEP/Proyectos/pr2/SEPmonG3/SEPmonG3/zynq_fsbl/zynq_fsbl_bsp/system.mss
TRACE::2024-07-05.16:39:41::SCWBDomain::Completed writing the mss file at C:/Users/gusta/OneDrive/Documents/universidad/4to/1r/SEP/Proyectos/pr2/SEPmonG3/SEPmonG3/zynq_fsbl/zynq_fsbl_bsp
TRACE::2024-07-05.16:39:41::SCWBDomain::bsp generated is upto date with the mss file. Skipping bsp generation.
TRACE::2024-07-05.16:39:41::SCWBDomain::Not a forced makefile updation, No changes are present. 
TRACE::2024-07-05.16:39:41::SCWBDomain::System Command Ran  C:&  cd  C:/Users/gusta/OneDrive/Documents/universidad/4to/1r/SEP/Proyectos/pr2/SEPmonG3/SEPmonG3/zynq_fsbl & make 
TRACE::2024-07-05.16:39:41::SCWBDomain::make: Nothing to be done for 'all'.

LOG::2024-07-05.16:39:41::SCWSystem::Checking the domain standalone_domain
LOG::2024-07-05.16:39:41::SCWSystem::Not a boot domain 
LOG::2024-07-05.16:39:41::SCWSystem::Started Processing the domain standalone_domain
TRACE::2024-07-05.16:39:41::SCWDomain::Generating domain artifcats
TRACE::2024-07-05.16:39:41::SCWMssOS::Generating standalone artifcats
TRACE::2024-07-05.16:39:41::SCWMssOS::Copying the qemu file from  C:/Xilinx/Vitis/2020.1/data/emulation/platforms/zynq/qemu/qemu_args.txt To C:/Users/gusta/OneDrive/Documents/universidad/4to/1r/SEP/Proyectos/pr2/SEPmonG3/SEPmonG3/export/SEPmonG3/sw/SEPmonG3/qemu/
TRACE::2024-07-05.16:39:41::SCWMssOS::Copying the qemu file from  C:/Xilinx/Vitis/2020.1/data/emulation/platforms/zynq/qemu/qemu_args.txt To C:/Users/gusta/OneDrive/Documents/universidad/4to/1r/SEP/Proyectos/pr2/SEPmonG3/SEPmonG3/export/SEPmonG3/sw/SEPmonG3/standalone_domain/qemu/
TRACE::2024-07-05.16:39:41::SCWMssOS:: Copying the user libraries. 
TRACE::2024-07-05.16:39:41::SCWPlatform::Trying to open the hw design at C:/Users/gusta/OneDrive/Documents/universidad/4to/1r/SEP/Proyectos/pr2/SEPmonG3/SEPmonG3/hw/SEPmon.xsa
TRACE::2024-07-05.16:39:41::SCWPlatform::DSA given C:/Users/gusta/OneDrive/Documents/universidad/4to/1r/SEP/Proyectos/pr2/SEPmonG3/SEPmonG3/hw/SEPmon.xsa
TRACE::2024-07-05.16:39:41::SCWPlatform::DSA absoulate path C:/Users/gusta/OneDrive/Documents/universidad/4to/1r/SEP/Proyectos/pr2/SEPmonG3/SEPmonG3/hw/SEPmon.xsa
TRACE::2024-07-05.16:39:41::SCWPlatform::DSA directory C:/Users/gusta/OneDrive/Documents/universidad/4to/1r/SEP/Proyectos/pr2/SEPmonG3/SEPmonG3/hw
TRACE::2024-07-05.16:39:41::SCWPlatform:: Platform Path C:/Users/gusta/OneDrive/Documents/universidad/4to/1r/SEP/Proyectos/pr2/SEPmonG3/SEPmonG3/hw/SEPmon.xsa
TRACE::2024-07-05.16:39:41::SCWPlatform:: Unique name xilinx:zybo-z7-10::0.0
TRACE::2024-07-05.16:39:41::SCWPlatform::Trying to set the existing hwdb with name DEMO_wrapper
TRACE::2024-07-05.16:39:41::SCWPlatform::Opened existing hwdb DEMO_wrapper
TRACE::2024-07-05.16:39:41::SCWPlatform::Found the Hw Db part of the input DSA
TRACE::2024-07-05.16:39:41::SCWMssOS::Checking the sw design at  C:/Users/gusta/OneDrive/Documents/universidad/4to/1r/SEP/Proyectos/pr2/SEPmonG3/SEPmonG3/ps7_cortexa9_0/standalone_domain/bsp/system.mss
TRACE::2024-07-05.16:39:41::SCWMssOS::DEBUG:  swdes dump  C:/Users/gusta/OneDrive/Documents/universidad/4to/1r/SEP/Proyectos/pr2/SEPmonG3/SEPmonG3/ps7_cortexa9_0/standalone_domain/bsp/system.mss|system_0||
C:/Users/gusta/OneDrive/Documents/universidad/4to/1r/SEP/Proyectos/pr2/SEPmonG3/SEPmonG3/zynq_fsbl/zynq_fsbl_bsp/system.mss|system||

TRACE::2024-07-05.16:39:41::SCWMssOS::Sw design exists and opened at  C:/Users/gusta/OneDrive/Documents/universidad/4to/1r/SEP/Proyectos/pr2/SEPmonG3/SEPmonG3/ps7_cortexa9_0/standalone_domain/bsp/system.mss
TRACE::2024-07-05.16:39:41::SCWMssOS::Completed writing the mss file at C:/Users/gusta/OneDrive/Documents/universidad/4to/1r/SEP/Proyectos/pr2/SEPmonG3/SEPmonG3/ps7_cortexa9_0/standalone_domain/bsp
TRACE::2024-07-05.16:39:41::SCWMssOS::Mss edits present, copying mssfile into export location C:/Users/gusta/OneDrive/Documents/universidad/4to/1r/SEP/Proyectos/pr2/SEPmonG3/SEPmonG3/ps7_cortexa9_0/standalone_domain/bsp/system.mss
TRACE::2024-07-05.16:39:41::SCWMssOS::bsp generated is upto date with the mss file. Skipping bsp generation.
TRACE::2024-07-05.16:39:41::SCWMssOS::BSP is already built. skipping the bsp build ... 
TRACE::2024-07-05.16:39:41::SCWDomain::Building the domain as part of full build :  standalone_domain
TRACE::2024-07-05.16:39:41::SCWMssOS::doing bsp build ... 
TRACE::2024-07-05.16:39:41::SCWMssOS::System Command Ran  C: & cd  C:/Users/gusta/OneDrive/Documents/universidad/4to/1r/SEP/Proyectos/pr2/SEPmonG3/SEPmonG3/ps7_cortexa9_0/standalone_domain/bsp & make 
TRACE::2024-07-05.16:39:41::SCWMssOS::"Running Make include in ps7_cortexa9_0/libsrc/coresightps_dcc_v1_7/src"

TRACE::2024-07-05.16:39:41::SCWMssOS::make -C ps7_cortexa9_0/libsrc/coresightps_dcc_v1_7/src -s include  "SHELL=CMD" "COMPILER=arm-none-eabi-gcc" "ASSEMBLER=arm-none
TRACE::2024-07-05.16:39:41::SCWMssOS::-eabi-as" "ARCHIVER=arm-none-eabi-ar" "COMPILER_FLAGS=  -O2 -c" "EXTRA_COMPILER_FLAGS=-mcpu=cortex-a9 -mfpu=vfpv3 -mfloat-abi=h
TRACE::2024-07-05.16:39:41::SCWMssOS::ard -nostartfiles -g -Wall -Wextra"

TRACE::2024-07-05.16:39:42::SCWMssOS::"Running Make include in ps7_cortexa9_0/libsrc/cpu_cortexa9_v2_9/src"

TRACE::2024-07-05.16:39:42::SCWMssOS::make -C ps7_cortexa9_0/libsrc/cpu_cortexa9_v2_9/src -s include  "SHELL=CMD" "COMPILER=arm-none-eabi-gcc" "ASSEMBLER=arm-none-ea
TRACE::2024-07-05.16:39:42::SCWMssOS::bi-as" "ARCHIVER=arm-none-eabi-ar" "COMPILER_FLAGS=  -O2 -c" "EXTRA_COMPILER_FLAGS=-mcpu=cortex-a9 -mfpu=vfpv3 -mfloat-abi=hard
TRACE::2024-07-05.16:39:42::SCWMssOS:: -nostartfiles -g -Wall -Wextra"

TRACE::2024-07-05.16:39:42::SCWMssOS::"Running Make include in ps7_cortexa9_0/libsrc/ddrps_v1_1/src"

TRACE::2024-07-05.16:39:42::SCWMssOS::make -C ps7_cortexa9_0/libsrc/ddrps_v1_1/src -s include  "SHELL=CMD" "COMPILER=arm-none-eabi-gcc" "ASSEMBLER=arm-none-eabi-as" 
TRACE::2024-07-05.16:39:42::SCWMssOS::"ARCHIVER=arm-none-eabi-ar" "COMPILER_FLAGS=  -O2 -c" "EXTRA_COMPILER_FLAGS=-mcpu=cortex-a9 -mfpu=vfpv3 -mfloat-abi=hard -nosta
TRACE::2024-07-05.16:39:42::SCWMssOS::rtfiles -g -Wall -Wextra"

TRACE::2024-07-05.16:39:42::SCWMssOS::"Running Make include in ps7_cortexa9_0/libsrc/devcfg_v3_6/src"

TRACE::2024-07-05.16:39:42::SCWMssOS::make -C ps7_cortexa9_0/libsrc/devcfg_v3_6/src -s include  "SHELL=CMD" "COMPILER=arm-none-eabi-gcc" "ASSEMBLER=arm-none-eabi-as"
TRACE::2024-07-05.16:39:42::SCWMssOS:: "ARCHIVER=arm-none-eabi-ar" "COMPILER_FLAGS=  -O2 -c" "EXTRA_COMPILER_FLAGS=-mcpu=cortex-a9 -mfpu=vfpv3 -mfloat-abi=hard -nost
TRACE::2024-07-05.16:39:42::SCWMssOS::artfiles -g -Wall -Wextra"

TRACE::2024-07-05.16:39:42::SCWMssOS::"Running Make include in ps7_cortexa9_0/libsrc/dmaps_v2_6/src"

TRACE::2024-07-05.16:39:42::SCWMssOS::make -C ps7_cortexa9_0/libsrc/dmaps_v2_6/src -s include  "SHELL=CMD" "COMPILER=arm-none-eabi-gcc" "ASSEMBLER=arm-none-eabi-as" 
TRACE::2024-07-05.16:39:42::SCWMssOS::"ARCHIVER=arm-none-eabi-ar" "COMPILER_FLAGS=  -O2 -c" "EXTRA_COMPILER_FLAGS=-mcpu=cortex-a9 -mfpu=vfpv3 -mfloat-abi=hard -nosta
TRACE::2024-07-05.16:39:42::SCWMssOS::rtfiles -g -Wall -Wextra"

TRACE::2024-07-05.16:39:42::SCWMssOS::"Running Make include in ps7_cortexa9_0/libsrc/emacps_v3_11/src"

TRACE::2024-07-05.16:39:42::SCWMssOS::make -C ps7_cortexa9_0/libsrc/emacps_v3_11/src -s include  "SHELL=CMD" "COMPILER=arm-none-eabi-gcc" "ASSEMBLER=arm-none-eabi-as
TRACE::2024-07-05.16:39:42::SCWMssOS::" "ARCHIVER=arm-none-eabi-ar" "COMPILER_FLAGS=  -O2 -c" "EXTRA_COMPILER_FLAGS=-mcpu=cortex-a9 -mfpu=vfpv3 -mfloat-abi=hard -nos
TRACE::2024-07-05.16:39:42::SCWMssOS::tartfiles -g -Wall -Wextra"

TRACE::2024-07-05.16:39:42::SCWMssOS::"Running Make include in ps7_cortexa9_0/libsrc/gpiops_v3_7/src"

TRACE::2024-07-05.16:39:42::SCWMssOS::make -C ps7_cortexa9_0/libsrc/gpiops_v3_7/src -s include  "SHELL=CMD" "COMPILER=arm-none-eabi-gcc" "ASSEMBLER=arm-none-eabi-as"
TRACE::2024-07-05.16:39:42::SCWMssOS:: "ARCHIVER=arm-none-eabi-ar" "COMPILER_FLAGS=  -O2 -c" "EXTRA_COMPILER_FLAGS=-mcpu=cortex-a9 -mfpu=vfpv3 -mfloat-abi=hard -nost
TRACE::2024-07-05.16:39:42::SCWMssOS::artfiles -g -Wall -Wextra"

TRACE::2024-07-05.16:39:42::SCWMssOS::"Running Make include in ps7_cortexa9_0/libsrc/gpio_v4_6/src"

TRACE::2024-07-05.16:39:42::SCWMssOS::make -C ps7_cortexa9_0/libsrc/gpio_v4_6/src -s include  "SHELL=CMD" "COMPILER=arm-none-eabi-gcc" "ASSEMBLER=arm-none-eabi-as" "
TRACE::2024-07-05.16:39:42::SCWMssOS::ARCHIVER=arm-none-eabi-ar" "COMPILER_FLAGS=  -O2 -c" "EXTRA_COMPILER_FLAGS=-mcpu=cortex-a9 -mfpu=vfpv3 -mfloat-abi=hard -nostar
TRACE::2024-07-05.16:39:42::SCWMssOS::tfiles -g -Wall -Wextra"

TRACE::2024-07-05.16:39:43::SCWMssOS::"Running Make include in ps7_cortexa9_0/libsrc/iic_v3_6/src"

TRACE::2024-07-05.16:39:43::SCWMssOS::make -C ps7_cortexa9_0/libsrc/iic_v3_6/src -s include  "SHELL=CMD" "COMPILER=arm-none-eabi-gcc" "ASSEMBLER=arm-none-eabi-as" "A
TRACE::2024-07-05.16:39:43::SCWMssOS::RCHIVER=arm-none-eabi-ar" "COMPILER_FLAGS=  -O2 -c" "EXTRA_COMPILER_FLAGS=-mcpu=cortex-a9 -mfpu=vfpv3 -mfloat-abi=hard -nostart
TRACE::2024-07-05.16:39:43::SCWMssOS::files -g -Wall -Wextra"

TRACE::2024-07-05.16:39:43::SCWMssOS::"Running Make include in ps7_cortexa9_0/libsrc/qspips_v3_7/src"

TRACE::2024-07-05.16:39:43::SCWMssOS::make -C ps7_cortexa9_0/libsrc/qspips_v3_7/src -s include  "SHELL=CMD" "COMPILER=arm-none-eabi-gcc" "ASSEMBLER=arm-none-eabi-as"
TRACE::2024-07-05.16:39:43::SCWMssOS:: "ARCHIVER=arm-none-eabi-ar" "COMPILER_FLAGS=  -O2 -c" "EXTRA_COMPILER_FLAGS=-mcpu=cortex-a9 -mfpu=vfpv3 -mfloat-abi=hard -nost
TRACE::2024-07-05.16:39:43::SCWMssOS::artfiles -g -Wall -Wextra"

TRACE::2024-07-05.16:39:43::SCWMssOS::"Running Make include in ps7_cortexa9_0/libsrc/scugic_v4_2/src"

TRACE::2024-07-05.16:39:43::SCWMssOS::make -C ps7_cortexa9_0/libsrc/scugic_v4_2/src -s include  "SHELL=CMD" "COMPILER=arm-none-eabi-gcc" "ASSEMBLER=arm-none-eabi-as"
TRACE::2024-07-05.16:39:43::SCWMssOS:: "ARCHIVER=arm-none-eabi-ar" "COMPILER_FLAGS=  -O2 -c" "EXTRA_COMPILER_FLAGS=-mcpu=cortex-a9 -mfpu=vfpv3 -mfloat-abi=hard -nost
TRACE::2024-07-05.16:39:43::SCWMssOS::artfiles -g -Wall -Wextra"

TRACE::2024-07-05.16:39:43::SCWMssOS::"Running Make include in ps7_cortexa9_0/libsrc/scutimer_v2_2/src"

TRACE::2024-07-05.16:39:43::SCWMssOS::make -C ps7_cortexa9_0/libsrc/scutimer_v2_2/src -s include  "SHELL=CMD" "COMPILER=arm-none-eabi-gcc" "ASSEMBLER=arm-none-eabi-a
TRACE::2024-07-05.16:39:43::SCWMssOS::s" "ARCHIVER=arm-none-eabi-ar" "COMPILER_FLAGS=  -O2 -c" "EXTRA_COMPILER_FLAGS=-mcpu=cortex-a9 -mfpu=vfpv3 -mfloat-abi=hard -no
TRACE::2024-07-05.16:39:43::SCWMssOS::startfiles -g -Wall -Wextra"

TRACE::2024-07-05.16:39:43::SCWMssOS::"Running Make include in ps7_cortexa9_0/libsrc/scuwdt_v2_2/src"

TRACE::2024-07-05.16:39:43::SCWMssOS::make -C ps7_cortexa9_0/libsrc/scuwdt_v2_2/src -s include  "SHELL=CMD" "COMPILER=arm-none-eabi-gcc" "ASSEMBLER=arm-none-eabi-as"
TRACE::2024-07-05.16:39:43::SCWMssOS:: "ARCHIVER=arm-none-eabi-ar" "COMPILER_FLAGS=  -O2 -c" "EXTRA_COMPILER_FLAGS=-mcpu=cortex-a9 -mfpu=vfpv3 -mfloat-abi=hard -nost
TRACE::2024-07-05.16:39:43::SCWMssOS::artfiles -g -Wall -Wextra"

TRACE::2024-07-05.16:39:43::SCWMssOS::"Running Make include in ps7_cortexa9_0/libsrc/sdps_v3_9/src"

TRACE::2024-07-05.16:39:43::SCWMssOS::make -C ps7_cortexa9_0/libsrc/sdps_v3_9/src -s include  "SHELL=CMD" "COMPILER=arm-none-eabi-gcc" "ASSEMBLER=arm-none-eabi-as" "
TRACE::2024-07-05.16:39:43::SCWMssOS::ARCHIVER=arm-none-eabi-ar" "COMPILER_FLAGS=  -O2 -c" "EXTRA_COMPILER_FLAGS=-mcpu=cortex-a9 -mfpu=vfpv3 -mfloat-abi=hard -nostar
TRACE::2024-07-05.16:39:43::SCWMssOS::tfiles -g -Wall -Wextra"

TRACE::2024-07-05.16:39:44::SCWMssOS::"Running Make include in ps7_cortexa9_0/libsrc/spi_v4_6/src"

TRACE::2024-07-05.16:39:44::SCWMssOS::make -C ps7_cortexa9_0/libsrc/spi_v4_6/src -s include  "SHELL=CMD" "COMPILER=arm-none-eabi-gcc" "ASSEMBLER=arm-none-eabi-as" "A
TRACE::2024-07-05.16:39:44::SCWMssOS::RCHIVER=arm-none-eabi-ar" "COMPILER_FLAGS=  -O2 -c" "EXTRA_COMPILER_FLAGS=-mcpu=cortex-a9 -mfpu=vfpv3 -mfloat-abi=hard -nostart
TRACE::2024-07-05.16:39:44::SCWMssOS::files -g -Wall -Wextra"

TRACE::2024-07-05.16:39:44::SCWMssOS::"Running Make include in ps7_cortexa9_0/libsrc/standalone_v7_2/src"

TRACE::2024-07-05.16:39:44::SCWMssOS::make -C ps7_cortexa9_0/libsrc/standalone_v7_2/src -s include  "SHELL=CMD" "COMPILER=arm-none-eabi-gcc" "ASSEMBLER=arm-none-eabi
TRACE::2024-07-05.16:39:44::SCWMssOS::-as" "ARCHIVER=arm-none-eabi-ar" "COMPILER_FLAGS=  -O2 -c" "EXTRA_COMPILER_FLAGS=-mcpu=cortex-a9 -mfpu=vfpv3 -mfloat-abi=hard -
TRACE::2024-07-05.16:39:44::SCWMssOS::nostartfiles -g -Wall -Wextra"

TRACE::2024-07-05.16:39:45::SCWMssOS::"Running Make include in ps7_cortexa9_0/libsrc/tmrctr_v4_6/src"

TRACE::2024-07-05.16:39:45::SCWMssOS::make -C ps7_cortexa9_0/libsrc/tmrctr_v4_6/src -s include  "SHELL=CMD" "COMPILER=arm-none-eabi-gcc" "ASSEMBLER=arm-none-eabi-as"
TRACE::2024-07-05.16:39:45::SCWMssOS:: "ARCHIVER=arm-none-eabi-ar" "COMPILER_FLAGS=  -O2 -c" "EXTRA_COMPILER_FLAGS=-mcpu=cortex-a9 -mfpu=vfpv3 -mfloat-abi=hard -nost
TRACE::2024-07-05.16:39:45::SCWMssOS::artfiles -g -Wall -Wextra"

TRACE::2024-07-05.16:39:45::SCWMssOS::"Running Make include in ps7_cortexa9_0/libsrc/uartps_v3_9/src"

TRACE::2024-07-05.16:39:45::SCWMssOS::make -C ps7_cortexa9_0/libsrc/uartps_v3_9/src -s include  "SHELL=CMD" "COMPILER=arm-none-eabi-gcc" "ASSEMBLER=arm-none-eabi-as"
TRACE::2024-07-05.16:39:45::SCWMssOS:: "ARCHIVER=arm-none-eabi-ar" "COMPILER_FLAGS=  -O2 -c" "EXTRA_COMPILER_FLAGS=-mcpu=cortex-a9 -mfpu=vfpv3 -mfloat-abi=hard -nost
TRACE::2024-07-05.16:39:45::SCWMssOS::artfiles -g -Wall -Wextra"

TRACE::2024-07-05.16:39:45::SCWMssOS::"Running Make include in ps7_cortexa9_0/libsrc/usbps_v2_5/src"

TRACE::2024-07-05.16:39:45::SCWMssOS::make -C ps7_cortexa9_0/libsrc/usbps_v2_5/src -s include  "SHELL=CMD" "COMPILER=arm-none-eabi-gcc" "ASSEMBLER=arm-none-eabi-as" 
TRACE::2024-07-05.16:39:45::SCWMssOS::"ARCHIVER=arm-none-eabi-ar" "COMPILER_FLAGS=  -O2 -c" "EXTRA_COMPILER_FLAGS=-mcpu=cortex-a9 -mfpu=vfpv3 -mfloat-abi=hard -nosta
TRACE::2024-07-05.16:39:45::SCWMssOS::rtfiles -g -Wall -Wextra"

TRACE::2024-07-05.16:39:45::SCWMssOS::"Running Make include in ps7_cortexa9_0/libsrc/xadcps_v2_4/src"

TRACE::2024-07-05.16:39:45::SCWMssOS::make -C ps7_cortexa9_0/libsrc/xadcps_v2_4/src -s include  "SHELL=CMD" "COMPILER=arm-none-eabi-gcc" "ASSEMBLER=arm-none-eabi-as"
TRACE::2024-07-05.16:39:45::SCWMssOS:: "ARCHIVER=arm-none-eabi-ar" "COMPILER_FLAGS=  -O2 -c" "EXTRA_COMPILER_FLAGS=-mcpu=cortex-a9 -mfpu=vfpv3 -mfloat-abi=hard -nost
TRACE::2024-07-05.16:39:45::SCWMssOS::artfiles -g -Wall -Wextra"

TRACE::2024-07-05.16:39:45::SCWMssOS::"Running Make libs in ps7_cortexa9_0/libsrc/coresightps_dcc_v1_7/src"

TRACE::2024-07-05.16:39:45::SCWMssOS::make -C ps7_cortexa9_0/libsrc/coresightps_dcc_v1_7/src -s libs  "SHELL=CMD" "COMPILER=arm-none-eabi-gcc" "ASSEMBLER=arm-none-ea
TRACE::2024-07-05.16:39:45::SCWMssOS::bi-as" "ARCHIVER=arm-none-eabi-ar" "COMPILER_FLAGS=  -O2 -c" "EXTRA_COMPILER_FLAGS=-mcpu=cortex-a9 -mfpu=vfpv3 -mfloat-abi=hard
TRACE::2024-07-05.16:39:45::SCWMssOS:: -nostartfiles -g -Wall -Wextra"

TRACE::2024-07-05.16:39:46::SCWMssOS::"Compiling coresightps_dcc"

TRACE::2024-07-05.16:39:47::SCWMssOS::"Running Make libs in ps7_cortexa9_0/libsrc/cpu_cortexa9_v2_9/src"

TRACE::2024-07-05.16:39:47::SCWMssOS::make -C ps7_cortexa9_0/libsrc/cpu_cortexa9_v2_9/src -s libs  "SHELL=CMD" "COMPILER=arm-none-eabi-gcc" "ASSEMBLER=arm-none-eabi-
TRACE::2024-07-05.16:39:47::SCWMssOS::as" "ARCHIVER=arm-none-eabi-ar" "COMPILER_FLAGS=  -O2 -c" "EXTRA_COMPILER_FLAGS=-mcpu=cortex-a9 -mfpu=vfpv3 -mfloat-abi=hard -n
TRACE::2024-07-05.16:39:47::SCWMssOS::ostartfiles -g -Wall -Wextra"

TRACE::2024-07-05.16:39:47::SCWMssOS::"Compiling cpu_cortexa9"

TRACE::2024-07-05.16:39:47::SCWMssOS::"Running Make libs in ps7_cortexa9_0/libsrc/ddrps_v1_1/src"

TRACE::2024-07-05.16:39:47::SCWMssOS::make -C ps7_cortexa9_0/libsrc/ddrps_v1_1/src -s libs  "SHELL=CMD" "COMPILER=arm-none-eabi-gcc" "ASSEMBLER=arm-none-eabi-as" "AR
TRACE::2024-07-05.16:39:47::SCWMssOS::CHIVER=arm-none-eabi-ar" "COMPILER_FLAGS=  -O2 -c" "EXTRA_COMPILER_FLAGS=-mcpu=cortex-a9 -mfpu=vfpv3 -mfloat-abi=hard -nostartf
TRACE::2024-07-05.16:39:47::SCWMssOS::iles -g -Wall -Wextra"

TRACE::2024-07-05.16:39:47::SCWMssOS::"Compiling ddrps"

TRACE::2024-07-05.16:39:47::SCWMssOS::"Running Make libs in ps7_cortexa9_0/libsrc/devcfg_v3_6/src"

TRACE::2024-07-05.16:39:47::SCWMssOS::make -C ps7_cortexa9_0/libsrc/devcfg_v3_6/src -s libs  "SHELL=CMD" "COMPILER=arm-none-eabi-gcc" "ASSEMBLER=arm-none-eabi-as" "A
TRACE::2024-07-05.16:39:47::SCWMssOS::RCHIVER=arm-none-eabi-ar" "COMPILER_FLAGS=  -O2 -c" "EXTRA_COMPILER_FLAGS=-mcpu=cortex-a9 -mfpu=vfpv3 -mfloat-abi=hard -nostart
TRACE::2024-07-05.16:39:47::SCWMssOS::files -g -Wall -Wextra"

TRACE::2024-07-05.16:39:47::SCWMssOS::"Compiling devcfg"

TRACE::2024-07-05.16:39:48::SCWMssOS::"Running Make libs in ps7_cortexa9_0/libsrc/dmaps_v2_6/src"

TRACE::2024-07-05.16:39:48::SCWMssOS::make -C ps7_cortexa9_0/libsrc/dmaps_v2_6/src -s libs  "SHELL=CMD" "COMPILER=arm-none-eabi-gcc" "ASSEMBLER=arm-none-eabi-as" "AR
TRACE::2024-07-05.16:39:48::SCWMssOS::CHIVER=arm-none-eabi-ar" "COMPILER_FLAGS=  -O2 -c" "EXTRA_COMPILER_FLAGS=-mcpu=cortex-a9 -mfpu=vfpv3 -mfloat-abi=hard -nostartf
TRACE::2024-07-05.16:39:48::SCWMssOS::iles -g -Wall -Wextra"

TRACE::2024-07-05.16:39:48::SCWMssOS::"Compiling dmaps"

TRACE::2024-07-05.16:39:49::SCWMssOS::"Running Make libs in ps7_cortexa9_0/libsrc/emacps_v3_11/src"

TRACE::2024-07-05.16:39:49::SCWMssOS::make -C ps7_cortexa9_0/libsrc/emacps_v3_11/src -s libs  "SHELL=CMD" "COMPILER=arm-none-eabi-gcc" "ASSEMBLER=arm-none-eabi-as" "
TRACE::2024-07-05.16:39:49::SCWMssOS::ARCHIVER=arm-none-eabi-ar" "COMPILER_FLAGS=  -O2 -c" "EXTRA_COMPILER_FLAGS=-mcpu=cortex-a9 -mfpu=vfpv3 -mfloat-abi=hard -nostar
TRACE::2024-07-05.16:39:49::SCWMssOS::tfiles -g -Wall -Wextra"

TRACE::2024-07-05.16:39:49::SCWMssOS::"Compiling emacps"

TRACE::2024-07-05.16:39:50::SCWMssOS::"Running Make libs in ps7_cortexa9_0/libsrc/gpiops_v3_7/src"

TRACE::2024-07-05.16:39:50::SCWMssOS::make -C ps7_cortexa9_0/libsrc/gpiops_v3_7/src -s libs  "SHELL=CMD" "COMPILER=arm-none-eabi-gcc" "ASSEMBLER=arm-none-eabi-as" "A
TRACE::2024-07-05.16:39:50::SCWMssOS::RCHIVER=arm-none-eabi-ar" "COMPILER_FLAGS=  -O2 -c" "EXTRA_COMPILER_FLAGS=-mcpu=cortex-a9 -mfpu=vfpv3 -mfloat-abi=hard -nostart
TRACE::2024-07-05.16:39:50::SCWMssOS::files -g -Wall -Wextra"

TRACE::2024-07-05.16:39:50::SCWMssOS::"Compiling gpiops"

TRACE::2024-07-05.16:39:51::SCWMssOS::"Running Make libs in ps7_cortexa9_0/libsrc/gpio_v4_6/src"

TRACE::2024-07-05.16:39:51::SCWMssOS::make -C ps7_cortexa9_0/libsrc/gpio_v4_6/src -s libs  "SHELL=CMD" "COMPILER=arm-none-eabi-gcc" "ASSEMBLER=arm-none-eabi-as" "ARC
TRACE::2024-07-05.16:39:51::SCWMssOS::HIVER=arm-none-eabi-ar" "COMPILER_FLAGS=  -O2 -c" "EXTRA_COMPILER_FLAGS=-mcpu=cortex-a9 -mfpu=vfpv3 -mfloat-abi=hard -nostartfi
TRACE::2024-07-05.16:39:51::SCWMssOS::les -g -Wall -Wextra"

TRACE::2024-07-05.16:39:52::SCWMssOS::"Compiling gpio"

TRACE::2024-07-05.16:39:52::SCWMssOS::"Running Make libs in ps7_cortexa9_0/libsrc/iic_v3_6/src"

TRACE::2024-07-05.16:39:52::SCWMssOS::make -C ps7_cortexa9_0/libsrc/iic_v3_6/src -s libs  "SHELL=CMD" "COMPILER=arm-none-eabi-gcc" "ASSEMBLER=arm-none-eabi-as" "ARCH
TRACE::2024-07-05.16:39:52::SCWMssOS::IVER=arm-none-eabi-ar" "COMPILER_FLAGS=  -O2 -c" "EXTRA_COMPILER_FLAGS=-mcpu=cortex-a9 -mfpu=vfpv3 -mfloat-abi=hard -nostartfil
TRACE::2024-07-05.16:39:52::SCWMssOS::es -g -Wall -Wextra"

TRACE::2024-07-05.16:39:52::SCWMssOS::"Compiling iic"

TRACE::2024-07-05.16:39:54::SCWMssOS::"Running Make libs in ps7_cortexa9_0/libsrc/qspips_v3_7/src"

TRACE::2024-07-05.16:39:54::SCWMssOS::make -C ps7_cortexa9_0/libsrc/qspips_v3_7/src -s libs  "SHELL=CMD" "COMPILER=arm-none-eabi-gcc" "ASSEMBLER=arm-none-eabi-as" "A
TRACE::2024-07-05.16:39:54::SCWMssOS::RCHIVER=arm-none-eabi-ar" "COMPILER_FLAGS=  -O2 -c" "EXTRA_COMPILER_FLAGS=-mcpu=cortex-a9 -mfpu=vfpv3 -mfloat-abi=hard -nostart
TRACE::2024-07-05.16:39:54::SCWMssOS::files -g -Wall -Wextra"

TRACE::2024-07-05.16:39:54::SCWMssOS::"Compiling qspips"

TRACE::2024-07-05.16:39:55::SCWMssOS::"Running Make libs in ps7_cortexa9_0/libsrc/scugic_v4_2/src"

TRACE::2024-07-05.16:39:55::SCWMssOS::make -C ps7_cortexa9_0/libsrc/scugic_v4_2/src -s libs  "SHELL=CMD" "COMPILER=arm-none-eabi-gcc" "ASSEMBLER=arm-none-eabi-as" "A
TRACE::2024-07-05.16:39:55::SCWMssOS::RCHIVER=arm-none-eabi-ar" "COMPILER_FLAGS=  -O2 -c" "EXTRA_COMPILER_FLAGS=-mcpu=cortex-a9 -mfpu=vfpv3 -mfloat-abi=hard -nostart
TRACE::2024-07-05.16:39:55::SCWMssOS::files -g -Wall -Wextra"

TRACE::2024-07-05.16:39:55::SCWMssOS::"Compiling scugic"

TRACE::2024-07-05.16:39:56::SCWMssOS::"Running Make libs in ps7_cortexa9_0/libsrc/scutimer_v2_2/src"

TRACE::2024-07-05.16:39:56::SCWMssOS::make -C ps7_cortexa9_0/libsrc/scutimer_v2_2/src -s libs  "SHELL=CMD" "COMPILER=arm-none-eabi-gcc" "ASSEMBLER=arm-none-eabi-as" 
TRACE::2024-07-05.16:39:56::SCWMssOS::"ARCHIVER=arm-none-eabi-ar" "COMPILER_FLAGS=  -O2 -c" "EXTRA_COMPILER_FLAGS=-mcpu=cortex-a9 -mfpu=vfpv3 -mfloat-abi=hard -nosta
TRACE::2024-07-05.16:39:56::SCWMssOS::rtfiles -g -Wall -Wextra"

TRACE::2024-07-05.16:39:56::SCWMssOS::"Compiling scutimer"

TRACE::2024-07-05.16:39:57::SCWMssOS::"Running Make libs in ps7_cortexa9_0/libsrc/scuwdt_v2_2/src"

TRACE::2024-07-05.16:39:57::SCWMssOS::make -C ps7_cortexa9_0/libsrc/scuwdt_v2_2/src -s libs  "SHELL=CMD" "COMPILER=arm-none-eabi-gcc" "ASSEMBLER=arm-none-eabi-as" "A
TRACE::2024-07-05.16:39:57::SCWMssOS::RCHIVER=arm-none-eabi-ar" "COMPILER_FLAGS=  -O2 -c" "EXTRA_COMPILER_FLAGS=-mcpu=cortex-a9 -mfpu=vfpv3 -mfloat-abi=hard -nostart
TRACE::2024-07-05.16:39:57::SCWMssOS::files -g -Wall -Wextra"

TRACE::2024-07-05.16:39:57::SCWMssOS::"Compiling scuwdt"

TRACE::2024-07-05.16:39:58::SCWMssOS::"Running Make libs in ps7_cortexa9_0/libsrc/sdps_v3_9/src"

TRACE::2024-07-05.16:39:58::SCWMssOS::make -C ps7_cortexa9_0/libsrc/sdps_v3_9/src -s libs  "SHELL=CMD" "COMPILER=arm-none-eabi-gcc" "ASSEMBLER=arm-none-eabi-as" "ARC
TRACE::2024-07-05.16:39:58::SCWMssOS::HIVER=arm-none-eabi-ar" "COMPILER_FLAGS=  -O2 -c" "EXTRA_COMPILER_FLAGS=-mcpu=cortex-a9 -mfpu=vfpv3 -mfloat-abi=hard -nostartfi
TRACE::2024-07-05.16:39:58::SCWMssOS::les -g -Wall -Wextra"

TRACE::2024-07-05.16:39:58::SCWMssOS::"Compiling sdps"

TRACE::2024-07-05.16:39:59::SCWMssOS::"Running Make libs in ps7_cortexa9_0/libsrc/spi_v4_6/src"

TRACE::2024-07-05.16:39:59::SCWMssOS::make -C ps7_cortexa9_0/libsrc/spi_v4_6/src -s libs  "SHELL=CMD" "COMPILER=arm-none-eabi-gcc" "ASSEMBLER=arm-none-eabi-as" "ARCH
TRACE::2024-07-05.16:39:59::SCWMssOS::IVER=arm-none-eabi-ar" "COMPILER_FLAGS=  -O2 -c" "EXTRA_COMPILER_FLAGS=-mcpu=cortex-a9 -mfpu=vfpv3 -mfloat-abi=hard -nostartfil
TRACE::2024-07-05.16:39:59::SCWMssOS::es -g -Wall -Wextra"

TRACE::2024-07-05.16:39:59::SCWMssOS::"Compiling spi"

TRACE::2024-07-05.16:40:00::SCWMssOS::"Running Make libs in ps7_cortexa9_0/libsrc/standalone_v7_2/src"

TRACE::2024-07-05.16:40:00::SCWMssOS::make -C ps7_cortexa9_0/libsrc/standalone_v7_2/src -s libs  "SHELL=CMD" "COMPILER=arm-none-eabi-gcc" "ASSEMBLER=arm-none-eabi-as
TRACE::2024-07-05.16:40:00::SCWMssOS::" "ARCHIVER=arm-none-eabi-ar" "COMPILER_FLAGS=  -O2 -c" "EXTRA_COMPILER_FLAGS=-mcpu=cortex-a9 -mfpu=vfpv3 -mfloat-abi=hard -nos
TRACE::2024-07-05.16:40:00::SCWMssOS::tartfiles -g -Wall -Wextra"

TRACE::2024-07-05.16:40:00::SCWMssOS::"Compiling standalone"

TRACE::2024-07-05.16:40:04::SCWMssOS::"Running Make libs in ps7_cortexa9_0/libsrc/tmrctr_v4_6/src"

TRACE::2024-07-05.16:40:04::SCWMssOS::make -C ps7_cortexa9_0/libsrc/tmrctr_v4_6/src -s libs  "SHELL=CMD" "COMPILER=arm-none-eabi-gcc" "ASSEMBLER=arm-none-eabi-as" "A
TRACE::2024-07-05.16:40:04::SCWMssOS::RCHIVER=arm-none-eabi-ar" "COMPILER_FLAGS=  -O2 -c" "EXTRA_COMPILER_FLAGS=-mcpu=cortex-a9 -mfpu=vfpv3 -mfloat-abi=hard -nostart
TRACE::2024-07-05.16:40:04::SCWMssOS::files -g -Wall -Wextra"

TRACE::2024-07-05.16:40:04::SCWMssOS::"Compiling tmrctr"

TRACE::2024-07-05.16:40:05::SCWMssOS::"Running Make libs in ps7_cortexa9_0/libsrc/uartps_v3_9/src"

TRACE::2024-07-05.16:40:05::SCWMssOS::make -C ps7_cortexa9_0/libsrc/uartps_v3_9/src -s libs  "SHELL=CMD" "COMPILER=arm-none-eabi-gcc" "ASSEMBLER=arm-none-eabi-as" "A
TRACE::2024-07-05.16:40:05::SCWMssOS::RCHIVER=arm-none-eabi-ar" "COMPILER_FLAGS=  -O2 -c" "EXTRA_COMPILER_FLAGS=-mcpu=cortex-a9 -mfpu=vfpv3 -mfloat-abi=hard -nostart
TRACE::2024-07-05.16:40:05::SCWMssOS::files -g -Wall -Wextra"

TRACE::2024-07-05.16:40:05::SCWMssOS::"Compiling uartps"

TRACE::2024-07-05.16:40:06::SCWMssOS::"Running Make libs in ps7_cortexa9_0/libsrc/usbps_v2_5/src"

TRACE::2024-07-05.16:40:06::SCWMssOS::make -C ps7_cortexa9_0/libsrc/usbps_v2_5/src -s libs  "SHELL=CMD" "COMPILER=arm-none-eabi-gcc" "ASSEMBLER=arm-none-eabi-as" "AR
TRACE::2024-07-05.16:40:06::SCWMssOS::CHIVER=arm-none-eabi-ar" "COMPILER_FLAGS=  -O2 -c" "EXTRA_COMPILER_FLAGS=-mcpu=cortex-a9 -mfpu=vfpv3 -mfloat-abi=hard -nostartf
TRACE::2024-07-05.16:40:06::SCWMssOS::iles -g -Wall -Wextra"

TRACE::2024-07-05.16:40:06::SCWMssOS::"Compiling usbps"

TRACE::2024-07-05.16:40:07::SCWMssOS::"Running Make libs in ps7_cortexa9_0/libsrc/xadcps_v2_4/src"

TRACE::2024-07-05.16:40:07::SCWMssOS::make -C ps7_cortexa9_0/libsrc/xadcps_v2_4/src -s libs  "SHELL=CMD" "COMPILER=arm-none-eabi-gcc" "ASSEMBLER=arm-none-eabi-as" "A
TRACE::2024-07-05.16:40:07::SCWMssOS::RCHIVER=arm-none-eabi-ar" "COMPILER_FLAGS=  -O2 -c" "EXTRA_COMPILER_FLAGS=-mcpu=cortex-a9 -mfpu=vfpv3 -mfloat-abi=hard -nostart
TRACE::2024-07-05.16:40:07::SCWMssOS::files -g -Wall -Wextra"

TRACE::2024-07-05.16:40:07::SCWMssOS::"Compiling xadcps"

TRACE::2024-07-05.16:40:08::SCWMssOS::'Finished building libraries'

TRACE::2024-07-05.16:40:08::SCWMssOS::Copying to export directory.
TRACE::2024-07-05.16:40:08::SCWMssOS:: Checking if to create the Supporting Applications
TRACE::2024-07-05.16:40:08::SCWMssOS:: No Linux domain exists, trying to generate FSBL 
LOG::2024-07-05.16:40:08::SCWSystem::Completed Processing the domain standalone_domain
LOG::2024-07-05.16:40:08::SCWSystem::Completed Processing the sysconfig SEPmonG3
LOG::2024-07-05.16:40:08::SCWPlatform::Completed generating the artifacts for system configuration SEPmonG3
TRACE::2024-07-05.16:40:08::SCWPlatform::Started preparing the platform 
TRACE::2024-07-05.16:40:08::SCWSystem::Writing the bif file for system config SEPmonG3
TRACE::2024-07-05.16:40:08::SCWSystem::dir created 
TRACE::2024-07-05.16:40:08::SCWSystem::Writing the bif 
TRACE::2024-07-05.16:40:08::SCWPlatform::Started writing the spfm file 
TRACE::2024-07-05.16:40:08::SCWPlatform::Started writing the xpfm file 
TRACE::2024-07-05.16:40:08::SCWPlatform::Completed generating the platform
TRACE::2024-07-05.16:40:08::SCWMssOS::Saving the mss changes C:/Users/gusta/OneDrive/Documents/universidad/4to/1r/SEP/Proyectos/pr2/SEPmonG3/SEPmonG3/zynq_fsbl/zynq_fsbl_bsp/system.mss
TRACE::2024-07-05.16:40:08::SCWMssOS::Found a swdesign opened with the mssfile.
TRACE::2024-07-05.16:40:08::SCWMssOS::Completed writemss as part of save.
TRACE::2024-07-05.16:40:08::SCWMssOS::Commit changes completed.
TRACE::2024-07-05.16:40:08::SCWMssOS::Saving the mss changes C:/Users/gusta/OneDrive/Documents/universidad/4to/1r/SEP/Proyectos/pr2/SEPmonG3/SEPmonG3/ps7_cortexa9_0/standalone_domain/bsp/system.mss
TRACE::2024-07-05.16:40:08::SCWMssOS::Found a swdesign opened with the mssfile.
TRACE::2024-07-05.16:40:08::SCWMssOS::Completed writemss as part of save.
TRACE::2024-07-05.16:40:08::SCWMssOS::Commit changes completed.
TRACE::2024-07-05.16:40:08::SCWPlatform::Trying to open the hw design at C:/Users/gusta/OneDrive/Documents/universidad/4to/1r/SEP/Proyectos/pr2/SEPmonG3/SEPmonG3/hw/SEPmon.xsa
TRACE::2024-07-05.16:40:08::SCWPlatform::DSA given C:/Users/gusta/OneDrive/Documents/universidad/4to/1r/SEP/Proyectos/pr2/SEPmonG3/SEPmonG3/hw/SEPmon.xsa
TRACE::2024-07-05.16:40:08::SCWPlatform::DSA absoulate path C:/Users/gusta/OneDrive/Documents/universidad/4to/1r/SEP/Proyectos/pr2/SEPmonG3/SEPmonG3/hw/SEPmon.xsa
TRACE::2024-07-05.16:40:08::SCWPlatform::DSA directory C:/Users/gusta/OneDrive/Documents/universidad/4to/1r/SEP/Proyectos/pr2/SEPmonG3/SEPmonG3/hw
TRACE::2024-07-05.16:40:08::SCWPlatform:: Platform Path C:/Users/gusta/OneDrive/Documents/universidad/4to/1r/SEP/Proyectos/pr2/SEPmonG3/SEPmonG3/hw/SEPmon.xsa
TRACE::2024-07-05.16:40:08::SCWPlatform:: Unique name xilinx:zybo-z7-10::0.0
TRACE::2024-07-05.16:40:08::SCWPlatform::Trying to set the existing hwdb with name DEMO_wrapper
TRACE::2024-07-05.16:40:08::SCWPlatform::Opened existing hwdb DEMO_wrapper
TRACE::2024-07-05.16:40:08::SCWPlatform::Found the Hw Db part of the input DSA
TRACE::2024-07-05.16:40:08::SCWMssOS::Checking the sw design at  C:/Users/gusta/OneDrive/Documents/universidad/4to/1r/SEP/Proyectos/pr2/SEPmonG3/SEPmonG3/zynq_fsbl/zynq_fsbl_bsp/system.mss
TRACE::2024-07-05.16:40:08::SCWMssOS::DEBUG:  swdes dump  C:/Users/gusta/OneDrive/Documents/universidad/4to/1r/SEP/Proyectos/pr2/SEPmonG3/SEPmonG3/ps7_cortexa9_0/standalone_domain/bsp/system.mss|system_0||
C:/Users/gusta/OneDrive/Documents/universidad/4to/1r/SEP/Proyectos/pr2/SEPmonG3/SEPmonG3/zynq_fsbl/zynq_fsbl_bsp/system.mss|system||

TRACE::2024-07-05.16:40:08::SCWMssOS::Sw design exists and opened at  C:/Users/gusta/OneDrive/Documents/universidad/4to/1r/SEP/Proyectos/pr2/SEPmonG3/SEPmonG3/zynq_fsbl/zynq_fsbl_bsp/system.mss
TRACE::2024-07-05.16:40:08::SCWPlatform::Trying to open the hw design at C:/Users/gusta/OneDrive/Documents/universidad/4to/1r/SEP/Proyectos/pr2/SEPmonG3/SEPmonG3/hw/SEPmon.xsa
TRACE::2024-07-05.16:40:08::SCWPlatform::DSA given C:/Users/gusta/OneDrive/Documents/universidad/4to/1r/SEP/Proyectos/pr2/SEPmonG3/SEPmonG3/hw/SEPmon.xsa
TRACE::2024-07-05.16:40:08::SCWPlatform::DSA absoulate path C:/Users/gusta/OneDrive/Documents/universidad/4to/1r/SEP/Proyectos/pr2/SEPmonG3/SEPmonG3/hw/SEPmon.xsa
TRACE::2024-07-05.16:40:08::SCWPlatform::DSA directory C:/Users/gusta/OneDrive/Documents/universidad/4to/1r/SEP/Proyectos/pr2/SEPmonG3/SEPmonG3/hw
TRACE::2024-07-05.16:40:08::SCWPlatform:: Platform Path C:/Users/gusta/OneDrive/Documents/universidad/4to/1r/SEP/Proyectos/pr2/SEPmonG3/SEPmonG3/hw/SEPmon.xsa
TRACE::2024-07-05.16:40:08::SCWPlatform:: Unique name xilinx:zybo-z7-10::0.0
TRACE::2024-07-05.16:40:08::SCWPlatform::Trying to set the existing hwdb with name DEMO_wrapper
TRACE::2024-07-05.16:40:08::SCWPlatform::Opened existing hwdb DEMO_wrapper
TRACE::2024-07-05.16:40:08::SCWPlatform::Found the Hw Db part of the input DSA
TRACE::2024-07-05.16:40:08::SCWMssOS::Checking the sw design at  C:/Users/gusta/OneDrive/Documents/universidad/4to/1r/SEP/Proyectos/pr2/SEPmonG3/SEPmonG3/ps7_cortexa9_0/standalone_domain/bsp/system.mss
TRACE::2024-07-05.16:40:08::SCWMssOS::DEBUG:  swdes dump  C:/Users/gusta/OneDrive/Documents/universidad/4to/1r/SEP/Proyectos/pr2/SEPmonG3/SEPmonG3/ps7_cortexa9_0/standalone_domain/bsp/system.mss|system_0||
C:/Users/gusta/OneDrive/Documents/universidad/4to/1r/SEP/Proyectos/pr2/SEPmonG3/SEPmonG3/zynq_fsbl/zynq_fsbl_bsp/system.mss|system||

TRACE::2024-07-05.16:40:08::SCWMssOS::Sw design exists and opened at  C:/Users/gusta/OneDrive/Documents/universidad/4to/1r/SEP/Proyectos/pr2/SEPmonG3/SEPmonG3/ps7_cortexa9_0/standalone_domain/bsp/system.mss
TRACE::2024-07-05.16:40:08::SCWWriter::formatted JSON is {
	"platformName":	"SEPmonG3",
	"sprVersion":	"2.0",
	"mode":	"gui",
	"dsaType":	"Fixed",
	"platformDesc":	"SEPmonG3",
	"platHandOff":	"C:/Users/gusta/OneDrive/Documents/universidad/4to/1r/SEP/Proyectos/pr2/SEPmonG3/SEPmon/SEPmon.xsa",
	"platIntHandOff":	"<platformDir>/hw/SEPmon.xsa",
	"deviceType":	"zynq",
	"platIsPrebuiltAutogen":	"false",
	"platIsNoBootBsp":	"false",
	"hasFsblMakeHasChanges":	"false",
	"hasPmufwMakeHasChanges":	"false",
	"fsblExtraCompilerFlags":	"-MMD -MP       -mcpu=cortex-a9 -mfpu=vfpv3 -mfloat-abi=hard ",
	"platPreBuiltFlag":	false,
	"platformSamplesDir":	"",
	"platActiveSys":	"SEPmonG3",
	"systems":	[{
			"systemName":	"SEPmonG3",
			"systemDesc":	"SEPmonG3",
			"sysIsBootAutoGen":	"true",
			"systemDispName":	"SEPmonG3",
			"sysActiveDom":	"standalone_domain",
			"sysDefaultDom":	"standalone_domain",
			"domains":	[{
					"domainName":	"zynq_fsbl",
					"domainDispName":	"zynq_fsbl",
					"domainDesc":	"FSBL Application BSP - Auto Generated.",
					"processors":	"ps7_cortexa9_0",
					"os":	"standalone",
					"sdxOs":	"standalone",
					"debugEnable":	"",
					"domRuntimes":	["cpp"],
					"swRepo":	"",
					"mssOsVer":	"7.2",
					"mssFile":	"",
					"md5Digest":	"02312b845700e4a4fd39dd786149f184",
					"compatibleApp":	"zynq_fsbl",
					"domType":	"bootDomain",
					"appSettings":	{
						"appCompilerFlags":	"",
						"appLinkerFlags":	""
					},
					"addedLibs":	["xilffs:4.3", "xilrsa:1.6"],
					"libOptions":	{
						"libsContainingOptions":	[]
					},
					"prebuiltLibs":	{
						"prebuiltIncPath":	[],
						"prebuiltLibPath":	[]
					},
					"isolation":	{
					}
				}, {
					"domainName":	"standalone_domain",
					"domainDispName":	"standalone on ps7_cortexa9_0",
					"domainDesc":	"standalone_domain",
					"processors":	"ps7_cortexa9_0",
					"os":	"standalone",
					"sdxOs":	"standalone",
					"qemuArgs":	"C:/Xilinx/Vitis/2020.1/data/emulation/platforms/zynq/qemu/qemu_args.txt",
					"qemuData":	"C:/Xilinx/Vitis/2020.1/data/emulation/platforms/zynq/qemu/",
					"debugEnable":	"False",
					"domRuntimes":	["cpp"],
					"swRepo":	"",
					"mssOsVer":	"7.2",
					"mssFile":	"",
					"md5Digest":	"66dd88408418c3412ef42766414a5b97",
					"compatibleApp":	"",
					"domType":	"mssDomain",
					"appSettings":	{
						"appCompilerFlags":	"",
						"appLinkerFlags":	""
					},
					"addedLibs":	[],
					"libOptions":	{
						"libsContainingOptions":	[]
					},
					"prebuiltLibs":	{
						"prebuiltIncPath":	[],
						"prebuiltLibPath":	[]
					},
					"isolation":	{
					}
				}]
		}]
}
KEYINFO::2024-07-05.16:40:08::SCWPlatform::updated the xpfm file.
TRACE::2024-07-05.16:40:08::SCWPlatform::Trying to open the hw design at C:/Users/gusta/OneDrive/Documents/universidad/4to/1r/SEP/Proyectos/pr2/SEPmonG3/SEPmonG3/hw/SEPmon.xsa
TRACE::2024-07-05.16:40:08::SCWPlatform::DSA given C:/Users/gusta/OneDrive/Documents/universidad/4to/1r/SEP/Proyectos/pr2/SEPmonG3/SEPmonG3/hw/SEPmon.xsa
TRACE::2024-07-05.16:40:08::SCWPlatform::DSA absoulate path C:/Users/gusta/OneDrive/Documents/universidad/4to/1r/SEP/Proyectos/pr2/SEPmonG3/SEPmonG3/hw/SEPmon.xsa
TRACE::2024-07-05.16:40:08::SCWPlatform::DSA directory C:/Users/gusta/OneDrive/Documents/universidad/4to/1r/SEP/Proyectos/pr2/SEPmonG3/SEPmonG3/hw
TRACE::2024-07-05.16:40:08::SCWPlatform:: Platform Path C:/Users/gusta/OneDrive/Documents/universidad/4to/1r/SEP/Proyectos/pr2/SEPmonG3/SEPmonG3/hw/SEPmon.xsa
TRACE::2024-07-05.16:40:08::SCWPlatform:: Unique name xilinx:zybo-z7-10::0.0
TRACE::2024-07-05.16:40:08::SCWPlatform::Trying to set the existing hwdb with name DEMO_wrapper
TRACE::2024-07-05.16:40:08::SCWPlatform::Opened existing hwdb DEMO_wrapper
TRACE::2024-07-05.16:40:08::SCWPlatform::Found the Hw Db part of the input DSA
TRACE::2024-07-05.16:40:08::SCWMssOS::Checking the sw design at  C:/Users/gusta/OneDrive/Documents/universidad/4to/1r/SEP/Proyectos/pr2/SEPmonG3/SEPmonG3/ps7_cortexa9_0/standalone_domain/bsp/system.mss
TRACE::2024-07-05.16:40:08::SCWMssOS::DEBUG:  swdes dump  C:/Users/gusta/OneDrive/Documents/universidad/4to/1r/SEP/Proyectos/pr2/SEPmonG3/SEPmonG3/ps7_cortexa9_0/standalone_domain/bsp/system.mss|system_0||
C:/Users/gusta/OneDrive/Documents/universidad/4to/1r/SEP/Proyectos/pr2/SEPmonG3/SEPmonG3/zynq_fsbl/zynq_fsbl_bsp/system.mss|system||

TRACE::2024-07-05.16:40:08::SCWMssOS::Sw design exists and opened at  C:/Users/gusta/OneDrive/Documents/universidad/4to/1r/SEP/Proyectos/pr2/SEPmonG3/SEPmonG3/ps7_cortexa9_0/standalone_domain/bsp/system.mss
TRACE::2024-07-06.13:28:36::SCWPlatform::Trying to open the hw design at C:/Users/gusta/OneDrive/Documents/universidad/4to/1r/SEP/Proyectos/pr2/SEPmonG3/SEPmonG3/hw/SEPmon.xsa
TRACE::2024-07-06.13:28:36::SCWPlatform::DSA given C:/Users/gusta/OneDrive/Documents/universidad/4to/1r/SEP/Proyectos/pr2/SEPmonG3/SEPmonG3/hw/SEPmon.xsa
TRACE::2024-07-06.13:28:36::SCWPlatform::DSA absoulate path C:/Users/gusta/OneDrive/Documents/universidad/4to/1r/SEP/Proyectos/pr2/SEPmonG3/SEPmonG3/hw/SEPmon.xsa
TRACE::2024-07-06.13:28:41::SCWPlatform::DSA directory C:/Users/gusta/OneDrive/Documents/universidad/4to/1r/SEP/Proyectos/pr2/SEPmonG3/SEPmonG3/hw
TRACE::2024-07-06.13:28:41::SCWPlatform:: Platform Path C:/Users/gusta/OneDrive/Documents/universidad/4to/1r/SEP/Proyectos/pr2/SEPmonG3/SEPmonG3/hw/SEPmon.xsa
TRACE::2024-07-06.13:28:41::SCWPlatform:: Unique name xilinx:zybo-z7-10::0.0
TRACE::2024-07-06.13:28:41::SCWPlatform::Do not have an existing db opened. 
TRACE::2024-07-06.13:28:44::SCWPlatform::Opened new HwDB with name DEMO_wrapper
TRACE::2024-07-06.13:28:44::SCWReader::Active system found as  SEPmonG3
TRACE::2024-07-06.13:28:44::SCWReader::Handling sysconfig SEPmonG3
TRACE::2024-07-06.13:28:44::SCWDomain::checking for install qemu data   : 
TRACE::2024-07-06.13:28:44::SCWDomain:: Using the QEMU Data from install at  : C:/Xilinx/Vitis/2020.1/data/emulation/platforms/zynq/qemu/
TRACE::2024-07-06.13:28:44::SCWDomain:: Using the QEMU args  from install at  : C:/Xilinx/Vitis/2020.1/data/emulation/platforms/zynq/qemu/qemu_args.txt
TRACE::2024-07-06.13:28:44::SCWPlatform::Trying to open the hw design at C:/Users/gusta/OneDrive/Documents/universidad/4to/1r/SEP/Proyectos/pr2/SEPmonG3/SEPmonG3/hw/SEPmon.xsa
TRACE::2024-07-06.13:28:44::SCWPlatform::DSA given C:/Users/gusta/OneDrive/Documents/universidad/4to/1r/SEP/Proyectos/pr2/SEPmonG3/SEPmonG3/hw/SEPmon.xsa
TRACE::2024-07-06.13:28:44::SCWPlatform::DSA absoulate path C:/Users/gusta/OneDrive/Documents/universidad/4to/1r/SEP/Proyectos/pr2/SEPmonG3/SEPmonG3/hw/SEPmon.xsa
TRACE::2024-07-06.13:28:44::SCWPlatform::DSA directory C:/Users/gusta/OneDrive/Documents/universidad/4to/1r/SEP/Proyectos/pr2/SEPmonG3/SEPmonG3/hw
TRACE::2024-07-06.13:28:44::SCWPlatform:: Platform Path C:/Users/gusta/OneDrive/Documents/universidad/4to/1r/SEP/Proyectos/pr2/SEPmonG3/SEPmonG3/hw/SEPmon.xsa
TRACE::2024-07-06.13:28:44::SCWPlatform:: Unique name xilinx:zybo-z7-10::0.0
TRACE::2024-07-06.13:28:44::SCWPlatform::Trying to set the existing hwdb with name DEMO_wrapper
TRACE::2024-07-06.13:28:44::SCWPlatform::Opened existing hwdb DEMO_wrapper
TRACE::2024-07-06.13:28:44::SCWPlatform::Found the Hw Db part of the input DSA
TRACE::2024-07-06.13:28:44::SCWPlatform::Trying to open the hw design at C:/Users/gusta/OneDrive/Documents/universidad/4to/1r/SEP/Proyectos/pr2/SEPmonG3/SEPmonG3/hw/SEPmon.xsa
TRACE::2024-07-06.13:28:44::SCWPlatform::DSA given C:/Users/gusta/OneDrive/Documents/universidad/4to/1r/SEP/Proyectos/pr2/SEPmonG3/SEPmonG3/hw/SEPmon.xsa
TRACE::2024-07-06.13:28:44::SCWPlatform::DSA absoulate path C:/Users/gusta/OneDrive/Documents/universidad/4to/1r/SEP/Proyectos/pr2/SEPmonG3/SEPmonG3/hw/SEPmon.xsa
TRACE::2024-07-06.13:28:44::SCWPlatform::DSA directory C:/Users/gusta/OneDrive/Documents/universidad/4to/1r/SEP/Proyectos/pr2/SEPmonG3/SEPmonG3/hw
TRACE::2024-07-06.13:28:44::SCWPlatform:: Platform Path C:/Users/gusta/OneDrive/Documents/universidad/4to/1r/SEP/Proyectos/pr2/SEPmonG3/SEPmonG3/hw/SEPmon.xsa
TRACE::2024-07-06.13:28:44::SCWPlatform:: Unique name xilinx:zybo-z7-10::0.0
TRACE::2024-07-06.13:28:44::SCWPlatform::Trying to set the existing hwdb with name DEMO_wrapper
TRACE::2024-07-06.13:28:44::SCWPlatform::Opened existing hwdb DEMO_wrapper
TRACE::2024-07-06.13:28:44::SCWPlatform::Found the Hw Db part of the input DSA
TRACE::2024-07-06.13:28:44::SCWPlatform::Trying to open the hw design at C:/Users/gusta/OneDrive/Documents/universidad/4to/1r/SEP/Proyectos/pr2/SEPmonG3/SEPmonG3/hw/SEPmon.xsa
TRACE::2024-07-06.13:28:44::SCWPlatform::DSA given C:/Users/gusta/OneDrive/Documents/universidad/4to/1r/SEP/Proyectos/pr2/SEPmonG3/SEPmonG3/hw/SEPmon.xsa
TRACE::2024-07-06.13:28:44::SCWPlatform::DSA absoulate path C:/Users/gusta/OneDrive/Documents/universidad/4to/1r/SEP/Proyectos/pr2/SEPmonG3/SEPmonG3/hw/SEPmon.xsa
TRACE::2024-07-06.13:28:44::SCWPlatform::DSA directory C:/Users/gusta/OneDrive/Documents/universidad/4to/1r/SEP/Proyectos/pr2/SEPmonG3/SEPmonG3/hw
TRACE::2024-07-06.13:28:44::SCWPlatform:: Platform Path C:/Users/gusta/OneDrive/Documents/universidad/4to/1r/SEP/Proyectos/pr2/SEPmonG3/SEPmonG3/hw/SEPmon.xsa
TRACE::2024-07-06.13:28:44::SCWPlatform:: Unique name xilinx:zybo-z7-10::0.0
TRACE::2024-07-06.13:28:44::SCWPlatform::Trying to set the existing hwdb with name DEMO_wrapper
TRACE::2024-07-06.13:28:44::SCWPlatform::Opened existing hwdb DEMO_wrapper
TRACE::2024-07-06.13:28:44::SCWPlatform::Found the Hw Db part of the input DSA
TRACE::2024-07-06.13:28:44::SCWReader::Boot application domain added for zynq_fsbl
TRACE::2024-07-06.13:28:44::SCWPlatform::Trying to open the hw design at C:/Users/gusta/OneDrive/Documents/universidad/4to/1r/SEP/Proyectos/pr2/SEPmonG3/SEPmonG3/hw/SEPmon.xsa
TRACE::2024-07-06.13:28:44::SCWPlatform::DSA given C:/Users/gusta/OneDrive/Documents/universidad/4to/1r/SEP/Proyectos/pr2/SEPmonG3/SEPmonG3/hw/SEPmon.xsa
TRACE::2024-07-06.13:28:44::SCWPlatform::DSA absoulate path C:/Users/gusta/OneDrive/Documents/universidad/4to/1r/SEP/Proyectos/pr2/SEPmonG3/SEPmonG3/hw/SEPmon.xsa
TRACE::2024-07-06.13:28:44::SCWPlatform::DSA directory C:/Users/gusta/OneDrive/Documents/universidad/4to/1r/SEP/Proyectos/pr2/SEPmonG3/SEPmonG3/hw
TRACE::2024-07-06.13:28:44::SCWPlatform:: Platform Path C:/Users/gusta/OneDrive/Documents/universidad/4to/1r/SEP/Proyectos/pr2/SEPmonG3/SEPmonG3/hw/SEPmon.xsa
TRACE::2024-07-06.13:28:44::SCWPlatform:: Unique name xilinx:zybo-z7-10::0.0
TRACE::2024-07-06.13:28:44::SCWPlatform::Trying to set the existing hwdb with name DEMO_wrapper
TRACE::2024-07-06.13:28:44::SCWPlatform::Opened existing hwdb DEMO_wrapper
TRACE::2024-07-06.13:28:44::SCWPlatform::Found the Hw Db part of the input DSA
TRACE::2024-07-06.13:28:44::SCWMssOS::Checking the sw design at  C:/Users/gusta/OneDrive/Documents/universidad/4to/1r/SEP/Proyectos/pr2/SEPmonG3/SEPmonG3/zynq_fsbl/zynq_fsbl_bsp/system.mss
TRACE::2024-07-06.13:28:44::SCWMssOS::DEBUG:  swdes dump  
TRACE::2024-07-06.13:28:44::SCWMssOS::No sw design opened at  C:/Users/gusta/OneDrive/Documents/universidad/4to/1r/SEP/Proyectos/pr2/SEPmonG3/SEPmonG3/zynq_fsbl/zynq_fsbl_bsp/system.mss
TRACE::2024-07-06.13:28:44::SCWMssOS::mss exists loading the mss file  C:/Users/gusta/OneDrive/Documents/universidad/4to/1r/SEP/Proyectos/pr2/SEPmonG3/SEPmonG3/zynq_fsbl/zynq_fsbl_bsp/system.mss
TRACE::2024-07-06.13:28:44::SCWMssOS::Opened the sw design from mss  C:/Users/gusta/OneDrive/Documents/universidad/4to/1r/SEP/Proyectos/pr2/SEPmonG3/SEPmonG3/zynq_fsbl/zynq_fsbl_bsp/system.mss
TRACE::2024-07-06.13:28:44::SCWMssOS::Adding the swdes entry C:/Users/gusta/OneDrive/Documents/universidad/4to/1r/SEP/Proyectos/pr2/SEPmonG3/SEPmonG3/zynq_fsbl/zynq_fsbl_bsp/system.mss with des name system
TRACE::2024-07-06.13:28:44::SCWMssOS::updating the scw layer about changes
TRACE::2024-07-06.13:28:44::SCWMssOS::Opened the sw design.  C:/Users/gusta/OneDrive/Documents/universidad/4to/1r/SEP/Proyectos/pr2/SEPmonG3/SEPmonG3/zynq_fsbl/zynq_fsbl_bsp/system.mss
TRACE::2024-07-06.13:28:44::SCWPlatform::Trying to open the hw design at C:/Users/gusta/OneDrive/Documents/universidad/4to/1r/SEP/Proyectos/pr2/SEPmonG3/SEPmonG3/hw/SEPmon.xsa
TRACE::2024-07-06.13:28:44::SCWPlatform::DSA given C:/Users/gusta/OneDrive/Documents/universidad/4to/1r/SEP/Proyectos/pr2/SEPmonG3/SEPmonG3/hw/SEPmon.xsa
TRACE::2024-07-06.13:28:44::SCWPlatform::DSA absoulate path C:/Users/gusta/OneDrive/Documents/universidad/4to/1r/SEP/Proyectos/pr2/SEPmonG3/SEPmonG3/hw/SEPmon.xsa
TRACE::2024-07-06.13:28:44::SCWPlatform::DSA directory C:/Users/gusta/OneDrive/Documents/universidad/4to/1r/SEP/Proyectos/pr2/SEPmonG3/SEPmonG3/hw
TRACE::2024-07-06.13:28:44::SCWPlatform:: Platform Path C:/Users/gusta/OneDrive/Documents/universidad/4to/1r/SEP/Proyectos/pr2/SEPmonG3/SEPmonG3/hw/SEPmon.xsa
TRACE::2024-07-06.13:28:44::SCWPlatform:: Unique name xilinx:zybo-z7-10::0.0
TRACE::2024-07-06.13:28:44::SCWPlatform::Trying to set the existing hwdb with name DEMO_wrapper
TRACE::2024-07-06.13:28:44::SCWPlatform::Opened existing hwdb DEMO_wrapper
TRACE::2024-07-06.13:28:44::SCWPlatform::Found the Hw Db part of the input DSA
TRACE::2024-07-06.13:28:44::SCWMssOS::Checking the sw design at  C:/Users/gusta/OneDrive/Documents/universidad/4to/1r/SEP/Proyectos/pr2/SEPmonG3/SEPmonG3/zynq_fsbl/zynq_fsbl_bsp/system.mss
TRACE::2024-07-06.13:28:44::SCWMssOS::DEBUG:  swdes dump  C:/Users/gusta/OneDrive/Documents/universidad/4to/1r/SEP/Proyectos/pr2/SEPmonG3/SEPmonG3/zynq_fsbl/zynq_fsbl_bsp/system.mss|system||

TRACE::2024-07-06.13:28:44::SCWMssOS::Sw design exists and opened at  C:/Users/gusta/OneDrive/Documents/universidad/4to/1r/SEP/Proyectos/pr2/SEPmonG3/SEPmonG3/zynq_fsbl/zynq_fsbl_bsp/system.mss
TRACE::2024-07-06.13:28:44::SCWMssOS:: library already available in sw design:  xilffs:4.3
TRACE::2024-07-06.13:28:44::SCWPlatform::Trying to open the hw design at C:/Users/gusta/OneDrive/Documents/universidad/4to/1r/SEP/Proyectos/pr2/SEPmonG3/SEPmonG3/hw/SEPmon.xsa
TRACE::2024-07-06.13:28:44::SCWPlatform::DSA given C:/Users/gusta/OneDrive/Documents/universidad/4to/1r/SEP/Proyectos/pr2/SEPmonG3/SEPmonG3/hw/SEPmon.xsa
TRACE::2024-07-06.13:28:44::SCWPlatform::DSA absoulate path C:/Users/gusta/OneDrive/Documents/universidad/4to/1r/SEP/Proyectos/pr2/SEPmonG3/SEPmonG3/hw/SEPmon.xsa
TRACE::2024-07-06.13:28:44::SCWPlatform::DSA directory C:/Users/gusta/OneDrive/Documents/universidad/4to/1r/SEP/Proyectos/pr2/SEPmonG3/SEPmonG3/hw
TRACE::2024-07-06.13:28:44::SCWPlatform:: Platform Path C:/Users/gusta/OneDrive/Documents/universidad/4to/1r/SEP/Proyectos/pr2/SEPmonG3/SEPmonG3/hw/SEPmon.xsa
TRACE::2024-07-06.13:28:44::SCWPlatform:: Unique name xilinx:zybo-z7-10::0.0
TRACE::2024-07-06.13:28:44::SCWPlatform::Trying to set the existing hwdb with name DEMO_wrapper
TRACE::2024-07-06.13:28:44::SCWPlatform::Opened existing hwdb DEMO_wrapper
TRACE::2024-07-06.13:28:44::SCWPlatform::Found the Hw Db part of the input DSA
TRACE::2024-07-06.13:28:44::SCWMssOS::Checking the sw design at  C:/Users/gusta/OneDrive/Documents/universidad/4to/1r/SEP/Proyectos/pr2/SEPmonG3/SEPmonG3/zynq_fsbl/zynq_fsbl_bsp/system.mss
TRACE::2024-07-06.13:28:44::SCWMssOS::DEBUG:  swdes dump  C:/Users/gusta/OneDrive/Documents/universidad/4to/1r/SEP/Proyectos/pr2/SEPmonG3/SEPmonG3/zynq_fsbl/zynq_fsbl_bsp/system.mss|system||

TRACE::2024-07-06.13:28:44::SCWMssOS::Sw design exists and opened at  C:/Users/gusta/OneDrive/Documents/universidad/4to/1r/SEP/Proyectos/pr2/SEPmonG3/SEPmonG3/zynq_fsbl/zynq_fsbl_bsp/system.mss
TRACE::2024-07-06.13:28:44::SCWMssOS:: library already available in sw design:  xilrsa:1.6
TRACE::2024-07-06.13:28:44::SCWMssOS::Saving the mss changes C:/Users/gusta/OneDrive/Documents/universidad/4to/1r/SEP/Proyectos/pr2/SEPmonG3/SEPmonG3/zynq_fsbl/zynq_fsbl_bsp/system.mss
TRACE::2024-07-06.13:28:44::SCWMssOS::Found a swdesign opened with the mssfile.
TRACE::2024-07-06.13:28:44::SCWMssOS::Completed writemss as part of save.
TRACE::2024-07-06.13:28:44::SCWMssOS::Commit changes completed.
TRACE::2024-07-06.13:28:44::SCWReader::Adding prebuilt librarypaths as   
TRACE::2024-07-06.13:28:44::SCWReader::Adding prebuilt incpaths  as   
TRACE::2024-07-06.13:28:44::SCWPlatform::Trying to open the hw design at C:/Users/gusta/OneDrive/Documents/universidad/4to/1r/SEP/Proyectos/pr2/SEPmonG3/SEPmonG3/hw/SEPmon.xsa
TRACE::2024-07-06.13:28:44::SCWPlatform::DSA given C:/Users/gusta/OneDrive/Documents/universidad/4to/1r/SEP/Proyectos/pr2/SEPmonG3/SEPmonG3/hw/SEPmon.xsa
TRACE::2024-07-06.13:28:44::SCWPlatform::DSA absoulate path C:/Users/gusta/OneDrive/Documents/universidad/4to/1r/SEP/Proyectos/pr2/SEPmonG3/SEPmonG3/hw/SEPmon.xsa
TRACE::2024-07-06.13:28:44::SCWPlatform::DSA directory C:/Users/gusta/OneDrive/Documents/universidad/4to/1r/SEP/Proyectos/pr2/SEPmonG3/SEPmonG3/hw
TRACE::2024-07-06.13:28:44::SCWPlatform:: Platform Path C:/Users/gusta/OneDrive/Documents/universidad/4to/1r/SEP/Proyectos/pr2/SEPmonG3/SEPmonG3/hw/SEPmon.xsa
TRACE::2024-07-06.13:28:44::SCWPlatform:: Unique name xilinx:zybo-z7-10::0.0
TRACE::2024-07-06.13:28:44::SCWPlatform::Trying to set the existing hwdb with name DEMO_wrapper
TRACE::2024-07-06.13:28:44::SCWPlatform::Opened existing hwdb DEMO_wrapper
TRACE::2024-07-06.13:28:44::SCWPlatform::Found the Hw Db part of the input DSA
TRACE::2024-07-06.13:28:44::SCWMssOS::Checking the sw design at  C:/Users/gusta/OneDrive/Documents/universidad/4to/1r/SEP/Proyectos/pr2/SEPmonG3/SEPmonG3/zynq_fsbl/zynq_fsbl_bsp/system.mss
TRACE::2024-07-06.13:28:44::SCWMssOS::DEBUG:  swdes dump  C:/Users/gusta/OneDrive/Documents/universidad/4to/1r/SEP/Proyectos/pr2/SEPmonG3/SEPmonG3/zynq_fsbl/zynq_fsbl_bsp/system.mss|system||

TRACE::2024-07-06.13:28:44::SCWMssOS::Sw design exists and opened at  C:/Users/gusta/OneDrive/Documents/universidad/4to/1r/SEP/Proyectos/pr2/SEPmonG3/SEPmonG3/zynq_fsbl/zynq_fsbl_bsp/system.mss
TRACE::2024-07-06.13:28:44::SCWReader::No isolation master present  
TRACE::2024-07-06.13:28:44::SCWDomain::checking for install qemu data   : 
TRACE::2024-07-06.13:28:44::SCWDomain:: Using the QEMU Data from install at  : C:/Xilinx/Vitis/2020.1/data/emulation/platforms/zynq/qemu/
TRACE::2024-07-06.13:28:44::SCWDomain:: Using the QEMU args  from install at  : C:/Xilinx/Vitis/2020.1/data/emulation/platforms/zynq/qemu/qemu_args.txt
TRACE::2024-07-06.13:28:44::SCWPlatform::Trying to open the hw design at C:/Users/gusta/OneDrive/Documents/universidad/4to/1r/SEP/Proyectos/pr2/SEPmonG3/SEPmonG3/hw/SEPmon.xsa
TRACE::2024-07-06.13:28:44::SCWPlatform::DSA given C:/Users/gusta/OneDrive/Documents/universidad/4to/1r/SEP/Proyectos/pr2/SEPmonG3/SEPmonG3/hw/SEPmon.xsa
TRACE::2024-07-06.13:28:44::SCWPlatform::DSA absoulate path C:/Users/gusta/OneDrive/Documents/universidad/4to/1r/SEP/Proyectos/pr2/SEPmonG3/SEPmonG3/hw/SEPmon.xsa
TRACE::2024-07-06.13:28:44::SCWPlatform::DSA directory C:/Users/gusta/OneDrive/Documents/universidad/4to/1r/SEP/Proyectos/pr2/SEPmonG3/SEPmonG3/hw
TRACE::2024-07-06.13:28:44::SCWPlatform:: Platform Path C:/Users/gusta/OneDrive/Documents/universidad/4to/1r/SEP/Proyectos/pr2/SEPmonG3/SEPmonG3/hw/SEPmon.xsa
TRACE::2024-07-06.13:28:44::SCWPlatform:: Unique name xilinx:zybo-z7-10::0.0
TRACE::2024-07-06.13:28:44::SCWPlatform::Trying to set the existing hwdb with name DEMO_wrapper
TRACE::2024-07-06.13:28:44::SCWPlatform::Opened existing hwdb DEMO_wrapper
TRACE::2024-07-06.13:28:44::SCWPlatform::Found the Hw Db part of the input DSA
TRACE::2024-07-06.13:28:44::SCWPlatform::Trying to open the hw design at C:/Users/gusta/OneDrive/Documents/universidad/4to/1r/SEP/Proyectos/pr2/SEPmonG3/SEPmonG3/hw/SEPmon.xsa
TRACE::2024-07-06.13:28:44::SCWPlatform::DSA given C:/Users/gusta/OneDrive/Documents/universidad/4to/1r/SEP/Proyectos/pr2/SEPmonG3/SEPmonG3/hw/SEPmon.xsa
TRACE::2024-07-06.13:28:44::SCWPlatform::DSA absoulate path C:/Users/gusta/OneDrive/Documents/universidad/4to/1r/SEP/Proyectos/pr2/SEPmonG3/SEPmonG3/hw/SEPmon.xsa
TRACE::2024-07-06.13:28:44::SCWPlatform::DSA directory C:/Users/gusta/OneDrive/Documents/universidad/4to/1r/SEP/Proyectos/pr2/SEPmonG3/SEPmonG3/hw
TRACE::2024-07-06.13:28:44::SCWPlatform:: Platform Path C:/Users/gusta/OneDrive/Documents/universidad/4to/1r/SEP/Proyectos/pr2/SEPmonG3/SEPmonG3/hw/SEPmon.xsa
TRACE::2024-07-06.13:28:44::SCWPlatform:: Unique name xilinx:zybo-z7-10::0.0
TRACE::2024-07-06.13:28:44::SCWPlatform::Trying to set the existing hwdb with name DEMO_wrapper
TRACE::2024-07-06.13:28:44::SCWPlatform::Opened existing hwdb DEMO_wrapper
TRACE::2024-07-06.13:28:44::SCWPlatform::Found the Hw Db part of the input DSA
TRACE::2024-07-06.13:28:44::SCWPlatform::Trying to open the hw design at C:/Users/gusta/OneDrive/Documents/universidad/4to/1r/SEP/Proyectos/pr2/SEPmonG3/SEPmonG3/hw/SEPmon.xsa
TRACE::2024-07-06.13:28:44::SCWPlatform::DSA given C:/Users/gusta/OneDrive/Documents/universidad/4to/1r/SEP/Proyectos/pr2/SEPmonG3/SEPmonG3/hw/SEPmon.xsa
TRACE::2024-07-06.13:28:44::SCWPlatform::DSA absoulate path C:/Users/gusta/OneDrive/Documents/universidad/4to/1r/SEP/Proyectos/pr2/SEPmonG3/SEPmonG3/hw/SEPmon.xsa
TRACE::2024-07-06.13:28:44::SCWPlatform::DSA directory C:/Users/gusta/OneDrive/Documents/universidad/4to/1r/SEP/Proyectos/pr2/SEPmonG3/SEPmonG3/hw
TRACE::2024-07-06.13:28:44::SCWPlatform:: Platform Path C:/Users/gusta/OneDrive/Documents/universidad/4to/1r/SEP/Proyectos/pr2/SEPmonG3/SEPmonG3/hw/SEPmon.xsa
TRACE::2024-07-06.13:28:44::SCWPlatform:: Unique name xilinx:zybo-z7-10::0.0
TRACE::2024-07-06.13:28:44::SCWPlatform::Trying to set the existing hwdb with name DEMO_wrapper
TRACE::2024-07-06.13:28:44::SCWPlatform::Opened existing hwdb DEMO_wrapper
TRACE::2024-07-06.13:28:44::SCWPlatform::Found the Hw Db part of the input DSA
TRACE::2024-07-06.13:28:44::SCWMssOS::Checking the sw design at  C:/Users/gusta/OneDrive/Documents/universidad/4to/1r/SEP/Proyectos/pr2/SEPmonG3/SEPmonG3/ps7_cortexa9_0/standalone_domain/bsp/system.mss
TRACE::2024-07-06.13:28:44::SCWMssOS::DEBUG:  swdes dump  C:/Users/gusta/OneDrive/Documents/universidad/4to/1r/SEP/Proyectos/pr2/SEPmonG3/SEPmonG3/zynq_fsbl/zynq_fsbl_bsp/system.mss|system||

TRACE::2024-07-06.13:28:44::SCWMssOS::No sw design opened at  C:/Users/gusta/OneDrive/Documents/universidad/4to/1r/SEP/Proyectos/pr2/SEPmonG3/SEPmonG3/ps7_cortexa9_0/standalone_domain/bsp/system.mss
TRACE::2024-07-06.13:28:44::SCWMssOS::mss exists loading the mss file  C:/Users/gusta/OneDrive/Documents/universidad/4to/1r/SEP/Proyectos/pr2/SEPmonG3/SEPmonG3/ps7_cortexa9_0/standalone_domain/bsp/system.mss
TRACE::2024-07-06.13:28:44::SCWMssOS::Opened the sw design from mss  C:/Users/gusta/OneDrive/Documents/universidad/4to/1r/SEP/Proyectos/pr2/SEPmonG3/SEPmonG3/ps7_cortexa9_0/standalone_domain/bsp/system.mss
TRACE::2024-07-06.13:28:44::SCWMssOS::Adding the swdes entry C:/Users/gusta/OneDrive/Documents/universidad/4to/1r/SEP/Proyectos/pr2/SEPmonG3/SEPmonG3/ps7_cortexa9_0/standalone_domain/bsp/system.mss with des name system_0
TRACE::2024-07-06.13:28:44::SCWMssOS::updating the scw layer about changes
TRACE::2024-07-06.13:28:44::SCWMssOS::Opened the sw design.  C:/Users/gusta/OneDrive/Documents/universidad/4to/1r/SEP/Proyectos/pr2/SEPmonG3/SEPmonG3/ps7_cortexa9_0/standalone_domain/bsp/system.mss
TRACE::2024-07-06.13:28:44::SCWMssOS::Saving the mss changes C:/Users/gusta/OneDrive/Documents/universidad/4to/1r/SEP/Proyectos/pr2/SEPmonG3/SEPmonG3/ps7_cortexa9_0/standalone_domain/bsp/system.mss
TRACE::2024-07-06.13:28:44::SCWMssOS::Found a swdesign opened with the mssfile.
TRACE::2024-07-06.13:28:44::SCWMssOS::Completed writemss as part of save.
TRACE::2024-07-06.13:28:44::SCWMssOS::Commit changes completed.
TRACE::2024-07-06.13:28:44::SCWReader::Adding prebuilt librarypaths as   
TRACE::2024-07-06.13:28:44::SCWReader::Adding prebuilt incpaths  as   
TRACE::2024-07-06.13:28:44::SCWPlatform::Trying to open the hw design at C:/Users/gusta/OneDrive/Documents/universidad/4to/1r/SEP/Proyectos/pr2/SEPmonG3/SEPmonG3/hw/SEPmon.xsa
TRACE::2024-07-06.13:28:44::SCWPlatform::DSA given C:/Users/gusta/OneDrive/Documents/universidad/4to/1r/SEP/Proyectos/pr2/SEPmonG3/SEPmonG3/hw/SEPmon.xsa
TRACE::2024-07-06.13:28:44::SCWPlatform::DSA absoulate path C:/Users/gusta/OneDrive/Documents/universidad/4to/1r/SEP/Proyectos/pr2/SEPmonG3/SEPmonG3/hw/SEPmon.xsa
TRACE::2024-07-06.13:28:44::SCWPlatform::DSA directory C:/Users/gusta/OneDrive/Documents/universidad/4to/1r/SEP/Proyectos/pr2/SEPmonG3/SEPmonG3/hw
TRACE::2024-07-06.13:28:44::SCWPlatform:: Platform Path C:/Users/gusta/OneDrive/Documents/universidad/4to/1r/SEP/Proyectos/pr2/SEPmonG3/SEPmonG3/hw/SEPmon.xsa
TRACE::2024-07-06.13:28:44::SCWPlatform:: Unique name xilinx:zybo-z7-10::0.0
TRACE::2024-07-06.13:28:44::SCWPlatform::Trying to set the existing hwdb with name DEMO_wrapper
TRACE::2024-07-06.13:28:44::SCWPlatform::Opened existing hwdb DEMO_wrapper
TRACE::2024-07-06.13:28:44::SCWPlatform::Found the Hw Db part of the input DSA
TRACE::2024-07-06.13:28:44::SCWMssOS::Checking the sw design at  C:/Users/gusta/OneDrive/Documents/universidad/4to/1r/SEP/Proyectos/pr2/SEPmonG3/SEPmonG3/ps7_cortexa9_0/standalone_domain/bsp/system.mss
TRACE::2024-07-06.13:28:44::SCWMssOS::DEBUG:  swdes dump  C:/Users/gusta/OneDrive/Documents/universidad/4to/1r/SEP/Proyectos/pr2/SEPmonG3/SEPmonG3/ps7_cortexa9_0/standalone_domain/bsp/system.mss|system_0||
C:/Users/gusta/OneDrive/Documents/universidad/4to/1r/SEP/Proyectos/pr2/SEPmonG3/SEPmonG3/zynq_fsbl/zynq_fsbl_bsp/system.mss|system||

TRACE::2024-07-06.13:28:44::SCWMssOS::Sw design exists and opened at  C:/Users/gusta/OneDrive/Documents/universidad/4to/1r/SEP/Proyectos/pr2/SEPmonG3/SEPmonG3/ps7_cortexa9_0/standalone_domain/bsp/system.mss
TRACE::2024-07-06.13:28:44::SCWReader::No isolation master present  
LOG::2024-07-06.13:28:44::SCWPlatform::Started generating the artifacts platform SEPmonG3
TRACE::2024-07-06.13:28:44::SCWPlatform::Sanity checking of platform is completed
LOG::2024-07-06.13:28:44::SCWPlatform::Started generating the artifacts for system configuration SEPmonG3
LOG::2024-07-06.13:28:44::SCWSystem::Checking the domain zynq_fsbl
LOG::2024-07-06.13:28:44::SCWSystem::Doing application build for :  zynq_fsbl
TRACE::2024-07-06.13:28:44::SCWBDomain::Not a forced makefile updation, No changes are present. 
TRACE::2024-07-06.13:28:44::SCWDomain::Building the domain as part of full build :  zynq_fsbl
TRACE::2024-07-06.13:28:44::SCWPlatform::Trying to open the hw design at C:/Users/gusta/OneDrive/Documents/universidad/4to/1r/SEP/Proyectos/pr2/SEPmonG3/SEPmonG3/hw/SEPmon.xsa
TRACE::2024-07-06.13:28:44::SCWPlatform::DSA given C:/Users/gusta/OneDrive/Documents/universidad/4to/1r/SEP/Proyectos/pr2/SEPmonG3/SEPmonG3/hw/SEPmon.xsa
TRACE::2024-07-06.13:28:44::SCWPlatform::DSA absoulate path C:/Users/gusta/OneDrive/Documents/universidad/4to/1r/SEP/Proyectos/pr2/SEPmonG3/SEPmonG3/hw/SEPmon.xsa
TRACE::2024-07-06.13:28:44::SCWPlatform::DSA directory C:/Users/gusta/OneDrive/Documents/universidad/4to/1r/SEP/Proyectos/pr2/SEPmonG3/SEPmonG3/hw
TRACE::2024-07-06.13:28:44::SCWPlatform:: Platform Path C:/Users/gusta/OneDrive/Documents/universidad/4to/1r/SEP/Proyectos/pr2/SEPmonG3/SEPmonG3/hw/SEPmon.xsa
TRACE::2024-07-06.13:28:44::SCWPlatform:: Unique name xilinx:zybo-z7-10::0.0
TRACE::2024-07-06.13:28:44::SCWPlatform::Trying to set the existing hwdb with name DEMO_wrapper
TRACE::2024-07-06.13:28:44::SCWPlatform::Opened existing hwdb DEMO_wrapper
TRACE::2024-07-06.13:28:44::SCWPlatform::Found the Hw Db part of the input DSA
TRACE::2024-07-06.13:28:44::SCWMssOS::Checking the sw design at  C:/Users/gusta/OneDrive/Documents/universidad/4to/1r/SEP/Proyectos/pr2/SEPmonG3/SEPmonG3/zynq_fsbl/zynq_fsbl_bsp/system.mss
TRACE::2024-07-06.13:28:44::SCWMssOS::DEBUG:  swdes dump  C:/Users/gusta/OneDrive/Documents/universidad/4to/1r/SEP/Proyectos/pr2/SEPmonG3/SEPmonG3/ps7_cortexa9_0/standalone_domain/bsp/system.mss|system_0||
C:/Users/gusta/OneDrive/Documents/universidad/4to/1r/SEP/Proyectos/pr2/SEPmonG3/SEPmonG3/zynq_fsbl/zynq_fsbl_bsp/system.mss|system||

TRACE::2024-07-06.13:28:44::SCWMssOS::Sw design exists and opened at  C:/Users/gusta/OneDrive/Documents/universidad/4to/1r/SEP/Proyectos/pr2/SEPmonG3/SEPmonG3/zynq_fsbl/zynq_fsbl_bsp/system.mss
TRACE::2024-07-06.13:28:44::SCWBDomain::Completed writing the mss file at C:/Users/gusta/OneDrive/Documents/universidad/4to/1r/SEP/Proyectos/pr2/SEPmonG3/SEPmonG3/zynq_fsbl/zynq_fsbl_bsp
TRACE::2024-07-06.13:28:44::SCWBDomain::bsp generated is upto date with the mss file. Skipping bsp generation.
TRACE::2024-07-06.13:28:44::SCWBDomain::Not a forced makefile updation, No changes are present. 
TRACE::2024-07-06.13:28:44::SCWBDomain::System Command Ran  C:&  cd  C:/Users/gusta/OneDrive/Documents/universidad/4to/1r/SEP/Proyectos/pr2/SEPmonG3/SEPmonG3/zynq_fsbl & make 
TRACE::2024-07-06.13:28:45::SCWBDomain::make: Nothing to be done for 'all'.

LOG::2024-07-06.13:28:45::SCWSystem::Checking the domain standalone_domain
LOG::2024-07-06.13:28:45::SCWSystem::Not a boot domain 
LOG::2024-07-06.13:28:45::SCWSystem::Started Processing the domain standalone_domain
TRACE::2024-07-06.13:28:45::SCWDomain::Generating domain artifcats
TRACE::2024-07-06.13:28:45::SCWMssOS::Generating standalone artifcats
TRACE::2024-07-06.13:28:45::SCWMssOS::Copying the qemu file from  C:/Xilinx/Vitis/2020.1/data/emulation/platforms/zynq/qemu/qemu_args.txt To C:/Users/gusta/OneDrive/Documents/universidad/4to/1r/SEP/Proyectos/pr2/SEPmonG3/SEPmonG3/export/SEPmonG3/sw/SEPmonG3/qemu/
TRACE::2024-07-06.13:28:45::SCWMssOS::Copying the qemu file from  C:/Xilinx/Vitis/2020.1/data/emulation/platforms/zynq/qemu/qemu_args.txt To C:/Users/gusta/OneDrive/Documents/universidad/4to/1r/SEP/Proyectos/pr2/SEPmonG3/SEPmonG3/export/SEPmonG3/sw/SEPmonG3/standalone_domain/qemu/
TRACE::2024-07-06.13:28:45::SCWMssOS:: Copying the user libraries. 
TRACE::2024-07-06.13:28:45::SCWPlatform::Trying to open the hw design at C:/Users/gusta/OneDrive/Documents/universidad/4to/1r/SEP/Proyectos/pr2/SEPmonG3/SEPmonG3/hw/SEPmon.xsa
TRACE::2024-07-06.13:28:45::SCWPlatform::DSA given C:/Users/gusta/OneDrive/Documents/universidad/4to/1r/SEP/Proyectos/pr2/SEPmonG3/SEPmonG3/hw/SEPmon.xsa
TRACE::2024-07-06.13:28:45::SCWPlatform::DSA absoulate path C:/Users/gusta/OneDrive/Documents/universidad/4to/1r/SEP/Proyectos/pr2/SEPmonG3/SEPmonG3/hw/SEPmon.xsa
TRACE::2024-07-06.13:28:45::SCWPlatform::DSA directory C:/Users/gusta/OneDrive/Documents/universidad/4to/1r/SEP/Proyectos/pr2/SEPmonG3/SEPmonG3/hw
TRACE::2024-07-06.13:28:45::SCWPlatform:: Platform Path C:/Users/gusta/OneDrive/Documents/universidad/4to/1r/SEP/Proyectos/pr2/SEPmonG3/SEPmonG3/hw/SEPmon.xsa
TRACE::2024-07-06.13:28:45::SCWPlatform:: Unique name xilinx:zybo-z7-10::0.0
TRACE::2024-07-06.13:28:45::SCWPlatform::Trying to set the existing hwdb with name DEMO_wrapper
TRACE::2024-07-06.13:28:45::SCWPlatform::Opened existing hwdb DEMO_wrapper
TRACE::2024-07-06.13:28:45::SCWPlatform::Found the Hw Db part of the input DSA
TRACE::2024-07-06.13:28:45::SCWMssOS::Checking the sw design at  C:/Users/gusta/OneDrive/Documents/universidad/4to/1r/SEP/Proyectos/pr2/SEPmonG3/SEPmonG3/ps7_cortexa9_0/standalone_domain/bsp/system.mss
TRACE::2024-07-06.13:28:45::SCWMssOS::DEBUG:  swdes dump  C:/Users/gusta/OneDrive/Documents/universidad/4to/1r/SEP/Proyectos/pr2/SEPmonG3/SEPmonG3/ps7_cortexa9_0/standalone_domain/bsp/system.mss|system_0||
C:/Users/gusta/OneDrive/Documents/universidad/4to/1r/SEP/Proyectos/pr2/SEPmonG3/SEPmonG3/zynq_fsbl/zynq_fsbl_bsp/system.mss|system||

TRACE::2024-07-06.13:28:45::SCWMssOS::Sw design exists and opened at  C:/Users/gusta/OneDrive/Documents/universidad/4to/1r/SEP/Proyectos/pr2/SEPmonG3/SEPmonG3/ps7_cortexa9_0/standalone_domain/bsp/system.mss
TRACE::2024-07-06.13:28:45::SCWMssOS::Completed writing the mss file at C:/Users/gusta/OneDrive/Documents/universidad/4to/1r/SEP/Proyectos/pr2/SEPmonG3/SEPmonG3/ps7_cortexa9_0/standalone_domain/bsp
TRACE::2024-07-06.13:28:45::SCWMssOS::Mss edits present, copying mssfile into export location C:/Users/gusta/OneDrive/Documents/universidad/4to/1r/SEP/Proyectos/pr2/SEPmonG3/SEPmonG3/ps7_cortexa9_0/standalone_domain/bsp/system.mss
TRACE::2024-07-06.13:28:45::SCWMssOS::bsp generated is upto date with the mss file. Skipping bsp generation.
TRACE::2024-07-06.13:28:45::SCWMssOS::BSP is already built. skipping the bsp build ... 
TRACE::2024-07-06.13:28:45::SCWDomain::Building the domain as part of full build :  standalone_domain
TRACE::2024-07-06.13:28:45::SCWMssOS::doing bsp build ... 
TRACE::2024-07-06.13:28:45::SCWMssOS::System Command Ran  C: & cd  C:/Users/gusta/OneDrive/Documents/universidad/4to/1r/SEP/Proyectos/pr2/SEPmonG3/SEPmonG3/ps7_cortexa9_0/standalone_domain/bsp & make 
TRACE::2024-07-06.13:28:45::SCWMssOS::"Running Make include in ps7_cortexa9_0/libsrc/coresightps_dcc_v1_7/src"

TRACE::2024-07-06.13:28:45::SCWMssOS::make -C ps7_cortexa9_0/libsrc/coresightps_dcc_v1_7/src -s include  "SHELL=CMD" "COMPILER=arm-none-eabi-gcc" "ASSEMBLER=arm-none
TRACE::2024-07-06.13:28:45::SCWMssOS::-eabi-as" "ARCHIVER=arm-none-eabi-ar" "COMPILER_FLAGS=  -O2 -c" "EXTRA_COMPILER_FLAGS=-mcpu=cortex-a9 -mfpu=vfpv3 -mfloat-abi=h
TRACE::2024-07-06.13:28:45::SCWMssOS::ard -nostartfiles -g -Wall -Wextra"

TRACE::2024-07-06.13:28:45::SCWMssOS::"Running Make include in ps7_cortexa9_0/libsrc/cpu_cortexa9_v2_9/src"

TRACE::2024-07-06.13:28:45::SCWMssOS::make -C ps7_cortexa9_0/libsrc/cpu_cortexa9_v2_9/src -s include  "SHELL=CMD" "COMPILER=arm-none-eabi-gcc" "ASSEMBLER=arm-none-ea
TRACE::2024-07-06.13:28:45::SCWMssOS::bi-as" "ARCHIVER=arm-none-eabi-ar" "COMPILER_FLAGS=  -O2 -c" "EXTRA_COMPILER_FLAGS=-mcpu=cortex-a9 -mfpu=vfpv3 -mfloat-abi=hard
TRACE::2024-07-06.13:28:45::SCWMssOS:: -nostartfiles -g -Wall -Wextra"

TRACE::2024-07-06.13:28:45::SCWMssOS::"Running Make include in ps7_cortexa9_0/libsrc/ddrps_v1_1/src"

TRACE::2024-07-06.13:28:45::SCWMssOS::make -C ps7_cortexa9_0/libsrc/ddrps_v1_1/src -s include  "SHELL=CMD" "COMPILER=arm-none-eabi-gcc" "ASSEMBLER=arm-none-eabi-as" 
TRACE::2024-07-06.13:28:45::SCWMssOS::"ARCHIVER=arm-none-eabi-ar" "COMPILER_FLAGS=  -O2 -c" "EXTRA_COMPILER_FLAGS=-mcpu=cortex-a9 -mfpu=vfpv3 -mfloat-abi=hard -nosta
TRACE::2024-07-06.13:28:45::SCWMssOS::rtfiles -g -Wall -Wextra"

TRACE::2024-07-06.13:28:45::SCWMssOS::"Running Make include in ps7_cortexa9_0/libsrc/devcfg_v3_6/src"

TRACE::2024-07-06.13:28:45::SCWMssOS::make -C ps7_cortexa9_0/libsrc/devcfg_v3_6/src -s include  "SHELL=CMD" "COMPILER=arm-none-eabi-gcc" "ASSEMBLER=arm-none-eabi-as"
TRACE::2024-07-06.13:28:45::SCWMssOS:: "ARCHIVER=arm-none-eabi-ar" "COMPILER_FLAGS=  -O2 -c" "EXTRA_COMPILER_FLAGS=-mcpu=cortex-a9 -mfpu=vfpv3 -mfloat-abi=hard -nost
TRACE::2024-07-06.13:28:45::SCWMssOS::artfiles -g -Wall -Wextra"

TRACE::2024-07-06.13:28:45::SCWMssOS::"Running Make include in ps7_cortexa9_0/libsrc/dmaps_v2_6/src"

TRACE::2024-07-06.13:28:46::SCWMssOS::make -C ps7_cortexa9_0/libsrc/dmaps_v2_6/src -s include  "SHELL=CMD" "COMPILER=arm-none-eabi-gcc" "ASSEMBLER=arm-none-eabi-as" 
TRACE::2024-07-06.13:28:46::SCWMssOS::"ARCHIVER=arm-none-eabi-ar" "COMPILER_FLAGS=  -O2 -c" "EXTRA_COMPILER_FLAGS=-mcpu=cortex-a9 -mfpu=vfpv3 -mfloat-abi=hard -nosta
TRACE::2024-07-06.13:28:46::SCWMssOS::rtfiles -g -Wall -Wextra"

TRACE::2024-07-06.13:28:46::SCWMssOS::"Running Make include in ps7_cortexa9_0/libsrc/emacps_v3_11/src"

TRACE::2024-07-06.13:28:46::SCWMssOS::make -C ps7_cortexa9_0/libsrc/emacps_v3_11/src -s include  "SHELL=CMD" "COMPILER=arm-none-eabi-gcc" "ASSEMBLER=arm-none-eabi-as
TRACE::2024-07-06.13:28:46::SCWMssOS::" "ARCHIVER=arm-none-eabi-ar" "COMPILER_FLAGS=  -O2 -c" "EXTRA_COMPILER_FLAGS=-mcpu=cortex-a9 -mfpu=vfpv3 -mfloat-abi=hard -nos
TRACE::2024-07-06.13:28:46::SCWMssOS::tartfiles -g -Wall -Wextra"

TRACE::2024-07-06.13:28:46::SCWMssOS::"Running Make include in ps7_cortexa9_0/libsrc/gpiops_v3_7/src"

TRACE::2024-07-06.13:28:46::SCWMssOS::make -C ps7_cortexa9_0/libsrc/gpiops_v3_7/src -s include  "SHELL=CMD" "COMPILER=arm-none-eabi-gcc" "ASSEMBLER=arm-none-eabi-as"
TRACE::2024-07-06.13:28:46::SCWMssOS:: "ARCHIVER=arm-none-eabi-ar" "COMPILER_FLAGS=  -O2 -c" "EXTRA_COMPILER_FLAGS=-mcpu=cortex-a9 -mfpu=vfpv3 -mfloat-abi=hard -nost
TRACE::2024-07-06.13:28:46::SCWMssOS::artfiles -g -Wall -Wextra"

TRACE::2024-07-06.13:28:46::SCWMssOS::"Running Make include in ps7_cortexa9_0/libsrc/gpio_v4_6/src"

TRACE::2024-07-06.13:28:46::SCWMssOS::make -C ps7_cortexa9_0/libsrc/gpio_v4_6/src -s include  "SHELL=CMD" "COMPILER=arm-none-eabi-gcc" "ASSEMBLER=arm-none-eabi-as" "
TRACE::2024-07-06.13:28:46::SCWMssOS::ARCHIVER=arm-none-eabi-ar" "COMPILER_FLAGS=  -O2 -c" "EXTRA_COMPILER_FLAGS=-mcpu=cortex-a9 -mfpu=vfpv3 -mfloat-abi=hard -nostar
TRACE::2024-07-06.13:28:46::SCWMssOS::tfiles -g -Wall -Wextra"

TRACE::2024-07-06.13:28:46::SCWMssOS::"Running Make include in ps7_cortexa9_0/libsrc/iic_v3_6/src"

TRACE::2024-07-06.13:28:46::SCWMssOS::make -C ps7_cortexa9_0/libsrc/iic_v3_6/src -s include  "SHELL=CMD" "COMPILER=arm-none-eabi-gcc" "ASSEMBLER=arm-none-eabi-as" "A
TRACE::2024-07-06.13:28:46::SCWMssOS::RCHIVER=arm-none-eabi-ar" "COMPILER_FLAGS=  -O2 -c" "EXTRA_COMPILER_FLAGS=-mcpu=cortex-a9 -mfpu=vfpv3 -mfloat-abi=hard -nostart
TRACE::2024-07-06.13:28:46::SCWMssOS::files -g -Wall -Wextra"

TRACE::2024-07-06.13:28:46::SCWMssOS::"Running Make include in ps7_cortexa9_0/libsrc/qspips_v3_7/src"

TRACE::2024-07-06.13:28:46::SCWMssOS::make -C ps7_cortexa9_0/libsrc/qspips_v3_7/src -s include  "SHELL=CMD" "COMPILER=arm-none-eabi-gcc" "ASSEMBLER=arm-none-eabi-as"
TRACE::2024-07-06.13:28:46::SCWMssOS:: "ARCHIVER=arm-none-eabi-ar" "COMPILER_FLAGS=  -O2 -c" "EXTRA_COMPILER_FLAGS=-mcpu=cortex-a9 -mfpu=vfpv3 -mfloat-abi=hard -nost
TRACE::2024-07-06.13:28:46::SCWMssOS::artfiles -g -Wall -Wextra"

TRACE::2024-07-06.13:28:46::SCWMssOS::"Running Make include in ps7_cortexa9_0/libsrc/scugic_v4_2/src"

TRACE::2024-07-06.13:28:46::SCWMssOS::make -C ps7_cortexa9_0/libsrc/scugic_v4_2/src -s include  "SHELL=CMD" "COMPILER=arm-none-eabi-gcc" "ASSEMBLER=arm-none-eabi-as"
TRACE::2024-07-06.13:28:46::SCWMssOS:: "ARCHIVER=arm-none-eabi-ar" "COMPILER_FLAGS=  -O2 -c" "EXTRA_COMPILER_FLAGS=-mcpu=cortex-a9 -mfpu=vfpv3 -mfloat-abi=hard -nost
TRACE::2024-07-06.13:28:46::SCWMssOS::artfiles -g -Wall -Wextra"

TRACE::2024-07-06.13:28:47::SCWMssOS::"Running Make include in ps7_cortexa9_0/libsrc/scutimer_v2_2/src"

TRACE::2024-07-06.13:28:47::SCWMssOS::make -C ps7_cortexa9_0/libsrc/scutimer_v2_2/src -s include  "SHELL=CMD" "COMPILER=arm-none-eabi-gcc" "ASSEMBLER=arm-none-eabi-a
TRACE::2024-07-06.13:28:47::SCWMssOS::s" "ARCHIVER=arm-none-eabi-ar" "COMPILER_FLAGS=  -O2 -c" "EXTRA_COMPILER_FLAGS=-mcpu=cortex-a9 -mfpu=vfpv3 -mfloat-abi=hard -no
TRACE::2024-07-06.13:28:47::SCWMssOS::startfiles -g -Wall -Wextra"

TRACE::2024-07-06.13:28:47::SCWMssOS::"Running Make include in ps7_cortexa9_0/libsrc/scuwdt_v2_2/src"

TRACE::2024-07-06.13:28:47::SCWMssOS::make -C ps7_cortexa9_0/libsrc/scuwdt_v2_2/src -s include  "SHELL=CMD" "COMPILER=arm-none-eabi-gcc" "ASSEMBLER=arm-none-eabi-as"
TRACE::2024-07-06.13:28:47::SCWMssOS:: "ARCHIVER=arm-none-eabi-ar" "COMPILER_FLAGS=  -O2 -c" "EXTRA_COMPILER_FLAGS=-mcpu=cortex-a9 -mfpu=vfpv3 -mfloat-abi=hard -nost
TRACE::2024-07-06.13:28:47::SCWMssOS::artfiles -g -Wall -Wextra"

TRACE::2024-07-06.13:28:47::SCWMssOS::"Running Make include in ps7_cortexa9_0/libsrc/sdps_v3_9/src"

TRACE::2024-07-06.13:28:47::SCWMssOS::make -C ps7_cortexa9_0/libsrc/sdps_v3_9/src -s include  "SHELL=CMD" "COMPILER=arm-none-eabi-gcc" "ASSEMBLER=arm-none-eabi-as" "
TRACE::2024-07-06.13:28:47::SCWMssOS::ARCHIVER=arm-none-eabi-ar" "COMPILER_FLAGS=  -O2 -c" "EXTRA_COMPILER_FLAGS=-mcpu=cortex-a9 -mfpu=vfpv3 -mfloat-abi=hard -nostar
TRACE::2024-07-06.13:28:47::SCWMssOS::tfiles -g -Wall -Wextra"

TRACE::2024-07-06.13:28:47::SCWMssOS::"Running Make include in ps7_cortexa9_0/libsrc/spi_v4_6/src"

TRACE::2024-07-06.13:28:47::SCWMssOS::make -C ps7_cortexa9_0/libsrc/spi_v4_6/src -s include  "SHELL=CMD" "COMPILER=arm-none-eabi-gcc" "ASSEMBLER=arm-none-eabi-as" "A
TRACE::2024-07-06.13:28:47::SCWMssOS::RCHIVER=arm-none-eabi-ar" "COMPILER_FLAGS=  -O2 -c" "EXTRA_COMPILER_FLAGS=-mcpu=cortex-a9 -mfpu=vfpv3 -mfloat-abi=hard -nostart
TRACE::2024-07-06.13:28:47::SCWMssOS::files -g -Wall -Wextra"

TRACE::2024-07-06.13:28:47::SCWMssOS::"Running Make include in ps7_cortexa9_0/libsrc/standalone_v7_2/src"

TRACE::2024-07-06.13:28:47::SCWMssOS::make -C ps7_cortexa9_0/libsrc/standalone_v7_2/src -s include  "SHELL=CMD" "COMPILER=arm-none-eabi-gcc" "ASSEMBLER=arm-none-eabi
TRACE::2024-07-06.13:28:47::SCWMssOS::-as" "ARCHIVER=arm-none-eabi-ar" "COMPILER_FLAGS=  -O2 -c" "EXTRA_COMPILER_FLAGS=-mcpu=cortex-a9 -mfpu=vfpv3 -mfloat-abi=hard -
TRACE::2024-07-06.13:28:47::SCWMssOS::nostartfiles -g -Wall -Wextra"

TRACE::2024-07-06.13:28:48::SCWMssOS::"Running Make include in ps7_cortexa9_0/libsrc/tmrctr_v4_6/src"

TRACE::2024-07-06.13:28:48::SCWMssOS::make -C ps7_cortexa9_0/libsrc/tmrctr_v4_6/src -s include  "SHELL=CMD" "COMPILER=arm-none-eabi-gcc" "ASSEMBLER=arm-none-eabi-as"
TRACE::2024-07-06.13:28:48::SCWMssOS:: "ARCHIVER=arm-none-eabi-ar" "COMPILER_FLAGS=  -O2 -c" "EXTRA_COMPILER_FLAGS=-mcpu=cortex-a9 -mfpu=vfpv3 -mfloat-abi=hard -nost
TRACE::2024-07-06.13:28:48::SCWMssOS::artfiles -g -Wall -Wextra"

TRACE::2024-07-06.13:28:49::SCWMssOS::"Running Make include in ps7_cortexa9_0/libsrc/uartps_v3_9/src"

TRACE::2024-07-06.13:28:49::SCWMssOS::make -C ps7_cortexa9_0/libsrc/uartps_v3_9/src -s include  "SHELL=CMD" "COMPILER=arm-none-eabi-gcc" "ASSEMBLER=arm-none-eabi-as"
TRACE::2024-07-06.13:28:49::SCWMssOS:: "ARCHIVER=arm-none-eabi-ar" "COMPILER_FLAGS=  -O2 -c" "EXTRA_COMPILER_FLAGS=-mcpu=cortex-a9 -mfpu=vfpv3 -mfloat-abi=hard -nost
TRACE::2024-07-06.13:28:49::SCWMssOS::artfiles -g -Wall -Wextra"

TRACE::2024-07-06.13:28:49::SCWMssOS::"Running Make include in ps7_cortexa9_0/libsrc/usbps_v2_5/src"

TRACE::2024-07-06.13:28:49::SCWMssOS::make -C ps7_cortexa9_0/libsrc/usbps_v2_5/src -s include  "SHELL=CMD" "COMPILER=arm-none-eabi-gcc" "ASSEMBLER=arm-none-eabi-as" 
TRACE::2024-07-06.13:28:49::SCWMssOS::"ARCHIVER=arm-none-eabi-ar" "COMPILER_FLAGS=  -O2 -c" "EXTRA_COMPILER_FLAGS=-mcpu=cortex-a9 -mfpu=vfpv3 -mfloat-abi=hard -nosta
TRACE::2024-07-06.13:28:49::SCWMssOS::rtfiles -g -Wall -Wextra"

TRACE::2024-07-06.13:28:49::SCWMssOS::"Running Make include in ps7_cortexa9_0/libsrc/xadcps_v2_4/src"

TRACE::2024-07-06.13:28:49::SCWMssOS::make -C ps7_cortexa9_0/libsrc/xadcps_v2_4/src -s include  "SHELL=CMD" "COMPILER=arm-none-eabi-gcc" "ASSEMBLER=arm-none-eabi-as"
TRACE::2024-07-06.13:28:49::SCWMssOS:: "ARCHIVER=arm-none-eabi-ar" "COMPILER_FLAGS=  -O2 -c" "EXTRA_COMPILER_FLAGS=-mcpu=cortex-a9 -mfpu=vfpv3 -mfloat-abi=hard -nost
TRACE::2024-07-06.13:28:49::SCWMssOS::artfiles -g -Wall -Wextra"

TRACE::2024-07-06.13:28:49::SCWMssOS::"Running Make libs in ps7_cortexa9_0/libsrc/coresightps_dcc_v1_7/src"

TRACE::2024-07-06.13:28:49::SCWMssOS::make -C ps7_cortexa9_0/libsrc/coresightps_dcc_v1_7/src -s libs  "SHELL=CMD" "COMPILER=arm-none-eabi-gcc" "ASSEMBLER=arm-none-ea
TRACE::2024-07-06.13:28:49::SCWMssOS::bi-as" "ARCHIVER=arm-none-eabi-ar" "COMPILER_FLAGS=  -O2 -c" "EXTRA_COMPILER_FLAGS=-mcpu=cortex-a9 -mfpu=vfpv3 -mfloat-abi=hard
TRACE::2024-07-06.13:28:49::SCWMssOS:: -nostartfiles -g -Wall -Wextra"

TRACE::2024-07-06.13:28:49::SCWMssOS::"Compiling coresightps_dcc"

TRACE::2024-07-06.13:28:51::SCWMssOS::"Running Make libs in ps7_cortexa9_0/libsrc/cpu_cortexa9_v2_9/src"

TRACE::2024-07-06.13:28:51::SCWMssOS::make -C ps7_cortexa9_0/libsrc/cpu_cortexa9_v2_9/src -s libs  "SHELL=CMD" "COMPILER=arm-none-eabi-gcc" "ASSEMBLER=arm-none-eabi-
TRACE::2024-07-06.13:28:51::SCWMssOS::as" "ARCHIVER=arm-none-eabi-ar" "COMPILER_FLAGS=  -O2 -c" "EXTRA_COMPILER_FLAGS=-mcpu=cortex-a9 -mfpu=vfpv3 -mfloat-abi=hard -n
TRACE::2024-07-06.13:28:51::SCWMssOS::ostartfiles -g -Wall -Wextra"

TRACE::2024-07-06.13:28:51::SCWMssOS::"Compiling cpu_cortexa9"

TRACE::2024-07-06.13:28:51::SCWMssOS::"Running Make libs in ps7_cortexa9_0/libsrc/ddrps_v1_1/src"

TRACE::2024-07-06.13:28:51::SCWMssOS::make -C ps7_cortexa9_0/libsrc/ddrps_v1_1/src -s libs  "SHELL=CMD" "COMPILER=arm-none-eabi-gcc" "ASSEMBLER=arm-none-eabi-as" "AR
TRACE::2024-07-06.13:28:51::SCWMssOS::CHIVER=arm-none-eabi-ar" "COMPILER_FLAGS=  -O2 -c" "EXTRA_COMPILER_FLAGS=-mcpu=cortex-a9 -mfpu=vfpv3 -mfloat-abi=hard -nostartf
TRACE::2024-07-06.13:28:51::SCWMssOS::iles -g -Wall -Wextra"

TRACE::2024-07-06.13:28:51::SCWMssOS::"Compiling ddrps"

TRACE::2024-07-06.13:28:51::SCWMssOS::"Running Make libs in ps7_cortexa9_0/libsrc/devcfg_v3_6/src"

TRACE::2024-07-06.13:28:51::SCWMssOS::make -C ps7_cortexa9_0/libsrc/devcfg_v3_6/src -s libs  "SHELL=CMD" "COMPILER=arm-none-eabi-gcc" "ASSEMBLER=arm-none-eabi-as" "A
TRACE::2024-07-06.13:28:51::SCWMssOS::RCHIVER=arm-none-eabi-ar" "COMPILER_FLAGS=  -O2 -c" "EXTRA_COMPILER_FLAGS=-mcpu=cortex-a9 -mfpu=vfpv3 -mfloat-abi=hard -nostart
TRACE::2024-07-06.13:28:51::SCWMssOS::files -g -Wall -Wextra"

TRACE::2024-07-06.13:28:51::SCWMssOS::"Compiling devcfg"

TRACE::2024-07-06.13:28:52::SCWMssOS::"Running Make libs in ps7_cortexa9_0/libsrc/dmaps_v2_6/src"

TRACE::2024-07-06.13:28:52::SCWMssOS::make -C ps7_cortexa9_0/libsrc/dmaps_v2_6/src -s libs  "SHELL=CMD" "COMPILER=arm-none-eabi-gcc" "ASSEMBLER=arm-none-eabi-as" "AR
TRACE::2024-07-06.13:28:52::SCWMssOS::CHIVER=arm-none-eabi-ar" "COMPILER_FLAGS=  -O2 -c" "EXTRA_COMPILER_FLAGS=-mcpu=cortex-a9 -mfpu=vfpv3 -mfloat-abi=hard -nostartf
TRACE::2024-07-06.13:28:52::SCWMssOS::iles -g -Wall -Wextra"

TRACE::2024-07-06.13:28:52::SCWMssOS::"Compiling dmaps"

TRACE::2024-07-06.13:28:53::SCWMssOS::"Running Make libs in ps7_cortexa9_0/libsrc/emacps_v3_11/src"

TRACE::2024-07-06.13:28:53::SCWMssOS::make -C ps7_cortexa9_0/libsrc/emacps_v3_11/src -s libs  "SHELL=CMD" "COMPILER=arm-none-eabi-gcc" "ASSEMBLER=arm-none-eabi-as" "
TRACE::2024-07-06.13:28:53::SCWMssOS::ARCHIVER=arm-none-eabi-ar" "COMPILER_FLAGS=  -O2 -c" "EXTRA_COMPILER_FLAGS=-mcpu=cortex-a9 -mfpu=vfpv3 -mfloat-abi=hard -nostar
TRACE::2024-07-06.13:28:53::SCWMssOS::tfiles -g -Wall -Wextra"

TRACE::2024-07-06.13:28:53::SCWMssOS::"Compiling emacps"

TRACE::2024-07-06.13:28:54::SCWMssOS::"Running Make libs in ps7_cortexa9_0/libsrc/gpiops_v3_7/src"

TRACE::2024-07-06.13:28:54::SCWMssOS::make -C ps7_cortexa9_0/libsrc/gpiops_v3_7/src -s libs  "SHELL=CMD" "COMPILER=arm-none-eabi-gcc" "ASSEMBLER=arm-none-eabi-as" "A
TRACE::2024-07-06.13:28:54::SCWMssOS::RCHIVER=arm-none-eabi-ar" "COMPILER_FLAGS=  -O2 -c" "EXTRA_COMPILER_FLAGS=-mcpu=cortex-a9 -mfpu=vfpv3 -mfloat-abi=hard -nostart
TRACE::2024-07-06.13:28:54::SCWMssOS::files -g -Wall -Wextra"

TRACE::2024-07-06.13:28:54::SCWMssOS::"Compiling gpiops"

TRACE::2024-07-06.13:28:55::SCWMssOS::"Running Make libs in ps7_cortexa9_0/libsrc/gpio_v4_6/src"

TRACE::2024-07-06.13:28:55::SCWMssOS::make -C ps7_cortexa9_0/libsrc/gpio_v4_6/src -s libs  "SHELL=CMD" "COMPILER=arm-none-eabi-gcc" "ASSEMBLER=arm-none-eabi-as" "ARC
TRACE::2024-07-06.13:28:55::SCWMssOS::HIVER=arm-none-eabi-ar" "COMPILER_FLAGS=  -O2 -c" "EXTRA_COMPILER_FLAGS=-mcpu=cortex-a9 -mfpu=vfpv3 -mfloat-abi=hard -nostartfi
TRACE::2024-07-06.13:28:55::SCWMssOS::les -g -Wall -Wextra"

TRACE::2024-07-06.13:28:55::SCWMssOS::"Compiling gpio"

TRACE::2024-07-06.13:28:56::SCWMssOS::"Running Make libs in ps7_cortexa9_0/libsrc/iic_v3_6/src"

TRACE::2024-07-06.13:28:56::SCWMssOS::make -C ps7_cortexa9_0/libsrc/iic_v3_6/src -s libs  "SHELL=CMD" "COMPILER=arm-none-eabi-gcc" "ASSEMBLER=arm-none-eabi-as" "ARCH
TRACE::2024-07-06.13:28:56::SCWMssOS::IVER=arm-none-eabi-ar" "COMPILER_FLAGS=  -O2 -c" "EXTRA_COMPILER_FLAGS=-mcpu=cortex-a9 -mfpu=vfpv3 -mfloat-abi=hard -nostartfil
TRACE::2024-07-06.13:28:56::SCWMssOS::es -g -Wall -Wextra"

TRACE::2024-07-06.13:28:56::SCWMssOS::"Compiling iic"

TRACE::2024-07-06.13:28:58::SCWMssOS::"Running Make libs in ps7_cortexa9_0/libsrc/qspips_v3_7/src"

TRACE::2024-07-06.13:28:58::SCWMssOS::make -C ps7_cortexa9_0/libsrc/qspips_v3_7/src -s libs  "SHELL=CMD" "COMPILER=arm-none-eabi-gcc" "ASSEMBLER=arm-none-eabi-as" "A
TRACE::2024-07-06.13:28:58::SCWMssOS::RCHIVER=arm-none-eabi-ar" "COMPILER_FLAGS=  -O2 -c" "EXTRA_COMPILER_FLAGS=-mcpu=cortex-a9 -mfpu=vfpv3 -mfloat-abi=hard -nostart
TRACE::2024-07-06.13:28:58::SCWMssOS::files -g -Wall -Wextra"

TRACE::2024-07-06.13:28:58::SCWMssOS::"Compiling qspips"

TRACE::2024-07-06.13:28:59::SCWMssOS::"Running Make libs in ps7_cortexa9_0/libsrc/scugic_v4_2/src"

TRACE::2024-07-06.13:28:59::SCWMssOS::make -C ps7_cortexa9_0/libsrc/scugic_v4_2/src -s libs  "SHELL=CMD" "COMPILER=arm-none-eabi-gcc" "ASSEMBLER=arm-none-eabi-as" "A
TRACE::2024-07-06.13:28:59::SCWMssOS::RCHIVER=arm-none-eabi-ar" "COMPILER_FLAGS=  -O2 -c" "EXTRA_COMPILER_FLAGS=-mcpu=cortex-a9 -mfpu=vfpv3 -mfloat-abi=hard -nostart
TRACE::2024-07-06.13:28:59::SCWMssOS::files -g -Wall -Wextra"

TRACE::2024-07-06.13:28:59::SCWMssOS::"Compiling scugic"

TRACE::2024-07-06.13:29:00::SCWMssOS::"Running Make libs in ps7_cortexa9_0/libsrc/scutimer_v2_2/src"

TRACE::2024-07-06.13:29:00::SCWMssOS::make -C ps7_cortexa9_0/libsrc/scutimer_v2_2/src -s libs  "SHELL=CMD" "COMPILER=arm-none-eabi-gcc" "ASSEMBLER=arm-none-eabi-as" 
TRACE::2024-07-06.13:29:00::SCWMssOS::"ARCHIVER=arm-none-eabi-ar" "COMPILER_FLAGS=  -O2 -c" "EXTRA_COMPILER_FLAGS=-mcpu=cortex-a9 -mfpu=vfpv3 -mfloat-abi=hard -nosta
TRACE::2024-07-06.13:29:00::SCWMssOS::rtfiles -g -Wall -Wextra"

TRACE::2024-07-06.13:29:00::SCWMssOS::"Compiling scutimer"

TRACE::2024-07-06.13:29:01::SCWMssOS::"Running Make libs in ps7_cortexa9_0/libsrc/scuwdt_v2_2/src"

TRACE::2024-07-06.13:29:01::SCWMssOS::make -C ps7_cortexa9_0/libsrc/scuwdt_v2_2/src -s libs  "SHELL=CMD" "COMPILER=arm-none-eabi-gcc" "ASSEMBLER=arm-none-eabi-as" "A
TRACE::2024-07-06.13:29:01::SCWMssOS::RCHIVER=arm-none-eabi-ar" "COMPILER_FLAGS=  -O2 -c" "EXTRA_COMPILER_FLAGS=-mcpu=cortex-a9 -mfpu=vfpv3 -mfloat-abi=hard -nostart
TRACE::2024-07-06.13:29:01::SCWMssOS::files -g -Wall -Wextra"

TRACE::2024-07-06.13:29:01::SCWMssOS::"Compiling scuwdt"

TRACE::2024-07-06.13:29:02::SCWMssOS::"Running Make libs in ps7_cortexa9_0/libsrc/sdps_v3_9/src"

TRACE::2024-07-06.13:29:02::SCWMssOS::make -C ps7_cortexa9_0/libsrc/sdps_v3_9/src -s libs  "SHELL=CMD" "COMPILER=arm-none-eabi-gcc" "ASSEMBLER=arm-none-eabi-as" "ARC
TRACE::2024-07-06.13:29:02::SCWMssOS::HIVER=arm-none-eabi-ar" "COMPILER_FLAGS=  -O2 -c" "EXTRA_COMPILER_FLAGS=-mcpu=cortex-a9 -mfpu=vfpv3 -mfloat-abi=hard -nostartfi
TRACE::2024-07-06.13:29:02::SCWMssOS::les -g -Wall -Wextra"

TRACE::2024-07-06.13:29:02::SCWMssOS::"Compiling sdps"

TRACE::2024-07-06.13:29:03::SCWMssOS::"Running Make libs in ps7_cortexa9_0/libsrc/spi_v4_6/src"

TRACE::2024-07-06.13:29:03::SCWMssOS::make -C ps7_cortexa9_0/libsrc/spi_v4_6/src -s libs  "SHELL=CMD" "COMPILER=arm-none-eabi-gcc" "ASSEMBLER=arm-none-eabi-as" "ARCH
TRACE::2024-07-06.13:29:03::SCWMssOS::IVER=arm-none-eabi-ar" "COMPILER_FLAGS=  -O2 -c" "EXTRA_COMPILER_FLAGS=-mcpu=cortex-a9 -mfpu=vfpv3 -mfloat-abi=hard -nostartfil
TRACE::2024-07-06.13:29:03::SCWMssOS::es -g -Wall -Wextra"

TRACE::2024-07-06.13:29:03::SCWMssOS::"Compiling spi"

TRACE::2024-07-06.13:29:04::SCWMssOS::"Running Make libs in ps7_cortexa9_0/libsrc/standalone_v7_2/src"

TRACE::2024-07-06.13:29:04::SCWMssOS::make -C ps7_cortexa9_0/libsrc/standalone_v7_2/src -s libs  "SHELL=CMD" "COMPILER=arm-none-eabi-gcc" "ASSEMBLER=arm-none-eabi-as
TRACE::2024-07-06.13:29:04::SCWMssOS::" "ARCHIVER=arm-none-eabi-ar" "COMPILER_FLAGS=  -O2 -c" "EXTRA_COMPILER_FLAGS=-mcpu=cortex-a9 -mfpu=vfpv3 -mfloat-abi=hard -nos
TRACE::2024-07-06.13:29:04::SCWMssOS::tartfiles -g -Wall -Wextra"

TRACE::2024-07-06.13:29:04::SCWMssOS::"Compiling standalone"

TRACE::2024-07-06.13:29:08::SCWMssOS::"Running Make libs in ps7_cortexa9_0/libsrc/tmrctr_v4_6/src"

TRACE::2024-07-06.13:29:08::SCWMssOS::make -C ps7_cortexa9_0/libsrc/tmrctr_v4_6/src -s libs  "SHELL=CMD" "COMPILER=arm-none-eabi-gcc" "ASSEMBLER=arm-none-eabi-as" "A
TRACE::2024-07-06.13:29:08::SCWMssOS::RCHIVER=arm-none-eabi-ar" "COMPILER_FLAGS=  -O2 -c" "EXTRA_COMPILER_FLAGS=-mcpu=cortex-a9 -mfpu=vfpv3 -mfloat-abi=hard -nostart
TRACE::2024-07-06.13:29:08::SCWMssOS::files -g -Wall -Wextra"

TRACE::2024-07-06.13:29:08::SCWMssOS::"Compiling tmrctr"

TRACE::2024-07-06.13:29:09::SCWMssOS::"Running Make libs in ps7_cortexa9_0/libsrc/uartps_v3_9/src"

TRACE::2024-07-06.13:29:09::SCWMssOS::make -C ps7_cortexa9_0/libsrc/uartps_v3_9/src -s libs  "SHELL=CMD" "COMPILER=arm-none-eabi-gcc" "ASSEMBLER=arm-none-eabi-as" "A
TRACE::2024-07-06.13:29:09::SCWMssOS::RCHIVER=arm-none-eabi-ar" "COMPILER_FLAGS=  -O2 -c" "EXTRA_COMPILER_FLAGS=-mcpu=cortex-a9 -mfpu=vfpv3 -mfloat-abi=hard -nostart
TRACE::2024-07-06.13:29:09::SCWMssOS::files -g -Wall -Wextra"

TRACE::2024-07-06.13:29:09::SCWMssOS::"Compiling uartps"

TRACE::2024-07-06.13:29:10::SCWMssOS::"Running Make libs in ps7_cortexa9_0/libsrc/usbps_v2_5/src"

TRACE::2024-07-06.13:29:10::SCWMssOS::make -C ps7_cortexa9_0/libsrc/usbps_v2_5/src -s libs  "SHELL=CMD" "COMPILER=arm-none-eabi-gcc" "ASSEMBLER=arm-none-eabi-as" "AR
TRACE::2024-07-06.13:29:10::SCWMssOS::CHIVER=arm-none-eabi-ar" "COMPILER_FLAGS=  -O2 -c" "EXTRA_COMPILER_FLAGS=-mcpu=cortex-a9 -mfpu=vfpv3 -mfloat-abi=hard -nostartf
TRACE::2024-07-06.13:29:10::SCWMssOS::iles -g -Wall -Wextra"

TRACE::2024-07-06.13:29:10::SCWMssOS::"Compiling usbps"

TRACE::2024-07-06.13:29:11::SCWMssOS::"Running Make libs in ps7_cortexa9_0/libsrc/xadcps_v2_4/src"

TRACE::2024-07-06.13:29:11::SCWMssOS::make -C ps7_cortexa9_0/libsrc/xadcps_v2_4/src -s libs  "SHELL=CMD" "COMPILER=arm-none-eabi-gcc" "ASSEMBLER=arm-none-eabi-as" "A
TRACE::2024-07-06.13:29:11::SCWMssOS::RCHIVER=arm-none-eabi-ar" "COMPILER_FLAGS=  -O2 -c" "EXTRA_COMPILER_FLAGS=-mcpu=cortex-a9 -mfpu=vfpv3 -mfloat-abi=hard -nostart
TRACE::2024-07-06.13:29:11::SCWMssOS::files -g -Wall -Wextra"

TRACE::2024-07-06.13:29:11::SCWMssOS::"Compiling xadcps"

TRACE::2024-07-06.13:29:12::SCWMssOS::'Finished building libraries'

TRACE::2024-07-06.13:29:12::SCWMssOS::Copying to export directory.
TRACE::2024-07-06.13:29:12::SCWMssOS:: Checking if to create the Supporting Applications
TRACE::2024-07-06.13:29:12::SCWMssOS:: No Linux domain exists, trying to generate FSBL 
LOG::2024-07-06.13:29:12::SCWSystem::Completed Processing the domain standalone_domain
LOG::2024-07-06.13:29:12::SCWSystem::Completed Processing the sysconfig SEPmonG3
LOG::2024-07-06.13:29:12::SCWPlatform::Completed generating the artifacts for system configuration SEPmonG3
TRACE::2024-07-06.13:29:12::SCWPlatform::Started preparing the platform 
TRACE::2024-07-06.13:29:12::SCWSystem::Writing the bif file for system config SEPmonG3
TRACE::2024-07-06.13:29:12::SCWSystem::dir created 
TRACE::2024-07-06.13:29:12::SCWSystem::Writing the bif 
TRACE::2024-07-06.13:29:12::SCWPlatform::Started writing the spfm file 
TRACE::2024-07-06.13:29:12::SCWPlatform::Started writing the xpfm file 
TRACE::2024-07-06.13:29:12::SCWPlatform::Completed generating the platform
TRACE::2024-07-06.13:29:12::SCWMssOS::Saving the mss changes C:/Users/gusta/OneDrive/Documents/universidad/4to/1r/SEP/Proyectos/pr2/SEPmonG3/SEPmonG3/zynq_fsbl/zynq_fsbl_bsp/system.mss
TRACE::2024-07-06.13:29:12::SCWMssOS::Found a swdesign opened with the mssfile.
TRACE::2024-07-06.13:29:12::SCWMssOS::Completed writemss as part of save.
TRACE::2024-07-06.13:29:12::SCWMssOS::Commit changes completed.
TRACE::2024-07-06.13:29:12::SCWMssOS::Saving the mss changes C:/Users/gusta/OneDrive/Documents/universidad/4to/1r/SEP/Proyectos/pr2/SEPmonG3/SEPmonG3/ps7_cortexa9_0/standalone_domain/bsp/system.mss
TRACE::2024-07-06.13:29:12::SCWMssOS::Found a swdesign opened with the mssfile.
TRACE::2024-07-06.13:29:12::SCWMssOS::Completed writemss as part of save.
TRACE::2024-07-06.13:29:12::SCWMssOS::Commit changes completed.
TRACE::2024-07-06.13:29:12::SCWPlatform::Trying to open the hw design at C:/Users/gusta/OneDrive/Documents/universidad/4to/1r/SEP/Proyectos/pr2/SEPmonG3/SEPmonG3/hw/SEPmon.xsa
TRACE::2024-07-06.13:29:12::SCWPlatform::DSA given C:/Users/gusta/OneDrive/Documents/universidad/4to/1r/SEP/Proyectos/pr2/SEPmonG3/SEPmonG3/hw/SEPmon.xsa
TRACE::2024-07-06.13:29:12::SCWPlatform::DSA absoulate path C:/Users/gusta/OneDrive/Documents/universidad/4to/1r/SEP/Proyectos/pr2/SEPmonG3/SEPmonG3/hw/SEPmon.xsa
TRACE::2024-07-06.13:29:12::SCWPlatform::DSA directory C:/Users/gusta/OneDrive/Documents/universidad/4to/1r/SEP/Proyectos/pr2/SEPmonG3/SEPmonG3/hw
TRACE::2024-07-06.13:29:12::SCWPlatform:: Platform Path C:/Users/gusta/OneDrive/Documents/universidad/4to/1r/SEP/Proyectos/pr2/SEPmonG3/SEPmonG3/hw/SEPmon.xsa
TRACE::2024-07-06.13:29:12::SCWPlatform:: Unique name xilinx:zybo-z7-10::0.0
TRACE::2024-07-06.13:29:12::SCWPlatform::Trying to set the existing hwdb with name DEMO_wrapper
TRACE::2024-07-06.13:29:12::SCWPlatform::Opened existing hwdb DEMO_wrapper
TRACE::2024-07-06.13:29:12::SCWPlatform::Found the Hw Db part of the input DSA
TRACE::2024-07-06.13:29:12::SCWMssOS::Checking the sw design at  C:/Users/gusta/OneDrive/Documents/universidad/4to/1r/SEP/Proyectos/pr2/SEPmonG3/SEPmonG3/zynq_fsbl/zynq_fsbl_bsp/system.mss
TRACE::2024-07-06.13:29:12::SCWMssOS::DEBUG:  swdes dump  C:/Users/gusta/OneDrive/Documents/universidad/4to/1r/SEP/Proyectos/pr2/SEPmonG3/SEPmonG3/ps7_cortexa9_0/standalone_domain/bsp/system.mss|system_0||
C:/Users/gusta/OneDrive/Documents/universidad/4to/1r/SEP/Proyectos/pr2/SEPmonG3/SEPmonG3/zynq_fsbl/zynq_fsbl_bsp/system.mss|system||

TRACE::2024-07-06.13:29:12::SCWMssOS::Sw design exists and opened at  C:/Users/gusta/OneDrive/Documents/universidad/4to/1r/SEP/Proyectos/pr2/SEPmonG3/SEPmonG3/zynq_fsbl/zynq_fsbl_bsp/system.mss
TRACE::2024-07-06.13:29:12::SCWPlatform::Trying to open the hw design at C:/Users/gusta/OneDrive/Documents/universidad/4to/1r/SEP/Proyectos/pr2/SEPmonG3/SEPmonG3/hw/SEPmon.xsa
TRACE::2024-07-06.13:29:12::SCWPlatform::DSA given C:/Users/gusta/OneDrive/Documents/universidad/4to/1r/SEP/Proyectos/pr2/SEPmonG3/SEPmonG3/hw/SEPmon.xsa
TRACE::2024-07-06.13:29:12::SCWPlatform::DSA absoulate path C:/Users/gusta/OneDrive/Documents/universidad/4to/1r/SEP/Proyectos/pr2/SEPmonG3/SEPmonG3/hw/SEPmon.xsa
TRACE::2024-07-06.13:29:12::SCWPlatform::DSA directory C:/Users/gusta/OneDrive/Documents/universidad/4to/1r/SEP/Proyectos/pr2/SEPmonG3/SEPmonG3/hw
TRACE::2024-07-06.13:29:12::SCWPlatform:: Platform Path C:/Users/gusta/OneDrive/Documents/universidad/4to/1r/SEP/Proyectos/pr2/SEPmonG3/SEPmonG3/hw/SEPmon.xsa
TRACE::2024-07-06.13:29:12::SCWPlatform:: Unique name xilinx:zybo-z7-10::0.0
TRACE::2024-07-06.13:29:12::SCWPlatform::Trying to set the existing hwdb with name DEMO_wrapper
TRACE::2024-07-06.13:29:12::SCWPlatform::Opened existing hwdb DEMO_wrapper
TRACE::2024-07-06.13:29:12::SCWPlatform::Found the Hw Db part of the input DSA
TRACE::2024-07-06.13:29:12::SCWMssOS::Checking the sw design at  C:/Users/gusta/OneDrive/Documents/universidad/4to/1r/SEP/Proyectos/pr2/SEPmonG3/SEPmonG3/ps7_cortexa9_0/standalone_domain/bsp/system.mss
TRACE::2024-07-06.13:29:12::SCWMssOS::DEBUG:  swdes dump  C:/Users/gusta/OneDrive/Documents/universidad/4to/1r/SEP/Proyectos/pr2/SEPmonG3/SEPmonG3/ps7_cortexa9_0/standalone_domain/bsp/system.mss|system_0||
C:/Users/gusta/OneDrive/Documents/universidad/4to/1r/SEP/Proyectos/pr2/SEPmonG3/SEPmonG3/zynq_fsbl/zynq_fsbl_bsp/system.mss|system||

TRACE::2024-07-06.13:29:12::SCWMssOS::Sw design exists and opened at  C:/Users/gusta/OneDrive/Documents/universidad/4to/1r/SEP/Proyectos/pr2/SEPmonG3/SEPmonG3/ps7_cortexa9_0/standalone_domain/bsp/system.mss
TRACE::2024-07-06.13:29:12::SCWWriter::formatted JSON is {
	"platformName":	"SEPmonG3",
	"sprVersion":	"2.0",
	"mode":	"gui",
	"dsaType":	"Fixed",
	"platformDesc":	"SEPmonG3",
	"platHandOff":	"C:/Users/gusta/OneDrive/Documents/universidad/4to/1r/SEP/Proyectos/pr2/SEPmonG3/SEPmon/SEPmon.xsa",
	"platIntHandOff":	"<platformDir>/hw/SEPmon.xsa",
	"deviceType":	"zynq",
	"platIsPrebuiltAutogen":	"false",
	"platIsNoBootBsp":	"false",
	"hasFsblMakeHasChanges":	"false",
	"hasPmufwMakeHasChanges":	"false",
	"fsblExtraCompilerFlags":	"-MMD -MP       -mcpu=cortex-a9 -mfpu=vfpv3 -mfloat-abi=hard ",
	"platPreBuiltFlag":	false,
	"platformSamplesDir":	"",
	"platActiveSys":	"SEPmonG3",
	"systems":	[{
			"systemName":	"SEPmonG3",
			"systemDesc":	"SEPmonG3",
			"sysIsBootAutoGen":	"true",
			"systemDispName":	"SEPmonG3",
			"sysActiveDom":	"standalone_domain",
			"sysDefaultDom":	"standalone_domain",
			"domains":	[{
					"domainName":	"zynq_fsbl",
					"domainDispName":	"zynq_fsbl",
					"domainDesc":	"FSBL Application BSP - Auto Generated.",
					"processors":	"ps7_cortexa9_0",
					"os":	"standalone",
					"sdxOs":	"standalone",
					"debugEnable":	"",
					"domRuntimes":	["cpp"],
					"swRepo":	"",
					"mssOsVer":	"7.2",
					"mssFile":	"",
					"md5Digest":	"02312b845700e4a4fd39dd786149f184",
					"compatibleApp":	"zynq_fsbl",
					"domType":	"bootDomain",
					"appSettings":	{
						"appCompilerFlags":	"",
						"appLinkerFlags":	""
					},
					"addedLibs":	["xilffs:4.3", "xilrsa:1.6"],
					"libOptions":	{
						"libsContainingOptions":	[]
					},
					"prebuiltLibs":	{
						"prebuiltIncPath":	[],
						"prebuiltLibPath":	[]
					},
					"isolation":	{
					}
				}, {
					"domainName":	"standalone_domain",
					"domainDispName":	"standalone on ps7_cortexa9_0",
					"domainDesc":	"standalone_domain",
					"processors":	"ps7_cortexa9_0",
					"os":	"standalone",
					"sdxOs":	"standalone",
					"qemuArgs":	"C:/Xilinx/Vitis/2020.1/data/emulation/platforms/zynq/qemu/qemu_args.txt",
					"qemuData":	"C:/Xilinx/Vitis/2020.1/data/emulation/platforms/zynq/qemu/",
					"debugEnable":	"False",
					"domRuntimes":	["cpp"],
					"swRepo":	"",
					"mssOsVer":	"7.2",
					"mssFile":	"",
					"md5Digest":	"66dd88408418c3412ef42766414a5b97",
					"compatibleApp":	"",
					"domType":	"mssDomain",
					"appSettings":	{
						"appCompilerFlags":	"",
						"appLinkerFlags":	""
					},
					"addedLibs":	[],
					"libOptions":	{
						"libsContainingOptions":	[]
					},
					"prebuiltLibs":	{
						"prebuiltIncPath":	[],
						"prebuiltLibPath":	[]
					},
					"isolation":	{
					}
				}]
		}]
}
KEYINFO::2024-07-06.13:29:12::SCWPlatform::updated the xpfm file.
TRACE::2024-07-06.13:29:12::SCWPlatform::Trying to open the hw design at C:/Users/gusta/OneDrive/Documents/universidad/4to/1r/SEP/Proyectos/pr2/SEPmonG3/SEPmonG3/hw/SEPmon.xsa
TRACE::2024-07-06.13:29:12::SCWPlatform::DSA given C:/Users/gusta/OneDrive/Documents/universidad/4to/1r/SEP/Proyectos/pr2/SEPmonG3/SEPmonG3/hw/SEPmon.xsa
TRACE::2024-07-06.13:29:12::SCWPlatform::DSA absoulate path C:/Users/gusta/OneDrive/Documents/universidad/4to/1r/SEP/Proyectos/pr2/SEPmonG3/SEPmonG3/hw/SEPmon.xsa
TRACE::2024-07-06.13:29:12::SCWPlatform::DSA directory C:/Users/gusta/OneDrive/Documents/universidad/4to/1r/SEP/Proyectos/pr2/SEPmonG3/SEPmonG3/hw
TRACE::2024-07-06.13:29:12::SCWPlatform:: Platform Path C:/Users/gusta/OneDrive/Documents/universidad/4to/1r/SEP/Proyectos/pr2/SEPmonG3/SEPmonG3/hw/SEPmon.xsa
TRACE::2024-07-06.13:29:12::SCWPlatform:: Unique name xilinx:zybo-z7-10::0.0
TRACE::2024-07-06.13:29:12::SCWPlatform::Trying to set the existing hwdb with name DEMO_wrapper
TRACE::2024-07-06.13:29:12::SCWPlatform::Opened existing hwdb DEMO_wrapper
TRACE::2024-07-06.13:29:12::SCWPlatform::Found the Hw Db part of the input DSA
TRACE::2024-07-06.13:29:12::SCWMssOS::Checking the sw design at  C:/Users/gusta/OneDrive/Documents/universidad/4to/1r/SEP/Proyectos/pr2/SEPmonG3/SEPmonG3/ps7_cortexa9_0/standalone_domain/bsp/system.mss
TRACE::2024-07-06.13:29:12::SCWMssOS::DEBUG:  swdes dump  C:/Users/gusta/OneDrive/Documents/universidad/4to/1r/SEP/Proyectos/pr2/SEPmonG3/SEPmonG3/ps7_cortexa9_0/standalone_domain/bsp/system.mss|system_0||
C:/Users/gusta/OneDrive/Documents/universidad/4to/1r/SEP/Proyectos/pr2/SEPmonG3/SEPmonG3/zynq_fsbl/zynq_fsbl_bsp/system.mss|system||

TRACE::2024-07-06.13:29:12::SCWMssOS::Sw design exists and opened at  C:/Users/gusta/OneDrive/Documents/universidad/4to/1r/SEP/Proyectos/pr2/SEPmonG3/SEPmonG3/ps7_cortexa9_0/standalone_domain/bsp/system.mss
TRACE::2024-07-06.15:16:57::SCWPlatform::Clearing the existing platform
TRACE::2024-07-06.15:16:57::SCWSystem::Clearing the existing sysconfig
TRACE::2024-07-06.15:16:57::SCWBDomain::clearing the fsbl build
TRACE::2024-07-06.15:16:57::SCWMssOS::Removing the swdes entry for  C:/Users/gusta/OneDrive/Documents/universidad/4to/1r/SEP/Proyectos/pr2/SEPmonG3/SEPmonG3/zynq_fsbl/zynq_fsbl_bsp/system.mss
TRACE::2024-07-06.15:16:57::SCWMssOS::Removing the swdes entry for  C:/Users/gusta/OneDrive/Documents/universidad/4to/1r/SEP/Proyectos/pr2/SEPmonG3/SEPmonG3/ps7_cortexa9_0/standalone_domain/bsp/system.mss
TRACE::2024-07-06.15:16:57::SCWSystem::Clearing the domains completed.
TRACE::2024-07-06.15:16:57::SCWPlatform::Clearing the opened hw db.
TRACE::2024-07-06.15:16:57::SCWPlatform::DSA given C:/Users/gusta/OneDrive/Documents/universidad/4to/1r/SEP/Proyectos/pr2/SEPmonG3/SEPmonG3/hw/SEPmon.xsa
TRACE::2024-07-06.15:16:57::SCWPlatform::DSA absoulate path C:/Users/gusta/OneDrive/Documents/universidad/4to/1r/SEP/Proyectos/pr2/SEPmonG3/SEPmonG3/hw/SEPmon.xsa
TRACE::2024-07-06.15:16:57::SCWPlatform:: Platform location is C:/Users/gusta/OneDrive/Documents/universidad/4to/1r/SEP/Proyectos/pr2/SEPmonG3/SEPmonG3/hw
TRACE::2024-07-06.15:16:57::SCWPlatform:: Platform Path C:/Users/gusta/OneDrive/Documents/universidad/4to/1r/SEP/Proyectos/pr2/SEPmonG3/SEPmonG3/hw/SEPmon.xsa
TRACE::2024-07-06.15:16:57::SCWPlatform:: Unique name xilinx:zybo-z7-10::0.0
TRACE::2024-07-06.15:16:57::SCWPlatform::Removing the HwDB with name C:/Users/gusta/OneDrive/Documents/universidad/4to/1r/SEP/Proyectos/pr2/SEPmonG3/SEPmonG3/hw/SEPmon.xsa
TRACE::2024-07-06.15:16:57::SCWPlatform::Trying to open the hw design at C:/Users/gusta/OneDrive/Documents/universidad/4to/1r/SEP/Proyectos/pr2/SEPmonG3/SEPmonG3/hw/SEPmon.xsa
TRACE::2024-07-06.15:16:57::SCWPlatform::DSA given C:/Users/gusta/OneDrive/Documents/universidad/4to/1r/SEP/Proyectos/pr2/SEPmonG3/SEPmonG3/hw/SEPmon.xsa
TRACE::2024-07-06.15:16:57::SCWPlatform::DSA absoulate path C:/Users/gusta/OneDrive/Documents/universidad/4to/1r/SEP/Proyectos/pr2/SEPmonG3/SEPmonG3/hw/SEPmon.xsa
TRACE::2024-07-06.15:16:57::SCWPlatform::DSA directory C:/Users/gusta/OneDrive/Documents/universidad/4to/1r/SEP/Proyectos/pr2/SEPmonG3/SEPmonG3/hw
TRACE::2024-07-06.15:16:57::SCWPlatform:: Platform Path C:/Users/gusta/OneDrive/Documents/universidad/4to/1r/SEP/Proyectos/pr2/SEPmonG3/SEPmonG3/hw/SEPmon.xsa
TRACE::2024-07-06.15:16:57::SCWPlatform:: Unique name xilinx:zybo-z7-10::0.0
TRACE::2024-07-06.15:16:57::SCWPlatform::Do not have an existing db opened. 
TRACE::2024-07-06.15:16:59::SCWPlatform::Opened new HwDB with name DEMO_wrapper_1
TRACE::2024-07-06.15:16:59::SCWReader::Active system found as  SEPmonG3
TRACE::2024-07-06.15:16:59::SCWReader::Handling sysconfig SEPmonG3
TRACE::2024-07-06.15:16:59::SCWDomain::checking for install qemu data   : 
TRACE::2024-07-06.15:16:59::SCWDomain:: Using the QEMU Data from install at  : C:/Xilinx/Vitis/2020.1/data/emulation/platforms/zynq/qemu/
TRACE::2024-07-06.15:16:59::SCWDomain:: Using the QEMU args  from install at  : C:/Xilinx/Vitis/2020.1/data/emulation/platforms/zynq/qemu/qemu_args.txt
TRACE::2024-07-06.15:16:59::SCWPlatform::Trying to open the hw design at C:/Users/gusta/OneDrive/Documents/universidad/4to/1r/SEP/Proyectos/pr2/SEPmonG3/SEPmonG3/hw/SEPmon.xsa
TRACE::2024-07-06.15:16:59::SCWPlatform::DSA given C:/Users/gusta/OneDrive/Documents/universidad/4to/1r/SEP/Proyectos/pr2/SEPmonG3/SEPmonG3/hw/SEPmon.xsa
TRACE::2024-07-06.15:16:59::SCWPlatform::DSA absoulate path C:/Users/gusta/OneDrive/Documents/universidad/4to/1r/SEP/Proyectos/pr2/SEPmonG3/SEPmonG3/hw/SEPmon.xsa
TRACE::2024-07-06.15:16:59::SCWPlatform::DSA directory C:/Users/gusta/OneDrive/Documents/universidad/4to/1r/SEP/Proyectos/pr2/SEPmonG3/SEPmonG3/hw
TRACE::2024-07-06.15:16:59::SCWPlatform:: Platform Path C:/Users/gusta/OneDrive/Documents/universidad/4to/1r/SEP/Proyectos/pr2/SEPmonG3/SEPmonG3/hw/SEPmon.xsa
TRACE::2024-07-06.15:16:59::SCWPlatform:: Unique name xilinx:zybo-z7-10::0.0
TRACE::2024-07-06.15:16:59::SCWPlatform::Trying to set the existing hwdb with name DEMO_wrapper_1
TRACE::2024-07-06.15:16:59::SCWPlatform::Opened existing hwdb DEMO_wrapper_1
TRACE::2024-07-06.15:16:59::SCWPlatform::Found the Hw Db part of the input DSA
TRACE::2024-07-06.15:16:59::SCWPlatform::Trying to open the hw design at C:/Users/gusta/OneDrive/Documents/universidad/4to/1r/SEP/Proyectos/pr2/SEPmonG3/SEPmonG3/hw/SEPmon.xsa
TRACE::2024-07-06.15:16:59::SCWPlatform::DSA given C:/Users/gusta/OneDrive/Documents/universidad/4to/1r/SEP/Proyectos/pr2/SEPmonG3/SEPmonG3/hw/SEPmon.xsa
TRACE::2024-07-06.15:16:59::SCWPlatform::DSA absoulate path C:/Users/gusta/OneDrive/Documents/universidad/4to/1r/SEP/Proyectos/pr2/SEPmonG3/SEPmonG3/hw/SEPmon.xsa
TRACE::2024-07-06.15:16:59::SCWPlatform::DSA directory C:/Users/gusta/OneDrive/Documents/universidad/4to/1r/SEP/Proyectos/pr2/SEPmonG3/SEPmonG3/hw
TRACE::2024-07-06.15:16:59::SCWPlatform:: Platform Path C:/Users/gusta/OneDrive/Documents/universidad/4to/1r/SEP/Proyectos/pr2/SEPmonG3/SEPmonG3/hw/SEPmon.xsa
TRACE::2024-07-06.15:16:59::SCWPlatform:: Unique name xilinx:zybo-z7-10::0.0
TRACE::2024-07-06.15:16:59::SCWPlatform::Trying to set the existing hwdb with name DEMO_wrapper_1
TRACE::2024-07-06.15:16:59::SCWPlatform::Opened existing hwdb DEMO_wrapper_1
TRACE::2024-07-06.15:16:59::SCWPlatform::Found the Hw Db part of the input DSA
TRACE::2024-07-06.15:16:59::SCWPlatform::Trying to open the hw design at C:/Users/gusta/OneDrive/Documents/universidad/4to/1r/SEP/Proyectos/pr2/SEPmonG3/SEPmonG3/hw/SEPmon.xsa
TRACE::2024-07-06.15:16:59::SCWPlatform::DSA given C:/Users/gusta/OneDrive/Documents/universidad/4to/1r/SEP/Proyectos/pr2/SEPmonG3/SEPmonG3/hw/SEPmon.xsa
TRACE::2024-07-06.15:16:59::SCWPlatform::DSA absoulate path C:/Users/gusta/OneDrive/Documents/universidad/4to/1r/SEP/Proyectos/pr2/SEPmonG3/SEPmonG3/hw/SEPmon.xsa
TRACE::2024-07-06.15:16:59::SCWPlatform::DSA directory C:/Users/gusta/OneDrive/Documents/universidad/4to/1r/SEP/Proyectos/pr2/SEPmonG3/SEPmonG3/hw
TRACE::2024-07-06.15:16:59::SCWPlatform:: Platform Path C:/Users/gusta/OneDrive/Documents/universidad/4to/1r/SEP/Proyectos/pr2/SEPmonG3/SEPmonG3/hw/SEPmon.xsa
TRACE::2024-07-06.15:16:59::SCWPlatform:: Unique name xilinx:zybo-z7-10::0.0
TRACE::2024-07-06.15:16:59::SCWPlatform::Trying to set the existing hwdb with name DEMO_wrapper_1
TRACE::2024-07-06.15:16:59::SCWPlatform::Opened existing hwdb DEMO_wrapper_1
TRACE::2024-07-06.15:16:59::SCWPlatform::Found the Hw Db part of the input DSA
TRACE::2024-07-06.15:16:59::SCWReader::Boot application domain added for zynq_fsbl
TRACE::2024-07-06.15:16:59::SCWPlatform::Trying to open the hw design at C:/Users/gusta/OneDrive/Documents/universidad/4to/1r/SEP/Proyectos/pr2/SEPmonG3/SEPmonG3/hw/SEPmon.xsa
TRACE::2024-07-06.15:16:59::SCWPlatform::DSA given C:/Users/gusta/OneDrive/Documents/universidad/4to/1r/SEP/Proyectos/pr2/SEPmonG3/SEPmonG3/hw/SEPmon.xsa
TRACE::2024-07-06.15:16:59::SCWPlatform::DSA absoulate path C:/Users/gusta/OneDrive/Documents/universidad/4to/1r/SEP/Proyectos/pr2/SEPmonG3/SEPmonG3/hw/SEPmon.xsa
TRACE::2024-07-06.15:16:59::SCWPlatform::DSA directory C:/Users/gusta/OneDrive/Documents/universidad/4to/1r/SEP/Proyectos/pr2/SEPmonG3/SEPmonG3/hw
TRACE::2024-07-06.15:16:59::SCWPlatform:: Platform Path C:/Users/gusta/OneDrive/Documents/universidad/4to/1r/SEP/Proyectos/pr2/SEPmonG3/SEPmonG3/hw/SEPmon.xsa
TRACE::2024-07-06.15:16:59::SCWPlatform:: Unique name xilinx:zybo-z7-10::0.0
TRACE::2024-07-06.15:16:59::SCWPlatform::Trying to set the existing hwdb with name DEMO_wrapper_1
TRACE::2024-07-06.15:16:59::SCWPlatform::Opened existing hwdb DEMO_wrapper_1
TRACE::2024-07-06.15:16:59::SCWPlatform::Found the Hw Db part of the input DSA
TRACE::2024-07-06.15:16:59::SCWMssOS::Checking the sw design at  C:/Users/gusta/OneDrive/Documents/universidad/4to/1r/SEP/Proyectos/pr2/SEPmonG3/SEPmonG3/zynq_fsbl/zynq_fsbl_bsp/system.mss
TRACE::2024-07-06.15:16:59::SCWMssOS::DEBUG:  swdes dump  
TRACE::2024-07-06.15:16:59::SCWMssOS::No sw design opened at  C:/Users/gusta/OneDrive/Documents/universidad/4to/1r/SEP/Proyectos/pr2/SEPmonG3/SEPmonG3/zynq_fsbl/zynq_fsbl_bsp/system.mss
TRACE::2024-07-06.15:16:59::SCWMssOS::mss exists loading the mss file  C:/Users/gusta/OneDrive/Documents/universidad/4to/1r/SEP/Proyectos/pr2/SEPmonG3/SEPmonG3/zynq_fsbl/zynq_fsbl_bsp/system.mss
TRACE::2024-07-06.15:16:59::SCWMssOS::Opened the sw design from mss  C:/Users/gusta/OneDrive/Documents/universidad/4to/1r/SEP/Proyectos/pr2/SEPmonG3/SEPmonG3/zynq_fsbl/zynq_fsbl_bsp/system.mss
TRACE::2024-07-06.15:16:59::SCWMssOS::Adding the swdes entry C:/Users/gusta/OneDrive/Documents/universidad/4to/1r/SEP/Proyectos/pr2/SEPmonG3/SEPmonG3/zynq_fsbl/zynq_fsbl_bsp/system.mss with des name system
TRACE::2024-07-06.15:16:59::SCWMssOS::updating the scw layer about changes
TRACE::2024-07-06.15:16:59::SCWMssOS::Opened the sw design.  C:/Users/gusta/OneDrive/Documents/universidad/4to/1r/SEP/Proyectos/pr2/SEPmonG3/SEPmonG3/zynq_fsbl/zynq_fsbl_bsp/system.mss
TRACE::2024-07-06.15:16:59::SCWPlatform::Trying to open the hw design at C:/Users/gusta/OneDrive/Documents/universidad/4to/1r/SEP/Proyectos/pr2/SEPmonG3/SEPmonG3/hw/SEPmon.xsa
TRACE::2024-07-06.15:16:59::SCWPlatform::DSA given C:/Users/gusta/OneDrive/Documents/universidad/4to/1r/SEP/Proyectos/pr2/SEPmonG3/SEPmonG3/hw/SEPmon.xsa
TRACE::2024-07-06.15:16:59::SCWPlatform::DSA absoulate path C:/Users/gusta/OneDrive/Documents/universidad/4to/1r/SEP/Proyectos/pr2/SEPmonG3/SEPmonG3/hw/SEPmon.xsa
TRACE::2024-07-06.15:16:59::SCWPlatform::DSA directory C:/Users/gusta/OneDrive/Documents/universidad/4to/1r/SEP/Proyectos/pr2/SEPmonG3/SEPmonG3/hw
TRACE::2024-07-06.15:16:59::SCWPlatform:: Platform Path C:/Users/gusta/OneDrive/Documents/universidad/4to/1r/SEP/Proyectos/pr2/SEPmonG3/SEPmonG3/hw/SEPmon.xsa
TRACE::2024-07-06.15:16:59::SCWPlatform:: Unique name xilinx:zybo-z7-10::0.0
TRACE::2024-07-06.15:16:59::SCWPlatform::Trying to set the existing hwdb with name DEMO_wrapper_1
TRACE::2024-07-06.15:16:59::SCWPlatform::Opened existing hwdb DEMO_wrapper_1
TRACE::2024-07-06.15:16:59::SCWPlatform::Found the Hw Db part of the input DSA
TRACE::2024-07-06.15:16:59::SCWMssOS::Checking the sw design at  C:/Users/gusta/OneDrive/Documents/universidad/4to/1r/SEP/Proyectos/pr2/SEPmonG3/SEPmonG3/zynq_fsbl/zynq_fsbl_bsp/system.mss
TRACE::2024-07-06.15:16:59::SCWMssOS::DEBUG:  swdes dump  C:/Users/gusta/OneDrive/Documents/universidad/4to/1r/SEP/Proyectos/pr2/SEPmonG3/SEPmonG3/zynq_fsbl/zynq_fsbl_bsp/system.mss|system||

TRACE::2024-07-06.15:16:59::SCWMssOS::Sw design exists and opened at  C:/Users/gusta/OneDrive/Documents/universidad/4to/1r/SEP/Proyectos/pr2/SEPmonG3/SEPmonG3/zynq_fsbl/zynq_fsbl_bsp/system.mss
TRACE::2024-07-06.15:16:59::SCWMssOS:: library already available in sw design:  xilffs:4.3
TRACE::2024-07-06.15:16:59::SCWPlatform::Trying to open the hw design at C:/Users/gusta/OneDrive/Documents/universidad/4to/1r/SEP/Proyectos/pr2/SEPmonG3/SEPmonG3/hw/SEPmon.xsa
TRACE::2024-07-06.15:16:59::SCWPlatform::DSA given C:/Users/gusta/OneDrive/Documents/universidad/4to/1r/SEP/Proyectos/pr2/SEPmonG3/SEPmonG3/hw/SEPmon.xsa
TRACE::2024-07-06.15:16:59::SCWPlatform::DSA absoulate path C:/Users/gusta/OneDrive/Documents/universidad/4to/1r/SEP/Proyectos/pr2/SEPmonG3/SEPmonG3/hw/SEPmon.xsa
TRACE::2024-07-06.15:16:59::SCWPlatform::DSA directory C:/Users/gusta/OneDrive/Documents/universidad/4to/1r/SEP/Proyectos/pr2/SEPmonG3/SEPmonG3/hw
TRACE::2024-07-06.15:16:59::SCWPlatform:: Platform Path C:/Users/gusta/OneDrive/Documents/universidad/4to/1r/SEP/Proyectos/pr2/SEPmonG3/SEPmonG3/hw/SEPmon.xsa
TRACE::2024-07-06.15:16:59::SCWPlatform:: Unique name xilinx:zybo-z7-10::0.0
TRACE::2024-07-06.15:16:59::SCWPlatform::Trying to set the existing hwdb with name DEMO_wrapper_1
TRACE::2024-07-06.15:16:59::SCWPlatform::Opened existing hwdb DEMO_wrapper_1
TRACE::2024-07-06.15:16:59::SCWPlatform::Found the Hw Db part of the input DSA
TRACE::2024-07-06.15:16:59::SCWMssOS::Checking the sw design at  C:/Users/gusta/OneDrive/Documents/universidad/4to/1r/SEP/Proyectos/pr2/SEPmonG3/SEPmonG3/zynq_fsbl/zynq_fsbl_bsp/system.mss
TRACE::2024-07-06.15:16:59::SCWMssOS::DEBUG:  swdes dump  C:/Users/gusta/OneDrive/Documents/universidad/4to/1r/SEP/Proyectos/pr2/SEPmonG3/SEPmonG3/zynq_fsbl/zynq_fsbl_bsp/system.mss|system||

TRACE::2024-07-06.15:16:59::SCWMssOS::Sw design exists and opened at  C:/Users/gusta/OneDrive/Documents/universidad/4to/1r/SEP/Proyectos/pr2/SEPmonG3/SEPmonG3/zynq_fsbl/zynq_fsbl_bsp/system.mss
TRACE::2024-07-06.15:16:59::SCWMssOS:: library already available in sw design:  xilrsa:1.6
TRACE::2024-07-06.15:16:59::SCWMssOS::Saving the mss changes C:/Users/gusta/OneDrive/Documents/universidad/4to/1r/SEP/Proyectos/pr2/SEPmonG3/SEPmonG3/zynq_fsbl/zynq_fsbl_bsp/system.mss
TRACE::2024-07-06.15:16:59::SCWMssOS::Found a swdesign opened with the mssfile.
TRACE::2024-07-06.15:16:59::SCWMssOS::Completed writemss as part of save.
TRACE::2024-07-06.15:16:59::SCWMssOS::Commit changes completed.
TRACE::2024-07-06.15:16:59::SCWReader::Adding prebuilt librarypaths as   
TRACE::2024-07-06.15:16:59::SCWReader::Adding prebuilt incpaths  as   
TRACE::2024-07-06.15:16:59::SCWPlatform::Trying to open the hw design at C:/Users/gusta/OneDrive/Documents/universidad/4to/1r/SEP/Proyectos/pr2/SEPmonG3/SEPmonG3/hw/SEPmon.xsa
TRACE::2024-07-06.15:16:59::SCWPlatform::DSA given C:/Users/gusta/OneDrive/Documents/universidad/4to/1r/SEP/Proyectos/pr2/SEPmonG3/SEPmonG3/hw/SEPmon.xsa
TRACE::2024-07-06.15:16:59::SCWPlatform::DSA absoulate path C:/Users/gusta/OneDrive/Documents/universidad/4to/1r/SEP/Proyectos/pr2/SEPmonG3/SEPmonG3/hw/SEPmon.xsa
TRACE::2024-07-06.15:16:59::SCWPlatform::DSA directory C:/Users/gusta/OneDrive/Documents/universidad/4to/1r/SEP/Proyectos/pr2/SEPmonG3/SEPmonG3/hw
TRACE::2024-07-06.15:16:59::SCWPlatform:: Platform Path C:/Users/gusta/OneDrive/Documents/universidad/4to/1r/SEP/Proyectos/pr2/SEPmonG3/SEPmonG3/hw/SEPmon.xsa
TRACE::2024-07-06.15:16:59::SCWPlatform:: Unique name xilinx:zybo-z7-10::0.0
TRACE::2024-07-06.15:16:59::SCWPlatform::Trying to set the existing hwdb with name DEMO_wrapper_1
TRACE::2024-07-06.15:16:59::SCWPlatform::Opened existing hwdb DEMO_wrapper_1
TRACE::2024-07-06.15:16:59::SCWPlatform::Found the Hw Db part of the input DSA
TRACE::2024-07-06.15:16:59::SCWMssOS::Checking the sw design at  C:/Users/gusta/OneDrive/Documents/universidad/4to/1r/SEP/Proyectos/pr2/SEPmonG3/SEPmonG3/zynq_fsbl/zynq_fsbl_bsp/system.mss
TRACE::2024-07-06.15:16:59::SCWMssOS::DEBUG:  swdes dump  C:/Users/gusta/OneDrive/Documents/universidad/4to/1r/SEP/Proyectos/pr2/SEPmonG3/SEPmonG3/zynq_fsbl/zynq_fsbl_bsp/system.mss|system||

TRACE::2024-07-06.15:16:59::SCWMssOS::Sw design exists and opened at  C:/Users/gusta/OneDrive/Documents/universidad/4to/1r/SEP/Proyectos/pr2/SEPmonG3/SEPmonG3/zynq_fsbl/zynq_fsbl_bsp/system.mss
TRACE::2024-07-06.15:16:59::SCWReader::No isolation master present  
TRACE::2024-07-06.15:16:59::SCWDomain::checking for install qemu data   : 
TRACE::2024-07-06.15:16:59::SCWDomain:: Using the QEMU Data from install at  : C:/Xilinx/Vitis/2020.1/data/emulation/platforms/zynq/qemu/
TRACE::2024-07-06.15:16:59::SCWDomain:: Using the QEMU args  from install at  : C:/Xilinx/Vitis/2020.1/data/emulation/platforms/zynq/qemu/qemu_args.txt
TRACE::2024-07-06.15:16:59::SCWPlatform::Trying to open the hw design at C:/Users/gusta/OneDrive/Documents/universidad/4to/1r/SEP/Proyectos/pr2/SEPmonG3/SEPmonG3/hw/SEPmon.xsa
TRACE::2024-07-06.15:16:59::SCWPlatform::DSA given C:/Users/gusta/OneDrive/Documents/universidad/4to/1r/SEP/Proyectos/pr2/SEPmonG3/SEPmonG3/hw/SEPmon.xsa
TRACE::2024-07-06.15:16:59::SCWPlatform::DSA absoulate path C:/Users/gusta/OneDrive/Documents/universidad/4to/1r/SEP/Proyectos/pr2/SEPmonG3/SEPmonG3/hw/SEPmon.xsa
TRACE::2024-07-06.15:16:59::SCWPlatform::DSA directory C:/Users/gusta/OneDrive/Documents/universidad/4to/1r/SEP/Proyectos/pr2/SEPmonG3/SEPmonG3/hw
TRACE::2024-07-06.15:16:59::SCWPlatform:: Platform Path C:/Users/gusta/OneDrive/Documents/universidad/4to/1r/SEP/Proyectos/pr2/SEPmonG3/SEPmonG3/hw/SEPmon.xsa
TRACE::2024-07-06.15:16:59::SCWPlatform:: Unique name xilinx:zybo-z7-10::0.0
TRACE::2024-07-06.15:16:59::SCWPlatform::Trying to set the existing hwdb with name DEMO_wrapper_1
TRACE::2024-07-06.15:16:59::SCWPlatform::Opened existing hwdb DEMO_wrapper_1
TRACE::2024-07-06.15:16:59::SCWPlatform::Found the Hw Db part of the input DSA
TRACE::2024-07-06.15:16:59::SCWPlatform::Trying to open the hw design at C:/Users/gusta/OneDrive/Documents/universidad/4to/1r/SEP/Proyectos/pr2/SEPmonG3/SEPmonG3/hw/SEPmon.xsa
TRACE::2024-07-06.15:16:59::SCWPlatform::DSA given C:/Users/gusta/OneDrive/Documents/universidad/4to/1r/SEP/Proyectos/pr2/SEPmonG3/SEPmonG3/hw/SEPmon.xsa
TRACE::2024-07-06.15:16:59::SCWPlatform::DSA absoulate path C:/Users/gusta/OneDrive/Documents/universidad/4to/1r/SEP/Proyectos/pr2/SEPmonG3/SEPmonG3/hw/SEPmon.xsa
TRACE::2024-07-06.15:16:59::SCWPlatform::DSA directory C:/Users/gusta/OneDrive/Documents/universidad/4to/1r/SEP/Proyectos/pr2/SEPmonG3/SEPmonG3/hw
TRACE::2024-07-06.15:16:59::SCWPlatform:: Platform Path C:/Users/gusta/OneDrive/Documents/universidad/4to/1r/SEP/Proyectos/pr2/SEPmonG3/SEPmonG3/hw/SEPmon.xsa
TRACE::2024-07-06.15:16:59::SCWPlatform:: Unique name xilinx:zybo-z7-10::0.0
TRACE::2024-07-06.15:16:59::SCWPlatform::Trying to set the existing hwdb with name DEMO_wrapper_1
TRACE::2024-07-06.15:16:59::SCWPlatform::Opened existing hwdb DEMO_wrapper_1
TRACE::2024-07-06.15:16:59::SCWPlatform::Found the Hw Db part of the input DSA
TRACE::2024-07-06.15:16:59::SCWPlatform::Trying to open the hw design at C:/Users/gusta/OneDrive/Documents/universidad/4to/1r/SEP/Proyectos/pr2/SEPmonG3/SEPmonG3/hw/SEPmon.xsa
TRACE::2024-07-06.15:16:59::SCWPlatform::DSA given C:/Users/gusta/OneDrive/Documents/universidad/4to/1r/SEP/Proyectos/pr2/SEPmonG3/SEPmonG3/hw/SEPmon.xsa
TRACE::2024-07-06.15:16:59::SCWPlatform::DSA absoulate path C:/Users/gusta/OneDrive/Documents/universidad/4to/1r/SEP/Proyectos/pr2/SEPmonG3/SEPmonG3/hw/SEPmon.xsa
TRACE::2024-07-06.15:16:59::SCWPlatform::DSA directory C:/Users/gusta/OneDrive/Documents/universidad/4to/1r/SEP/Proyectos/pr2/SEPmonG3/SEPmonG3/hw
TRACE::2024-07-06.15:16:59::SCWPlatform:: Platform Path C:/Users/gusta/OneDrive/Documents/universidad/4to/1r/SEP/Proyectos/pr2/SEPmonG3/SEPmonG3/hw/SEPmon.xsa
TRACE::2024-07-06.15:16:59::SCWPlatform:: Unique name xilinx:zybo-z7-10::0.0
TRACE::2024-07-06.15:16:59::SCWPlatform::Trying to set the existing hwdb with name DEMO_wrapper_1
TRACE::2024-07-06.15:16:59::SCWPlatform::Opened existing hwdb DEMO_wrapper_1
TRACE::2024-07-06.15:16:59::SCWPlatform::Found the Hw Db part of the input DSA
TRACE::2024-07-06.15:16:59::SCWMssOS::Checking the sw design at  C:/Users/gusta/OneDrive/Documents/universidad/4to/1r/SEP/Proyectos/pr2/SEPmonG3/SEPmonG3/ps7_cortexa9_0/standalone_domain/bsp/system.mss
TRACE::2024-07-06.15:16:59::SCWMssOS::DEBUG:  swdes dump  C:/Users/gusta/OneDrive/Documents/universidad/4to/1r/SEP/Proyectos/pr2/SEPmonG3/SEPmonG3/zynq_fsbl/zynq_fsbl_bsp/system.mss|system||

TRACE::2024-07-06.15:16:59::SCWMssOS::No sw design opened at  C:/Users/gusta/OneDrive/Documents/universidad/4to/1r/SEP/Proyectos/pr2/SEPmonG3/SEPmonG3/ps7_cortexa9_0/standalone_domain/bsp/system.mss
TRACE::2024-07-06.15:16:59::SCWMssOS::mss exists loading the mss file  C:/Users/gusta/OneDrive/Documents/universidad/4to/1r/SEP/Proyectos/pr2/SEPmonG3/SEPmonG3/ps7_cortexa9_0/standalone_domain/bsp/system.mss
TRACE::2024-07-06.15:16:59::SCWMssOS::Opened the sw design from mss  C:/Users/gusta/OneDrive/Documents/universidad/4to/1r/SEP/Proyectos/pr2/SEPmonG3/SEPmonG3/ps7_cortexa9_0/standalone_domain/bsp/system.mss
TRACE::2024-07-06.15:16:59::SCWMssOS::Adding the swdes entry C:/Users/gusta/OneDrive/Documents/universidad/4to/1r/SEP/Proyectos/pr2/SEPmonG3/SEPmonG3/ps7_cortexa9_0/standalone_domain/bsp/system.mss with des name system_0
TRACE::2024-07-06.15:16:59::SCWMssOS::updating the scw layer about changes
TRACE::2024-07-06.15:16:59::SCWMssOS::Opened the sw design.  C:/Users/gusta/OneDrive/Documents/universidad/4to/1r/SEP/Proyectos/pr2/SEPmonG3/SEPmonG3/ps7_cortexa9_0/standalone_domain/bsp/system.mss
TRACE::2024-07-06.15:16:59::SCWMssOS::Saving the mss changes C:/Users/gusta/OneDrive/Documents/universidad/4to/1r/SEP/Proyectos/pr2/SEPmonG3/SEPmonG3/ps7_cortexa9_0/standalone_domain/bsp/system.mss
TRACE::2024-07-06.15:16:59::SCWMssOS::Found a swdesign opened with the mssfile.
TRACE::2024-07-06.15:16:59::SCWMssOS::Completed writemss as part of save.
TRACE::2024-07-06.15:16:59::SCWMssOS::Commit changes completed.
TRACE::2024-07-06.15:16:59::SCWReader::Adding prebuilt librarypaths as   
TRACE::2024-07-06.15:16:59::SCWReader::Adding prebuilt incpaths  as   
TRACE::2024-07-06.15:16:59::SCWPlatform::Trying to open the hw design at C:/Users/gusta/OneDrive/Documents/universidad/4to/1r/SEP/Proyectos/pr2/SEPmonG3/SEPmonG3/hw/SEPmon.xsa
TRACE::2024-07-06.15:16:59::SCWPlatform::DSA given C:/Users/gusta/OneDrive/Documents/universidad/4to/1r/SEP/Proyectos/pr2/SEPmonG3/SEPmonG3/hw/SEPmon.xsa
TRACE::2024-07-06.15:16:59::SCWPlatform::DSA absoulate path C:/Users/gusta/OneDrive/Documents/universidad/4to/1r/SEP/Proyectos/pr2/SEPmonG3/SEPmonG3/hw/SEPmon.xsa
TRACE::2024-07-06.15:16:59::SCWPlatform::DSA directory C:/Users/gusta/OneDrive/Documents/universidad/4to/1r/SEP/Proyectos/pr2/SEPmonG3/SEPmonG3/hw
TRACE::2024-07-06.15:16:59::SCWPlatform:: Platform Path C:/Users/gusta/OneDrive/Documents/universidad/4to/1r/SEP/Proyectos/pr2/SEPmonG3/SEPmonG3/hw/SEPmon.xsa
TRACE::2024-07-06.15:16:59::SCWPlatform:: Unique name xilinx:zybo-z7-10::0.0
TRACE::2024-07-06.15:16:59::SCWPlatform::Trying to set the existing hwdb with name DEMO_wrapper_1
TRACE::2024-07-06.15:16:59::SCWPlatform::Opened existing hwdb DEMO_wrapper_1
TRACE::2024-07-06.15:16:59::SCWPlatform::Found the Hw Db part of the input DSA
TRACE::2024-07-06.15:16:59::SCWMssOS::Checking the sw design at  C:/Users/gusta/OneDrive/Documents/universidad/4to/1r/SEP/Proyectos/pr2/SEPmonG3/SEPmonG3/ps7_cortexa9_0/standalone_domain/bsp/system.mss
TRACE::2024-07-06.15:16:59::SCWMssOS::DEBUG:  swdes dump  C:/Users/gusta/OneDrive/Documents/universidad/4to/1r/SEP/Proyectos/pr2/SEPmonG3/SEPmonG3/ps7_cortexa9_0/standalone_domain/bsp/system.mss|system_0||
C:/Users/gusta/OneDrive/Documents/universidad/4to/1r/SEP/Proyectos/pr2/SEPmonG3/SEPmonG3/zynq_fsbl/zynq_fsbl_bsp/system.mss|system||

TRACE::2024-07-06.15:16:59::SCWMssOS::Sw design exists and opened at  C:/Users/gusta/OneDrive/Documents/universidad/4to/1r/SEP/Proyectos/pr2/SEPmonG3/SEPmonG3/ps7_cortexa9_0/standalone_domain/bsp/system.mss
TRACE::2024-07-06.15:16:59::SCWReader::No isolation master present  
TRACE::2024-07-06.15:18:14::SCWPlatform::Clearing the existing platform
TRACE::2024-07-06.15:18:14::SCWSystem::Clearing the existing sysconfig
TRACE::2024-07-06.15:18:14::SCWBDomain::clearing the fsbl build
TRACE::2024-07-06.15:18:14::SCWMssOS::Removing the swdes entry for  C:/Users/gusta/OneDrive/Documents/universidad/4to/1r/SEP/Proyectos/pr2/SEPmonG3/SEPmonG3/zynq_fsbl/zynq_fsbl_bsp/system.mss
TRACE::2024-07-06.15:18:14::SCWMssOS::Removing the swdes entry for  C:/Users/gusta/OneDrive/Documents/universidad/4to/1r/SEP/Proyectos/pr2/SEPmonG3/SEPmonG3/ps7_cortexa9_0/standalone_domain/bsp/system.mss
TRACE::2024-07-06.15:18:14::SCWSystem::Clearing the domains completed.
TRACE::2024-07-06.15:18:14::SCWPlatform::Clearing the opened hw db.
TRACE::2024-07-06.15:18:14::SCWPlatform::DSA given C:/Users/gusta/OneDrive/Documents/universidad/4to/1r/SEP/Proyectos/pr2/SEPmonG3/SEPmonG3/hw/SEPmon.xsa
TRACE::2024-07-06.15:18:14::SCWPlatform::DSA absoulate path C:/Users/gusta/OneDrive/Documents/universidad/4to/1r/SEP/Proyectos/pr2/SEPmonG3/SEPmonG3/hw/SEPmon.xsa
TRACE::2024-07-06.15:18:14::SCWPlatform:: Platform location is C:/Users/gusta/OneDrive/Documents/universidad/4to/1r/SEP/Proyectos/pr2/SEPmonG3/SEPmonG3/hw
TRACE::2024-07-06.15:18:14::SCWPlatform:: Platform Path C:/Users/gusta/OneDrive/Documents/universidad/4to/1r/SEP/Proyectos/pr2/SEPmonG3/SEPmonG3/hw/SEPmon.xsa
TRACE::2024-07-06.15:18:14::SCWPlatform:: Unique name xilinx:zybo-z7-10::0.0
TRACE::2024-07-06.15:18:14::SCWPlatform::Removing the HwDB with name C:/Users/gusta/OneDrive/Documents/universidad/4to/1r/SEP/Proyectos/pr2/SEPmonG3/SEPmonG3/hw/SEPmon.xsa
TRACE::2024-07-06.15:18:14::SCWPlatform::Trying to open the hw design at C:/Users/gusta/OneDrive/Documents/universidad/4to/1r/SEP/Proyectos/pr2/SEPmonG3/SEPmonG3/hw/SEPmon.xsa
TRACE::2024-07-06.15:18:14::SCWPlatform::DSA given C:/Users/gusta/OneDrive/Documents/universidad/4to/1r/SEP/Proyectos/pr2/SEPmonG3/SEPmonG3/hw/SEPmon.xsa
TRACE::2024-07-06.15:18:14::SCWPlatform::DSA absoulate path C:/Users/gusta/OneDrive/Documents/universidad/4to/1r/SEP/Proyectos/pr2/SEPmonG3/SEPmonG3/hw/SEPmon.xsa
TRACE::2024-07-06.15:18:14::SCWPlatform::DSA directory C:/Users/gusta/OneDrive/Documents/universidad/4to/1r/SEP/Proyectos/pr2/SEPmonG3/SEPmonG3/hw
TRACE::2024-07-06.15:18:14::SCWPlatform:: Platform Path C:/Users/gusta/OneDrive/Documents/universidad/4to/1r/SEP/Proyectos/pr2/SEPmonG3/SEPmonG3/hw/SEPmon.xsa
TRACE::2024-07-06.15:18:14::SCWPlatform:: Unique name xilinx:zybo-z7-10::0.0
TRACE::2024-07-06.15:18:14::SCWPlatform::Do not have an existing db opened. 
TRACE::2024-07-06.15:18:17::SCWPlatform::Opened new HwDB with name DEMO_wrapper_2
TRACE::2024-07-06.15:18:17::SCWReader::Active system found as  SEPmonG3
TRACE::2024-07-06.15:18:17::SCWReader::Handling sysconfig SEPmonG3
TRACE::2024-07-06.15:18:17::SCWDomain::checking for install qemu data   : 
TRACE::2024-07-06.15:18:17::SCWDomain:: Using the QEMU Data from install at  : C:/Xilinx/Vitis/2020.1/data/emulation/platforms/zynq/qemu/
TRACE::2024-07-06.15:18:17::SCWDomain:: Using the QEMU args  from install at  : C:/Xilinx/Vitis/2020.1/data/emulation/platforms/zynq/qemu/qemu_args.txt
TRACE::2024-07-06.15:18:17::SCWPlatform::Trying to open the hw design at C:/Users/gusta/OneDrive/Documents/universidad/4to/1r/SEP/Proyectos/pr2/SEPmonG3/SEPmonG3/hw/SEPmon.xsa
TRACE::2024-07-06.15:18:17::SCWPlatform::DSA given C:/Users/gusta/OneDrive/Documents/universidad/4to/1r/SEP/Proyectos/pr2/SEPmonG3/SEPmonG3/hw/SEPmon.xsa
TRACE::2024-07-06.15:18:17::SCWPlatform::DSA absoulate path C:/Users/gusta/OneDrive/Documents/universidad/4to/1r/SEP/Proyectos/pr2/SEPmonG3/SEPmonG3/hw/SEPmon.xsa
TRACE::2024-07-06.15:18:17::SCWPlatform::DSA directory C:/Users/gusta/OneDrive/Documents/universidad/4to/1r/SEP/Proyectos/pr2/SEPmonG3/SEPmonG3/hw
TRACE::2024-07-06.15:18:17::SCWPlatform:: Platform Path C:/Users/gusta/OneDrive/Documents/universidad/4to/1r/SEP/Proyectos/pr2/SEPmonG3/SEPmonG3/hw/SEPmon.xsa
TRACE::2024-07-06.15:18:17::SCWPlatform:: Unique name xilinx:zybo-z7-10::0.0
TRACE::2024-07-06.15:18:17::SCWPlatform::Trying to set the existing hwdb with name DEMO_wrapper_2
TRACE::2024-07-06.15:18:17::SCWPlatform::Opened existing hwdb DEMO_wrapper_2
TRACE::2024-07-06.15:18:17::SCWPlatform::Found the Hw Db part of the input DSA
TRACE::2024-07-06.15:18:17::SCWPlatform::Trying to open the hw design at C:/Users/gusta/OneDrive/Documents/universidad/4to/1r/SEP/Proyectos/pr2/SEPmonG3/SEPmonG3/hw/SEPmon.xsa
TRACE::2024-07-06.15:18:17::SCWPlatform::DSA given C:/Users/gusta/OneDrive/Documents/universidad/4to/1r/SEP/Proyectos/pr2/SEPmonG3/SEPmonG3/hw/SEPmon.xsa
TRACE::2024-07-06.15:18:17::SCWPlatform::DSA absoulate path C:/Users/gusta/OneDrive/Documents/universidad/4to/1r/SEP/Proyectos/pr2/SEPmonG3/SEPmonG3/hw/SEPmon.xsa
TRACE::2024-07-06.15:18:17::SCWPlatform::DSA directory C:/Users/gusta/OneDrive/Documents/universidad/4to/1r/SEP/Proyectos/pr2/SEPmonG3/SEPmonG3/hw
TRACE::2024-07-06.15:18:17::SCWPlatform:: Platform Path C:/Users/gusta/OneDrive/Documents/universidad/4to/1r/SEP/Proyectos/pr2/SEPmonG3/SEPmonG3/hw/SEPmon.xsa
TRACE::2024-07-06.15:18:17::SCWPlatform:: Unique name xilinx:zybo-z7-10::0.0
TRACE::2024-07-06.15:18:17::SCWPlatform::Trying to set the existing hwdb with name DEMO_wrapper_2
TRACE::2024-07-06.15:18:17::SCWPlatform::Opened existing hwdb DEMO_wrapper_2
TRACE::2024-07-06.15:18:17::SCWPlatform::Found the Hw Db part of the input DSA
TRACE::2024-07-06.15:18:17::SCWPlatform::Trying to open the hw design at C:/Users/gusta/OneDrive/Documents/universidad/4to/1r/SEP/Proyectos/pr2/SEPmonG3/SEPmonG3/hw/SEPmon.xsa
TRACE::2024-07-06.15:18:17::SCWPlatform::DSA given C:/Users/gusta/OneDrive/Documents/universidad/4to/1r/SEP/Proyectos/pr2/SEPmonG3/SEPmonG3/hw/SEPmon.xsa
TRACE::2024-07-06.15:18:17::SCWPlatform::DSA absoulate path C:/Users/gusta/OneDrive/Documents/universidad/4to/1r/SEP/Proyectos/pr2/SEPmonG3/SEPmonG3/hw/SEPmon.xsa
TRACE::2024-07-06.15:18:17::SCWPlatform::DSA directory C:/Users/gusta/OneDrive/Documents/universidad/4to/1r/SEP/Proyectos/pr2/SEPmonG3/SEPmonG3/hw
TRACE::2024-07-06.15:18:17::SCWPlatform:: Platform Path C:/Users/gusta/OneDrive/Documents/universidad/4to/1r/SEP/Proyectos/pr2/SEPmonG3/SEPmonG3/hw/SEPmon.xsa
TRACE::2024-07-06.15:18:17::SCWPlatform:: Unique name xilinx:zybo-z7-10::0.0
TRACE::2024-07-06.15:18:17::SCWPlatform::Trying to set the existing hwdb with name DEMO_wrapper_2
TRACE::2024-07-06.15:18:17::SCWPlatform::Opened existing hwdb DEMO_wrapper_2
TRACE::2024-07-06.15:18:17::SCWPlatform::Found the Hw Db part of the input DSA
TRACE::2024-07-06.15:18:17::SCWReader::Boot application domain added for zynq_fsbl
TRACE::2024-07-06.15:18:17::SCWPlatform::Trying to open the hw design at C:/Users/gusta/OneDrive/Documents/universidad/4to/1r/SEP/Proyectos/pr2/SEPmonG3/SEPmonG3/hw/SEPmon.xsa
TRACE::2024-07-06.15:18:17::SCWPlatform::DSA given C:/Users/gusta/OneDrive/Documents/universidad/4to/1r/SEP/Proyectos/pr2/SEPmonG3/SEPmonG3/hw/SEPmon.xsa
TRACE::2024-07-06.15:18:17::SCWPlatform::DSA absoulate path C:/Users/gusta/OneDrive/Documents/universidad/4to/1r/SEP/Proyectos/pr2/SEPmonG3/SEPmonG3/hw/SEPmon.xsa
TRACE::2024-07-06.15:18:17::SCWPlatform::DSA directory C:/Users/gusta/OneDrive/Documents/universidad/4to/1r/SEP/Proyectos/pr2/SEPmonG3/SEPmonG3/hw
TRACE::2024-07-06.15:18:17::SCWPlatform:: Platform Path C:/Users/gusta/OneDrive/Documents/universidad/4to/1r/SEP/Proyectos/pr2/SEPmonG3/SEPmonG3/hw/SEPmon.xsa
TRACE::2024-07-06.15:18:17::SCWPlatform:: Unique name xilinx:zybo-z7-10::0.0
TRACE::2024-07-06.15:18:17::SCWPlatform::Trying to set the existing hwdb with name DEMO_wrapper_2
TRACE::2024-07-06.15:18:17::SCWPlatform::Opened existing hwdb DEMO_wrapper_2
TRACE::2024-07-06.15:18:17::SCWPlatform::Found the Hw Db part of the input DSA
TRACE::2024-07-06.15:18:17::SCWMssOS::Checking the sw design at  C:/Users/gusta/OneDrive/Documents/universidad/4to/1r/SEP/Proyectos/pr2/SEPmonG3/SEPmonG3/zynq_fsbl/zynq_fsbl_bsp/system.mss
TRACE::2024-07-06.15:18:17::SCWMssOS::DEBUG:  swdes dump  
TRACE::2024-07-06.15:18:17::SCWMssOS::No sw design opened at  C:/Users/gusta/OneDrive/Documents/universidad/4to/1r/SEP/Proyectos/pr2/SEPmonG3/SEPmonG3/zynq_fsbl/zynq_fsbl_bsp/system.mss
TRACE::2024-07-06.15:18:17::SCWMssOS::mss exists loading the mss file  C:/Users/gusta/OneDrive/Documents/universidad/4to/1r/SEP/Proyectos/pr2/SEPmonG3/SEPmonG3/zynq_fsbl/zynq_fsbl_bsp/system.mss
TRACE::2024-07-06.15:18:17::SCWMssOS::Opened the sw design from mss  C:/Users/gusta/OneDrive/Documents/universidad/4to/1r/SEP/Proyectos/pr2/SEPmonG3/SEPmonG3/zynq_fsbl/zynq_fsbl_bsp/system.mss
TRACE::2024-07-06.15:18:17::SCWMssOS::Adding the swdes entry C:/Users/gusta/OneDrive/Documents/universidad/4to/1r/SEP/Proyectos/pr2/SEPmonG3/SEPmonG3/zynq_fsbl/zynq_fsbl_bsp/system.mss with des name system
TRACE::2024-07-06.15:18:17::SCWMssOS::updating the scw layer about changes
TRACE::2024-07-06.15:18:17::SCWMssOS::Opened the sw design.  C:/Users/gusta/OneDrive/Documents/universidad/4to/1r/SEP/Proyectos/pr2/SEPmonG3/SEPmonG3/zynq_fsbl/zynq_fsbl_bsp/system.mss
TRACE::2024-07-06.15:18:17::SCWPlatform::Trying to open the hw design at C:/Users/gusta/OneDrive/Documents/universidad/4to/1r/SEP/Proyectos/pr2/SEPmonG3/SEPmonG3/hw/SEPmon.xsa
TRACE::2024-07-06.15:18:17::SCWPlatform::DSA given C:/Users/gusta/OneDrive/Documents/universidad/4to/1r/SEP/Proyectos/pr2/SEPmonG3/SEPmonG3/hw/SEPmon.xsa
TRACE::2024-07-06.15:18:17::SCWPlatform::DSA absoulate path C:/Users/gusta/OneDrive/Documents/universidad/4to/1r/SEP/Proyectos/pr2/SEPmonG3/SEPmonG3/hw/SEPmon.xsa
TRACE::2024-07-06.15:18:17::SCWPlatform::DSA directory C:/Users/gusta/OneDrive/Documents/universidad/4to/1r/SEP/Proyectos/pr2/SEPmonG3/SEPmonG3/hw
TRACE::2024-07-06.15:18:17::SCWPlatform:: Platform Path C:/Users/gusta/OneDrive/Documents/universidad/4to/1r/SEP/Proyectos/pr2/SEPmonG3/SEPmonG3/hw/SEPmon.xsa
TRACE::2024-07-06.15:18:17::SCWPlatform:: Unique name xilinx:zybo-z7-10::0.0
TRACE::2024-07-06.15:18:17::SCWPlatform::Trying to set the existing hwdb with name DEMO_wrapper_2
TRACE::2024-07-06.15:18:17::SCWPlatform::Opened existing hwdb DEMO_wrapper_2
TRACE::2024-07-06.15:18:17::SCWPlatform::Found the Hw Db part of the input DSA
TRACE::2024-07-06.15:18:17::SCWMssOS::Checking the sw design at  C:/Users/gusta/OneDrive/Documents/universidad/4to/1r/SEP/Proyectos/pr2/SEPmonG3/SEPmonG3/zynq_fsbl/zynq_fsbl_bsp/system.mss
TRACE::2024-07-06.15:18:17::SCWMssOS::DEBUG:  swdes dump  C:/Users/gusta/OneDrive/Documents/universidad/4to/1r/SEP/Proyectos/pr2/SEPmonG3/SEPmonG3/zynq_fsbl/zynq_fsbl_bsp/system.mss|system||

TRACE::2024-07-06.15:18:17::SCWMssOS::Sw design exists and opened at  C:/Users/gusta/OneDrive/Documents/universidad/4to/1r/SEP/Proyectos/pr2/SEPmonG3/SEPmonG3/zynq_fsbl/zynq_fsbl_bsp/system.mss
TRACE::2024-07-06.15:18:17::SCWMssOS:: library already available in sw design:  xilffs:4.3
TRACE::2024-07-06.15:18:17::SCWPlatform::Trying to open the hw design at C:/Users/gusta/OneDrive/Documents/universidad/4to/1r/SEP/Proyectos/pr2/SEPmonG3/SEPmonG3/hw/SEPmon.xsa
TRACE::2024-07-06.15:18:17::SCWPlatform::DSA given C:/Users/gusta/OneDrive/Documents/universidad/4to/1r/SEP/Proyectos/pr2/SEPmonG3/SEPmonG3/hw/SEPmon.xsa
TRACE::2024-07-06.15:18:17::SCWPlatform::DSA absoulate path C:/Users/gusta/OneDrive/Documents/universidad/4to/1r/SEP/Proyectos/pr2/SEPmonG3/SEPmonG3/hw/SEPmon.xsa
TRACE::2024-07-06.15:18:17::SCWPlatform::DSA directory C:/Users/gusta/OneDrive/Documents/universidad/4to/1r/SEP/Proyectos/pr2/SEPmonG3/SEPmonG3/hw
TRACE::2024-07-06.15:18:17::SCWPlatform:: Platform Path C:/Users/gusta/OneDrive/Documents/universidad/4to/1r/SEP/Proyectos/pr2/SEPmonG3/SEPmonG3/hw/SEPmon.xsa
TRACE::2024-07-06.15:18:17::SCWPlatform:: Unique name xilinx:zybo-z7-10::0.0
TRACE::2024-07-06.15:18:17::SCWPlatform::Trying to set the existing hwdb with name DEMO_wrapper_2
TRACE::2024-07-06.15:18:17::SCWPlatform::Opened existing hwdb DEMO_wrapper_2
TRACE::2024-07-06.15:18:17::SCWPlatform::Found the Hw Db part of the input DSA
TRACE::2024-07-06.15:18:17::SCWMssOS::Checking the sw design at  C:/Users/gusta/OneDrive/Documents/universidad/4to/1r/SEP/Proyectos/pr2/SEPmonG3/SEPmonG3/zynq_fsbl/zynq_fsbl_bsp/system.mss
TRACE::2024-07-06.15:18:17::SCWMssOS::DEBUG:  swdes dump  C:/Users/gusta/OneDrive/Documents/universidad/4to/1r/SEP/Proyectos/pr2/SEPmonG3/SEPmonG3/zynq_fsbl/zynq_fsbl_bsp/system.mss|system||

TRACE::2024-07-06.15:18:17::SCWMssOS::Sw design exists and opened at  C:/Users/gusta/OneDrive/Documents/universidad/4to/1r/SEP/Proyectos/pr2/SEPmonG3/SEPmonG3/zynq_fsbl/zynq_fsbl_bsp/system.mss
TRACE::2024-07-06.15:18:17::SCWMssOS:: library already available in sw design:  xilrsa:1.6
TRACE::2024-07-06.15:18:17::SCWMssOS::Saving the mss changes C:/Users/gusta/OneDrive/Documents/universidad/4to/1r/SEP/Proyectos/pr2/SEPmonG3/SEPmonG3/zynq_fsbl/zynq_fsbl_bsp/system.mss
TRACE::2024-07-06.15:18:17::SCWMssOS::Found a swdesign opened with the mssfile.
TRACE::2024-07-06.15:18:17::SCWMssOS::Completed writemss as part of save.
TRACE::2024-07-06.15:18:17::SCWMssOS::Commit changes completed.
TRACE::2024-07-06.15:18:17::SCWReader::Adding prebuilt librarypaths as   
TRACE::2024-07-06.15:18:17::SCWReader::Adding prebuilt incpaths  as   
TRACE::2024-07-06.15:18:17::SCWPlatform::Trying to open the hw design at C:/Users/gusta/OneDrive/Documents/universidad/4to/1r/SEP/Proyectos/pr2/SEPmonG3/SEPmonG3/hw/SEPmon.xsa
TRACE::2024-07-06.15:18:17::SCWPlatform::DSA given C:/Users/gusta/OneDrive/Documents/universidad/4to/1r/SEP/Proyectos/pr2/SEPmonG3/SEPmonG3/hw/SEPmon.xsa
TRACE::2024-07-06.15:18:17::SCWPlatform::DSA absoulate path C:/Users/gusta/OneDrive/Documents/universidad/4to/1r/SEP/Proyectos/pr2/SEPmonG3/SEPmonG3/hw/SEPmon.xsa
TRACE::2024-07-06.15:18:17::SCWPlatform::DSA directory C:/Users/gusta/OneDrive/Documents/universidad/4to/1r/SEP/Proyectos/pr2/SEPmonG3/SEPmonG3/hw
TRACE::2024-07-06.15:18:17::SCWPlatform:: Platform Path C:/Users/gusta/OneDrive/Documents/universidad/4to/1r/SEP/Proyectos/pr2/SEPmonG3/SEPmonG3/hw/SEPmon.xsa
TRACE::2024-07-06.15:18:17::SCWPlatform:: Unique name xilinx:zybo-z7-10::0.0
TRACE::2024-07-06.15:18:17::SCWPlatform::Trying to set the existing hwdb with name DEMO_wrapper_2
TRACE::2024-07-06.15:18:17::SCWPlatform::Opened existing hwdb DEMO_wrapper_2
TRACE::2024-07-06.15:18:17::SCWPlatform::Found the Hw Db part of the input DSA
TRACE::2024-07-06.15:18:17::SCWMssOS::Checking the sw design at  C:/Users/gusta/OneDrive/Documents/universidad/4to/1r/SEP/Proyectos/pr2/SEPmonG3/SEPmonG3/zynq_fsbl/zynq_fsbl_bsp/system.mss
TRACE::2024-07-06.15:18:17::SCWMssOS::DEBUG:  swdes dump  C:/Users/gusta/OneDrive/Documents/universidad/4to/1r/SEP/Proyectos/pr2/SEPmonG3/SEPmonG3/zynq_fsbl/zynq_fsbl_bsp/system.mss|system||

TRACE::2024-07-06.15:18:17::SCWMssOS::Sw design exists and opened at  C:/Users/gusta/OneDrive/Documents/universidad/4to/1r/SEP/Proyectos/pr2/SEPmonG3/SEPmonG3/zynq_fsbl/zynq_fsbl_bsp/system.mss
TRACE::2024-07-06.15:18:17::SCWReader::No isolation master present  
TRACE::2024-07-06.15:18:17::SCWDomain::checking for install qemu data   : 
TRACE::2024-07-06.15:18:17::SCWDomain:: Using the QEMU Data from install at  : C:/Xilinx/Vitis/2020.1/data/emulation/platforms/zynq/qemu/
TRACE::2024-07-06.15:18:17::SCWDomain:: Using the QEMU args  from install at  : C:/Xilinx/Vitis/2020.1/data/emulation/platforms/zynq/qemu/qemu_args.txt
TRACE::2024-07-06.15:18:17::SCWPlatform::Trying to open the hw design at C:/Users/gusta/OneDrive/Documents/universidad/4to/1r/SEP/Proyectos/pr2/SEPmonG3/SEPmonG3/hw/SEPmon.xsa
TRACE::2024-07-06.15:18:17::SCWPlatform::DSA given C:/Users/gusta/OneDrive/Documents/universidad/4to/1r/SEP/Proyectos/pr2/SEPmonG3/SEPmonG3/hw/SEPmon.xsa
TRACE::2024-07-06.15:18:17::SCWPlatform::DSA absoulate path C:/Users/gusta/OneDrive/Documents/universidad/4to/1r/SEP/Proyectos/pr2/SEPmonG3/SEPmonG3/hw/SEPmon.xsa
TRACE::2024-07-06.15:18:17::SCWPlatform::DSA directory C:/Users/gusta/OneDrive/Documents/universidad/4to/1r/SEP/Proyectos/pr2/SEPmonG3/SEPmonG3/hw
TRACE::2024-07-06.15:18:17::SCWPlatform:: Platform Path C:/Users/gusta/OneDrive/Documents/universidad/4to/1r/SEP/Proyectos/pr2/SEPmonG3/SEPmonG3/hw/SEPmon.xsa
TRACE::2024-07-06.15:18:17::SCWPlatform:: Unique name xilinx:zybo-z7-10::0.0
TRACE::2024-07-06.15:18:17::SCWPlatform::Trying to set the existing hwdb with name DEMO_wrapper_2
TRACE::2024-07-06.15:18:17::SCWPlatform::Opened existing hwdb DEMO_wrapper_2
TRACE::2024-07-06.15:18:17::SCWPlatform::Found the Hw Db part of the input DSA
TRACE::2024-07-06.15:18:17::SCWPlatform::Trying to open the hw design at C:/Users/gusta/OneDrive/Documents/universidad/4to/1r/SEP/Proyectos/pr2/SEPmonG3/SEPmonG3/hw/SEPmon.xsa
TRACE::2024-07-06.15:18:17::SCWPlatform::DSA given C:/Users/gusta/OneDrive/Documents/universidad/4to/1r/SEP/Proyectos/pr2/SEPmonG3/SEPmonG3/hw/SEPmon.xsa
TRACE::2024-07-06.15:18:17::SCWPlatform::DSA absoulate path C:/Users/gusta/OneDrive/Documents/universidad/4to/1r/SEP/Proyectos/pr2/SEPmonG3/SEPmonG3/hw/SEPmon.xsa
TRACE::2024-07-06.15:18:17::SCWPlatform::DSA directory C:/Users/gusta/OneDrive/Documents/universidad/4to/1r/SEP/Proyectos/pr2/SEPmonG3/SEPmonG3/hw
TRACE::2024-07-06.15:18:17::SCWPlatform:: Platform Path C:/Users/gusta/OneDrive/Documents/universidad/4to/1r/SEP/Proyectos/pr2/SEPmonG3/SEPmonG3/hw/SEPmon.xsa
TRACE::2024-07-06.15:18:17::SCWPlatform:: Unique name xilinx:zybo-z7-10::0.0
TRACE::2024-07-06.15:18:17::SCWPlatform::Trying to set the existing hwdb with name DEMO_wrapper_2
TRACE::2024-07-06.15:18:17::SCWPlatform::Opened existing hwdb DEMO_wrapper_2
TRACE::2024-07-06.15:18:17::SCWPlatform::Found the Hw Db part of the input DSA
TRACE::2024-07-06.15:18:17::SCWPlatform::Trying to open the hw design at C:/Users/gusta/OneDrive/Documents/universidad/4to/1r/SEP/Proyectos/pr2/SEPmonG3/SEPmonG3/hw/SEPmon.xsa
TRACE::2024-07-06.15:18:17::SCWPlatform::DSA given C:/Users/gusta/OneDrive/Documents/universidad/4to/1r/SEP/Proyectos/pr2/SEPmonG3/SEPmonG3/hw/SEPmon.xsa
TRACE::2024-07-06.15:18:17::SCWPlatform::DSA absoulate path C:/Users/gusta/OneDrive/Documents/universidad/4to/1r/SEP/Proyectos/pr2/SEPmonG3/SEPmonG3/hw/SEPmon.xsa
TRACE::2024-07-06.15:18:17::SCWPlatform::DSA directory C:/Users/gusta/OneDrive/Documents/universidad/4to/1r/SEP/Proyectos/pr2/SEPmonG3/SEPmonG3/hw
TRACE::2024-07-06.15:18:17::SCWPlatform:: Platform Path C:/Users/gusta/OneDrive/Documents/universidad/4to/1r/SEP/Proyectos/pr2/SEPmonG3/SEPmonG3/hw/SEPmon.xsa
TRACE::2024-07-06.15:18:17::SCWPlatform:: Unique name xilinx:zybo-z7-10::0.0
TRACE::2024-07-06.15:18:17::SCWPlatform::Trying to set the existing hwdb with name DEMO_wrapper_2
TRACE::2024-07-06.15:18:17::SCWPlatform::Opened existing hwdb DEMO_wrapper_2
TRACE::2024-07-06.15:18:17::SCWPlatform::Found the Hw Db part of the input DSA
TRACE::2024-07-06.15:18:17::SCWMssOS::Checking the sw design at  C:/Users/gusta/OneDrive/Documents/universidad/4to/1r/SEP/Proyectos/pr2/SEPmonG3/SEPmonG3/ps7_cortexa9_0/standalone_domain/bsp/system.mss
TRACE::2024-07-06.15:18:17::SCWMssOS::DEBUG:  swdes dump  C:/Users/gusta/OneDrive/Documents/universidad/4to/1r/SEP/Proyectos/pr2/SEPmonG3/SEPmonG3/zynq_fsbl/zynq_fsbl_bsp/system.mss|system||

TRACE::2024-07-06.15:18:17::SCWMssOS::No sw design opened at  C:/Users/gusta/OneDrive/Documents/universidad/4to/1r/SEP/Proyectos/pr2/SEPmonG3/SEPmonG3/ps7_cortexa9_0/standalone_domain/bsp/system.mss
TRACE::2024-07-06.15:18:17::SCWMssOS::mss exists loading the mss file  C:/Users/gusta/OneDrive/Documents/universidad/4to/1r/SEP/Proyectos/pr2/SEPmonG3/SEPmonG3/ps7_cortexa9_0/standalone_domain/bsp/system.mss
TRACE::2024-07-06.15:18:17::SCWMssOS::Opened the sw design from mss  C:/Users/gusta/OneDrive/Documents/universidad/4to/1r/SEP/Proyectos/pr2/SEPmonG3/SEPmonG3/ps7_cortexa9_0/standalone_domain/bsp/system.mss
TRACE::2024-07-06.15:18:17::SCWMssOS::Adding the swdes entry C:/Users/gusta/OneDrive/Documents/universidad/4to/1r/SEP/Proyectos/pr2/SEPmonG3/SEPmonG3/ps7_cortexa9_0/standalone_domain/bsp/system.mss with des name system_0
TRACE::2024-07-06.15:18:17::SCWMssOS::updating the scw layer about changes
TRACE::2024-07-06.15:18:17::SCWMssOS::Opened the sw design.  C:/Users/gusta/OneDrive/Documents/universidad/4to/1r/SEP/Proyectos/pr2/SEPmonG3/SEPmonG3/ps7_cortexa9_0/standalone_domain/bsp/system.mss
TRACE::2024-07-06.15:18:17::SCWMssOS::Saving the mss changes C:/Users/gusta/OneDrive/Documents/universidad/4to/1r/SEP/Proyectos/pr2/SEPmonG3/SEPmonG3/ps7_cortexa9_0/standalone_domain/bsp/system.mss
TRACE::2024-07-06.15:18:17::SCWMssOS::Found a swdesign opened with the mssfile.
TRACE::2024-07-06.15:18:17::SCWMssOS::Completed writemss as part of save.
TRACE::2024-07-06.15:18:17::SCWMssOS::Commit changes completed.
TRACE::2024-07-06.15:18:17::SCWReader::Adding prebuilt librarypaths as   
TRACE::2024-07-06.15:18:17::SCWReader::Adding prebuilt incpaths  as   
TRACE::2024-07-06.15:18:17::SCWPlatform::Trying to open the hw design at C:/Users/gusta/OneDrive/Documents/universidad/4to/1r/SEP/Proyectos/pr2/SEPmonG3/SEPmonG3/hw/SEPmon.xsa
TRACE::2024-07-06.15:18:17::SCWPlatform::DSA given C:/Users/gusta/OneDrive/Documents/universidad/4to/1r/SEP/Proyectos/pr2/SEPmonG3/SEPmonG3/hw/SEPmon.xsa
TRACE::2024-07-06.15:18:17::SCWPlatform::DSA absoulate path C:/Users/gusta/OneDrive/Documents/universidad/4to/1r/SEP/Proyectos/pr2/SEPmonG3/SEPmonG3/hw/SEPmon.xsa
TRACE::2024-07-06.15:18:17::SCWPlatform::DSA directory C:/Users/gusta/OneDrive/Documents/universidad/4to/1r/SEP/Proyectos/pr2/SEPmonG3/SEPmonG3/hw
TRACE::2024-07-06.15:18:17::SCWPlatform:: Platform Path C:/Users/gusta/OneDrive/Documents/universidad/4to/1r/SEP/Proyectos/pr2/SEPmonG3/SEPmonG3/hw/SEPmon.xsa
TRACE::2024-07-06.15:18:17::SCWPlatform:: Unique name xilinx:zybo-z7-10::0.0
TRACE::2024-07-06.15:18:17::SCWPlatform::Trying to set the existing hwdb with name DEMO_wrapper_2
TRACE::2024-07-06.15:18:17::SCWPlatform::Opened existing hwdb DEMO_wrapper_2
TRACE::2024-07-06.15:18:17::SCWPlatform::Found the Hw Db part of the input DSA
TRACE::2024-07-06.15:18:17::SCWMssOS::Checking the sw design at  C:/Users/gusta/OneDrive/Documents/universidad/4to/1r/SEP/Proyectos/pr2/SEPmonG3/SEPmonG3/ps7_cortexa9_0/standalone_domain/bsp/system.mss
TRACE::2024-07-06.15:18:17::SCWMssOS::DEBUG:  swdes dump  C:/Users/gusta/OneDrive/Documents/universidad/4to/1r/SEP/Proyectos/pr2/SEPmonG3/SEPmonG3/ps7_cortexa9_0/standalone_domain/bsp/system.mss|system_0||
C:/Users/gusta/OneDrive/Documents/universidad/4to/1r/SEP/Proyectos/pr2/SEPmonG3/SEPmonG3/zynq_fsbl/zynq_fsbl_bsp/system.mss|system||

TRACE::2024-07-06.15:18:17::SCWMssOS::Sw design exists and opened at  C:/Users/gusta/OneDrive/Documents/universidad/4to/1r/SEP/Proyectos/pr2/SEPmonG3/SEPmonG3/ps7_cortexa9_0/standalone_domain/bsp/system.mss
TRACE::2024-07-06.15:18:17::SCWReader::No isolation master present  
TRACE::2024-07-06.15:18:21::SCWPlatform::Trying to open the hw design at C:/Users/gusta/OneDrive/Documents/universidad/4to/1r/SEP/Proyectos/pr2/SEPmonG3/SEPmonG3/hw/SEPmon.xsa
TRACE::2024-07-06.15:18:21::SCWPlatform::DSA given C:/Users/gusta/OneDrive/Documents/universidad/4to/1r/SEP/Proyectos/pr2/SEPmonG3/SEPmonG3/hw/SEPmon.xsa
TRACE::2024-07-06.15:18:21::SCWPlatform::DSA absoulate path C:/Users/gusta/OneDrive/Documents/universidad/4to/1r/SEP/Proyectos/pr2/SEPmonG3/SEPmonG3/hw/SEPmon.xsa
TRACE::2024-07-06.15:18:21::SCWPlatform::DSA directory C:/Users/gusta/OneDrive/Documents/universidad/4to/1r/SEP/Proyectos/pr2/SEPmonG3/SEPmonG3/hw
TRACE::2024-07-06.15:18:21::SCWPlatform:: Platform Path C:/Users/gusta/OneDrive/Documents/universidad/4to/1r/SEP/Proyectos/pr2/SEPmonG3/SEPmonG3/hw/SEPmon.xsa
TRACE::2024-07-06.15:18:21::SCWPlatform:: Unique name xilinx:zybo-z7-10::0.0
TRACE::2024-07-06.15:18:21::SCWPlatform::Trying to set the existing hwdb with name DEMO_wrapper_2
TRACE::2024-07-06.15:18:21::SCWPlatform::Opened existing hwdb DEMO_wrapper_2
TRACE::2024-07-06.15:18:21::SCWPlatform::Found the Hw Db part of the input DSA
TRACE::2024-07-06.15:18:21::SCWPlatform::DSA given C:/Users/gusta/OneDrive/Documents/universidad/4to/1r/SEP/Proyectos/pr2/SEPmonG3/SEPmonG3/tempdsa/SEPmon.xsa
TRACE::2024-07-06.15:18:21::SCWPlatform::DSA absoulate path C:/Users/gusta/OneDrive/Documents/universidad/4to/1r/SEP/Proyectos/pr2/SEPmonG3/SEPmonG3/tempdsa/SEPmon.xsa
TRACE::2024-07-06.15:18:21::SCWPlatform:: Platform location is C:/Users/gusta/OneDrive/Documents/universidad/4to/1r/SEP/Proyectos/pr2/SEPmonG3/SEPmonG3/tempdsa
TRACE::2024-07-06.15:18:21::SCWPlatform:: Platform Path C:/Users/gusta/OneDrive/Documents/universidad/4to/1r/SEP/Proyectos/pr2/SEPmonG3/SEPmonG3/tempdsa/SEPmon.xsa
TRACE::2024-07-06.15:18:21::SCWPlatform:: Unique name xilinx:zybo-z7-10::0.0
TRACE::2024-07-06.15:18:23::SCWPlatform::Found the Hw Db part of the input DSA
TRACE::2024-07-06.15:18:23::SCWMssOS::Doing hw sync for the mss in domain: zynq_fsbl
TRACE::2024-07-06.15:18:23::SCWPlatform::Trying to open the hw design at C:/Users/gusta/OneDrive/Documents/universidad/4to/1r/SEP/Proyectos/pr2/SEPmonG3/SEPmonG3/hw/SEPmon.xsa
TRACE::2024-07-06.15:18:23::SCWPlatform::DSA given C:/Users/gusta/OneDrive/Documents/universidad/4to/1r/SEP/Proyectos/pr2/SEPmonG3/SEPmonG3/hw/SEPmon.xsa
TRACE::2024-07-06.15:18:23::SCWPlatform::DSA absoulate path C:/Users/gusta/OneDrive/Documents/universidad/4to/1r/SEP/Proyectos/pr2/SEPmonG3/SEPmonG3/hw/SEPmon.xsa
TRACE::2024-07-06.15:18:23::SCWPlatform::DSA directory C:/Users/gusta/OneDrive/Documents/universidad/4to/1r/SEP/Proyectos/pr2/SEPmonG3/SEPmonG3/hw
TRACE::2024-07-06.15:18:23::SCWPlatform:: Platform Path C:/Users/gusta/OneDrive/Documents/universidad/4to/1r/SEP/Proyectos/pr2/SEPmonG3/SEPmonG3/hw/SEPmon.xsa
TRACE::2024-07-06.15:18:23::SCWPlatform:: Unique name xilinx:zybo-z7-10::0.0
TRACE::2024-07-06.15:18:23::SCWPlatform::Trying to set the existing hwdb with name DEMO_wrapper_2
TRACE::2024-07-06.15:18:23::SCWPlatform::Opened existing hwdb DEMO_wrapper_2
TRACE::2024-07-06.15:18:23::SCWPlatform::Found the Hw Db part of the input DSA
TRACE::2024-07-06.15:18:23::SCWPlatform::Trying to open the hw design at C:/Users/gusta/OneDrive/Documents/universidad/4to/1r/SEP/Proyectos/pr2/SEPmonG3/SEPmonG3/hw/SEPmon.xsa
TRACE::2024-07-06.15:18:23::SCWPlatform::DSA given C:/Users/gusta/OneDrive/Documents/universidad/4to/1r/SEP/Proyectos/pr2/SEPmonG3/SEPmonG3/hw/SEPmon.xsa
TRACE::2024-07-06.15:18:23::SCWPlatform::DSA absoulate path C:/Users/gusta/OneDrive/Documents/universidad/4to/1r/SEP/Proyectos/pr2/SEPmonG3/SEPmonG3/hw/SEPmon.xsa
TRACE::2024-07-06.15:18:23::SCWPlatform::DSA directory C:/Users/gusta/OneDrive/Documents/universidad/4to/1r/SEP/Proyectos/pr2/SEPmonG3/SEPmonG3/hw
TRACE::2024-07-06.15:18:23::SCWPlatform:: Platform Path C:/Users/gusta/OneDrive/Documents/universidad/4to/1r/SEP/Proyectos/pr2/SEPmonG3/SEPmonG3/hw/SEPmon.xsa
TRACE::2024-07-06.15:18:23::SCWPlatform:: Unique name xilinx:zybo-z7-10::0.0
TRACE::2024-07-06.15:18:23::SCWPlatform::Trying to set the existing hwdb with name DEMO_wrapper_2
TRACE::2024-07-06.15:18:23::SCWPlatform::Opened existing hwdb DEMO_wrapper_2
TRACE::2024-07-06.15:18:23::SCWPlatform::Found the Hw Db part of the input DSA
TRACE::2024-07-06.15:18:23::SCWMssOS::Checking the sw design at  C:/Users/gusta/OneDrive/Documents/universidad/4to/1r/SEP/Proyectos/pr2/SEPmonG3/SEPmonG3/zynq_fsbl/zynq_fsbl_bsp/system.mss
TRACE::2024-07-06.15:18:23::SCWMssOS::DEBUG:  swdes dump  C:/Users/gusta/OneDrive/Documents/universidad/4to/1r/SEP/Proyectos/pr2/SEPmonG3/SEPmonG3/ps7_cortexa9_0/standalone_domain/bsp/system.mss|system_0||
C:/Users/gusta/OneDrive/Documents/universidad/4to/1r/SEP/Proyectos/pr2/SEPmonG3/SEPmonG3/zynq_fsbl/zynq_fsbl_bsp/system.mss|system||

TRACE::2024-07-06.15:18:23::SCWMssOS::Sw design exists and opened at  C:/Users/gusta/OneDrive/Documents/universidad/4to/1r/SEP/Proyectos/pr2/SEPmonG3/SEPmonG3/zynq_fsbl/zynq_fsbl_bsp/system.mss
TRACE::2024-07-06.15:18:23::SCWPlatform::Trying to open the hw design at C:/Users/gusta/OneDrive/Documents/universidad/4to/1r/SEP/Proyectos/pr2/SEPmonG3/SEPmonG3/tempdsa/SEPmon.xsa
TRACE::2024-07-06.15:18:23::SCWPlatform::DSA given C:/Users/gusta/OneDrive/Documents/universidad/4to/1r/SEP/Proyectos/pr2/SEPmonG3/SEPmonG3/tempdsa/SEPmon.xsa
TRACE::2024-07-06.15:18:23::SCWPlatform::DSA absoulate path C:/Users/gusta/OneDrive/Documents/universidad/4to/1r/SEP/Proyectos/pr2/SEPmonG3/SEPmonG3/tempdsa/SEPmon.xsa
TRACE::2024-07-06.15:18:23::SCWPlatform::DSA directory C:/Users/gusta/OneDrive/Documents/universidad/4to/1r/SEP/Proyectos/pr2/SEPmonG3/SEPmonG3/tempdsa
TRACE::2024-07-06.15:18:23::SCWPlatform:: Platform Path C:/Users/gusta/OneDrive/Documents/universidad/4to/1r/SEP/Proyectos/pr2/SEPmonG3/SEPmonG3/tempdsa/SEPmon.xsa
TRACE::2024-07-06.15:18:23::SCWPlatform:: Unique name xilinx:zybo-z7-10::0.0
TRACE::2024-07-06.15:18:23::SCWPlatform::update - Opened existing hwdb DEMO_wrapper_3
TRACE::2024-07-06.15:18:23::SCWPlatform::Found the Hw Db part of the input DSA
TRACE::2024-07-06.15:18:23::SCWMssOS::Doing hw sync for the mss in domain: standalone_domain
TRACE::2024-07-06.15:18:23::SCWPlatform::Trying to open the hw design at C:/Users/gusta/OneDrive/Documents/universidad/4to/1r/SEP/Proyectos/pr2/SEPmonG3/SEPmonG3/hw/SEPmon.xsa
TRACE::2024-07-06.15:18:23::SCWPlatform::DSA given C:/Users/gusta/OneDrive/Documents/universidad/4to/1r/SEP/Proyectos/pr2/SEPmonG3/SEPmonG3/hw/SEPmon.xsa
TRACE::2024-07-06.15:18:23::SCWPlatform::DSA absoulate path C:/Users/gusta/OneDrive/Documents/universidad/4to/1r/SEP/Proyectos/pr2/SEPmonG3/SEPmonG3/hw/SEPmon.xsa
TRACE::2024-07-06.15:18:23::SCWPlatform::DSA directory C:/Users/gusta/OneDrive/Documents/universidad/4to/1r/SEP/Proyectos/pr2/SEPmonG3/SEPmonG3/hw
TRACE::2024-07-06.15:18:23::SCWPlatform:: Platform Path C:/Users/gusta/OneDrive/Documents/universidad/4to/1r/SEP/Proyectos/pr2/SEPmonG3/SEPmonG3/hw/SEPmon.xsa
TRACE::2024-07-06.15:18:23::SCWPlatform:: Unique name xilinx:zybo-z7-10::0.0
TRACE::2024-07-06.15:18:23::SCWPlatform::Trying to set the existing hwdb with name DEMO_wrapper_2
TRACE::2024-07-06.15:18:23::SCWPlatform::Opened existing hwdb DEMO_wrapper_2
TRACE::2024-07-06.15:18:23::SCWPlatform::Found the Hw Db part of the input DSA
TRACE::2024-07-06.15:18:23::SCWPlatform::Trying to open the hw design at C:/Users/gusta/OneDrive/Documents/universidad/4to/1r/SEP/Proyectos/pr2/SEPmonG3/SEPmonG3/hw/SEPmon.xsa
TRACE::2024-07-06.15:18:23::SCWPlatform::DSA given C:/Users/gusta/OneDrive/Documents/universidad/4to/1r/SEP/Proyectos/pr2/SEPmonG3/SEPmonG3/hw/SEPmon.xsa
TRACE::2024-07-06.15:18:23::SCWPlatform::DSA absoulate path C:/Users/gusta/OneDrive/Documents/universidad/4to/1r/SEP/Proyectos/pr2/SEPmonG3/SEPmonG3/hw/SEPmon.xsa
TRACE::2024-07-06.15:18:23::SCWPlatform::DSA directory C:/Users/gusta/OneDrive/Documents/universidad/4to/1r/SEP/Proyectos/pr2/SEPmonG3/SEPmonG3/hw
TRACE::2024-07-06.15:18:23::SCWPlatform:: Platform Path C:/Users/gusta/OneDrive/Documents/universidad/4to/1r/SEP/Proyectos/pr2/SEPmonG3/SEPmonG3/hw/SEPmon.xsa
TRACE::2024-07-06.15:18:23::SCWPlatform:: Unique name xilinx:zybo-z7-10::0.0
TRACE::2024-07-06.15:18:23::SCWPlatform::Trying to set the existing hwdb with name DEMO_wrapper_2
TRACE::2024-07-06.15:18:23::SCWPlatform::Opened existing hwdb DEMO_wrapper_2
TRACE::2024-07-06.15:18:23::SCWPlatform::Found the Hw Db part of the input DSA
TRACE::2024-07-06.15:18:23::SCWMssOS::Checking the sw design at  C:/Users/gusta/OneDrive/Documents/universidad/4to/1r/SEP/Proyectos/pr2/SEPmonG3/SEPmonG3/ps7_cortexa9_0/standalone_domain/bsp/system.mss
TRACE::2024-07-06.15:18:23::SCWMssOS::DEBUG:  swdes dump  C:/Users/gusta/OneDrive/Documents/universidad/4to/1r/SEP/Proyectos/pr2/SEPmonG3/SEPmonG3/ps7_cortexa9_0/standalone_domain/bsp/system.mss|system_0||
C:/Users/gusta/OneDrive/Documents/universidad/4to/1r/SEP/Proyectos/pr2/SEPmonG3/SEPmonG3/zynq_fsbl/zynq_fsbl_bsp/system.mss|system||

TRACE::2024-07-06.15:18:23::SCWMssOS::Sw design exists and opened at  C:/Users/gusta/OneDrive/Documents/universidad/4to/1r/SEP/Proyectos/pr2/SEPmonG3/SEPmonG3/ps7_cortexa9_0/standalone_domain/bsp/system.mss
TRACE::2024-07-06.15:18:23::SCWPlatform::Trying to open the hw design at C:/Users/gusta/OneDrive/Documents/universidad/4to/1r/SEP/Proyectos/pr2/SEPmonG3/SEPmonG3/tempdsa/SEPmon.xsa
TRACE::2024-07-06.15:18:23::SCWPlatform::DSA given C:/Users/gusta/OneDrive/Documents/universidad/4to/1r/SEP/Proyectos/pr2/SEPmonG3/SEPmonG3/tempdsa/SEPmon.xsa
TRACE::2024-07-06.15:18:23::SCWPlatform::DSA absoulate path C:/Users/gusta/OneDrive/Documents/universidad/4to/1r/SEP/Proyectos/pr2/SEPmonG3/SEPmonG3/tempdsa/SEPmon.xsa
TRACE::2024-07-06.15:18:23::SCWPlatform::DSA directory C:/Users/gusta/OneDrive/Documents/universidad/4to/1r/SEP/Proyectos/pr2/SEPmonG3/SEPmonG3/tempdsa
TRACE::2024-07-06.15:18:23::SCWPlatform:: Platform Path C:/Users/gusta/OneDrive/Documents/universidad/4to/1r/SEP/Proyectos/pr2/SEPmonG3/SEPmonG3/tempdsa/SEPmon.xsa
TRACE::2024-07-06.15:18:23::SCWPlatform:: Unique name xilinx:zybo-z7-10::0.0
TRACE::2024-07-06.15:18:23::SCWPlatform::update - Opened existing hwdb DEMO_wrapper_3
TRACE::2024-07-06.15:18:23::SCWPlatform::Found the Hw Db part of the input DSA
TRACE::2024-07-06.15:18:23::SCWMssOS::Saving the mss changes C:/Users/gusta/OneDrive/Documents/universidad/4to/1r/SEP/Proyectos/pr2/SEPmonG3/SEPmonG3/zynq_fsbl/zynq_fsbl_bsp/system.mss
TRACE::2024-07-06.15:18:23::SCWMssOS::Found a swdesign opened with the mssfile.
TRACE::2024-07-06.15:18:23::SCWMssOS::Completed writemss as part of save.
TRACE::2024-07-06.15:18:23::SCWMssOS::Commit changes completed.
TRACE::2024-07-06.15:18:23::SCWMssOS::Completed hw sync for the mss in domain: zynq_fsbl
TRACE::2024-07-06.15:18:23::SCWMssOS::Removing the swdes entry for  C:/Users/gusta/OneDrive/Documents/universidad/4to/1r/SEP/Proyectos/pr2/SEPmonG3/SEPmonG3/zynq_fsbl/zynq_fsbl_bsp/system.mss
TRACE::2024-07-06.15:18:23::SCWMssOS::Saving the mss changes C:/Users/gusta/OneDrive/Documents/universidad/4to/1r/SEP/Proyectos/pr2/SEPmonG3/SEPmonG3/ps7_cortexa9_0/standalone_domain/bsp/system.mss
TRACE::2024-07-06.15:18:23::SCWMssOS::Found a swdesign opened with the mssfile.
TRACE::2024-07-06.15:18:23::SCWMssOS::Completed writemss as part of save.
TRACE::2024-07-06.15:18:23::SCWMssOS::Commit changes completed.
TRACE::2024-07-06.15:18:23::SCWMssOS::Completed hw sync for the mss in domain: standalone_domain
TRACE::2024-07-06.15:18:23::SCWMssOS::Removing the swdes entry for  C:/Users/gusta/OneDrive/Documents/universidad/4to/1r/SEP/Proyectos/pr2/SEPmonG3/SEPmonG3/ps7_cortexa9_0/standalone_domain/bsp/system.mss
TRACE::2024-07-06.15:18:23::SCWPlatform::Trying to open the hw design at C:/Users/gusta/OneDrive/Documents/universidad/4to/1r/SEP/Proyectos/pr2/SEPmonG3/SEPmonG3/hw/SEPmon.xsa
TRACE::2024-07-06.15:18:23::SCWPlatform::DSA given C:/Users/gusta/OneDrive/Documents/universidad/4to/1r/SEP/Proyectos/pr2/SEPmonG3/SEPmonG3/hw/SEPmon.xsa
TRACE::2024-07-06.15:18:23::SCWPlatform::DSA absoulate path C:/Users/gusta/OneDrive/Documents/universidad/4to/1r/SEP/Proyectos/pr2/SEPmonG3/SEPmonG3/hw/SEPmon.xsa
TRACE::2024-07-06.15:18:23::SCWPlatform::DSA directory C:/Users/gusta/OneDrive/Documents/universidad/4to/1r/SEP/Proyectos/pr2/SEPmonG3/SEPmonG3/hw
TRACE::2024-07-06.15:18:23::SCWPlatform:: Platform Path C:/Users/gusta/OneDrive/Documents/universidad/4to/1r/SEP/Proyectos/pr2/SEPmonG3/SEPmonG3/hw/SEPmon.xsa
TRACE::2024-07-06.15:18:23::SCWPlatform:: Unique name xilinx:zybo-z7-10::0.0
TRACE::2024-07-06.15:18:23::SCWPlatform::Do not have an existing db opened. 
TRACE::2024-07-06.15:18:26::SCWPlatform::Opened new HwDB with name DEMO_wrapper_4
TRACE::2024-07-06.15:18:26::SCWPlatform::Trying to open the hw design at C:/Users/gusta/OneDrive/Documents/universidad/4to/1r/SEP/Proyectos/pr2/SEPmonG3/SEPmonG3/hw/SEPmon.xsa
TRACE::2024-07-06.15:18:26::SCWPlatform::DSA given C:/Users/gusta/OneDrive/Documents/universidad/4to/1r/SEP/Proyectos/pr2/SEPmonG3/SEPmonG3/hw/SEPmon.xsa
TRACE::2024-07-06.15:18:26::SCWPlatform::DSA absoulate path C:/Users/gusta/OneDrive/Documents/universidad/4to/1r/SEP/Proyectos/pr2/SEPmonG3/SEPmonG3/hw/SEPmon.xsa
TRACE::2024-07-06.15:18:26::SCWPlatform::DSA directory C:/Users/gusta/OneDrive/Documents/universidad/4to/1r/SEP/Proyectos/pr2/SEPmonG3/SEPmonG3/hw
TRACE::2024-07-06.15:18:26::SCWPlatform:: Platform Path C:/Users/gusta/OneDrive/Documents/universidad/4to/1r/SEP/Proyectos/pr2/SEPmonG3/SEPmonG3/hw/SEPmon.xsa
TRACE::2024-07-06.15:18:26::SCWPlatform:: Unique name xilinx:zybo-z7-10::0.0
TRACE::2024-07-06.15:18:26::SCWPlatform::Trying to set the existing hwdb with name DEMO_wrapper_4
TRACE::2024-07-06.15:18:26::SCWPlatform::Opened existing hwdb DEMO_wrapper_4
TRACE::2024-07-06.15:18:26::SCWPlatform::Found the Hw Db part of the input DSA
TRACE::2024-07-06.15:18:26::SCWMssOS::Checking the sw design at  C:/Users/gusta/OneDrive/Documents/universidad/4to/1r/SEP/Proyectos/pr2/SEPmonG3/SEPmonG3/zynq_fsbl/zynq_fsbl_bsp/system.mss
TRACE::2024-07-06.15:18:26::SCWMssOS::DEBUG:  swdes dump  
TRACE::2024-07-06.15:18:26::SCWMssOS::No sw design opened at  C:/Users/gusta/OneDrive/Documents/universidad/4to/1r/SEP/Proyectos/pr2/SEPmonG3/SEPmonG3/zynq_fsbl/zynq_fsbl_bsp/system.mss
TRACE::2024-07-06.15:18:26::SCWMssOS::mss exists loading the mss file  C:/Users/gusta/OneDrive/Documents/universidad/4to/1r/SEP/Proyectos/pr2/SEPmonG3/SEPmonG3/zynq_fsbl/zynq_fsbl_bsp/system.mss
TRACE::2024-07-06.15:18:26::SCWMssOS::Opened the sw design from mss  C:/Users/gusta/OneDrive/Documents/universidad/4to/1r/SEP/Proyectos/pr2/SEPmonG3/SEPmonG3/zynq_fsbl/zynq_fsbl_bsp/system.mss
TRACE::2024-07-06.15:18:26::SCWMssOS::Adding the swdes entry C:/Users/gusta/OneDrive/Documents/universidad/4to/1r/SEP/Proyectos/pr2/SEPmonG3/SEPmonG3/zynq_fsbl/zynq_fsbl_bsp/system.mss with des name system
TRACE::2024-07-06.15:18:26::SCWMssOS::updating the scw layer about changes
TRACE::2024-07-06.15:18:26::SCWMssOS::Opened the sw design.  C:/Users/gusta/OneDrive/Documents/universidad/4to/1r/SEP/Proyectos/pr2/SEPmonG3/SEPmonG3/zynq_fsbl/zynq_fsbl_bsp/system.mss
TRACE::2024-07-06.15:18:26::SCWMssOS::Saving the mss changes C:/Users/gusta/OneDrive/Documents/universidad/4to/1r/SEP/Proyectos/pr2/SEPmonG3/SEPmonG3/zynq_fsbl/zynq_fsbl_bsp/system.mss
TRACE::2024-07-06.15:18:26::SCWMssOS::Found a swdesign opened with the mssfile.
TRACE::2024-07-06.15:18:26::SCWMssOS::Completed writemss as part of save.
TRACE::2024-07-06.15:18:26::SCWMssOS::Commit changes completed.
TRACE::2024-07-06.15:18:26::SCWMssOS::Saving the mss changes C:/Users/gusta/OneDrive/Documents/universidad/4to/1r/SEP/Proyectos/pr2/SEPmonG3/SEPmonG3/ps7_cortexa9_0/standalone_domain/bsp/system.mss
TRACE::2024-07-06.15:18:26::SCWMssOS::Adding the swdes entry, mss present, able to open swdb C:/Users/gusta/OneDrive/Documents/universidad/4to/1r/SEP/Proyectos/pr2/SEPmonG3/SEPmonG3/ps7_cortexa9_0/standalone_domain/bsp/system.mss with des name system_0
TRACE::2024-07-06.15:18:26::SCWMssOS::Writing the mss file completed C:/Users/gusta/OneDrive/Documents/universidad/4to/1r/SEP/Proyectos/pr2/SEPmonG3/SEPmonG3/ps7_cortexa9_0/standalone_domain/bsp/system.mss
TRACE::2024-07-06.15:18:26::SCWMssOS::Commit changes completed.
TRACE::2024-07-06.15:18:26::SCWPlatform::Trying to open the hw design at C:/Users/gusta/OneDrive/Documents/universidad/4to/1r/SEP/Proyectos/pr2/SEPmonG3/SEPmonG3/hw/SEPmon.xsa
TRACE::2024-07-06.15:18:26::SCWPlatform::DSA given C:/Users/gusta/OneDrive/Documents/universidad/4to/1r/SEP/Proyectos/pr2/SEPmonG3/SEPmonG3/hw/SEPmon.xsa
TRACE::2024-07-06.15:18:26::SCWPlatform::DSA absoulate path C:/Users/gusta/OneDrive/Documents/universidad/4to/1r/SEP/Proyectos/pr2/SEPmonG3/SEPmonG3/hw/SEPmon.xsa
TRACE::2024-07-06.15:18:26::SCWPlatform::DSA directory C:/Users/gusta/OneDrive/Documents/universidad/4to/1r/SEP/Proyectos/pr2/SEPmonG3/SEPmonG3/hw
TRACE::2024-07-06.15:18:26::SCWPlatform:: Platform Path C:/Users/gusta/OneDrive/Documents/universidad/4to/1r/SEP/Proyectos/pr2/SEPmonG3/SEPmonG3/hw/SEPmon.xsa
TRACE::2024-07-06.15:18:26::SCWPlatform:: Unique name xilinx:zybo-z7-10::0.0
TRACE::2024-07-06.15:18:26::SCWPlatform::Trying to set the existing hwdb with name DEMO_wrapper_4
TRACE::2024-07-06.15:18:26::SCWPlatform::Opened existing hwdb DEMO_wrapper_4
TRACE::2024-07-06.15:18:26::SCWPlatform::Found the Hw Db part of the input DSA
TRACE::2024-07-06.15:18:26::SCWMssOS::Checking the sw design at  C:/Users/gusta/OneDrive/Documents/universidad/4to/1r/SEP/Proyectos/pr2/SEPmonG3/SEPmonG3/zynq_fsbl/zynq_fsbl_bsp/system.mss
TRACE::2024-07-06.15:18:26::SCWMssOS::DEBUG:  swdes dump  C:/Users/gusta/OneDrive/Documents/universidad/4to/1r/SEP/Proyectos/pr2/SEPmonG3/SEPmonG3/ps7_cortexa9_0/standalone_domain/bsp/system.mss|system_0||
C:/Users/gusta/OneDrive/Documents/universidad/4to/1r/SEP/Proyectos/pr2/SEPmonG3/SEPmonG3/zynq_fsbl/zynq_fsbl_bsp/system.mss|system||

TRACE::2024-07-06.15:18:26::SCWMssOS::Sw design exists and opened at  C:/Users/gusta/OneDrive/Documents/universidad/4to/1r/SEP/Proyectos/pr2/SEPmonG3/SEPmonG3/zynq_fsbl/zynq_fsbl_bsp/system.mss
TRACE::2024-07-06.15:18:26::SCWPlatform::Trying to open the hw design at C:/Users/gusta/OneDrive/Documents/universidad/4to/1r/SEP/Proyectos/pr2/SEPmonG3/SEPmonG3/hw/SEPmon.xsa
TRACE::2024-07-06.15:18:26::SCWPlatform::DSA given C:/Users/gusta/OneDrive/Documents/universidad/4to/1r/SEP/Proyectos/pr2/SEPmonG3/SEPmonG3/hw/SEPmon.xsa
TRACE::2024-07-06.15:18:26::SCWPlatform::DSA absoulate path C:/Users/gusta/OneDrive/Documents/universidad/4to/1r/SEP/Proyectos/pr2/SEPmonG3/SEPmonG3/hw/SEPmon.xsa
TRACE::2024-07-06.15:18:26::SCWPlatform::DSA directory C:/Users/gusta/OneDrive/Documents/universidad/4to/1r/SEP/Proyectos/pr2/SEPmonG3/SEPmonG3/hw
TRACE::2024-07-06.15:18:26::SCWPlatform:: Platform Path C:/Users/gusta/OneDrive/Documents/universidad/4to/1r/SEP/Proyectos/pr2/SEPmonG3/SEPmonG3/hw/SEPmon.xsa
TRACE::2024-07-06.15:18:26::SCWPlatform:: Unique name xilinx:zybo-z7-10::0.0
TRACE::2024-07-06.15:18:26::SCWPlatform::Trying to set the existing hwdb with name DEMO_wrapper_4
TRACE::2024-07-06.15:18:26::SCWPlatform::Opened existing hwdb DEMO_wrapper_4
TRACE::2024-07-06.15:18:26::SCWPlatform::Found the Hw Db part of the input DSA
TRACE::2024-07-06.15:18:26::SCWMssOS::Checking the sw design at  C:/Users/gusta/OneDrive/Documents/universidad/4to/1r/SEP/Proyectos/pr2/SEPmonG3/SEPmonG3/ps7_cortexa9_0/standalone_domain/bsp/system.mss
TRACE::2024-07-06.15:18:26::SCWMssOS::DEBUG:  swdes dump  C:/Users/gusta/OneDrive/Documents/universidad/4to/1r/SEP/Proyectos/pr2/SEPmonG3/SEPmonG3/ps7_cortexa9_0/standalone_domain/bsp/system.mss|system_0||
C:/Users/gusta/OneDrive/Documents/universidad/4to/1r/SEP/Proyectos/pr2/SEPmonG3/SEPmonG3/zynq_fsbl/zynq_fsbl_bsp/system.mss|system||

TRACE::2024-07-06.15:18:26::SCWMssOS::Sw design exists and opened at  C:/Users/gusta/OneDrive/Documents/universidad/4to/1r/SEP/Proyectos/pr2/SEPmonG3/SEPmonG3/ps7_cortexa9_0/standalone_domain/bsp/system.mss
TRACE::2024-07-06.15:18:26::SCWWriter::formatted JSON is {
	"platformName":	"SEPmonG3",
	"sprVersion":	"2.0",
	"mode":	"gui",
	"dsaType":	"Fixed",
	"platformDesc":	"SEPmonG3",
	"platHandOff":	"C:/Users/gusta/OneDrive/Documents/universidad/4to/1r/SEP/Proyectos/pr2/SEPmonG3/SEPmon/SEPmon.xsa",
	"platIntHandOff":	"<platformDir>/hw/SEPmon.xsa",
	"deviceType":	"zynq",
	"platIsPrebuiltAutogen":	"false",
	"platIsNoBootBsp":	"false",
	"hasFsblMakeHasChanges":	"false",
	"hasPmufwMakeHasChanges":	"false",
	"fsblExtraCompilerFlags":	"-MMD -MP       -mcpu=cortex-a9 -mfpu=vfpv3 -mfloat-abi=hard ",
	"platPreBuiltFlag":	false,
	"platformSamplesDir":	"",
	"platActiveSys":	"SEPmonG3",
	"systems":	[{
			"systemName":	"SEPmonG3",
			"systemDesc":	"SEPmonG3",
			"sysIsBootAutoGen":	"true",
			"systemDispName":	"SEPmonG3",
			"sysActiveDom":	"standalone_domain",
			"sysDefaultDom":	"standalone_domain",
			"domains":	[{
					"domainName":	"zynq_fsbl",
					"domainDispName":	"zynq_fsbl",
					"domainDesc":	"FSBL Application BSP - Auto Generated.",
					"processors":	"ps7_cortexa9_0",
					"os":	"standalone",
					"sdxOs":	"standalone",
					"debugEnable":	"",
					"domRuntimes":	["cpp"],
					"swRepo":	"",
					"mssOsVer":	"7.2",
					"mssFile":	"",
					"md5Digest":	"02312b845700e4a4fd39dd786149f184",
					"compatibleApp":	"zynq_fsbl",
					"domType":	"bootDomain",
					"appSettings":	{
						"appCompilerFlags":	"",
						"appLinkerFlags":	""
					},
					"addedLibs":	["xilffs:4.3", "xilrsa:1.6"],
					"libOptions":	{
						"libsContainingOptions":	[]
					},
					"prebuiltLibs":	{
						"prebuiltIncPath":	[],
						"prebuiltLibPath":	[]
					},
					"isolation":	{
					}
				}, {
					"domainName":	"standalone_domain",
					"domainDispName":	"standalone on ps7_cortexa9_0",
					"domainDesc":	"standalone_domain",
					"processors":	"ps7_cortexa9_0",
					"os":	"standalone",
					"sdxOs":	"standalone",
					"qemuArgs":	"C:/Xilinx/Vitis/2020.1/data/emulation/platforms/zynq/qemu/qemu_args.txt",
					"qemuData":	"C:/Xilinx/Vitis/2020.1/data/emulation/platforms/zynq/qemu/",
					"debugEnable":	"False",
					"domRuntimes":	["cpp"],
					"swRepo":	"",
					"mssOsVer":	"7.2",
					"mssFile":	"",
					"md5Digest":	"66dd88408418c3412ef42766414a5b97",
					"compatibleApp":	"",
					"domType":	"mssDomain",
					"appSettings":	{
						"appCompilerFlags":	"",
						"appLinkerFlags":	""
					},
					"addedLibs":	[],
					"libOptions":	{
						"libsContainingOptions":	[]
					},
					"prebuiltLibs":	{
						"prebuiltIncPath":	[],
						"prebuiltLibPath":	[]
					},
					"isolation":	{
					}
				}]
		}]
}
TRACE::2024-07-06.15:18:26::SCWPlatform::Clearing the existing platform
TRACE::2024-07-06.15:18:26::SCWSystem::Clearing the existing sysconfig
TRACE::2024-07-06.15:18:26::SCWBDomain::clearing the fsbl build
TRACE::2024-07-06.15:18:26::SCWMssOS::Removing the swdes entry for  C:/Users/gusta/OneDrive/Documents/universidad/4to/1r/SEP/Proyectos/pr2/SEPmonG3/SEPmonG3/zynq_fsbl/zynq_fsbl_bsp/system.mss
TRACE::2024-07-06.15:18:26::SCWMssOS::Removing the swdes entry for  C:/Users/gusta/OneDrive/Documents/universidad/4to/1r/SEP/Proyectos/pr2/SEPmonG3/SEPmonG3/ps7_cortexa9_0/standalone_domain/bsp/system.mss
TRACE::2024-07-06.15:18:26::SCWSystem::Clearing the domains completed.
TRACE::2024-07-06.15:18:26::SCWPlatform::Clearing the opened hw db.
TRACE::2024-07-06.15:18:26::SCWPlatform::DSA given C:/Users/gusta/OneDrive/Documents/universidad/4to/1r/SEP/Proyectos/pr2/SEPmonG3/SEPmonG3/hw/SEPmon.xsa
TRACE::2024-07-06.15:18:26::SCWPlatform::DSA absoulate path C:/Users/gusta/OneDrive/Documents/universidad/4to/1r/SEP/Proyectos/pr2/SEPmonG3/SEPmonG3/hw/SEPmon.xsa
TRACE::2024-07-06.15:18:26::SCWPlatform:: Platform location is C:/Users/gusta/OneDrive/Documents/universidad/4to/1r/SEP/Proyectos/pr2/SEPmonG3/SEPmonG3/hw
TRACE::2024-07-06.15:18:26::SCWPlatform:: Platform Path C:/Users/gusta/OneDrive/Documents/universidad/4to/1r/SEP/Proyectos/pr2/SEPmonG3/SEPmonG3/hw/SEPmon.xsa
TRACE::2024-07-06.15:18:26::SCWPlatform:: Unique name xilinx:zybo-z7-10::0.0
TRACE::2024-07-06.15:18:26::SCWPlatform::Removing the HwDB with name C:/Users/gusta/OneDrive/Documents/universidad/4to/1r/SEP/Proyectos/pr2/SEPmonG3/SEPmonG3/hw/SEPmon.xsa
TRACE::2024-07-06.15:18:26::SCWPlatform::Trying to open the hw design at C:/Users/gusta/OneDrive/Documents/universidad/4to/1r/SEP/Proyectos/pr2/SEPmonG3/SEPmonG3/hw/SEPmon.xsa
TRACE::2024-07-06.15:18:26::SCWPlatform::DSA given C:/Users/gusta/OneDrive/Documents/universidad/4to/1r/SEP/Proyectos/pr2/SEPmonG3/SEPmonG3/hw/SEPmon.xsa
TRACE::2024-07-06.15:18:26::SCWPlatform::DSA absoulate path C:/Users/gusta/OneDrive/Documents/universidad/4to/1r/SEP/Proyectos/pr2/SEPmonG3/SEPmonG3/hw/SEPmon.xsa
TRACE::2024-07-06.15:18:26::SCWPlatform::DSA directory C:/Users/gusta/OneDrive/Documents/universidad/4to/1r/SEP/Proyectos/pr2/SEPmonG3/SEPmonG3/hw
TRACE::2024-07-06.15:18:26::SCWPlatform:: Platform Path C:/Users/gusta/OneDrive/Documents/universidad/4to/1r/SEP/Proyectos/pr2/SEPmonG3/SEPmonG3/hw/SEPmon.xsa
TRACE::2024-07-06.15:18:26::SCWPlatform:: Unique name xilinx:zybo-z7-10::0.0
TRACE::2024-07-06.15:18:26::SCWPlatform::Do not have an existing db opened. 
TRACE::2024-07-06.15:18:28::SCWPlatform::Opened new HwDB with name DEMO_wrapper_5
TRACE::2024-07-06.15:18:28::SCWReader::Active system found as  SEPmonG3
TRACE::2024-07-06.15:18:28::SCWReader::Handling sysconfig SEPmonG3
TRACE::2024-07-06.15:18:28::SCWDomain::checking for install qemu data   : 
TRACE::2024-07-06.15:18:28::SCWDomain:: Using the QEMU Data from install at  : C:/Xilinx/Vitis/2020.1/data/emulation/platforms/zynq/qemu/
TRACE::2024-07-06.15:18:28::SCWDomain:: Using the QEMU args  from install at  : C:/Xilinx/Vitis/2020.1/data/emulation/platforms/zynq/qemu/qemu_args.txt
TRACE::2024-07-06.15:18:28::SCWPlatform::Trying to open the hw design at C:/Users/gusta/OneDrive/Documents/universidad/4to/1r/SEP/Proyectos/pr2/SEPmonG3/SEPmonG3/hw/SEPmon.xsa
TRACE::2024-07-06.15:18:28::SCWPlatform::DSA given C:/Users/gusta/OneDrive/Documents/universidad/4to/1r/SEP/Proyectos/pr2/SEPmonG3/SEPmonG3/hw/SEPmon.xsa
TRACE::2024-07-06.15:18:28::SCWPlatform::DSA absoulate path C:/Users/gusta/OneDrive/Documents/universidad/4to/1r/SEP/Proyectos/pr2/SEPmonG3/SEPmonG3/hw/SEPmon.xsa
TRACE::2024-07-06.15:18:28::SCWPlatform::DSA directory C:/Users/gusta/OneDrive/Documents/universidad/4to/1r/SEP/Proyectos/pr2/SEPmonG3/SEPmonG3/hw
TRACE::2024-07-06.15:18:28::SCWPlatform:: Platform Path C:/Users/gusta/OneDrive/Documents/universidad/4to/1r/SEP/Proyectos/pr2/SEPmonG3/SEPmonG3/hw/SEPmon.xsa
TRACE::2024-07-06.15:18:28::SCWPlatform:: Unique name xilinx:zybo-z7-10::0.0
TRACE::2024-07-06.15:18:28::SCWPlatform::Trying to set the existing hwdb with name DEMO_wrapper_5
TRACE::2024-07-06.15:18:28::SCWPlatform::Opened existing hwdb DEMO_wrapper_5
TRACE::2024-07-06.15:18:28::SCWPlatform::Found the Hw Db part of the input DSA
TRACE::2024-07-06.15:18:28::SCWPlatform::Trying to open the hw design at C:/Users/gusta/OneDrive/Documents/universidad/4to/1r/SEP/Proyectos/pr2/SEPmonG3/SEPmonG3/hw/SEPmon.xsa
TRACE::2024-07-06.15:18:28::SCWPlatform::DSA given C:/Users/gusta/OneDrive/Documents/universidad/4to/1r/SEP/Proyectos/pr2/SEPmonG3/SEPmonG3/hw/SEPmon.xsa
TRACE::2024-07-06.15:18:28::SCWPlatform::DSA absoulate path C:/Users/gusta/OneDrive/Documents/universidad/4to/1r/SEP/Proyectos/pr2/SEPmonG3/SEPmonG3/hw/SEPmon.xsa
TRACE::2024-07-06.15:18:28::SCWPlatform::DSA directory C:/Users/gusta/OneDrive/Documents/universidad/4to/1r/SEP/Proyectos/pr2/SEPmonG3/SEPmonG3/hw
TRACE::2024-07-06.15:18:28::SCWPlatform:: Platform Path C:/Users/gusta/OneDrive/Documents/universidad/4to/1r/SEP/Proyectos/pr2/SEPmonG3/SEPmonG3/hw/SEPmon.xsa
TRACE::2024-07-06.15:18:28::SCWPlatform:: Unique name xilinx:zybo-z7-10::0.0
TRACE::2024-07-06.15:18:28::SCWPlatform::Trying to set the existing hwdb with name DEMO_wrapper_5
TRACE::2024-07-06.15:18:28::SCWPlatform::Opened existing hwdb DEMO_wrapper_5
TRACE::2024-07-06.15:18:28::SCWPlatform::Found the Hw Db part of the input DSA
TRACE::2024-07-06.15:18:28::SCWPlatform::Trying to open the hw design at C:/Users/gusta/OneDrive/Documents/universidad/4to/1r/SEP/Proyectos/pr2/SEPmonG3/SEPmonG3/hw/SEPmon.xsa
TRACE::2024-07-06.15:18:28::SCWPlatform::DSA given C:/Users/gusta/OneDrive/Documents/universidad/4to/1r/SEP/Proyectos/pr2/SEPmonG3/SEPmonG3/hw/SEPmon.xsa
TRACE::2024-07-06.15:18:28::SCWPlatform::DSA absoulate path C:/Users/gusta/OneDrive/Documents/universidad/4to/1r/SEP/Proyectos/pr2/SEPmonG3/SEPmonG3/hw/SEPmon.xsa
TRACE::2024-07-06.15:18:28::SCWPlatform::DSA directory C:/Users/gusta/OneDrive/Documents/universidad/4to/1r/SEP/Proyectos/pr2/SEPmonG3/SEPmonG3/hw
TRACE::2024-07-06.15:18:28::SCWPlatform:: Platform Path C:/Users/gusta/OneDrive/Documents/universidad/4to/1r/SEP/Proyectos/pr2/SEPmonG3/SEPmonG3/hw/SEPmon.xsa
TRACE::2024-07-06.15:18:28::SCWPlatform:: Unique name xilinx:zybo-z7-10::0.0
TRACE::2024-07-06.15:18:28::SCWPlatform::Trying to set the existing hwdb with name DEMO_wrapper_5
TRACE::2024-07-06.15:18:28::SCWPlatform::Opened existing hwdb DEMO_wrapper_5
TRACE::2024-07-06.15:18:28::SCWPlatform::Found the Hw Db part of the input DSA
TRACE::2024-07-06.15:18:28::SCWReader::Boot application domain added for zynq_fsbl
TRACE::2024-07-06.15:18:28::SCWPlatform::Trying to open the hw design at C:/Users/gusta/OneDrive/Documents/universidad/4to/1r/SEP/Proyectos/pr2/SEPmonG3/SEPmonG3/hw/SEPmon.xsa
TRACE::2024-07-06.15:18:28::SCWPlatform::DSA given C:/Users/gusta/OneDrive/Documents/universidad/4to/1r/SEP/Proyectos/pr2/SEPmonG3/SEPmonG3/hw/SEPmon.xsa
TRACE::2024-07-06.15:18:28::SCWPlatform::DSA absoulate path C:/Users/gusta/OneDrive/Documents/universidad/4to/1r/SEP/Proyectos/pr2/SEPmonG3/SEPmonG3/hw/SEPmon.xsa
TRACE::2024-07-06.15:18:28::SCWPlatform::DSA directory C:/Users/gusta/OneDrive/Documents/universidad/4to/1r/SEP/Proyectos/pr2/SEPmonG3/SEPmonG3/hw
TRACE::2024-07-06.15:18:28::SCWPlatform:: Platform Path C:/Users/gusta/OneDrive/Documents/universidad/4to/1r/SEP/Proyectos/pr2/SEPmonG3/SEPmonG3/hw/SEPmon.xsa
TRACE::2024-07-06.15:18:28::SCWPlatform:: Unique name xilinx:zybo-z7-10::0.0
TRACE::2024-07-06.15:18:28::SCWPlatform::Trying to set the existing hwdb with name DEMO_wrapper_5
TRACE::2024-07-06.15:18:28::SCWPlatform::Opened existing hwdb DEMO_wrapper_5
TRACE::2024-07-06.15:18:28::SCWPlatform::Found the Hw Db part of the input DSA
TRACE::2024-07-06.15:18:28::SCWMssOS::Checking the sw design at  C:/Users/gusta/OneDrive/Documents/universidad/4to/1r/SEP/Proyectos/pr2/SEPmonG3/SEPmonG3/zynq_fsbl/zynq_fsbl_bsp/system.mss
TRACE::2024-07-06.15:18:28::SCWMssOS::DEBUG:  swdes dump  
TRACE::2024-07-06.15:18:28::SCWMssOS::No sw design opened at  C:/Users/gusta/OneDrive/Documents/universidad/4to/1r/SEP/Proyectos/pr2/SEPmonG3/SEPmonG3/zynq_fsbl/zynq_fsbl_bsp/system.mss
TRACE::2024-07-06.15:18:28::SCWMssOS::mss exists loading the mss file  C:/Users/gusta/OneDrive/Documents/universidad/4to/1r/SEP/Proyectos/pr2/SEPmonG3/SEPmonG3/zynq_fsbl/zynq_fsbl_bsp/system.mss
TRACE::2024-07-06.15:18:28::SCWMssOS::Opened the sw design from mss  C:/Users/gusta/OneDrive/Documents/universidad/4to/1r/SEP/Proyectos/pr2/SEPmonG3/SEPmonG3/zynq_fsbl/zynq_fsbl_bsp/system.mss
TRACE::2024-07-06.15:18:28::SCWMssOS::Adding the swdes entry C:/Users/gusta/OneDrive/Documents/universidad/4to/1r/SEP/Proyectos/pr2/SEPmonG3/SEPmonG3/zynq_fsbl/zynq_fsbl_bsp/system.mss with des name system
TRACE::2024-07-06.15:18:28::SCWMssOS::updating the scw layer about changes
TRACE::2024-07-06.15:18:28::SCWMssOS::Opened the sw design.  C:/Users/gusta/OneDrive/Documents/universidad/4to/1r/SEP/Proyectos/pr2/SEPmonG3/SEPmonG3/zynq_fsbl/zynq_fsbl_bsp/system.mss
TRACE::2024-07-06.15:18:28::SCWPlatform::Trying to open the hw design at C:/Users/gusta/OneDrive/Documents/universidad/4to/1r/SEP/Proyectos/pr2/SEPmonG3/SEPmonG3/hw/SEPmon.xsa
TRACE::2024-07-06.15:18:28::SCWPlatform::DSA given C:/Users/gusta/OneDrive/Documents/universidad/4to/1r/SEP/Proyectos/pr2/SEPmonG3/SEPmonG3/hw/SEPmon.xsa
TRACE::2024-07-06.15:18:28::SCWPlatform::DSA absoulate path C:/Users/gusta/OneDrive/Documents/universidad/4to/1r/SEP/Proyectos/pr2/SEPmonG3/SEPmonG3/hw/SEPmon.xsa
TRACE::2024-07-06.15:18:28::SCWPlatform::DSA directory C:/Users/gusta/OneDrive/Documents/universidad/4to/1r/SEP/Proyectos/pr2/SEPmonG3/SEPmonG3/hw
TRACE::2024-07-06.15:18:28::SCWPlatform:: Platform Path C:/Users/gusta/OneDrive/Documents/universidad/4to/1r/SEP/Proyectos/pr2/SEPmonG3/SEPmonG3/hw/SEPmon.xsa
TRACE::2024-07-06.15:18:28::SCWPlatform:: Unique name xilinx:zybo-z7-10::0.0
TRACE::2024-07-06.15:18:28::SCWPlatform::Trying to set the existing hwdb with name DEMO_wrapper_5
TRACE::2024-07-06.15:18:28::SCWPlatform::Opened existing hwdb DEMO_wrapper_5
TRACE::2024-07-06.15:18:28::SCWPlatform::Found the Hw Db part of the input DSA
TRACE::2024-07-06.15:18:28::SCWMssOS::Checking the sw design at  C:/Users/gusta/OneDrive/Documents/universidad/4to/1r/SEP/Proyectos/pr2/SEPmonG3/SEPmonG3/zynq_fsbl/zynq_fsbl_bsp/system.mss
TRACE::2024-07-06.15:18:28::SCWMssOS::DEBUG:  swdes dump  C:/Users/gusta/OneDrive/Documents/universidad/4to/1r/SEP/Proyectos/pr2/SEPmonG3/SEPmonG3/zynq_fsbl/zynq_fsbl_bsp/system.mss|system||

TRACE::2024-07-06.15:18:28::SCWMssOS::Sw design exists and opened at  C:/Users/gusta/OneDrive/Documents/universidad/4to/1r/SEP/Proyectos/pr2/SEPmonG3/SEPmonG3/zynq_fsbl/zynq_fsbl_bsp/system.mss
TRACE::2024-07-06.15:18:28::SCWMssOS:: library already available in sw design:  xilffs:4.3
TRACE::2024-07-06.15:18:28::SCWPlatform::Trying to open the hw design at C:/Users/gusta/OneDrive/Documents/universidad/4to/1r/SEP/Proyectos/pr2/SEPmonG3/SEPmonG3/hw/SEPmon.xsa
TRACE::2024-07-06.15:18:28::SCWPlatform::DSA given C:/Users/gusta/OneDrive/Documents/universidad/4to/1r/SEP/Proyectos/pr2/SEPmonG3/SEPmonG3/hw/SEPmon.xsa
TRACE::2024-07-06.15:18:28::SCWPlatform::DSA absoulate path C:/Users/gusta/OneDrive/Documents/universidad/4to/1r/SEP/Proyectos/pr2/SEPmonG3/SEPmonG3/hw/SEPmon.xsa
TRACE::2024-07-06.15:18:28::SCWPlatform::DSA directory C:/Users/gusta/OneDrive/Documents/universidad/4to/1r/SEP/Proyectos/pr2/SEPmonG3/SEPmonG3/hw
TRACE::2024-07-06.15:18:28::SCWPlatform:: Platform Path C:/Users/gusta/OneDrive/Documents/universidad/4to/1r/SEP/Proyectos/pr2/SEPmonG3/SEPmonG3/hw/SEPmon.xsa
TRACE::2024-07-06.15:18:28::SCWPlatform:: Unique name xilinx:zybo-z7-10::0.0
TRACE::2024-07-06.15:18:28::SCWPlatform::Trying to set the existing hwdb with name DEMO_wrapper_5
TRACE::2024-07-06.15:18:28::SCWPlatform::Opened existing hwdb DEMO_wrapper_5
TRACE::2024-07-06.15:18:28::SCWPlatform::Found the Hw Db part of the input DSA
TRACE::2024-07-06.15:18:28::SCWMssOS::Checking the sw design at  C:/Users/gusta/OneDrive/Documents/universidad/4to/1r/SEP/Proyectos/pr2/SEPmonG3/SEPmonG3/zynq_fsbl/zynq_fsbl_bsp/system.mss
TRACE::2024-07-06.15:18:28::SCWMssOS::DEBUG:  swdes dump  C:/Users/gusta/OneDrive/Documents/universidad/4to/1r/SEP/Proyectos/pr2/SEPmonG3/SEPmonG3/zynq_fsbl/zynq_fsbl_bsp/system.mss|system||

TRACE::2024-07-06.15:18:28::SCWMssOS::Sw design exists and opened at  C:/Users/gusta/OneDrive/Documents/universidad/4to/1r/SEP/Proyectos/pr2/SEPmonG3/SEPmonG3/zynq_fsbl/zynq_fsbl_bsp/system.mss
TRACE::2024-07-06.15:18:28::SCWMssOS:: library already available in sw design:  xilrsa:1.6
TRACE::2024-07-06.15:18:28::SCWMssOS::Saving the mss changes C:/Users/gusta/OneDrive/Documents/universidad/4to/1r/SEP/Proyectos/pr2/SEPmonG3/SEPmonG3/zynq_fsbl/zynq_fsbl_bsp/system.mss
TRACE::2024-07-06.15:18:28::SCWMssOS::Found a swdesign opened with the mssfile.
TRACE::2024-07-06.15:18:28::SCWMssOS::Completed writemss as part of save.
TRACE::2024-07-06.15:18:28::SCWMssOS::Commit changes completed.
TRACE::2024-07-06.15:18:28::SCWReader::Adding prebuilt librarypaths as   
TRACE::2024-07-06.15:18:28::SCWReader::Adding prebuilt incpaths  as   
TRACE::2024-07-06.15:18:28::SCWPlatform::Trying to open the hw design at C:/Users/gusta/OneDrive/Documents/universidad/4to/1r/SEP/Proyectos/pr2/SEPmonG3/SEPmonG3/hw/SEPmon.xsa
TRACE::2024-07-06.15:18:28::SCWPlatform::DSA given C:/Users/gusta/OneDrive/Documents/universidad/4to/1r/SEP/Proyectos/pr2/SEPmonG3/SEPmonG3/hw/SEPmon.xsa
TRACE::2024-07-06.15:18:28::SCWPlatform::DSA absoulate path C:/Users/gusta/OneDrive/Documents/universidad/4to/1r/SEP/Proyectos/pr2/SEPmonG3/SEPmonG3/hw/SEPmon.xsa
TRACE::2024-07-06.15:18:28::SCWPlatform::DSA directory C:/Users/gusta/OneDrive/Documents/universidad/4to/1r/SEP/Proyectos/pr2/SEPmonG3/SEPmonG3/hw
TRACE::2024-07-06.15:18:28::SCWPlatform:: Platform Path C:/Users/gusta/OneDrive/Documents/universidad/4to/1r/SEP/Proyectos/pr2/SEPmonG3/SEPmonG3/hw/SEPmon.xsa
TRACE::2024-07-06.15:18:28::SCWPlatform:: Unique name xilinx:zybo-z7-10::0.0
TRACE::2024-07-06.15:18:28::SCWPlatform::Trying to set the existing hwdb with name DEMO_wrapper_5
TRACE::2024-07-06.15:18:28::SCWPlatform::Opened existing hwdb DEMO_wrapper_5
TRACE::2024-07-06.15:18:28::SCWPlatform::Found the Hw Db part of the input DSA
TRACE::2024-07-06.15:18:28::SCWMssOS::Checking the sw design at  C:/Users/gusta/OneDrive/Documents/universidad/4to/1r/SEP/Proyectos/pr2/SEPmonG3/SEPmonG3/zynq_fsbl/zynq_fsbl_bsp/system.mss
TRACE::2024-07-06.15:18:28::SCWMssOS::DEBUG:  swdes dump  C:/Users/gusta/OneDrive/Documents/universidad/4to/1r/SEP/Proyectos/pr2/SEPmonG3/SEPmonG3/zynq_fsbl/zynq_fsbl_bsp/system.mss|system||

TRACE::2024-07-06.15:18:28::SCWMssOS::Sw design exists and opened at  C:/Users/gusta/OneDrive/Documents/universidad/4to/1r/SEP/Proyectos/pr2/SEPmonG3/SEPmonG3/zynq_fsbl/zynq_fsbl_bsp/system.mss
TRACE::2024-07-06.15:18:28::SCWReader::No isolation master present  
TRACE::2024-07-06.15:18:28::SCWDomain::checking for install qemu data   : 
TRACE::2024-07-06.15:18:28::SCWDomain:: Using the QEMU Data from install at  : C:/Xilinx/Vitis/2020.1/data/emulation/platforms/zynq/qemu/
TRACE::2024-07-06.15:18:28::SCWDomain:: Using the QEMU args  from install at  : C:/Xilinx/Vitis/2020.1/data/emulation/platforms/zynq/qemu/qemu_args.txt
TRACE::2024-07-06.15:18:28::SCWPlatform::Trying to open the hw design at C:/Users/gusta/OneDrive/Documents/universidad/4to/1r/SEP/Proyectos/pr2/SEPmonG3/SEPmonG3/hw/SEPmon.xsa
TRACE::2024-07-06.15:18:28::SCWPlatform::DSA given C:/Users/gusta/OneDrive/Documents/universidad/4to/1r/SEP/Proyectos/pr2/SEPmonG3/SEPmonG3/hw/SEPmon.xsa
TRACE::2024-07-06.15:18:28::SCWPlatform::DSA absoulate path C:/Users/gusta/OneDrive/Documents/universidad/4to/1r/SEP/Proyectos/pr2/SEPmonG3/SEPmonG3/hw/SEPmon.xsa
TRACE::2024-07-06.15:18:28::SCWPlatform::DSA directory C:/Users/gusta/OneDrive/Documents/universidad/4to/1r/SEP/Proyectos/pr2/SEPmonG3/SEPmonG3/hw
TRACE::2024-07-06.15:18:28::SCWPlatform:: Platform Path C:/Users/gusta/OneDrive/Documents/universidad/4to/1r/SEP/Proyectos/pr2/SEPmonG3/SEPmonG3/hw/SEPmon.xsa
TRACE::2024-07-06.15:18:28::SCWPlatform:: Unique name xilinx:zybo-z7-10::0.0
TRACE::2024-07-06.15:18:28::SCWPlatform::Trying to set the existing hwdb with name DEMO_wrapper_5
TRACE::2024-07-06.15:18:28::SCWPlatform::Opened existing hwdb DEMO_wrapper_5
TRACE::2024-07-06.15:18:28::SCWPlatform::Found the Hw Db part of the input DSA
TRACE::2024-07-06.15:18:28::SCWPlatform::Trying to open the hw design at C:/Users/gusta/OneDrive/Documents/universidad/4to/1r/SEP/Proyectos/pr2/SEPmonG3/SEPmonG3/hw/SEPmon.xsa
TRACE::2024-07-06.15:18:28::SCWPlatform::DSA given C:/Users/gusta/OneDrive/Documents/universidad/4to/1r/SEP/Proyectos/pr2/SEPmonG3/SEPmonG3/hw/SEPmon.xsa
TRACE::2024-07-06.15:18:28::SCWPlatform::DSA absoulate path C:/Users/gusta/OneDrive/Documents/universidad/4to/1r/SEP/Proyectos/pr2/SEPmonG3/SEPmonG3/hw/SEPmon.xsa
TRACE::2024-07-06.15:18:28::SCWPlatform::DSA directory C:/Users/gusta/OneDrive/Documents/universidad/4to/1r/SEP/Proyectos/pr2/SEPmonG3/SEPmonG3/hw
TRACE::2024-07-06.15:18:28::SCWPlatform:: Platform Path C:/Users/gusta/OneDrive/Documents/universidad/4to/1r/SEP/Proyectos/pr2/SEPmonG3/SEPmonG3/hw/SEPmon.xsa
TRACE::2024-07-06.15:18:28::SCWPlatform:: Unique name xilinx:zybo-z7-10::0.0
TRACE::2024-07-06.15:18:28::SCWPlatform::Trying to set the existing hwdb with name DEMO_wrapper_5
TRACE::2024-07-06.15:18:28::SCWPlatform::Opened existing hwdb DEMO_wrapper_5
TRACE::2024-07-06.15:18:28::SCWPlatform::Found the Hw Db part of the input DSA
TRACE::2024-07-06.15:18:28::SCWPlatform::Trying to open the hw design at C:/Users/gusta/OneDrive/Documents/universidad/4to/1r/SEP/Proyectos/pr2/SEPmonG3/SEPmonG3/hw/SEPmon.xsa
TRACE::2024-07-06.15:18:28::SCWPlatform::DSA given C:/Users/gusta/OneDrive/Documents/universidad/4to/1r/SEP/Proyectos/pr2/SEPmonG3/SEPmonG3/hw/SEPmon.xsa
TRACE::2024-07-06.15:18:28::SCWPlatform::DSA absoulate path C:/Users/gusta/OneDrive/Documents/universidad/4to/1r/SEP/Proyectos/pr2/SEPmonG3/SEPmonG3/hw/SEPmon.xsa
TRACE::2024-07-06.15:18:28::SCWPlatform::DSA directory C:/Users/gusta/OneDrive/Documents/universidad/4to/1r/SEP/Proyectos/pr2/SEPmonG3/SEPmonG3/hw
TRACE::2024-07-06.15:18:28::SCWPlatform:: Platform Path C:/Users/gusta/OneDrive/Documents/universidad/4to/1r/SEP/Proyectos/pr2/SEPmonG3/SEPmonG3/hw/SEPmon.xsa
TRACE::2024-07-06.15:18:28::SCWPlatform:: Unique name xilinx:zybo-z7-10::0.0
TRACE::2024-07-06.15:18:28::SCWPlatform::Trying to set the existing hwdb with name DEMO_wrapper_5
TRACE::2024-07-06.15:18:28::SCWPlatform::Opened existing hwdb DEMO_wrapper_5
TRACE::2024-07-06.15:18:28::SCWPlatform::Found the Hw Db part of the input DSA
TRACE::2024-07-06.15:18:28::SCWMssOS::Checking the sw design at  C:/Users/gusta/OneDrive/Documents/universidad/4to/1r/SEP/Proyectos/pr2/SEPmonG3/SEPmonG3/ps7_cortexa9_0/standalone_domain/bsp/system.mss
TRACE::2024-07-06.15:18:28::SCWMssOS::DEBUG:  swdes dump  C:/Users/gusta/OneDrive/Documents/universidad/4to/1r/SEP/Proyectos/pr2/SEPmonG3/SEPmonG3/zynq_fsbl/zynq_fsbl_bsp/system.mss|system||

TRACE::2024-07-06.15:18:28::SCWMssOS::No sw design opened at  C:/Users/gusta/OneDrive/Documents/universidad/4to/1r/SEP/Proyectos/pr2/SEPmonG3/SEPmonG3/ps7_cortexa9_0/standalone_domain/bsp/system.mss
TRACE::2024-07-06.15:18:28::SCWMssOS::mss exists loading the mss file  C:/Users/gusta/OneDrive/Documents/universidad/4to/1r/SEP/Proyectos/pr2/SEPmonG3/SEPmonG3/ps7_cortexa9_0/standalone_domain/bsp/system.mss
TRACE::2024-07-06.15:18:28::SCWMssOS::Opened the sw design from mss  C:/Users/gusta/OneDrive/Documents/universidad/4to/1r/SEP/Proyectos/pr2/SEPmonG3/SEPmonG3/ps7_cortexa9_0/standalone_domain/bsp/system.mss
TRACE::2024-07-06.15:18:28::SCWMssOS::Adding the swdes entry C:/Users/gusta/OneDrive/Documents/universidad/4to/1r/SEP/Proyectos/pr2/SEPmonG3/SEPmonG3/ps7_cortexa9_0/standalone_domain/bsp/system.mss with des name system_0
TRACE::2024-07-06.15:18:28::SCWMssOS::updating the scw layer about changes
TRACE::2024-07-06.15:18:28::SCWMssOS::Opened the sw design.  C:/Users/gusta/OneDrive/Documents/universidad/4to/1r/SEP/Proyectos/pr2/SEPmonG3/SEPmonG3/ps7_cortexa9_0/standalone_domain/bsp/system.mss
TRACE::2024-07-06.15:18:28::SCWMssOS::Saving the mss changes C:/Users/gusta/OneDrive/Documents/universidad/4to/1r/SEP/Proyectos/pr2/SEPmonG3/SEPmonG3/ps7_cortexa9_0/standalone_domain/bsp/system.mss
TRACE::2024-07-06.15:18:28::SCWMssOS::Found a swdesign opened with the mssfile.
TRACE::2024-07-06.15:18:28::SCWMssOS::Completed writemss as part of save.
TRACE::2024-07-06.15:18:28::SCWMssOS::Commit changes completed.
TRACE::2024-07-06.15:18:28::SCWReader::Adding prebuilt librarypaths as   
TRACE::2024-07-06.15:18:28::SCWReader::Adding prebuilt incpaths  as   
TRACE::2024-07-06.15:18:28::SCWPlatform::Trying to open the hw design at C:/Users/gusta/OneDrive/Documents/universidad/4to/1r/SEP/Proyectos/pr2/SEPmonG3/SEPmonG3/hw/SEPmon.xsa
TRACE::2024-07-06.15:18:28::SCWPlatform::DSA given C:/Users/gusta/OneDrive/Documents/universidad/4to/1r/SEP/Proyectos/pr2/SEPmonG3/SEPmonG3/hw/SEPmon.xsa
TRACE::2024-07-06.15:18:28::SCWPlatform::DSA absoulate path C:/Users/gusta/OneDrive/Documents/universidad/4to/1r/SEP/Proyectos/pr2/SEPmonG3/SEPmonG3/hw/SEPmon.xsa
TRACE::2024-07-06.15:18:28::SCWPlatform::DSA directory C:/Users/gusta/OneDrive/Documents/universidad/4to/1r/SEP/Proyectos/pr2/SEPmonG3/SEPmonG3/hw
TRACE::2024-07-06.15:18:28::SCWPlatform:: Platform Path C:/Users/gusta/OneDrive/Documents/universidad/4to/1r/SEP/Proyectos/pr2/SEPmonG3/SEPmonG3/hw/SEPmon.xsa
TRACE::2024-07-06.15:18:28::SCWPlatform:: Unique name xilinx:zybo-z7-10::0.0
TRACE::2024-07-06.15:18:28::SCWPlatform::Trying to set the existing hwdb with name DEMO_wrapper_5
TRACE::2024-07-06.15:18:28::SCWPlatform::Opened existing hwdb DEMO_wrapper_5
TRACE::2024-07-06.15:18:28::SCWPlatform::Found the Hw Db part of the input DSA
TRACE::2024-07-06.15:18:28::SCWMssOS::Checking the sw design at  C:/Users/gusta/OneDrive/Documents/universidad/4to/1r/SEP/Proyectos/pr2/SEPmonG3/SEPmonG3/ps7_cortexa9_0/standalone_domain/bsp/system.mss
TRACE::2024-07-06.15:18:28::SCWMssOS::DEBUG:  swdes dump  C:/Users/gusta/OneDrive/Documents/universidad/4to/1r/SEP/Proyectos/pr2/SEPmonG3/SEPmonG3/ps7_cortexa9_0/standalone_domain/bsp/system.mss|system_0||
C:/Users/gusta/OneDrive/Documents/universidad/4to/1r/SEP/Proyectos/pr2/SEPmonG3/SEPmonG3/zynq_fsbl/zynq_fsbl_bsp/system.mss|system||

TRACE::2024-07-06.15:18:28::SCWMssOS::Sw design exists and opened at  C:/Users/gusta/OneDrive/Documents/universidad/4to/1r/SEP/Proyectos/pr2/SEPmonG3/SEPmonG3/ps7_cortexa9_0/standalone_domain/bsp/system.mss
TRACE::2024-07-06.15:18:28::SCWReader::No isolation master present  
TRACE::2024-07-06.15:20:31::SCWPlatform::Trying to open the hw design at C:/Users/gusta/OneDrive/Documents/universidad/4to/1r/SEP/Proyectos/pr2/SEPmonG3/SEPmonG3/hw/SEPmon.xsa
TRACE::2024-07-06.15:20:31::SCWPlatform::DSA given C:/Users/gusta/OneDrive/Documents/universidad/4to/1r/SEP/Proyectos/pr2/SEPmonG3/SEPmonG3/hw/SEPmon.xsa
TRACE::2024-07-06.15:20:31::SCWPlatform::DSA absoulate path C:/Users/gusta/OneDrive/Documents/universidad/4to/1r/SEP/Proyectos/pr2/SEPmonG3/SEPmonG3/hw/SEPmon.xsa
TRACE::2024-07-06.15:20:31::SCWPlatform::DSA directory C:/Users/gusta/OneDrive/Documents/universidad/4to/1r/SEP/Proyectos/pr2/SEPmonG3/SEPmonG3/hw
TRACE::2024-07-06.15:20:31::SCWPlatform:: Platform Path C:/Users/gusta/OneDrive/Documents/universidad/4to/1r/SEP/Proyectos/pr2/SEPmonG3/SEPmonG3/hw/SEPmon.xsa
TRACE::2024-07-06.15:20:31::SCWPlatform:: Unique name xilinx:zybo-z7-10::0.0
TRACE::2024-07-06.15:20:31::SCWPlatform::Trying to set the existing hwdb with name DEMO_wrapper_5
TRACE::2024-07-06.15:20:31::SCWPlatform::Opened existing hwdb DEMO_wrapper_5
TRACE::2024-07-06.15:20:31::SCWPlatform::Found the Hw Db part of the input DSA
TRACE::2024-07-06.15:20:31::SCWPlatform::DSA given C:/Users/gusta/OneDrive/Documents/universidad/4to/1r/SEP/Proyectos/pr2/SEPmonG3/SEPmonG3/tempdsa/SEPmonG3V2.xsa
TRACE::2024-07-06.15:20:31::SCWPlatform::DSA absoulate path C:/Users/gusta/OneDrive/Documents/universidad/4to/1r/SEP/Proyectos/pr2/SEPmonG3/SEPmonG3/tempdsa/SEPmonG3V2.xsa
TRACE::2024-07-06.15:20:31::SCWPlatform:: Platform location is C:/Users/gusta/OneDrive/Documents/universidad/4to/1r/SEP/Proyectos/pr2/SEPmonG3/SEPmonG3/tempdsa
TRACE::2024-07-06.15:20:31::SCWPlatform:: Platform Path C:/Users/gusta/OneDrive/Documents/universidad/4to/1r/SEP/Proyectos/pr2/SEPmonG3/SEPmonG3/tempdsa/SEPmonG3V2.xsa
TRACE::2024-07-06.15:20:31::SCWPlatform:: Unique name xilinx:zybo-z7-10::0.0
TRACE::2024-07-06.15:20:33::SCWPlatform::Found the Hw Db part of the input DSA
TRACE::2024-07-06.15:20:33::SCWMssOS::Doing hw sync for the mss in domain: zynq_fsbl
TRACE::2024-07-06.15:20:33::SCWPlatform::Trying to open the hw design at C:/Users/gusta/OneDrive/Documents/universidad/4to/1r/SEP/Proyectos/pr2/SEPmonG3/SEPmonG3/hw/SEPmon.xsa
TRACE::2024-07-06.15:20:33::SCWPlatform::DSA given C:/Users/gusta/OneDrive/Documents/universidad/4to/1r/SEP/Proyectos/pr2/SEPmonG3/SEPmonG3/hw/SEPmon.xsa
TRACE::2024-07-06.15:20:33::SCWPlatform::DSA absoulate path C:/Users/gusta/OneDrive/Documents/universidad/4to/1r/SEP/Proyectos/pr2/SEPmonG3/SEPmonG3/hw/SEPmon.xsa
TRACE::2024-07-06.15:20:33::SCWPlatform::DSA directory C:/Users/gusta/OneDrive/Documents/universidad/4to/1r/SEP/Proyectos/pr2/SEPmonG3/SEPmonG3/hw
TRACE::2024-07-06.15:20:33::SCWPlatform:: Platform Path C:/Users/gusta/OneDrive/Documents/universidad/4to/1r/SEP/Proyectos/pr2/SEPmonG3/SEPmonG3/hw/SEPmon.xsa
TRACE::2024-07-06.15:20:33::SCWPlatform:: Unique name xilinx:zybo-z7-10::0.0
TRACE::2024-07-06.15:20:33::SCWPlatform::Trying to set the existing hwdb with name DEMO_wrapper_5
TRACE::2024-07-06.15:20:33::SCWPlatform::Opened existing hwdb DEMO_wrapper_5
TRACE::2024-07-06.15:20:33::SCWPlatform::Found the Hw Db part of the input DSA
TRACE::2024-07-06.15:20:33::SCWPlatform::Trying to open the hw design at C:/Users/gusta/OneDrive/Documents/universidad/4to/1r/SEP/Proyectos/pr2/SEPmonG3/SEPmonG3/hw/SEPmon.xsa
TRACE::2024-07-06.15:20:33::SCWPlatform::DSA given C:/Users/gusta/OneDrive/Documents/universidad/4to/1r/SEP/Proyectos/pr2/SEPmonG3/SEPmonG3/hw/SEPmon.xsa
TRACE::2024-07-06.15:20:33::SCWPlatform::DSA absoulate path C:/Users/gusta/OneDrive/Documents/universidad/4to/1r/SEP/Proyectos/pr2/SEPmonG3/SEPmonG3/hw/SEPmon.xsa
TRACE::2024-07-06.15:20:33::SCWPlatform::DSA directory C:/Users/gusta/OneDrive/Documents/universidad/4to/1r/SEP/Proyectos/pr2/SEPmonG3/SEPmonG3/hw
TRACE::2024-07-06.15:20:33::SCWPlatform:: Platform Path C:/Users/gusta/OneDrive/Documents/universidad/4to/1r/SEP/Proyectos/pr2/SEPmonG3/SEPmonG3/hw/SEPmon.xsa
TRACE::2024-07-06.15:20:33::SCWPlatform:: Unique name xilinx:zybo-z7-10::0.0
TRACE::2024-07-06.15:20:33::SCWPlatform::Trying to set the existing hwdb with name DEMO_wrapper_5
TRACE::2024-07-06.15:20:33::SCWPlatform::Opened existing hwdb DEMO_wrapper_5
TRACE::2024-07-06.15:20:33::SCWPlatform::Found the Hw Db part of the input DSA
TRACE::2024-07-06.15:20:33::SCWMssOS::Checking the sw design at  C:/Users/gusta/OneDrive/Documents/universidad/4to/1r/SEP/Proyectos/pr2/SEPmonG3/SEPmonG3/zynq_fsbl/zynq_fsbl_bsp/system.mss
TRACE::2024-07-06.15:20:33::SCWMssOS::DEBUG:  swdes dump  C:/Users/gusta/OneDrive/Documents/universidad/4to/1r/SEP/Proyectos/pr2/SEPmonG3/SEPmonG3/ps7_cortexa9_0/standalone_domain/bsp/system.mss|system_0||
C:/Users/gusta/OneDrive/Documents/universidad/4to/1r/SEP/Proyectos/pr2/SEPmonG3/SEPmonG3/zynq_fsbl/zynq_fsbl_bsp/system.mss|system||

TRACE::2024-07-06.15:20:33::SCWMssOS::Sw design exists and opened at  C:/Users/gusta/OneDrive/Documents/universidad/4to/1r/SEP/Proyectos/pr2/SEPmonG3/SEPmonG3/zynq_fsbl/zynq_fsbl_bsp/system.mss
TRACE::2024-07-06.15:20:33::SCWPlatform::Trying to open the hw design at C:/Users/gusta/OneDrive/Documents/universidad/4to/1r/SEP/Proyectos/pr2/SEPmonG3/SEPmonG3/tempdsa/SEPmonG3V2.xsa
TRACE::2024-07-06.15:20:33::SCWPlatform::DSA given C:/Users/gusta/OneDrive/Documents/universidad/4to/1r/SEP/Proyectos/pr2/SEPmonG3/SEPmonG3/tempdsa/SEPmonG3V2.xsa
TRACE::2024-07-06.15:20:33::SCWPlatform::DSA absoulate path C:/Users/gusta/OneDrive/Documents/universidad/4to/1r/SEP/Proyectos/pr2/SEPmonG3/SEPmonG3/tempdsa/SEPmonG3V2.xsa
TRACE::2024-07-06.15:20:33::SCWPlatform::DSA directory C:/Users/gusta/OneDrive/Documents/universidad/4to/1r/SEP/Proyectos/pr2/SEPmonG3/SEPmonG3/tempdsa
TRACE::2024-07-06.15:20:33::SCWPlatform:: Platform Path C:/Users/gusta/OneDrive/Documents/universidad/4to/1r/SEP/Proyectos/pr2/SEPmonG3/SEPmonG3/tempdsa/SEPmonG3V2.xsa
TRACE::2024-07-06.15:20:33::SCWPlatform:: Unique name xilinx:zybo-z7-10::0.0
TRACE::2024-07-06.15:20:33::SCWPlatform::update - Opened existing hwdb DEMO_wrapper_6
TRACE::2024-07-06.15:20:33::SCWPlatform::Found the Hw Db part of the input DSA
TRACE::2024-07-06.15:20:33::SCWMssOS::Doing hw sync for the mss in domain: standalone_domain
TRACE::2024-07-06.15:20:33::SCWPlatform::Trying to open the hw design at C:/Users/gusta/OneDrive/Documents/universidad/4to/1r/SEP/Proyectos/pr2/SEPmonG3/SEPmonG3/hw/SEPmon.xsa
TRACE::2024-07-06.15:20:33::SCWPlatform::DSA given C:/Users/gusta/OneDrive/Documents/universidad/4to/1r/SEP/Proyectos/pr2/SEPmonG3/SEPmonG3/hw/SEPmon.xsa
TRACE::2024-07-06.15:20:33::SCWPlatform::DSA absoulate path C:/Users/gusta/OneDrive/Documents/universidad/4to/1r/SEP/Proyectos/pr2/SEPmonG3/SEPmonG3/hw/SEPmon.xsa
TRACE::2024-07-06.15:20:33::SCWPlatform::DSA directory C:/Users/gusta/OneDrive/Documents/universidad/4to/1r/SEP/Proyectos/pr2/SEPmonG3/SEPmonG3/hw
TRACE::2024-07-06.15:20:33::SCWPlatform:: Platform Path C:/Users/gusta/OneDrive/Documents/universidad/4to/1r/SEP/Proyectos/pr2/SEPmonG3/SEPmonG3/hw/SEPmon.xsa
TRACE::2024-07-06.15:20:33::SCWPlatform:: Unique name xilinx:zybo-z7-10::0.0
TRACE::2024-07-06.15:20:33::SCWPlatform::Trying to set the existing hwdb with name DEMO_wrapper_5
TRACE::2024-07-06.15:20:33::SCWPlatform::Opened existing hwdb DEMO_wrapper_5
TRACE::2024-07-06.15:20:33::SCWPlatform::Found the Hw Db part of the input DSA
TRACE::2024-07-06.15:20:33::SCWPlatform::Trying to open the hw design at C:/Users/gusta/OneDrive/Documents/universidad/4to/1r/SEP/Proyectos/pr2/SEPmonG3/SEPmonG3/hw/SEPmon.xsa
TRACE::2024-07-06.15:20:33::SCWPlatform::DSA given C:/Users/gusta/OneDrive/Documents/universidad/4to/1r/SEP/Proyectos/pr2/SEPmonG3/SEPmonG3/hw/SEPmon.xsa
TRACE::2024-07-06.15:20:33::SCWPlatform::DSA absoulate path C:/Users/gusta/OneDrive/Documents/universidad/4to/1r/SEP/Proyectos/pr2/SEPmonG3/SEPmonG3/hw/SEPmon.xsa
TRACE::2024-07-06.15:20:33::SCWPlatform::DSA directory C:/Users/gusta/OneDrive/Documents/universidad/4to/1r/SEP/Proyectos/pr2/SEPmonG3/SEPmonG3/hw
TRACE::2024-07-06.15:20:33::SCWPlatform:: Platform Path C:/Users/gusta/OneDrive/Documents/universidad/4to/1r/SEP/Proyectos/pr2/SEPmonG3/SEPmonG3/hw/SEPmon.xsa
TRACE::2024-07-06.15:20:33::SCWPlatform:: Unique name xilinx:zybo-z7-10::0.0
TRACE::2024-07-06.15:20:33::SCWPlatform::Trying to set the existing hwdb with name DEMO_wrapper_5
TRACE::2024-07-06.15:20:33::SCWPlatform::Opened existing hwdb DEMO_wrapper_5
TRACE::2024-07-06.15:20:33::SCWPlatform::Found the Hw Db part of the input DSA
TRACE::2024-07-06.15:20:33::SCWMssOS::Checking the sw design at  C:/Users/gusta/OneDrive/Documents/universidad/4to/1r/SEP/Proyectos/pr2/SEPmonG3/SEPmonG3/ps7_cortexa9_0/standalone_domain/bsp/system.mss
TRACE::2024-07-06.15:20:33::SCWMssOS::DEBUG:  swdes dump  C:/Users/gusta/OneDrive/Documents/universidad/4to/1r/SEP/Proyectos/pr2/SEPmonG3/SEPmonG3/ps7_cortexa9_0/standalone_domain/bsp/system.mss|system_0||
C:/Users/gusta/OneDrive/Documents/universidad/4to/1r/SEP/Proyectos/pr2/SEPmonG3/SEPmonG3/zynq_fsbl/zynq_fsbl_bsp/system.mss|system||

TRACE::2024-07-06.15:20:33::SCWMssOS::Sw design exists and opened at  C:/Users/gusta/OneDrive/Documents/universidad/4to/1r/SEP/Proyectos/pr2/SEPmonG3/SEPmonG3/ps7_cortexa9_0/standalone_domain/bsp/system.mss
TRACE::2024-07-06.15:20:33::SCWPlatform::Trying to open the hw design at C:/Users/gusta/OneDrive/Documents/universidad/4to/1r/SEP/Proyectos/pr2/SEPmonG3/SEPmonG3/tempdsa/SEPmonG3V2.xsa
TRACE::2024-07-06.15:20:33::SCWPlatform::DSA given C:/Users/gusta/OneDrive/Documents/universidad/4to/1r/SEP/Proyectos/pr2/SEPmonG3/SEPmonG3/tempdsa/SEPmonG3V2.xsa
TRACE::2024-07-06.15:20:33::SCWPlatform::DSA absoulate path C:/Users/gusta/OneDrive/Documents/universidad/4to/1r/SEP/Proyectos/pr2/SEPmonG3/SEPmonG3/tempdsa/SEPmonG3V2.xsa
TRACE::2024-07-06.15:20:33::SCWPlatform::DSA directory C:/Users/gusta/OneDrive/Documents/universidad/4to/1r/SEP/Proyectos/pr2/SEPmonG3/SEPmonG3/tempdsa
TRACE::2024-07-06.15:20:33::SCWPlatform:: Platform Path C:/Users/gusta/OneDrive/Documents/universidad/4to/1r/SEP/Proyectos/pr2/SEPmonG3/SEPmonG3/tempdsa/SEPmonG3V2.xsa
TRACE::2024-07-06.15:20:33::SCWPlatform:: Unique name xilinx:zybo-z7-10::0.0
TRACE::2024-07-06.15:20:33::SCWPlatform::update - Opened existing hwdb DEMO_wrapper_6
TRACE::2024-07-06.15:20:33::SCWPlatform::Found the Hw Db part of the input DSA
TRACE::2024-07-06.15:20:33::SCWMssOS::Saving the mss changes C:/Users/gusta/OneDrive/Documents/universidad/4to/1r/SEP/Proyectos/pr2/SEPmonG3/SEPmonG3/zynq_fsbl/zynq_fsbl_bsp/system.mss
TRACE::2024-07-06.15:20:33::SCWMssOS::Found a swdesign opened with the mssfile.
TRACE::2024-07-06.15:20:33::SCWMssOS::Completed writemss as part of save.
TRACE::2024-07-06.15:20:33::SCWMssOS::Commit changes completed.
TRACE::2024-07-06.15:20:33::SCWMssOS::Completed hw sync for the mss in domain: zynq_fsbl
TRACE::2024-07-06.15:20:33::SCWMssOS::Removing the swdes entry for  C:/Users/gusta/OneDrive/Documents/universidad/4to/1r/SEP/Proyectos/pr2/SEPmonG3/SEPmonG3/zynq_fsbl/zynq_fsbl_bsp/system.mss
TRACE::2024-07-06.15:20:33::SCWMssOS::Saving the mss changes C:/Users/gusta/OneDrive/Documents/universidad/4to/1r/SEP/Proyectos/pr2/SEPmonG3/SEPmonG3/ps7_cortexa9_0/standalone_domain/bsp/system.mss
TRACE::2024-07-06.15:20:33::SCWMssOS::Found a swdesign opened with the mssfile.
TRACE::2024-07-06.15:20:33::SCWMssOS::Completed writemss as part of save.
TRACE::2024-07-06.15:20:33::SCWMssOS::Commit changes completed.
TRACE::2024-07-06.15:20:33::SCWMssOS::Completed hw sync for the mss in domain: standalone_domain
TRACE::2024-07-06.15:20:33::SCWMssOS::Removing the swdes entry for  C:/Users/gusta/OneDrive/Documents/universidad/4to/1r/SEP/Proyectos/pr2/SEPmonG3/SEPmonG3/ps7_cortexa9_0/standalone_domain/bsp/system.mss
TRACE::2024-07-06.15:20:33::SCWPlatform::Trying to open the hw design at C:/Users/gusta/OneDrive/Documents/universidad/4to/1r/SEP/Proyectos/pr2/SEPmonG3/SEPmonG3/hw/SEPmonG3V2.xsa
TRACE::2024-07-06.15:20:33::SCWPlatform::DSA given C:/Users/gusta/OneDrive/Documents/universidad/4to/1r/SEP/Proyectos/pr2/SEPmonG3/SEPmonG3/hw/SEPmonG3V2.xsa
TRACE::2024-07-06.15:20:33::SCWPlatform::DSA absoulate path C:/Users/gusta/OneDrive/Documents/universidad/4to/1r/SEP/Proyectos/pr2/SEPmonG3/SEPmonG3/hw/SEPmonG3V2.xsa
TRACE::2024-07-06.15:20:33::SCWPlatform::DSA directory C:/Users/gusta/OneDrive/Documents/universidad/4to/1r/SEP/Proyectos/pr2/SEPmonG3/SEPmonG3/hw
TRACE::2024-07-06.15:20:33::SCWPlatform:: Platform Path C:/Users/gusta/OneDrive/Documents/universidad/4to/1r/SEP/Proyectos/pr2/SEPmonG3/SEPmonG3/hw/SEPmonG3V2.xsa
TRACE::2024-07-06.15:20:33::SCWPlatform:: Unique name xilinx:zybo-z7-10::0.0
TRACE::2024-07-06.15:20:33::SCWPlatform::Do not have an existing db opened. 
TRACE::2024-07-06.15:20:35::SCWPlatform::Opened new HwDB with name DEMO_wrapper_7
TRACE::2024-07-06.15:20:35::SCWPlatform::Trying to open the hw design at C:/Users/gusta/OneDrive/Documents/universidad/4to/1r/SEP/Proyectos/pr2/SEPmonG3/SEPmonG3/hw/SEPmonG3V2.xsa
TRACE::2024-07-06.15:20:35::SCWPlatform::DSA given C:/Users/gusta/OneDrive/Documents/universidad/4to/1r/SEP/Proyectos/pr2/SEPmonG3/SEPmonG3/hw/SEPmonG3V2.xsa
TRACE::2024-07-06.15:20:35::SCWPlatform::DSA absoulate path C:/Users/gusta/OneDrive/Documents/universidad/4to/1r/SEP/Proyectos/pr2/SEPmonG3/SEPmonG3/hw/SEPmonG3V2.xsa
TRACE::2024-07-06.15:20:35::SCWPlatform::DSA directory C:/Users/gusta/OneDrive/Documents/universidad/4to/1r/SEP/Proyectos/pr2/SEPmonG3/SEPmonG3/hw
TRACE::2024-07-06.15:20:35::SCWPlatform:: Platform Path C:/Users/gusta/OneDrive/Documents/universidad/4to/1r/SEP/Proyectos/pr2/SEPmonG3/SEPmonG3/hw/SEPmonG3V2.xsa
TRACE::2024-07-06.15:20:35::SCWPlatform:: Unique name xilinx:zybo-z7-10::0.0
TRACE::2024-07-06.15:20:35::SCWPlatform::Trying to set the existing hwdb with name DEMO_wrapper_7
TRACE::2024-07-06.15:20:35::SCWPlatform::Opened existing hwdb DEMO_wrapper_7
TRACE::2024-07-06.15:20:35::SCWPlatform::Found the Hw Db part of the input DSA
TRACE::2024-07-06.15:20:35::SCWMssOS::Checking the sw design at  C:/Users/gusta/OneDrive/Documents/universidad/4to/1r/SEP/Proyectos/pr2/SEPmonG3/SEPmonG3/zynq_fsbl/zynq_fsbl_bsp/system.mss
TRACE::2024-07-06.15:20:35::SCWMssOS::DEBUG:  swdes dump  
TRACE::2024-07-06.15:20:35::SCWMssOS::No sw design opened at  C:/Users/gusta/OneDrive/Documents/universidad/4to/1r/SEP/Proyectos/pr2/SEPmonG3/SEPmonG3/zynq_fsbl/zynq_fsbl_bsp/system.mss
TRACE::2024-07-06.15:20:35::SCWMssOS::mss exists loading the mss file  C:/Users/gusta/OneDrive/Documents/universidad/4to/1r/SEP/Proyectos/pr2/SEPmonG3/SEPmonG3/zynq_fsbl/zynq_fsbl_bsp/system.mss
TRACE::2024-07-06.15:20:35::SCWMssOS::Opened the sw design from mss  C:/Users/gusta/OneDrive/Documents/universidad/4to/1r/SEP/Proyectos/pr2/SEPmonG3/SEPmonG3/zynq_fsbl/zynq_fsbl_bsp/system.mss
TRACE::2024-07-06.15:20:35::SCWMssOS::Adding the swdes entry C:/Users/gusta/OneDrive/Documents/universidad/4to/1r/SEP/Proyectos/pr2/SEPmonG3/SEPmonG3/zynq_fsbl/zynq_fsbl_bsp/system.mss with des name system
TRACE::2024-07-06.15:20:35::SCWMssOS::updating the scw layer about changes
TRACE::2024-07-06.15:20:35::SCWMssOS::Opened the sw design.  C:/Users/gusta/OneDrive/Documents/universidad/4to/1r/SEP/Proyectos/pr2/SEPmonG3/SEPmonG3/zynq_fsbl/zynq_fsbl_bsp/system.mss
TRACE::2024-07-06.15:20:35::SCWMssOS::Saving the mss changes C:/Users/gusta/OneDrive/Documents/universidad/4to/1r/SEP/Proyectos/pr2/SEPmonG3/SEPmonG3/zynq_fsbl/zynq_fsbl_bsp/system.mss
TRACE::2024-07-06.15:20:35::SCWMssOS::Found a swdesign opened with the mssfile.
TRACE::2024-07-06.15:20:35::SCWMssOS::Completed writemss as part of save.
TRACE::2024-07-06.15:20:35::SCWMssOS::Commit changes completed.
TRACE::2024-07-06.15:20:35::SCWMssOS::Saving the mss changes C:/Users/gusta/OneDrive/Documents/universidad/4to/1r/SEP/Proyectos/pr2/SEPmonG3/SEPmonG3/ps7_cortexa9_0/standalone_domain/bsp/system.mss
TRACE::2024-07-06.15:20:35::SCWMssOS::Adding the swdes entry, mss present, able to open swdb C:/Users/gusta/OneDrive/Documents/universidad/4to/1r/SEP/Proyectos/pr2/SEPmonG3/SEPmonG3/ps7_cortexa9_0/standalone_domain/bsp/system.mss with des name system_0
TRACE::2024-07-06.15:20:35::SCWMssOS::Writing the mss file completed C:/Users/gusta/OneDrive/Documents/universidad/4to/1r/SEP/Proyectos/pr2/SEPmonG3/SEPmonG3/ps7_cortexa9_0/standalone_domain/bsp/system.mss
TRACE::2024-07-06.15:20:35::SCWMssOS::Commit changes completed.
TRACE::2024-07-06.15:20:35::SCWPlatform::Trying to open the hw design at C:/Users/gusta/OneDrive/Documents/universidad/4to/1r/SEP/Proyectos/pr2/SEPmonG3/SEPmonG3/hw/SEPmonG3V2.xsa
TRACE::2024-07-06.15:20:35::SCWPlatform::DSA given C:/Users/gusta/OneDrive/Documents/universidad/4to/1r/SEP/Proyectos/pr2/SEPmonG3/SEPmonG3/hw/SEPmonG3V2.xsa
TRACE::2024-07-06.15:20:35::SCWPlatform::DSA absoulate path C:/Users/gusta/OneDrive/Documents/universidad/4to/1r/SEP/Proyectos/pr2/SEPmonG3/SEPmonG3/hw/SEPmonG3V2.xsa
TRACE::2024-07-06.15:20:35::SCWPlatform::DSA directory C:/Users/gusta/OneDrive/Documents/universidad/4to/1r/SEP/Proyectos/pr2/SEPmonG3/SEPmonG3/hw
TRACE::2024-07-06.15:20:35::SCWPlatform:: Platform Path C:/Users/gusta/OneDrive/Documents/universidad/4to/1r/SEP/Proyectos/pr2/SEPmonG3/SEPmonG3/hw/SEPmonG3V2.xsa
TRACE::2024-07-06.15:20:35::SCWPlatform:: Unique name xilinx:zybo-z7-10::0.0
TRACE::2024-07-06.15:20:35::SCWPlatform::Trying to set the existing hwdb with name DEMO_wrapper_7
TRACE::2024-07-06.15:20:35::SCWPlatform::Opened existing hwdb DEMO_wrapper_7
TRACE::2024-07-06.15:20:35::SCWPlatform::Found the Hw Db part of the input DSA
TRACE::2024-07-06.15:20:35::SCWMssOS::Checking the sw design at  C:/Users/gusta/OneDrive/Documents/universidad/4to/1r/SEP/Proyectos/pr2/SEPmonG3/SEPmonG3/zynq_fsbl/zynq_fsbl_bsp/system.mss
TRACE::2024-07-06.15:20:35::SCWMssOS::DEBUG:  swdes dump  C:/Users/gusta/OneDrive/Documents/universidad/4to/1r/SEP/Proyectos/pr2/SEPmonG3/SEPmonG3/ps7_cortexa9_0/standalone_domain/bsp/system.mss|system_0||
C:/Users/gusta/OneDrive/Documents/universidad/4to/1r/SEP/Proyectos/pr2/SEPmonG3/SEPmonG3/zynq_fsbl/zynq_fsbl_bsp/system.mss|system||

TRACE::2024-07-06.15:20:35::SCWMssOS::Sw design exists and opened at  C:/Users/gusta/OneDrive/Documents/universidad/4to/1r/SEP/Proyectos/pr2/SEPmonG3/SEPmonG3/zynq_fsbl/zynq_fsbl_bsp/system.mss
TRACE::2024-07-06.15:20:35::SCWPlatform::Trying to open the hw design at C:/Users/gusta/OneDrive/Documents/universidad/4to/1r/SEP/Proyectos/pr2/SEPmonG3/SEPmonG3/hw/SEPmonG3V2.xsa
TRACE::2024-07-06.15:20:35::SCWPlatform::DSA given C:/Users/gusta/OneDrive/Documents/universidad/4to/1r/SEP/Proyectos/pr2/SEPmonG3/SEPmonG3/hw/SEPmonG3V2.xsa
TRACE::2024-07-06.15:20:35::SCWPlatform::DSA absoulate path C:/Users/gusta/OneDrive/Documents/universidad/4to/1r/SEP/Proyectos/pr2/SEPmonG3/SEPmonG3/hw/SEPmonG3V2.xsa
TRACE::2024-07-06.15:20:35::SCWPlatform::DSA directory C:/Users/gusta/OneDrive/Documents/universidad/4to/1r/SEP/Proyectos/pr2/SEPmonG3/SEPmonG3/hw
TRACE::2024-07-06.15:20:35::SCWPlatform:: Platform Path C:/Users/gusta/OneDrive/Documents/universidad/4to/1r/SEP/Proyectos/pr2/SEPmonG3/SEPmonG3/hw/SEPmonG3V2.xsa
TRACE::2024-07-06.15:20:35::SCWPlatform:: Unique name xilinx:zybo-z7-10::0.0
TRACE::2024-07-06.15:20:35::SCWPlatform::Trying to set the existing hwdb with name DEMO_wrapper_7
TRACE::2024-07-06.15:20:35::SCWPlatform::Opened existing hwdb DEMO_wrapper_7
TRACE::2024-07-06.15:20:35::SCWPlatform::Found the Hw Db part of the input DSA
TRACE::2024-07-06.15:20:35::SCWMssOS::Checking the sw design at  C:/Users/gusta/OneDrive/Documents/universidad/4to/1r/SEP/Proyectos/pr2/SEPmonG3/SEPmonG3/ps7_cortexa9_0/standalone_domain/bsp/system.mss
TRACE::2024-07-06.15:20:35::SCWMssOS::DEBUG:  swdes dump  C:/Users/gusta/OneDrive/Documents/universidad/4to/1r/SEP/Proyectos/pr2/SEPmonG3/SEPmonG3/ps7_cortexa9_0/standalone_domain/bsp/system.mss|system_0||
C:/Users/gusta/OneDrive/Documents/universidad/4to/1r/SEP/Proyectos/pr2/SEPmonG3/SEPmonG3/zynq_fsbl/zynq_fsbl_bsp/system.mss|system||

TRACE::2024-07-06.15:20:35::SCWMssOS::Sw design exists and opened at  C:/Users/gusta/OneDrive/Documents/universidad/4to/1r/SEP/Proyectos/pr2/SEPmonG3/SEPmonG3/ps7_cortexa9_0/standalone_domain/bsp/system.mss
TRACE::2024-07-06.15:20:35::SCWWriter::formatted JSON is {
	"platformName":	"SEPmonG3",
	"sprVersion":	"2.0",
	"mode":	"gui",
	"dsaType":	"Fixed",
	"platformDesc":	"SEPmonG3",
	"platHandOff":	"<platformDir>V2.xsa",
	"platIntHandOff":	"<platformDir>/hw/SEPmonG3V2.xsa",
	"deviceType":	"zynq",
	"platIsPrebuiltAutogen":	"false",
	"platIsNoBootBsp":	"false",
	"hasFsblMakeHasChanges":	"false",
	"hasPmufwMakeHasChanges":	"false",
	"fsblExtraCompilerFlags":	"-MMD -MP       -mcpu=cortex-a9 -mfpu=vfpv3 -mfloat-abi=hard ",
	"platPreBuiltFlag":	false,
	"platformSamplesDir":	"",
	"platActiveSys":	"SEPmonG3",
	"systems":	[{
			"systemName":	"SEPmonG3",
			"systemDesc":	"SEPmonG3",
			"sysIsBootAutoGen":	"true",
			"systemDispName":	"SEPmonG3",
			"sysActiveDom":	"standalone_domain",
			"sysDefaultDom":	"standalone_domain",
			"domains":	[{
					"domainName":	"zynq_fsbl",
					"domainDispName":	"zynq_fsbl",
					"domainDesc":	"FSBL Application BSP - Auto Generated.",
					"processors":	"ps7_cortexa9_0",
					"os":	"standalone",
					"sdxOs":	"standalone",
					"debugEnable":	"",
					"domRuntimes":	["cpp"],
					"swRepo":	"",
					"mssOsVer":	"7.2",
					"mssFile":	"",
					"md5Digest":	"02312b845700e4a4fd39dd786149f184",
					"compatibleApp":	"zynq_fsbl",
					"domType":	"bootDomain",
					"appSettings":	{
						"appCompilerFlags":	"",
						"appLinkerFlags":	""
					},
					"addedLibs":	["xilffs:4.3", "xilrsa:1.6"],
					"libOptions":	{
						"libsContainingOptions":	[]
					},
					"prebuiltLibs":	{
						"prebuiltIncPath":	[],
						"prebuiltLibPath":	[]
					},
					"isolation":	{
					}
				}, {
					"domainName":	"standalone_domain",
					"domainDispName":	"standalone on ps7_cortexa9_0",
					"domainDesc":	"standalone_domain",
					"processors":	"ps7_cortexa9_0",
					"os":	"standalone",
					"sdxOs":	"standalone",
					"qemuArgs":	"C:/Xilinx/Vitis/2020.1/data/emulation/platforms/zynq/qemu/qemu_args.txt",
					"qemuData":	"C:/Xilinx/Vitis/2020.1/data/emulation/platforms/zynq/qemu/",
					"debugEnable":	"False",
					"domRuntimes":	["cpp"],
					"swRepo":	"",
					"mssOsVer":	"7.2",
					"mssFile":	"",
					"md5Digest":	"66dd88408418c3412ef42766414a5b97",
					"compatibleApp":	"",
					"domType":	"mssDomain",
					"appSettings":	{
						"appCompilerFlags":	"",
						"appLinkerFlags":	""
					},
					"addedLibs":	[],
					"libOptions":	{
						"libsContainingOptions":	[]
					},
					"prebuiltLibs":	{
						"prebuiltIncPath":	[],
						"prebuiltLibPath":	[]
					},
					"isolation":	{
					}
				}]
		}]
}
LOG::2024-07-06.15:20:42::SCWPlatform::Started generating the artifacts platform SEPmonG3
TRACE::2024-07-06.15:20:42::SCWPlatform::Sanity checking of platform is completed
LOG::2024-07-06.15:20:42::SCWPlatform::Started generating the artifacts for system configuration SEPmonG3
LOG::2024-07-06.15:20:42::SCWSystem::Checking the domain zynq_fsbl
LOG::2024-07-06.15:20:42::SCWSystem::Doing application build for :  zynq_fsbl
TRACE::2024-07-06.15:20:42::SCWBDomain::Not a forced makefile updation, No changes are present. 
TRACE::2024-07-06.15:20:42::SCWDomain::Skipping the build for domain :  zynq_fsbl
LOG::2024-07-06.15:20:42::SCWSystem::Checking the domain standalone_domain
LOG::2024-07-06.15:20:42::SCWSystem::Not a boot domain 
LOG::2024-07-06.15:20:42::SCWSystem::Started Processing the domain standalone_domain
TRACE::2024-07-06.15:20:42::SCWDomain::Generating domain artifcats
TRACE::2024-07-06.15:20:42::SCWMssOS::Generating standalone artifcats
TRACE::2024-07-06.15:20:42::SCWMssOS::Copying the qemu file from  C:/Xilinx/Vitis/2020.1/data/emulation/platforms/zynq/qemu/qemu_args.txt To C:/Users/gusta/OneDrive/Documents/universidad/4to/1r/SEP/Proyectos/pr2/SEPmonG3/SEPmonG3/export/SEPmonG3/sw/SEPmonG3/qemu/
TRACE::2024-07-06.15:20:42::SCWMssOS::Copying the qemu file from  C:/Xilinx/Vitis/2020.1/data/emulation/platforms/zynq/qemu/qemu_args.txt To C:/Users/gusta/OneDrive/Documents/universidad/4to/1r/SEP/Proyectos/pr2/SEPmonG3/SEPmonG3/export/SEPmonG3/sw/SEPmonG3/standalone_domain/qemu/
TRACE::2024-07-06.15:20:42::SCWMssOS:: Copying the user libraries. 
TRACE::2024-07-06.15:20:42::SCWPlatform::Trying to open the hw design at C:/Users/gusta/OneDrive/Documents/universidad/4to/1r/SEP/Proyectos/pr2/SEPmonG3/SEPmonG3/hw/SEPmonG3V2.xsa
TRACE::2024-07-06.15:20:42::SCWPlatform::DSA given C:/Users/gusta/OneDrive/Documents/universidad/4to/1r/SEP/Proyectos/pr2/SEPmonG3/SEPmonG3/hw/SEPmonG3V2.xsa
TRACE::2024-07-06.15:20:42::SCWPlatform::DSA absoulate path C:/Users/gusta/OneDrive/Documents/universidad/4to/1r/SEP/Proyectos/pr2/SEPmonG3/SEPmonG3/hw/SEPmonG3V2.xsa
TRACE::2024-07-06.15:20:42::SCWPlatform::DSA directory C:/Users/gusta/OneDrive/Documents/universidad/4to/1r/SEP/Proyectos/pr2/SEPmonG3/SEPmonG3/hw
TRACE::2024-07-06.15:20:42::SCWPlatform:: Platform Path C:/Users/gusta/OneDrive/Documents/universidad/4to/1r/SEP/Proyectos/pr2/SEPmonG3/SEPmonG3/hw/SEPmonG3V2.xsa
TRACE::2024-07-06.15:20:42::SCWPlatform:: Unique name xilinx:zybo-z7-10::0.0
TRACE::2024-07-06.15:20:42::SCWPlatform::Trying to set the existing hwdb with name DEMO_wrapper_7
TRACE::2024-07-06.15:20:42::SCWPlatform::Opened existing hwdb DEMO_wrapper_7
TRACE::2024-07-06.15:20:42::SCWPlatform::Found the Hw Db part of the input DSA
TRACE::2024-07-06.15:20:42::SCWMssOS::Checking the sw design at  C:/Users/gusta/OneDrive/Documents/universidad/4to/1r/SEP/Proyectos/pr2/SEPmonG3/SEPmonG3/ps7_cortexa9_0/standalone_domain/bsp/system.mss
TRACE::2024-07-06.15:20:42::SCWMssOS::DEBUG:  swdes dump  C:/Users/gusta/OneDrive/Documents/universidad/4to/1r/SEP/Proyectos/pr2/SEPmonG3/SEPmonG3/ps7_cortexa9_0/standalone_domain/bsp/system.mss|system_0||
C:/Users/gusta/OneDrive/Documents/universidad/4to/1r/SEP/Proyectos/pr2/SEPmonG3/SEPmonG3/zynq_fsbl/zynq_fsbl_bsp/system.mss|system||

TRACE::2024-07-06.15:20:42::SCWMssOS::Sw design exists and opened at  C:/Users/gusta/OneDrive/Documents/universidad/4to/1r/SEP/Proyectos/pr2/SEPmonG3/SEPmonG3/ps7_cortexa9_0/standalone_domain/bsp/system.mss
TRACE::2024-07-06.15:20:42::SCWMssOS::Completed writing the mss file at C:/Users/gusta/OneDrive/Documents/universidad/4to/1r/SEP/Proyectos/pr2/SEPmonG3/SEPmonG3/ps7_cortexa9_0/standalone_domain/bsp
TRACE::2024-07-06.15:20:42::SCWMssOS::Mss edits present, copying mssfile into export location C:/Users/gusta/OneDrive/Documents/universidad/4to/1r/SEP/Proyectos/pr2/SEPmonG3/SEPmonG3/ps7_cortexa9_0/standalone_domain/bsp/system.mss
TRACE::2024-07-06.15:20:42::SCWMssOS::bsp generated is stale removing and regenerating. 
TRACE::2024-07-06.15:20:45::SCWMssOS::doing bsp build ... 
TRACE::2024-07-06.15:20:45::SCWMssOS::System Command Ran  C: & cd  C:/Users/gusta/OneDrive/Documents/universidad/4to/1r/SEP/Proyectos/pr2/SEPmonG3/SEPmonG3/ps7_cortexa9_0/standalone_domain/bsp & make 
TRACE::2024-07-06.15:20:45::SCWMssOS::"Running Make include in ps7_cortexa9_0/libsrc/coresightps_dcc_v1_7/src"

TRACE::2024-07-06.15:20:45::SCWMssOS::make -C ps7_cortexa9_0/libsrc/coresightps_dcc_v1_7/src -s include  "SHELL=CMD" "COMPILER=arm-none-eabi-gcc" "ASSEMBLER=arm-none
TRACE::2024-07-06.15:20:45::SCWMssOS::-eabi-as" "ARCHIVER=arm-none-eabi-ar" "COMPILER_FLAGS=  -O2 -c" "EXTRA_COMPILER_FLAGS=-mcpu=cortex-a9 -mfpu=vfpv3 -mfloat-abi=h
TRACE::2024-07-06.15:20:45::SCWMssOS::ard -nostartfiles -g -Wall -Wextra"

TRACE::2024-07-06.15:20:46::SCWMssOS::"Running Make include in ps7_cortexa9_0/libsrc/cpu_cortexa9_v2_9/src"

TRACE::2024-07-06.15:20:46::SCWMssOS::make -C ps7_cortexa9_0/libsrc/cpu_cortexa9_v2_9/src -s include  "SHELL=CMD" "COMPILER=arm-none-eabi-gcc" "ASSEMBLER=arm-none-ea
TRACE::2024-07-06.15:20:46::SCWMssOS::bi-as" "ARCHIVER=arm-none-eabi-ar" "COMPILER_FLAGS=  -O2 -c" "EXTRA_COMPILER_FLAGS=-mcpu=cortex-a9 -mfpu=vfpv3 -mfloat-abi=hard
TRACE::2024-07-06.15:20:46::SCWMssOS:: -nostartfiles -g -Wall -Wextra"

TRACE::2024-07-06.15:20:46::SCWMssOS::"Running Make include in ps7_cortexa9_0/libsrc/ddrps_v1_1/src"

TRACE::2024-07-06.15:20:46::SCWMssOS::make -C ps7_cortexa9_0/libsrc/ddrps_v1_1/src -s include  "SHELL=CMD" "COMPILER=arm-none-eabi-gcc" "ASSEMBLER=arm-none-eabi-as" 
TRACE::2024-07-06.15:20:46::SCWMssOS::"ARCHIVER=arm-none-eabi-ar" "COMPILER_FLAGS=  -O2 -c" "EXTRA_COMPILER_FLAGS=-mcpu=cortex-a9 -mfpu=vfpv3 -mfloat-abi=hard -nosta
TRACE::2024-07-06.15:20:46::SCWMssOS::rtfiles -g -Wall -Wextra"

TRACE::2024-07-06.15:20:46::SCWMssOS::"Running Make include in ps7_cortexa9_0/libsrc/devcfg_v3_6/src"

TRACE::2024-07-06.15:20:46::SCWMssOS::make -C ps7_cortexa9_0/libsrc/devcfg_v3_6/src -s include  "SHELL=CMD" "COMPILER=arm-none-eabi-gcc" "ASSEMBLER=arm-none-eabi-as"
TRACE::2024-07-06.15:20:46::SCWMssOS:: "ARCHIVER=arm-none-eabi-ar" "COMPILER_FLAGS=  -O2 -c" "EXTRA_COMPILER_FLAGS=-mcpu=cortex-a9 -mfpu=vfpv3 -mfloat-abi=hard -nost
TRACE::2024-07-06.15:20:46::SCWMssOS::artfiles -g -Wall -Wextra"

TRACE::2024-07-06.15:20:46::SCWMssOS::"Running Make include in ps7_cortexa9_0/libsrc/dmaps_v2_6/src"

TRACE::2024-07-06.15:20:46::SCWMssOS::make -C ps7_cortexa9_0/libsrc/dmaps_v2_6/src -s include  "SHELL=CMD" "COMPILER=arm-none-eabi-gcc" "ASSEMBLER=arm-none-eabi-as" 
TRACE::2024-07-06.15:20:46::SCWMssOS::"ARCHIVER=arm-none-eabi-ar" "COMPILER_FLAGS=  -O2 -c" "EXTRA_COMPILER_FLAGS=-mcpu=cortex-a9 -mfpu=vfpv3 -mfloat-abi=hard -nosta
TRACE::2024-07-06.15:20:46::SCWMssOS::rtfiles -g -Wall -Wextra"

TRACE::2024-07-06.15:20:46::SCWMssOS::"Running Make include in ps7_cortexa9_0/libsrc/emacps_v3_11/src"

TRACE::2024-07-06.15:20:46::SCWMssOS::make -C ps7_cortexa9_0/libsrc/emacps_v3_11/src -s include  "SHELL=CMD" "COMPILER=arm-none-eabi-gcc" "ASSEMBLER=arm-none-eabi-as
TRACE::2024-07-06.15:20:46::SCWMssOS::" "ARCHIVER=arm-none-eabi-ar" "COMPILER_FLAGS=  -O2 -c" "EXTRA_COMPILER_FLAGS=-mcpu=cortex-a9 -mfpu=vfpv3 -mfloat-abi=hard -nos
TRACE::2024-07-06.15:20:46::SCWMssOS::tartfiles -g -Wall -Wextra"

TRACE::2024-07-06.15:20:46::SCWMssOS::"Running Make include in ps7_cortexa9_0/libsrc/gpiops_v3_7/src"

TRACE::2024-07-06.15:20:46::SCWMssOS::make -C ps7_cortexa9_0/libsrc/gpiops_v3_7/src -s include  "SHELL=CMD" "COMPILER=arm-none-eabi-gcc" "ASSEMBLER=arm-none-eabi-as"
TRACE::2024-07-06.15:20:46::SCWMssOS:: "ARCHIVER=arm-none-eabi-ar" "COMPILER_FLAGS=  -O2 -c" "EXTRA_COMPILER_FLAGS=-mcpu=cortex-a9 -mfpu=vfpv3 -mfloat-abi=hard -nost
TRACE::2024-07-06.15:20:46::SCWMssOS::artfiles -g -Wall -Wextra"

TRACE::2024-07-06.15:20:46::SCWMssOS::"Running Make include in ps7_cortexa9_0/libsrc/gpio_v4_6/src"

TRACE::2024-07-06.15:20:46::SCWMssOS::make -C ps7_cortexa9_0/libsrc/gpio_v4_6/src -s include  "SHELL=CMD" "COMPILER=arm-none-eabi-gcc" "ASSEMBLER=arm-none-eabi-as" "
TRACE::2024-07-06.15:20:46::SCWMssOS::ARCHIVER=arm-none-eabi-ar" "COMPILER_FLAGS=  -O2 -c" "EXTRA_COMPILER_FLAGS=-mcpu=cortex-a9 -mfpu=vfpv3 -mfloat-abi=hard -nostar
TRACE::2024-07-06.15:20:46::SCWMssOS::tfiles -g -Wall -Wextra"

TRACE::2024-07-06.15:20:47::SCWMssOS::"Running Make include in ps7_cortexa9_0/libsrc/iic_v3_6/src"

TRACE::2024-07-06.15:20:47::SCWMssOS::make -C ps7_cortexa9_0/libsrc/iic_v3_6/src -s include  "SHELL=CMD" "COMPILER=arm-none-eabi-gcc" "ASSEMBLER=arm-none-eabi-as" "A
TRACE::2024-07-06.15:20:47::SCWMssOS::RCHIVER=arm-none-eabi-ar" "COMPILER_FLAGS=  -O2 -c" "EXTRA_COMPILER_FLAGS=-mcpu=cortex-a9 -mfpu=vfpv3 -mfloat-abi=hard -nostart
TRACE::2024-07-06.15:20:47::SCWMssOS::files -g -Wall -Wextra"

TRACE::2024-07-06.15:20:47::SCWMssOS::"Running Make include in ps7_cortexa9_0/libsrc/qspips_v3_7/src"

TRACE::2024-07-06.15:20:47::SCWMssOS::make -C ps7_cortexa9_0/libsrc/qspips_v3_7/src -s include  "SHELL=CMD" "COMPILER=arm-none-eabi-gcc" "ASSEMBLER=arm-none-eabi-as"
TRACE::2024-07-06.15:20:47::SCWMssOS:: "ARCHIVER=arm-none-eabi-ar" "COMPILER_FLAGS=  -O2 -c" "EXTRA_COMPILER_FLAGS=-mcpu=cortex-a9 -mfpu=vfpv3 -mfloat-abi=hard -nost
TRACE::2024-07-06.15:20:47::SCWMssOS::artfiles -g -Wall -Wextra"

TRACE::2024-07-06.15:20:47::SCWMssOS::"Running Make include in ps7_cortexa9_0/libsrc/scugic_v4_2/src"

TRACE::2024-07-06.15:20:47::SCWMssOS::make -C ps7_cortexa9_0/libsrc/scugic_v4_2/src -s include  "SHELL=CMD" "COMPILER=arm-none-eabi-gcc" "ASSEMBLER=arm-none-eabi-as"
TRACE::2024-07-06.15:20:47::SCWMssOS:: "ARCHIVER=arm-none-eabi-ar" "COMPILER_FLAGS=  -O2 -c" "EXTRA_COMPILER_FLAGS=-mcpu=cortex-a9 -mfpu=vfpv3 -mfloat-abi=hard -nost
TRACE::2024-07-06.15:20:47::SCWMssOS::artfiles -g -Wall -Wextra"

TRACE::2024-07-06.15:20:47::SCWMssOS::"Running Make include in ps7_cortexa9_0/libsrc/scutimer_v2_2/src"

TRACE::2024-07-06.15:20:47::SCWMssOS::make -C ps7_cortexa9_0/libsrc/scutimer_v2_2/src -s include  "SHELL=CMD" "COMPILER=arm-none-eabi-gcc" "ASSEMBLER=arm-none-eabi-a
TRACE::2024-07-06.15:20:47::SCWMssOS::s" "ARCHIVER=arm-none-eabi-ar" "COMPILER_FLAGS=  -O2 -c" "EXTRA_COMPILER_FLAGS=-mcpu=cortex-a9 -mfpu=vfpv3 -mfloat-abi=hard -no
TRACE::2024-07-06.15:20:47::SCWMssOS::startfiles -g -Wall -Wextra"

TRACE::2024-07-06.15:20:47::SCWMssOS::"Running Make include in ps7_cortexa9_0/libsrc/scuwdt_v2_2/src"

TRACE::2024-07-06.15:20:47::SCWMssOS::make -C ps7_cortexa9_0/libsrc/scuwdt_v2_2/src -s include  "SHELL=CMD" "COMPILER=arm-none-eabi-gcc" "ASSEMBLER=arm-none-eabi-as"
TRACE::2024-07-06.15:20:47::SCWMssOS:: "ARCHIVER=arm-none-eabi-ar" "COMPILER_FLAGS=  -O2 -c" "EXTRA_COMPILER_FLAGS=-mcpu=cortex-a9 -mfpu=vfpv3 -mfloat-abi=hard -nost
TRACE::2024-07-06.15:20:47::SCWMssOS::artfiles -g -Wall -Wextra"

TRACE::2024-07-06.15:20:47::SCWMssOS::"Running Make include in ps7_cortexa9_0/libsrc/sdps_v3_9/src"

TRACE::2024-07-06.15:20:47::SCWMssOS::make -C ps7_cortexa9_0/libsrc/sdps_v3_9/src -s include  "SHELL=CMD" "COMPILER=arm-none-eabi-gcc" "ASSEMBLER=arm-none-eabi-as" "
TRACE::2024-07-06.15:20:47::SCWMssOS::ARCHIVER=arm-none-eabi-ar" "COMPILER_FLAGS=  -O2 -c" "EXTRA_COMPILER_FLAGS=-mcpu=cortex-a9 -mfpu=vfpv3 -mfloat-abi=hard -nostar
TRACE::2024-07-06.15:20:47::SCWMssOS::tfiles -g -Wall -Wextra"

TRACE::2024-07-06.15:20:48::SCWMssOS::"Running Make include in ps7_cortexa9_0/libsrc/spi_v4_6/src"

TRACE::2024-07-06.15:20:48::SCWMssOS::make -C ps7_cortexa9_0/libsrc/spi_v4_6/src -s include  "SHELL=CMD" "COMPILER=arm-none-eabi-gcc" "ASSEMBLER=arm-none-eabi-as" "A
TRACE::2024-07-06.15:20:48::SCWMssOS::RCHIVER=arm-none-eabi-ar" "COMPILER_FLAGS=  -O2 -c" "EXTRA_COMPILER_FLAGS=-mcpu=cortex-a9 -mfpu=vfpv3 -mfloat-abi=hard -nostart
TRACE::2024-07-06.15:20:48::SCWMssOS::files -g -Wall -Wextra"

TRACE::2024-07-06.15:20:48::SCWMssOS::"Running Make include in ps7_cortexa9_0/libsrc/standalone_v7_2/src"

TRACE::2024-07-06.15:20:48::SCWMssOS::make -C ps7_cortexa9_0/libsrc/standalone_v7_2/src -s include  "SHELL=CMD" "COMPILER=arm-none-eabi-gcc" "ASSEMBLER=arm-none-eabi
TRACE::2024-07-06.15:20:48::SCWMssOS::-as" "ARCHIVER=arm-none-eabi-ar" "COMPILER_FLAGS=  -O2 -c" "EXTRA_COMPILER_FLAGS=-mcpu=cortex-a9 -mfpu=vfpv3 -mfloat-abi=hard -
TRACE::2024-07-06.15:20:48::SCWMssOS::nostartfiles -g -Wall -Wextra"

TRACE::2024-07-06.15:20:49::SCWMssOS::"Running Make include in ps7_cortexa9_0/libsrc/tmrctr_v4_6/src"

TRACE::2024-07-06.15:20:49::SCWMssOS::make -C ps7_cortexa9_0/libsrc/tmrctr_v4_6/src -s include  "SHELL=CMD" "COMPILER=arm-none-eabi-gcc" "ASSEMBLER=arm-none-eabi-as"
TRACE::2024-07-06.15:20:49::SCWMssOS:: "ARCHIVER=arm-none-eabi-ar" "COMPILER_FLAGS=  -O2 -c" "EXTRA_COMPILER_FLAGS=-mcpu=cortex-a9 -mfpu=vfpv3 -mfloat-abi=hard -nost
TRACE::2024-07-06.15:20:49::SCWMssOS::artfiles -g -Wall -Wextra"

TRACE::2024-07-06.15:20:49::SCWMssOS::"Running Make include in ps7_cortexa9_0/libsrc/uartps_v3_9/src"

TRACE::2024-07-06.15:20:49::SCWMssOS::make -C ps7_cortexa9_0/libsrc/uartps_v3_9/src -s include  "SHELL=CMD" "COMPILER=arm-none-eabi-gcc" "ASSEMBLER=arm-none-eabi-as"
TRACE::2024-07-06.15:20:49::SCWMssOS:: "ARCHIVER=arm-none-eabi-ar" "COMPILER_FLAGS=  -O2 -c" "EXTRA_COMPILER_FLAGS=-mcpu=cortex-a9 -mfpu=vfpv3 -mfloat-abi=hard -nost
TRACE::2024-07-06.15:20:49::SCWMssOS::artfiles -g -Wall -Wextra"

TRACE::2024-07-06.15:20:49::SCWMssOS::"Running Make include in ps7_cortexa9_0/libsrc/usbps_v2_5/src"

TRACE::2024-07-06.15:20:49::SCWMssOS::make -C ps7_cortexa9_0/libsrc/usbps_v2_5/src -s include  "SHELL=CMD" "COMPILER=arm-none-eabi-gcc" "ASSEMBLER=arm-none-eabi-as" 
TRACE::2024-07-06.15:20:49::SCWMssOS::"ARCHIVER=arm-none-eabi-ar" "COMPILER_FLAGS=  -O2 -c" "EXTRA_COMPILER_FLAGS=-mcpu=cortex-a9 -mfpu=vfpv3 -mfloat-abi=hard -nosta
TRACE::2024-07-06.15:20:49::SCWMssOS::rtfiles -g -Wall -Wextra"

TRACE::2024-07-06.15:20:49::SCWMssOS::"Running Make include in ps7_cortexa9_0/libsrc/xadcps_v2_4/src"

TRACE::2024-07-06.15:20:49::SCWMssOS::make -C ps7_cortexa9_0/libsrc/xadcps_v2_4/src -s include  "SHELL=CMD" "COMPILER=arm-none-eabi-gcc" "ASSEMBLER=arm-none-eabi-as"
TRACE::2024-07-06.15:20:49::SCWMssOS:: "ARCHIVER=arm-none-eabi-ar" "COMPILER_FLAGS=  -O2 -c" "EXTRA_COMPILER_FLAGS=-mcpu=cortex-a9 -mfpu=vfpv3 -mfloat-abi=hard -nost
TRACE::2024-07-06.15:20:49::SCWMssOS::artfiles -g -Wall -Wextra"

TRACE::2024-07-06.15:20:49::SCWMssOS::"Running Make libs in ps7_cortexa9_0/libsrc/coresightps_dcc_v1_7/src"

TRACE::2024-07-06.15:20:49::SCWMssOS::make -C ps7_cortexa9_0/libsrc/coresightps_dcc_v1_7/src -s libs  "SHELL=CMD" "COMPILER=arm-none-eabi-gcc" "ASSEMBLER=arm-none-ea
TRACE::2024-07-06.15:20:49::SCWMssOS::bi-as" "ARCHIVER=arm-none-eabi-ar" "COMPILER_FLAGS=  -O2 -c" "EXTRA_COMPILER_FLAGS=-mcpu=cortex-a9 -mfpu=vfpv3 -mfloat-abi=hard
TRACE::2024-07-06.15:20:49::SCWMssOS:: -nostartfiles -g -Wall -Wextra"

TRACE::2024-07-06.15:20:49::SCWMssOS::"Compiling coresightps_dcc"

TRACE::2024-07-06.15:20:50::SCWMssOS::"Running Make libs in ps7_cortexa9_0/libsrc/cpu_cortexa9_v2_9/src"

TRACE::2024-07-06.15:20:50::SCWMssOS::make -C ps7_cortexa9_0/libsrc/cpu_cortexa9_v2_9/src -s libs  "SHELL=CMD" "COMPILER=arm-none-eabi-gcc" "ASSEMBLER=arm-none-eabi-
TRACE::2024-07-06.15:20:50::SCWMssOS::as" "ARCHIVER=arm-none-eabi-ar" "COMPILER_FLAGS=  -O2 -c" "EXTRA_COMPILER_FLAGS=-mcpu=cortex-a9 -mfpu=vfpv3 -mfloat-abi=hard -n
TRACE::2024-07-06.15:20:50::SCWMssOS::ostartfiles -g -Wall -Wextra"

TRACE::2024-07-06.15:20:50::SCWMssOS::"Compiling cpu_cortexa9"

TRACE::2024-07-06.15:20:50::SCWMssOS::"Running Make libs in ps7_cortexa9_0/libsrc/ddrps_v1_1/src"

TRACE::2024-07-06.15:20:50::SCWMssOS::make -C ps7_cortexa9_0/libsrc/ddrps_v1_1/src -s libs  "SHELL=CMD" "COMPILER=arm-none-eabi-gcc" "ASSEMBLER=arm-none-eabi-as" "AR
TRACE::2024-07-06.15:20:50::SCWMssOS::CHIVER=arm-none-eabi-ar" "COMPILER_FLAGS=  -O2 -c" "EXTRA_COMPILER_FLAGS=-mcpu=cortex-a9 -mfpu=vfpv3 -mfloat-abi=hard -nostartf
TRACE::2024-07-06.15:20:50::SCWMssOS::iles -g -Wall -Wextra"

TRACE::2024-07-06.15:20:50::SCWMssOS::"Compiling ddrps"

TRACE::2024-07-06.15:20:50::SCWMssOS::"Running Make libs in ps7_cortexa9_0/libsrc/devcfg_v3_6/src"

TRACE::2024-07-06.15:20:50::SCWMssOS::make -C ps7_cortexa9_0/libsrc/devcfg_v3_6/src -s libs  "SHELL=CMD" "COMPILER=arm-none-eabi-gcc" "ASSEMBLER=arm-none-eabi-as" "A
TRACE::2024-07-06.15:20:50::SCWMssOS::RCHIVER=arm-none-eabi-ar" "COMPILER_FLAGS=  -O2 -c" "EXTRA_COMPILER_FLAGS=-mcpu=cortex-a9 -mfpu=vfpv3 -mfloat-abi=hard -nostart
TRACE::2024-07-06.15:20:50::SCWMssOS::files -g -Wall -Wextra"

TRACE::2024-07-06.15:20:50::SCWMssOS::"Compiling devcfg"

TRACE::2024-07-06.15:20:51::SCWMssOS::"Running Make libs in ps7_cortexa9_0/libsrc/dmaps_v2_6/src"

TRACE::2024-07-06.15:20:51::SCWMssOS::make -C ps7_cortexa9_0/libsrc/dmaps_v2_6/src -s libs  "SHELL=CMD" "COMPILER=arm-none-eabi-gcc" "ASSEMBLER=arm-none-eabi-as" "AR
TRACE::2024-07-06.15:20:51::SCWMssOS::CHIVER=arm-none-eabi-ar" "COMPILER_FLAGS=  -O2 -c" "EXTRA_COMPILER_FLAGS=-mcpu=cortex-a9 -mfpu=vfpv3 -mfloat-abi=hard -nostartf
TRACE::2024-07-06.15:20:51::SCWMssOS::iles -g -Wall -Wextra"

TRACE::2024-07-06.15:20:51::SCWMssOS::"Compiling dmaps"

TRACE::2024-07-06.15:20:52::SCWMssOS::"Running Make libs in ps7_cortexa9_0/libsrc/emacps_v3_11/src"

TRACE::2024-07-06.15:20:52::SCWMssOS::make -C ps7_cortexa9_0/libsrc/emacps_v3_11/src -s libs  "SHELL=CMD" "COMPILER=arm-none-eabi-gcc" "ASSEMBLER=arm-none-eabi-as" "
TRACE::2024-07-06.15:20:52::SCWMssOS::ARCHIVER=arm-none-eabi-ar" "COMPILER_FLAGS=  -O2 -c" "EXTRA_COMPILER_FLAGS=-mcpu=cortex-a9 -mfpu=vfpv3 -mfloat-abi=hard -nostar
TRACE::2024-07-06.15:20:52::SCWMssOS::tfiles -g -Wall -Wextra"

TRACE::2024-07-06.15:20:52::SCWMssOS::"Compiling emacps"

TRACE::2024-07-06.15:20:53::SCWMssOS::"Running Make libs in ps7_cortexa9_0/libsrc/gpiops_v3_7/src"

TRACE::2024-07-06.15:20:53::SCWMssOS::make -C ps7_cortexa9_0/libsrc/gpiops_v3_7/src -s libs  "SHELL=CMD" "COMPILER=arm-none-eabi-gcc" "ASSEMBLER=arm-none-eabi-as" "A
TRACE::2024-07-06.15:20:53::SCWMssOS::RCHIVER=arm-none-eabi-ar" "COMPILER_FLAGS=  -O2 -c" "EXTRA_COMPILER_FLAGS=-mcpu=cortex-a9 -mfpu=vfpv3 -mfloat-abi=hard -nostart
TRACE::2024-07-06.15:20:53::SCWMssOS::files -g -Wall -Wextra"

TRACE::2024-07-06.15:20:53::SCWMssOS::"Compiling gpiops"

TRACE::2024-07-06.15:20:54::SCWMssOS::"Running Make libs in ps7_cortexa9_0/libsrc/gpio_v4_6/src"

TRACE::2024-07-06.15:20:54::SCWMssOS::make -C ps7_cortexa9_0/libsrc/gpio_v4_6/src -s libs  "SHELL=CMD" "COMPILER=arm-none-eabi-gcc" "ASSEMBLER=arm-none-eabi-as" "ARC
TRACE::2024-07-06.15:20:54::SCWMssOS::HIVER=arm-none-eabi-ar" "COMPILER_FLAGS=  -O2 -c" "EXTRA_COMPILER_FLAGS=-mcpu=cortex-a9 -mfpu=vfpv3 -mfloat-abi=hard -nostartfi
TRACE::2024-07-06.15:20:54::SCWMssOS::les -g -Wall -Wextra"

TRACE::2024-07-06.15:20:54::SCWMssOS::"Compiling gpio"

TRACE::2024-07-06.15:20:55::SCWMssOS::"Running Make libs in ps7_cortexa9_0/libsrc/iic_v3_6/src"

TRACE::2024-07-06.15:20:55::SCWMssOS::make -C ps7_cortexa9_0/libsrc/iic_v3_6/src -s libs  "SHELL=CMD" "COMPILER=arm-none-eabi-gcc" "ASSEMBLER=arm-none-eabi-as" "ARCH
TRACE::2024-07-06.15:20:55::SCWMssOS::IVER=arm-none-eabi-ar" "COMPILER_FLAGS=  -O2 -c" "EXTRA_COMPILER_FLAGS=-mcpu=cortex-a9 -mfpu=vfpv3 -mfloat-abi=hard -nostartfil
TRACE::2024-07-06.15:20:55::SCWMssOS::es -g -Wall -Wextra"

TRACE::2024-07-06.15:20:55::SCWMssOS::"Compiling iic"

TRACE::2024-07-06.15:20:57::SCWMssOS::"Running Make libs in ps7_cortexa9_0/libsrc/qspips_v3_7/src"

TRACE::2024-07-06.15:20:57::SCWMssOS::make -C ps7_cortexa9_0/libsrc/qspips_v3_7/src -s libs  "SHELL=CMD" "COMPILER=arm-none-eabi-gcc" "ASSEMBLER=arm-none-eabi-as" "A
TRACE::2024-07-06.15:20:57::SCWMssOS::RCHIVER=arm-none-eabi-ar" "COMPILER_FLAGS=  -O2 -c" "EXTRA_COMPILER_FLAGS=-mcpu=cortex-a9 -mfpu=vfpv3 -mfloat-abi=hard -nostart
TRACE::2024-07-06.15:20:57::SCWMssOS::files -g -Wall -Wextra"

TRACE::2024-07-06.15:20:57::SCWMssOS::"Compiling qspips"

TRACE::2024-07-06.15:20:58::SCWMssOS::"Running Make libs in ps7_cortexa9_0/libsrc/scugic_v4_2/src"

TRACE::2024-07-06.15:20:58::SCWMssOS::make -C ps7_cortexa9_0/libsrc/scugic_v4_2/src -s libs  "SHELL=CMD" "COMPILER=arm-none-eabi-gcc" "ASSEMBLER=arm-none-eabi-as" "A
TRACE::2024-07-06.15:20:58::SCWMssOS::RCHIVER=arm-none-eabi-ar" "COMPILER_FLAGS=  -O2 -c" "EXTRA_COMPILER_FLAGS=-mcpu=cortex-a9 -mfpu=vfpv3 -mfloat-abi=hard -nostart
TRACE::2024-07-06.15:20:58::SCWMssOS::files -g -Wall -Wextra"

TRACE::2024-07-06.15:20:58::SCWMssOS::"Compiling scugic"

TRACE::2024-07-06.15:20:59::SCWMssOS::"Running Make libs in ps7_cortexa9_0/libsrc/scutimer_v2_2/src"

TRACE::2024-07-06.15:20:59::SCWMssOS::make -C ps7_cortexa9_0/libsrc/scutimer_v2_2/src -s libs  "SHELL=CMD" "COMPILER=arm-none-eabi-gcc" "ASSEMBLER=arm-none-eabi-as" 
TRACE::2024-07-06.15:20:59::SCWMssOS::"ARCHIVER=arm-none-eabi-ar" "COMPILER_FLAGS=  -O2 -c" "EXTRA_COMPILER_FLAGS=-mcpu=cortex-a9 -mfpu=vfpv3 -mfloat-abi=hard -nosta
TRACE::2024-07-06.15:20:59::SCWMssOS::rtfiles -g -Wall -Wextra"

TRACE::2024-07-06.15:20:59::SCWMssOS::"Compiling scutimer"

TRACE::2024-07-06.15:20:59::SCWMssOS::"Running Make libs in ps7_cortexa9_0/libsrc/scuwdt_v2_2/src"

TRACE::2024-07-06.15:20:59::SCWMssOS::make -C ps7_cortexa9_0/libsrc/scuwdt_v2_2/src -s libs  "SHELL=CMD" "COMPILER=arm-none-eabi-gcc" "ASSEMBLER=arm-none-eabi-as" "A
TRACE::2024-07-06.15:20:59::SCWMssOS::RCHIVER=arm-none-eabi-ar" "COMPILER_FLAGS=  -O2 -c" "EXTRA_COMPILER_FLAGS=-mcpu=cortex-a9 -mfpu=vfpv3 -mfloat-abi=hard -nostart
TRACE::2024-07-06.15:20:59::SCWMssOS::files -g -Wall -Wextra"

TRACE::2024-07-06.15:21:00::SCWMssOS::"Compiling scuwdt"

TRACE::2024-07-06.15:21:00::SCWMssOS::"Running Make libs in ps7_cortexa9_0/libsrc/sdps_v3_9/src"

TRACE::2024-07-06.15:21:00::SCWMssOS::make -C ps7_cortexa9_0/libsrc/sdps_v3_9/src -s libs  "SHELL=CMD" "COMPILER=arm-none-eabi-gcc" "ASSEMBLER=arm-none-eabi-as" "ARC
TRACE::2024-07-06.15:21:00::SCWMssOS::HIVER=arm-none-eabi-ar" "COMPILER_FLAGS=  -O2 -c" "EXTRA_COMPILER_FLAGS=-mcpu=cortex-a9 -mfpu=vfpv3 -mfloat-abi=hard -nostartfi
TRACE::2024-07-06.15:21:00::SCWMssOS::les -g -Wall -Wextra"

TRACE::2024-07-06.15:21:00::SCWMssOS::"Compiling sdps"

TRACE::2024-07-06.15:21:01::SCWMssOS::"Running Make libs in ps7_cortexa9_0/libsrc/spi_v4_6/src"

TRACE::2024-07-06.15:21:01::SCWMssOS::make -C ps7_cortexa9_0/libsrc/spi_v4_6/src -s libs  "SHELL=CMD" "COMPILER=arm-none-eabi-gcc" "ASSEMBLER=arm-none-eabi-as" "ARCH
TRACE::2024-07-06.15:21:01::SCWMssOS::IVER=arm-none-eabi-ar" "COMPILER_FLAGS=  -O2 -c" "EXTRA_COMPILER_FLAGS=-mcpu=cortex-a9 -mfpu=vfpv3 -mfloat-abi=hard -nostartfil
TRACE::2024-07-06.15:21:01::SCWMssOS::es -g -Wall -Wextra"

TRACE::2024-07-06.15:21:01::SCWMssOS::"Compiling spi"

TRACE::2024-07-06.15:21:02::SCWMssOS::"Running Make libs in ps7_cortexa9_0/libsrc/standalone_v7_2/src"

TRACE::2024-07-06.15:21:02::SCWMssOS::make -C ps7_cortexa9_0/libsrc/standalone_v7_2/src -s libs  "SHELL=CMD" "COMPILER=arm-none-eabi-gcc" "ASSEMBLER=arm-none-eabi-as
TRACE::2024-07-06.15:21:02::SCWMssOS::" "ARCHIVER=arm-none-eabi-ar" "COMPILER_FLAGS=  -O2 -c" "EXTRA_COMPILER_FLAGS=-mcpu=cortex-a9 -mfpu=vfpv3 -mfloat-abi=hard -nos
TRACE::2024-07-06.15:21:02::SCWMssOS::tartfiles -g -Wall -Wextra"

TRACE::2024-07-06.15:21:02::SCWMssOS::"Compiling standalone"

TRACE::2024-07-06.15:21:06::SCWMssOS::"Running Make libs in ps7_cortexa9_0/libsrc/tmrctr_v4_6/src"

TRACE::2024-07-06.15:21:06::SCWMssOS::make -C ps7_cortexa9_0/libsrc/tmrctr_v4_6/src -s libs  "SHELL=CMD" "COMPILER=arm-none-eabi-gcc" "ASSEMBLER=arm-none-eabi-as" "A
TRACE::2024-07-06.15:21:06::SCWMssOS::RCHIVER=arm-none-eabi-ar" "COMPILER_FLAGS=  -O2 -c" "EXTRA_COMPILER_FLAGS=-mcpu=cortex-a9 -mfpu=vfpv3 -mfloat-abi=hard -nostart
TRACE::2024-07-06.15:21:06::SCWMssOS::files -g -Wall -Wextra"

TRACE::2024-07-06.15:21:06::SCWMssOS::"Compiling tmrctr"

TRACE::2024-07-06.15:21:07::SCWMssOS::"Running Make libs in ps7_cortexa9_0/libsrc/uartps_v3_9/src"

TRACE::2024-07-06.15:21:07::SCWMssOS::make -C ps7_cortexa9_0/libsrc/uartps_v3_9/src -s libs  "SHELL=CMD" "COMPILER=arm-none-eabi-gcc" "ASSEMBLER=arm-none-eabi-as" "A
TRACE::2024-07-06.15:21:07::SCWMssOS::RCHIVER=arm-none-eabi-ar" "COMPILER_FLAGS=  -O2 -c" "EXTRA_COMPILER_FLAGS=-mcpu=cortex-a9 -mfpu=vfpv3 -mfloat-abi=hard -nostart
TRACE::2024-07-06.15:21:07::SCWMssOS::files -g -Wall -Wextra"

TRACE::2024-07-06.15:21:07::SCWMssOS::"Compiling uartps"

TRACE::2024-07-06.15:21:08::SCWMssOS::"Running Make libs in ps7_cortexa9_0/libsrc/usbps_v2_5/src"

TRACE::2024-07-06.15:21:08::SCWMssOS::make -C ps7_cortexa9_0/libsrc/usbps_v2_5/src -s libs  "SHELL=CMD" "COMPILER=arm-none-eabi-gcc" "ASSEMBLER=arm-none-eabi-as" "AR
TRACE::2024-07-06.15:21:08::SCWMssOS::CHIVER=arm-none-eabi-ar" "COMPILER_FLAGS=  -O2 -c" "EXTRA_COMPILER_FLAGS=-mcpu=cortex-a9 -mfpu=vfpv3 -mfloat-abi=hard -nostartf
TRACE::2024-07-06.15:21:08::SCWMssOS::iles -g -Wall -Wextra"

TRACE::2024-07-06.15:21:08::SCWMssOS::"Compiling usbps"

TRACE::2024-07-06.15:21:09::SCWMssOS::"Running Make libs in ps7_cortexa9_0/libsrc/xadcps_v2_4/src"

TRACE::2024-07-06.15:21:09::SCWMssOS::make -C ps7_cortexa9_0/libsrc/xadcps_v2_4/src -s libs  "SHELL=CMD" "COMPILER=arm-none-eabi-gcc" "ASSEMBLER=arm-none-eabi-as" "A
TRACE::2024-07-06.15:21:09::SCWMssOS::RCHIVER=arm-none-eabi-ar" "COMPILER_FLAGS=  -O2 -c" "EXTRA_COMPILER_FLAGS=-mcpu=cortex-a9 -mfpu=vfpv3 -mfloat-abi=hard -nostart
TRACE::2024-07-06.15:21:09::SCWMssOS::files -g -Wall -Wextra"

TRACE::2024-07-06.15:21:09::SCWMssOS::"Compiling xadcps"

TRACE::2024-07-06.15:21:10::SCWMssOS::'Finished building libraries'

TRACE::2024-07-06.15:21:10::SCWMssOS:: Checking if to create the Supporting Applications
TRACE::2024-07-06.15:21:10::SCWMssOS:: No Linux domain exists, trying to generate FSBL 
LOG::2024-07-06.15:21:10::SCWSystem::Completed Processing the domain standalone_domain
LOG::2024-07-06.15:21:10::SCWSystem::Completed Processing the sysconfig SEPmonG3
LOG::2024-07-06.15:21:10::SCWPlatform::Completed generating the artifacts for system configuration SEPmonG3
TRACE::2024-07-06.15:21:10::SCWPlatform::Started preparing the platform 
TRACE::2024-07-06.15:21:10::SCWSystem::Writing the bif file for system config SEPmonG3
TRACE::2024-07-06.15:21:10::SCWSystem::dir created 
TRACE::2024-07-06.15:21:10::SCWSystem::Writing the bif 
TRACE::2024-07-06.15:21:10::SCWPlatform::Started writing the spfm file 
TRACE::2024-07-06.15:21:10::SCWPlatform::Started writing the xpfm file 
TRACE::2024-07-06.15:21:10::SCWPlatform::Completed generating the platform
TRACE::2024-07-06.15:21:10::SCWMssOS::Saving the mss changes C:/Users/gusta/OneDrive/Documents/universidad/4to/1r/SEP/Proyectos/pr2/SEPmonG3/SEPmonG3/zynq_fsbl/zynq_fsbl_bsp/system.mss
TRACE::2024-07-06.15:21:10::SCWMssOS::Found a swdesign opened with the mssfile.
TRACE::2024-07-06.15:21:10::SCWMssOS::Completed writemss as part of save.
TRACE::2024-07-06.15:21:10::SCWMssOS::Commit changes completed.
TRACE::2024-07-06.15:21:10::SCWMssOS::Saving the mss changes C:/Users/gusta/OneDrive/Documents/universidad/4to/1r/SEP/Proyectos/pr2/SEPmonG3/SEPmonG3/ps7_cortexa9_0/standalone_domain/bsp/system.mss
TRACE::2024-07-06.15:21:10::SCWMssOS::Found a swdesign opened with the mssfile.
TRACE::2024-07-06.15:21:10::SCWMssOS::Running validate of swdbs.
KEYINFO::2024-07-06.15:21:10::SCWMssOS::Could not open the swdb for system_0
KEYINFO::2024-07-06.15:21:10::SCWMssOS::Could not open the sw design at  system_0
ERROR: [Hsi 55-1558] Software Design system_0 is not found

TRACE::2024-07-06.15:21:10::SCWMssOS::Cleared the swdb table entry
TRACE::2024-07-06.15:21:10::SCWMssOS::Adding the swdes entry, mss present, able to open swdb C:/Users/gusta/OneDrive/Documents/universidad/4to/1r/SEP/Proyectos/pr2/SEPmonG3/SEPmonG3/ps7_cortexa9_0/standalone_domain/bsp/system.mss with des name system_0
TRACE::2024-07-06.15:21:10::SCWMssOS::Writing the mss file completed C:/Users/gusta/OneDrive/Documents/universidad/4to/1r/SEP/Proyectos/pr2/SEPmonG3/SEPmonG3/ps7_cortexa9_0/standalone_domain/bsp/system.mss
TRACE::2024-07-06.15:21:10::SCWMssOS::Commit changes completed.
TRACE::2024-07-06.15:21:10::SCWPlatform::Trying to open the hw design at C:/Users/gusta/OneDrive/Documents/universidad/4to/1r/SEP/Proyectos/pr2/SEPmonG3/SEPmonG3/hw/SEPmonG3V2.xsa
TRACE::2024-07-06.15:21:10::SCWPlatform::DSA given C:/Users/gusta/OneDrive/Documents/universidad/4to/1r/SEP/Proyectos/pr2/SEPmonG3/SEPmonG3/hw/SEPmonG3V2.xsa
TRACE::2024-07-06.15:21:10::SCWPlatform::DSA absoulate path C:/Users/gusta/OneDrive/Documents/universidad/4to/1r/SEP/Proyectos/pr2/SEPmonG3/SEPmonG3/hw/SEPmonG3V2.xsa
TRACE::2024-07-06.15:21:10::SCWPlatform::DSA directory C:/Users/gusta/OneDrive/Documents/universidad/4to/1r/SEP/Proyectos/pr2/SEPmonG3/SEPmonG3/hw
TRACE::2024-07-06.15:21:10::SCWPlatform:: Platform Path C:/Users/gusta/OneDrive/Documents/universidad/4to/1r/SEP/Proyectos/pr2/SEPmonG3/SEPmonG3/hw/SEPmonG3V2.xsa
TRACE::2024-07-06.15:21:10::SCWPlatform:: Unique name xilinx:zybo-z7-10::0.0
TRACE::2024-07-06.15:21:10::SCWPlatform::Trying to set the existing hwdb with name DEMO_wrapper_7
TRACE::2024-07-06.15:21:10::SCWPlatform::Opened existing hwdb DEMO_wrapper_7
TRACE::2024-07-06.15:21:10::SCWPlatform::Found the Hw Db part of the input DSA
TRACE::2024-07-06.15:21:10::SCWMssOS::Checking the sw design at  C:/Users/gusta/OneDrive/Documents/universidad/4to/1r/SEP/Proyectos/pr2/SEPmonG3/SEPmonG3/zynq_fsbl/zynq_fsbl_bsp/system.mss
TRACE::2024-07-06.15:21:10::SCWMssOS::DEBUG:  swdes dump  C:/Users/gusta/OneDrive/Documents/universidad/4to/1r/SEP/Proyectos/pr2/SEPmonG3/SEPmonG3/ps7_cortexa9_0/standalone_domain/bsp/system.mss|system_0||
C:/Users/gusta/OneDrive/Documents/universidad/4to/1r/SEP/Proyectos/pr2/SEPmonG3/SEPmonG3/zynq_fsbl/zynq_fsbl_bsp/system.mss|system||

TRACE::2024-07-06.15:21:10::SCWMssOS::Sw design exists and opened at  C:/Users/gusta/OneDrive/Documents/universidad/4to/1r/SEP/Proyectos/pr2/SEPmonG3/SEPmonG3/zynq_fsbl/zynq_fsbl_bsp/system.mss
TRACE::2024-07-06.15:21:10::SCWPlatform::Trying to open the hw design at C:/Users/gusta/OneDrive/Documents/universidad/4to/1r/SEP/Proyectos/pr2/SEPmonG3/SEPmonG3/hw/SEPmonG3V2.xsa
TRACE::2024-07-06.15:21:10::SCWPlatform::DSA given C:/Users/gusta/OneDrive/Documents/universidad/4to/1r/SEP/Proyectos/pr2/SEPmonG3/SEPmonG3/hw/SEPmonG3V2.xsa
TRACE::2024-07-06.15:21:10::SCWPlatform::DSA absoulate path C:/Users/gusta/OneDrive/Documents/universidad/4to/1r/SEP/Proyectos/pr2/SEPmonG3/SEPmonG3/hw/SEPmonG3V2.xsa
TRACE::2024-07-06.15:21:10::SCWPlatform::DSA directory C:/Users/gusta/OneDrive/Documents/universidad/4to/1r/SEP/Proyectos/pr2/SEPmonG3/SEPmonG3/hw
TRACE::2024-07-06.15:21:10::SCWPlatform:: Platform Path C:/Users/gusta/OneDrive/Documents/universidad/4to/1r/SEP/Proyectos/pr2/SEPmonG3/SEPmonG3/hw/SEPmonG3V2.xsa
TRACE::2024-07-06.15:21:10::SCWPlatform:: Unique name xilinx:zybo-z7-10::0.0
TRACE::2024-07-06.15:21:10::SCWPlatform::Trying to set the existing hwdb with name DEMO_wrapper_7
TRACE::2024-07-06.15:21:10::SCWPlatform::Opened existing hwdb DEMO_wrapper_7
TRACE::2024-07-06.15:21:10::SCWPlatform::Found the Hw Db part of the input DSA
TRACE::2024-07-06.15:21:10::SCWMssOS::Checking the sw design at  C:/Users/gusta/OneDrive/Documents/universidad/4to/1r/SEP/Proyectos/pr2/SEPmonG3/SEPmonG3/ps7_cortexa9_0/standalone_domain/bsp/system.mss
TRACE::2024-07-06.15:21:10::SCWMssOS::DEBUG:  swdes dump  C:/Users/gusta/OneDrive/Documents/universidad/4to/1r/SEP/Proyectos/pr2/SEPmonG3/SEPmonG3/ps7_cortexa9_0/standalone_domain/bsp/system.mss|system_0||
C:/Users/gusta/OneDrive/Documents/universidad/4to/1r/SEP/Proyectos/pr2/SEPmonG3/SEPmonG3/zynq_fsbl/zynq_fsbl_bsp/system.mss|system||

TRACE::2024-07-06.15:21:10::SCWMssOS::Sw design exists and opened at  C:/Users/gusta/OneDrive/Documents/universidad/4to/1r/SEP/Proyectos/pr2/SEPmonG3/SEPmonG3/ps7_cortexa9_0/standalone_domain/bsp/system.mss
TRACE::2024-07-06.15:21:10::SCWWriter::formatted JSON is {
	"platformName":	"SEPmonG3",
	"sprVersion":	"2.0",
	"mode":	"gui",
	"dsaType":	"Fixed",
	"platformDesc":	"SEPmonG3",
	"platHandOff":	"<platformDir>V2.xsa",
	"platIntHandOff":	"<platformDir>/hw/SEPmonG3V2.xsa",
	"deviceType":	"zynq",
	"platIsPrebuiltAutogen":	"false",
	"platIsNoBootBsp":	"false",
	"hasFsblMakeHasChanges":	"false",
	"hasPmufwMakeHasChanges":	"false",
	"fsblExtraCompilerFlags":	"-MMD -MP       -mcpu=cortex-a9 -mfpu=vfpv3 -mfloat-abi=hard ",
	"platPreBuiltFlag":	false,
	"platformSamplesDir":	"",
	"platActiveSys":	"SEPmonG3",
	"systems":	[{
			"systemName":	"SEPmonG3",
			"systemDesc":	"SEPmonG3",
			"sysIsBootAutoGen":	"true",
			"systemDispName":	"SEPmonG3",
			"sysActiveDom":	"standalone_domain",
			"sysDefaultDom":	"standalone_domain",
			"domains":	[{
					"domainName":	"zynq_fsbl",
					"domainDispName":	"zynq_fsbl",
					"domainDesc":	"FSBL Application BSP - Auto Generated.",
					"processors":	"ps7_cortexa9_0",
					"os":	"standalone",
					"sdxOs":	"standalone",
					"debugEnable":	"",
					"domRuntimes":	["cpp"],
					"swRepo":	"",
					"mssOsVer":	"7.2",
					"mssFile":	"",
					"md5Digest":	"02312b845700e4a4fd39dd786149f184",
					"compatibleApp":	"zynq_fsbl",
					"domType":	"bootDomain",
					"appSettings":	{
						"appCompilerFlags":	"",
						"appLinkerFlags":	""
					},
					"addedLibs":	["xilffs:4.3", "xilrsa:1.6"],
					"libOptions":	{
						"libsContainingOptions":	[]
					},
					"prebuiltLibs":	{
						"prebuiltIncPath":	[],
						"prebuiltLibPath":	[]
					},
					"isolation":	{
					}
				}, {
					"domainName":	"standalone_domain",
					"domainDispName":	"standalone on ps7_cortexa9_0",
					"domainDesc":	"standalone_domain",
					"processors":	"ps7_cortexa9_0",
					"os":	"standalone",
					"sdxOs":	"standalone",
					"qemuArgs":	"C:/Xilinx/Vitis/2020.1/data/emulation/platforms/zynq/qemu/qemu_args.txt",
					"qemuData":	"C:/Xilinx/Vitis/2020.1/data/emulation/platforms/zynq/qemu/",
					"debugEnable":	"False",
					"domRuntimes":	["cpp"],
					"swRepo":	"",
					"mssOsVer":	"7.2",
					"mssFile":	"",
					"md5Digest":	"efd89e5dc0de3569561896281720723f",
					"compatibleApp":	"",
					"domType":	"mssDomain",
					"appSettings":	{
						"appCompilerFlags":	"",
						"appLinkerFlags":	""
					},
					"addedLibs":	[],
					"libOptions":	{
						"libsContainingOptions":	[]
					},
					"prebuiltLibs":	{
						"prebuiltIncPath":	[],
						"prebuiltLibPath":	[]
					},
					"isolation":	{
					}
				}]
		}]
}
KEYINFO::2024-07-06.15:21:10::SCWPlatform::updated the xpfm file.
TRACE::2024-07-06.15:21:10::SCWPlatform::Trying to open the hw design at C:/Users/gusta/OneDrive/Documents/universidad/4to/1r/SEP/Proyectos/pr2/SEPmonG3/SEPmonG3/hw/SEPmonG3V2.xsa
TRACE::2024-07-06.15:21:10::SCWPlatform::DSA given C:/Users/gusta/OneDrive/Documents/universidad/4to/1r/SEP/Proyectos/pr2/SEPmonG3/SEPmonG3/hw/SEPmonG3V2.xsa
TRACE::2024-07-06.15:21:10::SCWPlatform::DSA absoulate path C:/Users/gusta/OneDrive/Documents/universidad/4to/1r/SEP/Proyectos/pr2/SEPmonG3/SEPmonG3/hw/SEPmonG3V2.xsa
TRACE::2024-07-06.15:21:10::SCWPlatform::DSA directory C:/Users/gusta/OneDrive/Documents/universidad/4to/1r/SEP/Proyectos/pr2/SEPmonG3/SEPmonG3/hw
TRACE::2024-07-06.15:21:10::SCWPlatform:: Platform Path C:/Users/gusta/OneDrive/Documents/universidad/4to/1r/SEP/Proyectos/pr2/SEPmonG3/SEPmonG3/hw/SEPmonG3V2.xsa
TRACE::2024-07-06.15:21:10::SCWPlatform:: Unique name xilinx:zybo-z7-10::0.0
TRACE::2024-07-06.15:21:10::SCWPlatform::Trying to set the existing hwdb with name DEMO_wrapper_7
TRACE::2024-07-06.15:21:10::SCWPlatform::Opened existing hwdb DEMO_wrapper_7
TRACE::2024-07-06.15:21:10::SCWPlatform::Found the Hw Db part of the input DSA
TRACE::2024-07-06.15:21:10::SCWMssOS::Checking the sw design at  C:/Users/gusta/OneDrive/Documents/universidad/4to/1r/SEP/Proyectos/pr2/SEPmonG3/SEPmonG3/ps7_cortexa9_0/standalone_domain/bsp/system.mss
TRACE::2024-07-06.15:21:10::SCWMssOS::DEBUG:  swdes dump  C:/Users/gusta/OneDrive/Documents/universidad/4to/1r/SEP/Proyectos/pr2/SEPmonG3/SEPmonG3/ps7_cortexa9_0/standalone_domain/bsp/system.mss|system_0||
C:/Users/gusta/OneDrive/Documents/universidad/4to/1r/SEP/Proyectos/pr2/SEPmonG3/SEPmonG3/zynq_fsbl/zynq_fsbl_bsp/system.mss|system||

TRACE::2024-07-06.15:21:10::SCWMssOS::Sw design exists and opened at  C:/Users/gusta/OneDrive/Documents/universidad/4to/1r/SEP/Proyectos/pr2/SEPmonG3/SEPmonG3/ps7_cortexa9_0/standalone_domain/bsp/system.mss
