#-----------------------------------------------------------
# Vivado v2020.1 (64-bit)
# SW Build 2902540 on Wed May 27 19:54:49 MDT 2020
# IP Build 2902112 on Wed May 27 22:43:36 MDT 2020
# Start of session at: Sun Jul  7 15:40:59 2024
# Process ID: 18900
# Current directory: C:/Users/gusta/Documents/SEP_projects/HW_SW/SEPmonG3/SEPmon
# Command line: vivado.exe -gui_launcher_event rodinguilauncherevent15652 C:\Users\gusta\Documents\SEP_projects\HW_SW\SEPmonG3\SEPmon\SEPmon.xpr
# Log file: C:/Users/gusta/Documents/SEP_projects/HW_SW/SEPmonG3/SEPmon/vivado.log
# Journal file: C:/Users/gusta/Documents/SEP_projects/HW_SW/SEPmonG3/SEPmon\vivado.jou
#-----------------------------------------------------------
start_gui
open_project C:/Users/gusta/Documents/SEP_projects/HW_SW/SEPmonG3/SEPmon/SEPmon.xpr
INFO: [Project 1-313] Project file moved from 'C:/Users/gusta/OneDrive/Documents/universidad/4to/1r/SEP/Proyectos/pr2/SEPmonG3/SEPmon' since last save.
Scanning sources...
Finished scanning sources
WARNING: [filemgmt 56-2] IP Repository Path: Could not find the directory 'C:/Users/gusta/Documents/SEP_projects/HW_SW/SEP/Proyecto_Base_Booster_v2/DEMODEFINITIVA/ip_repo/BUZZER_1.0', nor could it be found using path 'C:/Users/gusta/OneDrive/Documents/universidad/4to/1r/SEP/Proyectos/pr2/SEP/Proyecto_Base_Booster_v2/DEMODEFINITIVA/ip_repo/BUZZER_1.0'.
INFO: [filemgmt 56-1] IP Repository Path: Directory not found as 'C:/Users/gusta/Documents/SEP_projects/pr2'; using path 'C:/Users/gusta/OneDrive/Documents/universidad/4to/1r/SEP/Proyectos/pr2' instead.
WARNING: [filemgmt 56-2] IP Repository Path: Could not find the directory 'C:/Users/gusta/Documents/SEP_projects/HW_SW/SEP/Proyecto_Base_Booster_v2/DEMODEFINITIVA/ip_repo/My_PWM_1.0', nor could it be found using path 'C:/Users/gusta/OneDrive/Documents/universidad/4to/1r/SEP/Proyectos/pr2/SEP/Proyecto_Base_Booster_v2/DEMODEFINITIVA/ip_repo/My_PWM_1.0'.
INFO: [IP_Flow 19-234] Refreshing IP repositories
INFO: [IP_Flow 19-1700] Loaded user IP repository 'c:/Users/gusta/Documents/SEP_projects/HW_SW/SEPmonG3/ip_repo/DigitalPeripherals_1.0'.
WARNING: [IP_Flow 19-2248] Failed to load user IP repository 'c:/Users/gusta/Documents/SEP_projects/HW_SW/SEP/Proyecto_Base_Booster_v2/DEMODEFINITIVA/ip_repo/BUZZER_1.0'; Can't find the specified path.
If this directory should no longer be in your list of user repositories, go to the IP Settings dialog and remove it.
CRITICAL WARNING: [IP_Flow 19-4648] Error loading IP definition Reproductor_v1_0 (xilinx.com:user:Reproductor:1.0): This component is not valid; it has a subcoreRef defined to be the same as its parent.
INFO: [IP_Flow 19-1700] Loaded user IP repository 'c:/Users/gusta/OneDrive/Documents/universidad/4to/1r/SEP/Proyectos/pr2'.
WARNING: [IP_Flow 19-2248] Failed to load user IP repository 'c:/Users/gusta/Documents/SEP_projects/HW_SW/SEP/Proyecto_Base_Booster_v2/DEMODEFINITIVA/ip_repo/My_PWM_1.0'; Can't find the specified path.
If this directory should no longer be in your list of user repositories, go to the IP Settings dialog and remove it.
INFO: [IP_Flow 19-2313] Loaded Vivado IP repository 'C:/Xilinx/Vivado/2020.1/data/ip'.
WARNING: [IP_Flow 19-1663] Duplicate IP found for 'xilinx.com:user:DigitalPeripherals:1.0'. The one found in IP location 'c:/Users/gusta/Documents/SEP_projects/HW_SW/SEPmonG3/ip_repo/DigitalPeripherals_1.0' will take precedence over the same IP in location c:/Users/gusta/OneDrive/Documents/universidad/4to/1r/SEP/Proyectos/pr2/SEPmonG3/ip_repo/DigitalPeripherals_1.0
WARNING: [IP_Flow 19-1663] Duplicate IP found for 'xilinx.com:user:Reproductor:1.0'. The one found in IP location 'c:/Users/gusta/OneDrive/Documents/universidad/4to/1r/SEP/Proyectos/pr2/Musica/Musica.srcs' will take precedence over the same IP in location c:/Users/gusta/OneDrive/Documents/universidad/4to/1r/SEP/Proyectos/pr2/Musica/Musica.srcs/sources_1/new
WARNING: [IP_Flow 19-1663] Duplicate IP found for 'xilinx.com:module_ref:BUZZER:1.0'. The one found in IP location 'c:/Users/gusta/OneDrive/Documents/universidad/4to/1r/SEP/Proyectos/pr2/SEPmonG3/SEPmon/SEPmon.srcs/sources_1/bd/mref/BUZZER' will take precedence over the same IP in location c:/Users/gusta/Documents/SEP_projects/HW_SW/SEPmonG3/SEPmon/SEPmon.srcs/sources_1/bd/mref/BUZZER
WARNING: [BD 41-1661] One or more IPs have been locked in the design 'DEMO.bd'. Please run report_ip_status for more details and recommendations on how to fix this issue.
List of locked IPs:
DEMO_axi_quad_spi_0_0
DEMO_axi_gpio_0_0
DEMO_processing_system7_0_0
DEMO_rst_ps7_0_50M_0
DEMO_axi_quad_spi_1_0
DEMO_axi_iic_0_1
DEMO_axi_gpio_1_0

open_project: Time (s): cpu = 00:00:29 ; elapsed = 00:00:29 . Memory (MB): peak = 1049.758 ; gain = 0.000
update_compile_order -fileset sources_1
open_bd_design {C:/Users/gusta/Documents/SEP_projects/HW_SW/SEPmonG3/SEPmon/SEPmon.srcs/sources_1/bd/DEMO/DEMO.bd}
Adding component instance block -- xilinx.com:ip:axi_interconnect:2.1 - ps7_0_axi_periph
Adding component instance block -- xilinx.com:ip:axi_crossbar:2.1 - xbar
Adding component instance block -- xilinx.com:ip:axi_protocol_converter:2.1 - auto_pc
Adding component instance block -- xilinx.com:ip:axi_gpio:2.0 - axi_gpio_0
Adding component instance block -- xilinx.com:ip:axi_iic:2.0 - axi_iic_0
Adding component instance block -- xilinx.com:ip:axi_quad_spi:3.2 - axi_quad_spi_0
Adding component instance block -- xilinx.com:ip:axi_quad_spi:3.2 - axi_quad_spi_1
Adding component instance block -- xilinx.com:ip:processing_system7:5.5 - processing_system7_0
WARNING: [BD 41-176] The physical port 'S_AXI_GP2_rd_socket' specified in the portmap, is not found on the block! 
WARNING: [BD 41-176] The physical port 'S_AXI_GP2_wr_socket' specified in the portmap, is not found on the block! 
WARNING: [BD 41-176] The physical port 'S_AXI_GP3_rd_socket' specified in the portmap, is not found on the block! 
WARNING: [BD 41-176] The physical port 'S_AXI_GP3_wr_socket' specified in the portmap, is not found on the block! 
Adding component instance block -- xilinx.com:ip:proc_sys_reset:5.0 - rst_ps7_0_50M
Adding component instance block -- xilinx.com:ip:axi_gpio:2.0 - axi_gpio_1
Adding component instance block -- xilinx.com:ip:axi_timer:2.0 - axi_timer_0
Adding component instance block -- xilinx.com:ip:axi_timer:2.0 - axi_timer_1
Adding component instance block -- xilinx.com:ip:xlconcat:2.1 - xlconcat_0
Adding component instance block -- xilinx.com:user:ReproductorAXI:1.0 - ReproductorAXI_0
Adding component instance block -- xilinx.com:ip:vio:3.0 - vio_0
Adding component instance block -- xilinx.com:ip:ila:6.2 - ila_0
INFO: [xilinx.com:ip:ila:6.2-6] /ila_0: Xilinx recommends using the System ILA IP in IP Integrator. The System ILA IP is functionally equivalent to an ILA and offers additional benefits in debugging interfaces both within IP Integrator and the Hardware Manager. Consult the Programming and Debug User Guide UG908 for further details.
Adding component instance block -- xilinx.com:ip:axi_timer:2.0 - axi_timer_2
Successfully read diagram <DEMO> from BD file <C:/Users/gusta/Documents/SEP_projects/HW_SW/SEPmonG3/SEPmon/SEPmon.srcs/sources_1/bd/DEMO/DEMO.bd>
open_bd_design: Time (s): cpu = 00:00:13 ; elapsed = 00:00:12 . Memory (MB): peak = 1252.332 ; gain = 87.469
report_ip_status -name ip_status 
upgrade_ip [get_ips  {DEMO_processing_system7_0_0 DEMO_axi_iic_0_1 DEMO_axi_quad_spi_1_0 DEMO_axi_quad_spi_0_0 DEMO_axi_gpio_1_0 DEMO_rst_ps7_0_50M_0 DEMO_axi_gpio_0_0}] -log ip_upgrade.log
Upgrading 'C:/Users/gusta/Documents/SEP_projects/HW_SW/SEPmonG3/SEPmon/SEPmon.srcs/sources_1/bd/DEMO/DEMO.bd'
INFO: [IP_Flow 19-3420] Updated DEMO_axi_gpio_0_0 to use current project options
INFO: [IP_Flow 19-3420] Updated DEMO_axi_gpio_1_0 to use current project options
INFO: [IP_Flow 19-3420] Updated DEMO_axi_iic_0_1 to use current project options
INFO: [IP_Flow 19-3420] Updated DEMO_axi_quad_spi_0_0 to use current project options
INFO: [IP_Flow 19-3420] Updated DEMO_axi_quad_spi_1_0 to use current project options
INFO: [PS7-6] Configuring Board Preset part0. Please wait ......
CRITICAL WARNING: [PSU-1]  Parameter : PCW_UIPARAM_DDR_DQS_TO_CLK_DELAY_0 has negative value -0.050 . PS DDR interfaces might fail when entering negative DQS skew values. 
CRITICAL WARNING: [PSU-2]  Parameter : PCW_UIPARAM_DDR_DQS_TO_CLK_DELAY_1 has negative value -0.044 . PS DDR interfaces might fail when entering negative DQS skew values. 
CRITICAL WARNING: [PSU-3]  Parameter : PCW_UIPARAM_DDR_DQS_TO_CLK_DELAY_2 has negative value -0.035 . PS DDR interfaces might fail when entering negative DQS skew values. 
CRITICAL WARNING: [PSU-4]  Parameter : PCW_UIPARAM_DDR_DQS_TO_CLK_DELAY_3 has negative value -0.100 . PS DDR interfaces might fail when entering negative DQS skew values. 
CRITICAL WARNING: [PSU-1]  Parameter : PCW_UIPARAM_DDR_DQS_TO_CLK_DELAY_0 has negative value -0.050 . PS DDR interfaces might fail when entering negative DQS skew values. 
CRITICAL WARNING: [PSU-2]  Parameter : PCW_UIPARAM_DDR_DQS_TO_CLK_DELAY_1 has negative value -0.044 . PS DDR interfaces might fail when entering negative DQS skew values. 
CRITICAL WARNING: [PSU-3]  Parameter : PCW_UIPARAM_DDR_DQS_TO_CLK_DELAY_2 has negative value -0.035 . PS DDR interfaces might fail when entering negative DQS skew values. 
CRITICAL WARNING: [PSU-4]  Parameter : PCW_UIPARAM_DDR_DQS_TO_CLK_DELAY_3 has negative value -0.100 . PS DDR interfaces might fail when entering negative DQS skew values. 
INFO: [IP_Flow 19-3420] Updated DEMO_processing_system7_0_0 to use current project options
WARNING: [BD 41-176] The physical port 'S_AXI_GP2_rd_socket' specified in the portmap, is not found on the block! 
WARNING: [BD 41-176] The physical port 'S_AXI_GP2_wr_socket' specified in the portmap, is not found on the block! 
WARNING: [BD 41-176] The physical port 'S_AXI_GP3_rd_socket' specified in the portmap, is not found on the block! 
WARNING: [BD 41-176] The physical port 'S_AXI_GP3_wr_socket' specified in the portmap, is not found on the block! 
INFO: [Ipptcl 7-1463] No Compatible Board Interface found. Board Tab not created in customize GUI
INFO: [IP_Flow 19-3420] Updated DEMO_rst_ps7_0_50M_0 to use current project options
Wrote  : <C:\Users\gusta\Documents\SEP_projects\HW_SW\SEPmonG3\SEPmon\SEPmon.srcs\sources_1\bd\DEMO\DEMO.bd> 
Wrote  : <C:/Users/gusta/Documents/SEP_projects/HW_SW/SEPmonG3/SEPmon/SEPmon.srcs/sources_1/bd/DEMO/ui/bd_58220e03.ui> 
INFO: [Coretcl 2-1525] Wrote upgrade log to 'C:/Users/gusta/Documents/SEP_projects/HW_SW/SEPmonG3/SEPmon/ip_upgrade.log'.
upgrade_ip: Time (s): cpu = 00:00:16 ; elapsed = 00:00:13 . Memory (MB): peak = 1298.844 ; gain = 0.000
export_ip_user_files -of_objects [get_ips {DEMO_processing_system7_0_0 DEMO_axi_iic_0_1 DEMO_axi_quad_spi_1_0 DEMO_axi_quad_spi_0_0 DEMO_axi_gpio_1_0 DEMO_rst_ps7_0_50M_0 DEMO_axi_gpio_0_0}] -no_script -sync -force -quiet
report_ip_status -name ip_status 
startgroup
set_property -dict [list CONFIG.NUM_PORTS {5}] [get_bd_cells xlconcat_0]
endgroup
startgroup
make_bd_pins_external  [get_bd_pins xlconcat_0/In4]
endgroup
set_property name btnA [get_bd_ports In4_0]
set_property name btn0 [get_bd_ports btnA]
set_property  ip_repo_paths  {c:/Users/gusta/Documents/SEP_projects/HW_SW/SEPmonG3/ip_repo/DigitalPeripherals_1.0 C:/Users/gusta/Documents/SEP_projects/HW_SW/Debouncer c:/Users/gusta/Documents/SEP_projects/HW_SW/SEP/Proyecto_Base_Booster_v2/DEMODEFINITIVA/ip_repo/BUZZER_1.0 c:/Users/gusta/OneDrive/Documents/universidad/4to/1r/SEP/Proyectos/pr2 c:/Users/gusta/Documents/SEP_projects/HW_SW/SEP/Proyecto_Base_Booster_v2/DEMODEFINITIVA/ip_repo/My_PWM_1.0} [current_project]
update_ip_catalog
INFO: [IP_Flow 19-234] Refreshing IP repositories
INFO: [IP_Flow 19-1700] Loaded user IP repository 'c:/Users/gusta/Documents/SEP_projects/HW_SW/SEPmonG3/ip_repo/DigitalPeripherals_1.0'.
INFO: [IP_Flow 19-1700] Loaded user IP repository 'c:/Users/gusta/Documents/SEP_projects/HW_SW/Debouncer'.
WARNING: [IP_Flow 19-2248] Failed to load user IP repository 'c:/Users/gusta/Documents/SEP_projects/HW_SW/SEP/Proyecto_Base_Booster_v2/DEMODEFINITIVA/ip_repo/BUZZER_1.0'; Can't find the specified path.
If this directory should no longer be in your list of user repositories, go to the IP Settings dialog and remove it.
CRITICAL WARNING: [IP_Flow 19-4648] Error loading IP definition Reproductor_v1_0 (xilinx.com:user:Reproductor:1.0): This component is not valid; it has a subcoreRef defined to be the same as its parent.
INFO: [IP_Flow 19-1700] Loaded user IP repository 'c:/Users/gusta/OneDrive/Documents/universidad/4to/1r/SEP/Proyectos/pr2'.
WARNING: [IP_Flow 19-2248] Failed to load user IP repository 'c:/Users/gusta/Documents/SEP_projects/HW_SW/SEP/Proyecto_Base_Booster_v2/DEMODEFINITIVA/ip_repo/My_PWM_1.0'; Can't find the specified path.
If this directory should no longer be in your list of user repositories, go to the IP Settings dialog and remove it.
WARNING: [IP_Flow 19-1663] Duplicate IP found for 'xilinx.com:user:DigitalPeripherals:1.0'. The one found in IP location 'c:/Users/gusta/Documents/SEP_projects/HW_SW/SEPmonG3/ip_repo/DigitalPeripherals_1.0' will take precedence over the same IP in location c:/Users/gusta/OneDrive/Documents/universidad/4to/1r/SEP/Proyectos/pr2/SEPmonG3/ip_repo/DigitalPeripherals_1.0
WARNING: [IP_Flow 19-1663] Duplicate IP found for 'xilinx.com:user:Reproductor:1.0'. The one found in IP location 'c:/Users/gusta/OneDrive/Documents/universidad/4to/1r/SEP/Proyectos/pr2/Musica/Musica.srcs' will take precedence over the same IP in location c:/Users/gusta/OneDrive/Documents/universidad/4to/1r/SEP/Proyectos/pr2/Musica/Musica.srcs/sources_1/new
WARNING: [IP_Flow 19-1663] Duplicate IP found for 'xilinx.com:module_ref:BUZZER:1.0'. The one found in IP location 'c:/Users/gusta/OneDrive/Documents/universidad/4to/1r/SEP/Proyectos/pr2/SEPmonG3/SEPmon/SEPmon.srcs/sources_1/bd/mref/BUZZER' will take precedence over the same IP in location c:/Users/gusta/Documents/SEP_projects/HW_SW/SEPmonG3/SEPmon/SEPmon.srcs/sources_1/bd/mref/BUZZER
startgroup
create_bd_cell -type ip -vlnv xilinx.com:user:Debouncing_Button_VHDL:1.0 Debouncing_Button_VH_0
endgroup
set_property location {1 88 473} [get_bd_cells Debouncing_Button_VH_0]
report_ip_status -name ip_status 
delete_bd_objs [get_bd_nets In4_0_1]
connect_bd_net [get_bd_pins Debouncing_Button_VH_0/debounced_button] [get_bd_pins xlconcat_0/In4]
connect_bd_net [get_bd_ports btn0] [get_bd_pins Debouncing_Button_VH_0/button]
startgroup
make_bd_pins_external  [get_bd_pins Debouncing_Button_VH_0/clk]
endgroup
delete_bd_objs [get_bd_nets clk_0_1] [get_bd_ports clk_0]
connect_bd_net [get_bd_ports clk] [get_bd_pins Debouncing_Button_VH_0/clk]
connect_bd_net [get_bd_ports clk] [get_bd_pins axi_timer_2/freeze]
WARNING: [BD 41-1731] Type mismatch between connected pins: /clk(clk) and /axi_timer_2/freeze(undef)
delete_bd_objs [get_bd_nets clk_1]
undo
INFO: [Common 17-17] undo 'delete_bd_objs [get_bd_nets clk_1]'
WARNING: [BD 41-1731] Type mismatch between connected pins: /clk(clk) and /axi_timer_2/freeze(undef)
validate_bd_design
WARNING: [BD 41-176] The physical port 'S_AXI_GP2_rd_socket' specified in the portmap, is not found on the block! 
WARNING: [BD 41-176] The physical port 'S_AXI_GP2_wr_socket' specified in the portmap, is not found on the block! 
WARNING: [BD 41-176] The physical port 'S_AXI_GP3_rd_socket' specified in the portmap, is not found on the block! 
WARNING: [BD 41-176] The physical port 'S_AXI_GP3_wr_socket' specified in the portmap, is not found on the block! 
INFO: [xilinx.com:ip:axi_quad_spi:3.2-1] /axi_quad_spi_0 
                   #######################################################################################
                   INFO: AXI Quad SPI core's AXI Lite Clock and EXT SPI CLK are synchronous to each other.
                   ########################################################################################
INFO: [xilinx.com:ip:axi_quad_spi:3.2-1] /axi_quad_spi_1 
                   #######################################################################################
                   INFO: AXI Quad SPI core's AXI Lite Clock and EXT SPI CLK are synchronous to each other.
                   ########################################################################################
validate_bd_design: Time (s): cpu = 00:00:24 ; elapsed = 00:00:26 . Memory (MB): peak = 1376.223 ; gain = 50.078
report_ip_status -name ip_status 
ipx::edit_ip_in_project -upgrade true -name ReproductorAXI_v1_0_project -directory C:/Users/gusta/Documents/SEP_projects/HW_SW/SEPmonG3/SEPmon/SEPmon.tmp/ReproductorAXI_v1_0_project c:/Users/gusta/OneDrive/Documents/universidad/4to/1r/SEP/Proyectos/pr2/ip_repo/ReproductorAXI_1.0/component.xml
INFO: [ProjectBase 1-489] The host OS only allows 260 characters in a normal path. The project is stored in a path with more than 80 characters. If you experience issues with IP, Block Designs, or files not being found, please consider moving the project to a location with a shorter path. Alternately consider using the OS subst command to map part of the path to a drive letter.
Current project path is 'c:/users/gusta/documents/sep_projects/hw_sw/sepmong3/sepmon/sepmon.tmp/reproductoraxi_v1_0_project'
INFO: [IP_Flow 19-234] Refreshing IP repositories
INFO: [IP_Flow 19-1704] No user IP repositories specified
INFO: [IP_Flow 19-2313] Loaded Vivado IP repository 'C:/Xilinx/Vivado/2020.1/data/ip'.
INFO: [IP_Flow 19-234] Refreshing IP repositories
INFO: [IP_Flow 19-1700] Loaded user IP repository 'c:/Users/gusta/Documents/SEP_projects/HW_SW/SEPmonG3/ip_repo/DigitalPeripherals_1.0'.
INFO: [IP_Flow 19-1700] Loaded user IP repository 'c:/Users/gusta/Documents/SEP_projects/HW_SW/Debouncer'.
WARNING: [IP_Flow 19-2248] Failed to load user IP repository 'c:/Users/gusta/Documents/SEP_projects/HW_SW/SEP/Proyecto_Base_Booster_v2/DEMODEFINITIVA/ip_repo/BUZZER_1.0'; Can't find the specified path.
If this directory should no longer be in your list of user repositories, go to the IP Settings dialog and remove it.
CRITICAL WARNING: [IP_Flow 19-4648] Error loading IP definition Reproductor_v1_0 (xilinx.com:user:Reproductor:1.0): This component is not valid; it has a subcoreRef defined to be the same as its parent.
INFO: [IP_Flow 19-1700] Loaded user IP repository 'c:/Users/gusta/OneDrive/Documents/universidad/4to/1r/SEP/Proyectos/pr2'.
WARNING: [IP_Flow 19-2248] Failed to load user IP repository 'c:/Users/gusta/Documents/SEP_projects/HW_SW/SEP/Proyecto_Base_Booster_v2/DEMODEFINITIVA/ip_repo/My_PWM_1.0'; Can't find the specified path.
If this directory should no longer be in your list of user repositories, go to the IP Settings dialog and remove it.
WARNING: [IP_Flow 19-1663] Duplicate IP found for 'xilinx.com:user:DigitalPeripherals:1.0'. The one found in IP location 'c:/Users/gusta/Documents/SEP_projects/HW_SW/SEPmonG3/ip_repo/DigitalPeripherals_1.0' will take precedence over the same IP in location c:/Users/gusta/OneDrive/Documents/universidad/4to/1r/SEP/Proyectos/pr2/SEPmonG3/ip_repo/DigitalPeripherals_1.0
WARNING: [IP_Flow 19-1663] Duplicate IP found for 'xilinx.com:user:Reproductor:1.0'. The one found in IP location 'c:/Users/gusta/OneDrive/Documents/universidad/4to/1r/SEP/Proyectos/pr2/Musica/Musica.srcs' will take precedence over the same IP in location c:/Users/gusta/OneDrive/Documents/universidad/4to/1r/SEP/Proyectos/pr2/Musica/Musica.srcs/sources_1/new
INFO: [IP_Flow 19-795] Syncing license key meta-data
ipx::edit_ip_in_project: Time (s): cpu = 00:00:08 ; elapsed = 00:00:11 . Memory (MB): peak = 1376.223 ; gain = 0.000
update_compile_order -fileset sources_1
current_project SEPmon
current_project ReproductorAXI_v1_0_project
ipx::merge_project_changes files [ipx::current_core]
WARNING: [IP_Flow 19-5226] Project source file 'c:/Users/gusta/OneDrive/Documents/universidad/4to/1r/SEP/Proyectos/pr2/ip_repo/ReproductorAXI_1.0/component.xml' ignored by IP packager.
set_property core_revision 6 [ipx::current_core]
ipx::update_source_project_archive -component [ipx::current_core]
ipx::create_xgui_files [ipx::current_core]
ipx::update_checksums [ipx::current_core]
ipx::save_core [ipx::current_core]
ipx::move_temp_component_back -component [ipx::current_core]
close_project -delete
update_ip_catalog -rebuild -repo_path c:/Users/gusta/OneDrive/Documents/universidad/4to/1r/SEP/Proyectos/pr2
CRITICAL WARNING: [IP_Flow 19-4648] Error loading IP definition Reproductor_v1_0 (xilinx.com:user:Reproductor:1.0): This component is not valid; it has a subcoreRef defined to be the same as its parent.
INFO: [IP_Flow 19-725] Reloaded user IP repository 'c:/Users/gusta/OneDrive/Documents/universidad/4to/1r/SEP/Proyectos/pr2'
WARNING: [IP_Flow 19-1663] Duplicate IP found for 'xilinx.com:user:DigitalPeripherals:1.0'. The one found in IP location 'c:/Users/gusta/Documents/SEP_projects/HW_SW/SEPmonG3/ip_repo/DigitalPeripherals_1.0' will take precedence over the same IP in location c:/Users/gusta/OneDrive/Documents/universidad/4to/1r/SEP/Proyectos/pr2/SEPmonG3/ip_repo/DigitalPeripherals_1.0
WARNING: [IP_Flow 19-1663] Duplicate IP found for 'xilinx.com:user:Reproductor:1.0'. The one found in IP location 'c:/Users/gusta/OneDrive/Documents/universidad/4to/1r/SEP/Proyectos/pr2/Musica/Musica.srcs' will take precedence over the same IP in location c:/Users/gusta/OneDrive/Documents/universidad/4to/1r/SEP/Proyectos/pr2/Musica/Musica.srcs/sources_1/new
WARNING: [IP_Flow 19-1663] Duplicate IP found for 'xilinx.com:module_ref:BUZZER:1.0'. The one found in IP location 'c:/Users/gusta/OneDrive/Documents/universidad/4to/1r/SEP/Proyectos/pr2/SEPmonG3/SEPmon/SEPmon.srcs/sources_1/bd/mref/BUZZER' will take precedence over the same IP in location c:/Users/gusta/Documents/SEP_projects/HW_SW/SEPmonG3/SEPmon/SEPmon.srcs/sources_1/bd/mref/BUZZER
report_ip_status -name ip_status 
upgrade_ip -vlnv xilinx.com:user:ReproductorAXI:1.0 [get_ips  DEMO_ReproductorAXI_0_0] -log ip_upgrade.log
Upgrading 'C:/Users/gusta/Documents/SEP_projects/HW_SW/SEPmonG3/SEPmon/SEPmon.srcs/sources_1/bd/DEMO/DEMO.bd'
INFO: [IP_Flow 19-3422] Upgraded DEMO_ReproductorAXI_0_0 (ReproductorAXI_v1.0 1.0) from revision 5 to revision 6
Wrote  : <C:\Users\gusta\Documents\SEP_projects\HW_SW\SEPmonG3\SEPmon\SEPmon.srcs\sources_1\bd\DEMO\DEMO.bd> 
Wrote  : <C:/Users/gusta/Documents/SEP_projects/HW_SW/SEPmonG3/SEPmon/SEPmon.srcs/sources_1/bd/DEMO/ui/bd_58220e03.ui> 
INFO: [Coretcl 2-1525] Wrote upgrade log to 'C:/Users/gusta/Documents/SEP_projects/HW_SW/SEPmonG3/SEPmon/ip_upgrade.log'.
export_ip_user_files -of_objects [get_ips DEMO_ReproductorAXI_0_0] -no_script -sync -force -quiet
report_ip_status -name ip_status 
launch_runs impl_2 -to_step write_bitstream -jobs 4
INFO: [xilinx.com:ip:axi_quad_spi:3.2-1] /axi_quad_spi_0 
                   #######################################################################################
                   INFO: AXI Quad SPI core's AXI Lite Clock and EXT SPI CLK are synchronous to each other.
                   ########################################################################################
INFO: [xilinx.com:ip:axi_quad_spi:3.2-1] /axi_quad_spi_0 
                   #######################################################################################
                   INFO: AXI Quad SPI core's AXI Lite Clock and EXT SPI CLK are synchronous to each other.
                   ########################################################################################
INFO: [xilinx.com:ip:axi_quad_spi:3.2-1] /axi_quad_spi_1 
                   #######################################################################################
                   INFO: AXI Quad SPI core's AXI Lite Clock and EXT SPI CLK are synchronous to each other.
                   ########################################################################################
INFO: [xilinx.com:ip:axi_quad_spi:3.2-1] /axi_quad_spi_1 
                   #######################################################################################
                   INFO: AXI Quad SPI core's AXI Lite Clock and EXT SPI CLK are synchronous to each other.
                   ########################################################################################
Wrote  : <C:\Users\gusta\Documents\SEP_projects\HW_SW\SEPmonG3\SEPmon\SEPmon.srcs\sources_1\bd\DEMO\DEMO.bd> 
VHDL Output written to : C:/Users/gusta/Documents/SEP_projects/HW_SW/SEPmonG3/SEPmon/SEPmon.srcs/sources_1/bd/DEMO/synth/DEMO.vhd
VHDL Output written to : C:/Users/gusta/Documents/SEP_projects/HW_SW/SEPmonG3/SEPmon/SEPmon.srcs/sources_1/bd/DEMO/sim/DEMO.vhd
VHDL Output written to : C:/Users/gusta/Documents/SEP_projects/HW_SW/SEPmonG3/SEPmon/SEPmon.srcs/sources_1/bd/DEMO/hdl/DEMO_wrapper.vhd
INFO: [BD 41-1029] Generation completed for the IP Integrator block axi_quad_spi_0 .
WARNING: [IP_Flow 19-5611] Unable to find an associated reset port for the interface 'M_AXI_GP0'. A default connection has been created.
INFO: [BD 41-1029] Generation completed for the IP Integrator block processing_system7_0 .
INFO: [BD 41-1029] Generation completed for the IP Integrator block axi_gpio_0 .
INFO: [BD 41-1029] Generation completed for the IP Integrator block rst_ps7_0_50M .
INFO: [BD 41-1029] Generation completed for the IP Integrator block axi_quad_spi_1 .
INFO: [BD 41-1029] Generation completed for the IP Integrator block axi_iic_0 .
INFO: [BD 41-1029] Generation completed for the IP Integrator block axi_gpio_1 .
INFO: [BD 41-1029] Generation completed for the IP Integrator block xlconcat_0 .
INFO: [BD 41-1029] Generation completed for the IP Integrator block ReproductorAXI_0 .
INFO: [BD 41-1029] Generation completed for the IP Integrator block Debouncing_Button_VH_0 .
WARNING: [IP_Flow 19-4994] Overwriting existing constraint file 'c:/Users/gusta/Documents/SEP_projects/HW_SW/SEPmonG3/SEPmon/SEPmon.srcs/sources_1/bd/DEMO/ip/DEMO_auto_pc_0/DEMO_auto_pc_0_ooc.xdc'
INFO: [BD 41-1029] Generation completed for the IP Integrator block ps7_0_axi_periph/s00_couplers/auto_pc .
Exporting to file C:/Users/gusta/Documents/SEP_projects/HW_SW/SEPmonG3/SEPmon/SEPmon.srcs/sources_1/bd/DEMO/hw_handoff/DEMO.hwh
Generated Block Design Tcl file C:/Users/gusta/Documents/SEP_projects/HW_SW/SEPmonG3/SEPmon/SEPmon.srcs/sources_1/bd/DEMO/hw_handoff/DEMO_bd.tcl
Generated Hardware Definition File C:/Users/gusta/Documents/SEP_projects/HW_SW/SEPmonG3/SEPmon/SEPmon.srcs/sources_1/bd/DEMO/synth/DEMO.hwdef
INFO: [IP_Flow 19-4993] Using cached IP synthesis design for IP DEMO_auto_pc_0, cache-ID = f0066fce20473567; cache size = 7.148 MB.
INFO: [IP_Flow 19-4993] Using cached IP synthesis design for IP DEMO_axi_gpio_0_0, cache-ID = 3665068eb73465ac; cache size = 16.697 MB.
INFO: [IP_Flow 19-4993] Using cached IP synthesis design for IP DEMO_axi_gpio_1_0, cache-ID = 307cbd2324be9a02; cache size = 16.697 MB.
INFO: [IP_Flow 19-4993] Using cached IP synthesis design for IP DEMO_axi_quad_spi_0_0, cache-ID = e158f52f7b80a515; cache size = 16.697 MB.
INFO: [IP_Flow 19-4993] Using cached IP synthesis design for IP DEMO_rst_ps7_0_50M_0, cache-ID = ab0a728821245ea5; cache size = 7.148 MB.
[Sun Jul  7 16:28:17 2024] Launched DEMO_axi_iic_0_1_synth_1, DEMO_processing_system7_0_0_synth_1, DEMO_axi_quad_spi_1_0_synth_1, DEMO_ReproductorAXI_0_0_synth_1, DEMO_Debouncing_Button_VH_0_0_synth_1, synth_1_copy_1...
Run output will be captured here:
DEMO_axi_iic_0_1_synth_1: C:/Users/gusta/Documents/SEP_projects/HW_SW/SEPmonG3/SEPmon/SEPmon.runs/DEMO_axi_iic_0_1_synth_1/runme.log
DEMO_processing_system7_0_0_synth_1: C:/Users/gusta/Documents/SEP_projects/HW_SW/SEPmonG3/SEPmon/SEPmon.runs/DEMO_processing_system7_0_0_synth_1/runme.log
DEMO_axi_quad_spi_1_0_synth_1: C:/Users/gusta/Documents/SEP_projects/HW_SW/SEPmonG3/SEPmon/SEPmon.runs/DEMO_axi_quad_spi_1_0_synth_1/runme.log
DEMO_ReproductorAXI_0_0_synth_1: C:/Users/gusta/Documents/SEP_projects/HW_SW/SEPmonG3/SEPmon/SEPmon.runs/DEMO_ReproductorAXI_0_0_synth_1/runme.log
DEMO_Debouncing_Button_VH_0_0_synth_1: C:/Users/gusta/Documents/SEP_projects/HW_SW/SEPmonG3/SEPmon/SEPmon.runs/DEMO_Debouncing_Button_VH_0_0_synth_1/runme.log
synth_1_copy_1: C:/Users/gusta/Documents/SEP_projects/HW_SW/SEPmonG3/SEPmon/SEPmon.runs/synth_1_copy_1/runme.log
[Sun Jul  7 16:28:18 2024] Launched impl_2...
Run output will be captured here: C:/Users/gusta/Documents/SEP_projects/HW_SW/SEPmonG3/SEPmon/SEPmon.runs/impl_2/runme.log
launch_runs: Time (s): cpu = 00:00:53 ; elapsed = 00:01:08 . Memory (MB): peak = 1574.000 ; gain = 167.824
make_wrapper -files [get_files C:/Users/gusta/Documents/SEP_projects/HW_SW/SEPmonG3/SEPmon/SEPmon.srcs/sources_1/bd/DEMO/DEMO.bd] -top
reset_run synth_1_copy_1
launch_runs impl_2 -to_step write_bitstream -jobs 4
[Sun Jul  7 16:38:36 2024] Launched synth_1_copy_1...
Run output will be captured here: C:/Users/gusta/Documents/SEP_projects/HW_SW/SEPmonG3/SEPmon/SEPmon.runs/synth_1_copy_1/runme.log
[Sun Jul  7 16:38:36 2024] Launched impl_2...
Run output will be captured here: C:/Users/gusta/Documents/SEP_projects/HW_SW/SEPmonG3/SEPmon/SEPmon.runs/impl_2/runme.log
set_property pfm_name {} [get_files -all {C:/Users/gusta/Documents/SEP_projects/HW_SW/SEPmonG3/SEPmon/SEPmon.srcs/sources_1/bd/DEMO/DEMO.bd}]
write_hw_platform -fixed -include_bit -force -file C:/Users/gusta/Documents/SEP_projects/HW_SW/SEPmonG3/SEPmonG3V3.xsa
INFO: [Vivado 12-4895] Creating Hardware Platform: C:/Users/gusta/Documents/SEP_projects/HW_SW/SEPmonG3/SEPmonG3V3.xsa ...
INFO: [Hsi 55-2053] elapsed time for repository (C:/Xilinx/Vivado/2020.1/data\embeddedsw) loading 0 seconds
WARNING: [Project 1-645] Board images not set in Hardware Platform.
INFO: [Vivado 12-4896] Successfully created Hardware Platform: C:/Users/gusta/Documents/SEP_projects/HW_SW/SEPmonG3/SEPmonG3V3.xsa
write_hw_platform: Time (s): cpu = 00:00:11 ; elapsed = 00:00:11 . Memory (MB): peak = 1665.715 ; gain = 77.410
open_bd_design {C:/Users/gusta/Documents/SEP_projects/HW_SW/SEPmonG3/SEPmon/SEPmon.srcs/sources_1/bd/DEMO/DEMO.bd}
INFO: [Vivado 12-8231] Launching Vitis
INFO: [Vivado 12-417] Running vitis
INFO: [Vivado 12-8232] Vitis launch initiated. Please check console for any further messages.
ipx::edit_ip_in_project -upgrade true -name ReproductorAXI_v1_0_project -directory C:/Users/gusta/Documents/SEP_projects/HW_SW/SEPmonG3/SEPmon/SEPmon.tmp/ReproductorAXI_v1_0_project c:/Users/gusta/OneDrive/Documents/universidad/4to/1r/SEP/Proyectos/pr2/ip_repo/ReproductorAXI_1.0/component.xml
INFO: [ProjectBase 1-489] The host OS only allows 260 characters in a normal path. The project is stored in a path with more than 80 characters. If you experience issues with IP, Block Designs, or files not being found, please consider moving the project to a location with a shorter path. Alternately consider using the OS subst command to map part of the path to a drive letter.
Current project path is 'c:/users/gusta/documents/sep_projects/hw_sw/sepmong3/sepmon/sepmon.tmp/reproductoraxi_v1_0_project'
INFO: [IP_Flow 19-234] Refreshing IP repositories
INFO: [IP_Flow 19-1704] No user IP repositories specified
INFO: [IP_Flow 19-2313] Loaded Vivado IP repository 'C:/Xilinx/Vivado/2020.1/data/ip'.
INFO: [IP_Flow 19-234] Refreshing IP repositories
INFO: [IP_Flow 19-1700] Loaded user IP repository 'c:/Users/gusta/Documents/SEP_projects/HW_SW/SEPmonG3/ip_repo/DigitalPeripherals_1.0'.
INFO: [IP_Flow 19-1700] Loaded user IP repository 'c:/Users/gusta/Documents/SEP_projects/HW_SW/Debouncer'.
WARNING: [IP_Flow 19-2248] Failed to load user IP repository 'c:/Users/gusta/Documents/SEP_projects/HW_SW/SEP/Proyecto_Base_Booster_v2/DEMODEFINITIVA/ip_repo/BUZZER_1.0'; Can't find the specified path.
If this directory should no longer be in your list of user repositories, go to the IP Settings dialog and remove it.
CRITICAL WARNING: [IP_Flow 19-4648] Error loading IP definition Reproductor_v1_0 (xilinx.com:user:Reproductor:1.0): This component is not valid; it has a subcoreRef defined to be the same as its parent.
INFO: [IP_Flow 19-1700] Loaded user IP repository 'c:/Users/gusta/OneDrive/Documents/universidad/4to/1r/SEP/Proyectos/pr2'.
WARNING: [IP_Flow 19-2248] Failed to load user IP repository 'c:/Users/gusta/Documents/SEP_projects/HW_SW/SEP/Proyecto_Base_Booster_v2/DEMODEFINITIVA/ip_repo/My_PWM_1.0'; Can't find the specified path.
If this directory should no longer be in your list of user repositories, go to the IP Settings dialog and remove it.
WARNING: [IP_Flow 19-1663] Duplicate IP found for 'xilinx.com:user:DigitalPeripherals:1.0'. The one found in IP location 'c:/Users/gusta/Documents/SEP_projects/HW_SW/SEPmonG3/ip_repo/DigitalPeripherals_1.0' will take precedence over the same IP in location c:/Users/gusta/OneDrive/Documents/universidad/4to/1r/SEP/Proyectos/pr2/SEPmonG3/ip_repo/DigitalPeripherals_1.0
WARNING: [IP_Flow 19-1663] Duplicate IP found for 'xilinx.com:user:Reproductor:1.0'. The one found in IP location 'c:/Users/gusta/OneDrive/Documents/universidad/4to/1r/SEP/Proyectos/pr2/Musica/Musica.srcs' will take precedence over the same IP in location c:/Users/gusta/OneDrive/Documents/universidad/4to/1r/SEP/Proyectos/pr2/Musica/Musica.srcs/sources_1/new
INFO: [IP_Flow 19-795] Syncing license key meta-data
ipx::edit_ip_in_project: Time (s): cpu = 00:00:06 ; elapsed = 00:00:10 . Memory (MB): peak = 1672.398 ; gain = 6.684
update_compile_order -fileset sources_1
ipx::merge_project_changes files [ipx::current_core]
WARNING: [IP_Flow 19-5226] Project source file 'c:/Users/gusta/OneDrive/Documents/universidad/4to/1r/SEP/Proyectos/pr2/ip_repo/ReproductorAXI_1.0/component.xml' ignored by IP packager.
set_property core_revision 7 [ipx::current_core]
ipx::update_source_project_archive -component [ipx::current_core]
ipx::create_xgui_files [ipx::current_core]
ipx::update_checksums [ipx::current_core]
ipx::save_core [ipx::current_core]
current_project SEPmon
update_ip_catalog -rebuild -scan_changes
INFO: [IP_Flow 19-234] Refreshing IP repositories
INFO: [IP_Flow 19-1700] Loaded user IP repository 'c:/Users/gusta/Documents/SEP_projects/HW_SW/SEPmonG3/ip_repo/DigitalPeripherals_1.0'.
INFO: [IP_Flow 19-1700] Loaded user IP repository 'c:/Users/gusta/Documents/SEP_projects/HW_SW/Debouncer'.
WARNING: [IP_Flow 19-2248] Failed to load user IP repository 'c:/Users/gusta/Documents/SEP_projects/HW_SW/SEP/Proyecto_Base_Booster_v2/DEMODEFINITIVA/ip_repo/BUZZER_1.0'; Can't find the specified path.
If this directory should no longer be in your list of user repositories, go to the IP Settings dialog and remove it.
CRITICAL WARNING: [IP_Flow 19-4648] Error loading IP definition Reproductor_v1_0 (xilinx.com:user:Reproductor:1.0): This component is not valid; it has a subcoreRef defined to be the same as its parent.
INFO: [IP_Flow 19-1700] Loaded user IP repository 'c:/Users/gusta/OneDrive/Documents/universidad/4to/1r/SEP/Proyectos/pr2'.
WARNING: [IP_Flow 19-2248] Failed to load user IP repository 'c:/Users/gusta/Documents/SEP_projects/HW_SW/SEP/Proyecto_Base_Booster_v2/DEMODEFINITIVA/ip_repo/My_PWM_1.0'; Can't find the specified path.
If this directory should no longer be in your list of user repositories, go to the IP Settings dialog and remove it.
WARNING: [IP_Flow 19-1663] Duplicate IP found for 'xilinx.com:user:DigitalPeripherals:1.0'. The one found in IP location 'c:/Users/gusta/Documents/SEP_projects/HW_SW/SEPmonG3/ip_repo/DigitalPeripherals_1.0' will take precedence over the same IP in location c:/Users/gusta/OneDrive/Documents/universidad/4to/1r/SEP/Proyectos/pr2/SEPmonG3/ip_repo/DigitalPeripherals_1.0
WARNING: [IP_Flow 19-1663] Duplicate IP found for 'xilinx.com:user:Reproductor:1.0'. The one found in IP location 'c:/Users/gusta/OneDrive/Documents/universidad/4to/1r/SEP/Proyectos/pr2/Musica/Musica.srcs' will take precedence over the same IP in location c:/Users/gusta/OneDrive/Documents/universidad/4to/1r/SEP/Proyectos/pr2/Musica/Musica.srcs/sources_1/new
WARNING: [IP_Flow 19-1663] Duplicate IP found for 'xilinx.com:module_ref:BUZZER:1.0'. The one found in IP location 'c:/Users/gusta/OneDrive/Documents/universidad/4to/1r/SEP/Proyectos/pr2/SEPmonG3/SEPmon/SEPmon.srcs/sources_1/bd/mref/BUZZER' will take precedence over the same IP in location c:/Users/gusta/Documents/SEP_projects/HW_SW/SEPmonG3/SEPmon/SEPmon.srcs/sources_1/bd/mref/BUZZER
update_ip_catalog: Time (s): cpu = 00:00:02 ; elapsed = 00:00:05 . Memory (MB): peak = 1731.223 ; gain = 0.000
report_ip_status -name ip_status
current_project ReproductorAXI_v1_0_project
current_project SEPmon
CRITICAL WARNING: [PSU-1]  Parameter : PCW_UIPARAM_DDR_DQS_TO_CLK_DELAY_0 has negative value -0.050 . PS DDR interfaces might fail when entering negative DQS skew values. 
CRITICAL WARNING: [PSU-2]  Parameter : PCW_UIPARAM_DDR_DQS_TO_CLK_DELAY_1 has negative value -0.044 . PS DDR interfaces might fail when entering negative DQS skew values. 
CRITICAL WARNING: [PSU-3]  Parameter : PCW_UIPARAM_DDR_DQS_TO_CLK_DELAY_2 has negative value -0.035 . PS DDR interfaces might fail when entering negative DQS skew values. 
CRITICAL WARNING: [PSU-4]  Parameter : PCW_UIPARAM_DDR_DQS_TO_CLK_DELAY_3 has negative value -0.100 . PS DDR interfaces might fail when entering negative DQS skew values. 
WARNING: [IP_Flow 19-474] Invalid Parameter 'Component_Name'
CRITICAL WARNING: [PSU-1]  Parameter : PCW_UIPARAM_DDR_DQS_TO_CLK_DELAY_0 has negative value -0.050 . PS DDR interfaces might fail when entering negative DQS skew values. 
CRITICAL WARNING: [PSU-2]  Parameter : PCW_UIPARAM_DDR_DQS_TO_CLK_DELAY_1 has negative value -0.044 . PS DDR interfaces might fail when entering negative DQS skew values. 
CRITICAL WARNING: [PSU-3]  Parameter : PCW_UIPARAM_DDR_DQS_TO_CLK_DELAY_2 has negative value -0.035 . PS DDR interfaces might fail when entering negative DQS skew values. 
CRITICAL WARNING: [PSU-4]  Parameter : PCW_UIPARAM_DDR_DQS_TO_CLK_DELAY_3 has negative value -0.100 . PS DDR interfaces might fail when entering negative DQS skew values. 
startgroup
create_bd_cell -type ip -vlnv xilinx.com:ip:microblaze:11.0 microblaze_0
endgroup
delete_bd_objs [get_bd_cells microblaze_0]
add_files -norecurse C:/Users/gusta/Documents/SEP_projects/HW_SW/SEPmonG3/SEPmonG3V3_SW/Debug/SEPmonG3V3_SW.elf
report_ip_status -name ip_status 
upgrade_ip -vlnv xilinx.com:user:ReproductorAXI:1.0 [get_ips  DEMO_ReproductorAXI_0_0] -log ip_upgrade.log
Upgrading 'C:/Users/gusta/Documents/SEP_projects/HW_SW/SEPmonG3/SEPmon/SEPmon.srcs/sources_1/bd/DEMO/DEMO.bd'
INFO: [IP_Flow 19-3422] Upgraded DEMO_ReproductorAXI_0_0 (ReproductorAXI_v1.0 1.0) from revision 6 to revision 7
Wrote  : <C:\Users\gusta\Documents\SEP_projects\HW_SW\SEPmonG3\SEPmon\SEPmon.srcs\sources_1\bd\DEMO\DEMO.bd> 
Wrote  : <C:/Users/gusta/Documents/SEP_projects/HW_SW/SEPmonG3/SEPmon/SEPmon.srcs/sources_1/bd/DEMO/ui/bd_58220e03.ui> 
INFO: [Coretcl 2-1525] Wrote upgrade log to 'C:/Users/gusta/Documents/SEP_projects/HW_SW/SEPmonG3/SEPmon/ip_upgrade.log'.
export_ip_user_files -of_objects [get_ips DEMO_ReproductorAXI_0_0] -no_script -sync -force -quiet
report_ip_status -name ip_status 
reset_run synth_1_copy_1
launch_runs impl_2 -to_step write_bitstream -jobs 4
INFO: [xilinx.com:ip:axi_quad_spi:3.2-1] /axi_quad_spi_0 
                   #######################################################################################
                   INFO: AXI Quad SPI core's AXI Lite Clock and EXT SPI CLK are synchronous to each other.
                   ########################################################################################
INFO: [xilinx.com:ip:axi_quad_spi:3.2-1] /axi_quad_spi_0 
                   #######################################################################################
                   INFO: AXI Quad SPI core's AXI Lite Clock and EXT SPI CLK are synchronous to each other.
                   ########################################################################################
INFO: [xilinx.com:ip:axi_quad_spi:3.2-1] /axi_quad_spi_1 
                   #######################################################################################
                   INFO: AXI Quad SPI core's AXI Lite Clock and EXT SPI CLK are synchronous to each other.
                   ########################################################################################
INFO: [xilinx.com:ip:axi_quad_spi:3.2-1] /axi_quad_spi_1 
                   #######################################################################################
                   INFO: AXI Quad SPI core's AXI Lite Clock and EXT SPI CLK are synchronous to each other.
                   ########################################################################################
Wrote  : <C:\Users\gusta\Documents\SEP_projects\HW_SW\SEPmonG3\SEPmon\SEPmon.srcs\sources_1\bd\DEMO\DEMO.bd> 
VHDL Output written to : C:/Users/gusta/Documents/SEP_projects/HW_SW/SEPmonG3/SEPmon/SEPmon.srcs/sources_1/bd/DEMO/synth/DEMO.vhd
VHDL Output written to : C:/Users/gusta/Documents/SEP_projects/HW_SW/SEPmonG3/SEPmon/SEPmon.srcs/sources_1/bd/DEMO/sim/DEMO.vhd
VHDL Output written to : C:/Users/gusta/Documents/SEP_projects/HW_SW/SEPmonG3/SEPmon/SEPmon.srcs/sources_1/bd/DEMO/hdl/DEMO_wrapper.vhd
INFO: [BD 41-1029] Generation completed for the IP Integrator block ReproductorAXI_0 .
WARNING: [IP_Flow 19-4994] Overwriting existing constraint file 'c:/Users/gusta/Documents/SEP_projects/HW_SW/SEPmonG3/SEPmon/SEPmon.srcs/sources_1/bd/DEMO/ip/DEMO_auto_pc_0/DEMO_auto_pc_0_ooc.xdc'
INFO: [BD 41-1029] Generation completed for the IP Integrator block ps7_0_axi_periph/s00_couplers/auto_pc .
Exporting to file C:/Users/gusta/Documents/SEP_projects/HW_SW/SEPmonG3/SEPmon/SEPmon.srcs/sources_1/bd/DEMO/hw_handoff/DEMO.hwh
Generated Block Design Tcl file C:/Users/gusta/Documents/SEP_projects/HW_SW/SEPmonG3/SEPmon/SEPmon.srcs/sources_1/bd/DEMO/hw_handoff/DEMO_bd.tcl
Generated Hardware Definition File C:/Users/gusta/Documents/SEP_projects/HW_SW/SEPmonG3/SEPmon/SEPmon.srcs/sources_1/bd/DEMO/synth/DEMO.hwdef
INFO: [IP_Flow 19-4993] Using cached IP synthesis design for IP DEMO_auto_pc_0, cache-ID = f0066fce20473567; cache size = 7.148 MB.
[Sun Jul  7 17:24:52 2024] Launched DEMO_ReproductorAXI_0_0_synth_1, synth_1_copy_1...
Run output will be captured here:
DEMO_ReproductorAXI_0_0_synth_1: C:/Users/gusta/Documents/SEP_projects/HW_SW/SEPmonG3/SEPmon/SEPmon.runs/DEMO_ReproductorAXI_0_0_synth_1/runme.log
synth_1_copy_1: C:/Users/gusta/Documents/SEP_projects/HW_SW/SEPmonG3/SEPmon/SEPmon.runs/synth_1_copy_1/runme.log
[Sun Jul  7 17:24:52 2024] Launched impl_2...
Run output will be captured here: C:/Users/gusta/Documents/SEP_projects/HW_SW/SEPmonG3/SEPmon/SEPmon.runs/impl_2/runme.log
launch_runs: Time (s): cpu = 00:00:29 ; elapsed = 00:00:33 . Memory (MB): peak = 1737.441 ; gain = 0.000
open_run impl_2
INFO: [Device 21-403] Loading part xc7z010clg400-1
INFO: [Common 17-41] Interrupt caught. Command should exit soon.
Netlist sorting complete. Time (s): cpu = 00:00:00 ; elapsed = 00:00:00.284 . Memory (MB): peak = 1854.453 ; gain = 0.000
INFO: [Netlist 29-17] Analyzing 439 Unisim elements for replacement
INFO: [Netlist 29-28] Unisim Transformation completed in 0 CPU seconds
INFO: [Project 1-479] Netlist was created with Vivado 2020.1
open_run: Time (s): cpu = 00:00:07 ; elapsed = 00:00:09 . Memory (MB): peak = 1873.422 ; gain = 132.430
INFO: [Common 17-344] 'open_run' was cancelled
open_hw_manager
INFO: [Labtools 27-2285] Connecting to hw_server url TCP:localhost:3121
INFO: [Labtools 27-3415] Connecting to cs_server url TCP:localhost:3042
INFO: [Labtools 27-3417] Launching cs_server...
INFO: [Labtools 27-2221] Launch Output:


****** Xilinx cs_server v2020.1.0
  **** Build date : May 13 2020-21:10:29
    ** Copyright 2017-2020 Xilinx, Inc. All Rights Reserved.



connect_hw_server -url localhost:3121 -allow_non_jtag
INFO: [Labtools 27-2285] Connecting to hw_server url TCP:localhost:3121
INFO: [Labtools 27-3415] Connecting to cs_server url TCP:localhost:3042
INFO: [Labtools 27-3414] Connected to existing cs_server.
current_hw_target [get_hw_targets */xilinx_tcf/Digilent/210351B3FC88A]
set_property PARAM.FREQUENCY 15000000 [get_hw_targets */xilinx_tcf/Digilent/210351B3FC88A]
open_hw_target
INFO: [Labtoolstcl 44-466] Opening hw_target localhost:3121/xilinx_tcf/Digilent/210351B3FC88A
set_property PROGRAM.FILE {C:/Users/gusta/Documents/SEP_projects/HW_SW/SEPmonG3/SEPmon/SEPmon.runs/impl_2/DEMO_wrapper.bit} [get_hw_devices xc7z010_1]
set_property PROBES.FILE {C:/Users/gusta/Documents/SEP_projects/HW_SW/SEPmonG3/SEPmon/SEPmon.runs/impl_2/DEMO_wrapper.ltx} [get_hw_devices xc7z010_1]
set_property FULL_PROBES.FILE {C:/Users/gusta/Documents/SEP_projects/HW_SW/SEPmonG3/SEPmon/SEPmon.runs/impl_2/DEMO_wrapper.ltx} [get_hw_devices xc7z010_1]
current_hw_device [get_hw_devices xc7z010_1]
refresh_hw_device [lindex [get_hw_devices xc7z010_1] 0]
INFO: [Labtools 27-2302] Device xc7z010 (JTAG device index = 1) is programmed with a design that has 1 ILA core(s).
INFO: [Labtools 27-2302] Device xc7z010 (JTAG device index = 1) is programmed with a design that has 1 VIO core(s).
INFO: [Labtools 27-1889] Uploading output probe values for VIO core [hw_vio_1]
display_hw_ila_data [ get_hw_ila_data hw_ila_data_1 -of_objects [get_hw_ilas -of_objects [get_hw_devices xc7z010_1] -filter {CELL_NAME=~"DEMO_i/ila_0"}]]
run_hw_ila [get_hw_ilas -of_objects [get_hw_devices xc7z010_1] -filter {CELL_NAME=~"DEMO_i/ila_0"}]
INFO: [Labtools 27-1964] The ILA core 'hw_ila_1' trigger was armed at 2024-Jul-07 17:30:52
wait_on_hw_ila [get_hw_ilas -of_objects [get_hw_devices xc7z010_1] -filter {CELL_NAME=~"DEMO_i/ila_0"}]
display_hw_ila_data [upload_hw_ila_data [get_hw_ilas -of_objects [get_hw_devices xc7z010_1] -filter {CELL_NAME=~"DEMO_i/ila_0"}]]
INFO: [Labtools 27-1966] The ILA core 'hw_ila_1' triggered at 2024-Jul-07 17:30:52
INFO: [Labtools 27-3304] ILA Waveform data saved to file C:/Users/gusta/Documents/SEP_projects/HW_SW/SEPmonG3/SEPmon/SEPmon.hw/backup/hw_ila_data_1.ila. Use Tcl command 'read_hw_ila_data' or Vivado File->Import->Import ILA Data menu item to import the previously saved data.
set_property pfm_name {} [get_files -all {C:/Users/gusta/Documents/SEP_projects/HW_SW/SEPmonG3/SEPmon/SEPmon.srcs/sources_1/bd/DEMO/DEMO.bd}]
write_hw_platform -fixed -include_bit -force -file C:/Users/gusta/Documents/SEP_projects/HW_SW/SEPmonG3/SEPmon/SEPmonG3V4.xsa
INFO: [Vivado 12-4895] Creating Hardware Platform: C:/Users/gusta/Documents/SEP_projects/HW_SW/SEPmonG3/SEPmon/SEPmonG3V4.xsa ...
WARNING: [Project 1-645] Board images not set in Hardware Platform.
INFO: [Vivado 12-4896] Successfully created Hardware Platform: C:/Users/gusta/Documents/SEP_projects/HW_SW/SEPmonG3/SEPmon/SEPmonG3V4.xsa
write_hw_platform: Time (s): cpu = 00:00:11 ; elapsed = 00:00:11 . Memory (MB): peak = 3390.297 ; gain = 79.168
ERROR: [Xicom 50-38] xicom: Unable to connect to debug core(s) on the target device. Check cable connectivity and that the target board is powered up then use the disconnect_hw_server and connect_hw_server to re-initialize the hardware target. Use open_hw_target to re-register the hardware device.
ERROR: [Xicom 50-38] xicom: Unable to connect to debug core(s) on the target device. Check cable connectivity and that the target board is powered up then use the disconnect_hw_server and connect_hw_server to re-initialize the hardware target. Use open_hw_target to re-register the hardware device.
ERROR: [Xicom 50-38] xicom: Unable to connect to debug core(s) on the target device. Check cable connectivity and that the target board is powered up then use the disconnect_hw_server and connect_hw_server to re-initialize the hardware target. Use open_hw_target to re-register the hardware device.
ERROR: [Xicom 50-38] xicom: Unable to connect to debug core(s) on the target device. Check cable connectivity and that the target board is powered up then use the disconnect_hw_server and connect_hw_server to re-initialize the hardware target. Use open_hw_target to re-register the hardware device.
ERROR: [Xicom 50-38] xicom: Unable to connect to debug core(s) on the target device. Check cable connectivity and that the target board is powered up then use the disconnect_hw_server and connect_hw_server to re-initialize the hardware target. Use open_hw_target to re-register the hardware device.
ERROR: [Xicom 50-38] xicom: Unable to connect to debug core(s) on the target device. Check cable connectivity and that the target board is powered up then use the disconnect_hw_server and connect_hw_server to re-initialize the hardware target. Use open_hw_target to re-register the hardware device.
ERROR: [Xicom 50-38] xicom: Unable to connect to debug core(s) on the target device. Check cable connectivity and that the target board is powered up then use the disconnect_hw_server and connect_hw_server to re-initialize the hardware target. Use open_hw_target to re-register the hardware device.
ERROR: [Xicom 50-38] xicom: Unable to connect to debug core(s) on the target device. Check cable connectivity and that the target board is powered up then use the disconnect_hw_server and connect_hw_server to re-initialize the hardware target. Use open_hw_target to re-register the hardware device.
ERROR: [Xicom 50-38] xicom: Unable to connect to debug core(s) on the target device. Check cable connectivity and that the target board is powered up then use the disconnect_hw_server and connect_hw_server to re-initialize the hardware target. Use open_hw_target to re-register the hardware device.
ERROR: [Xicom 50-38] xicom: Unable to connect to debug core(s) on the target device. Check cable connectivity and that the target board is powered up then use the disconnect_hw_server and connect_hw_server to re-initialize the hardware target. Use open_hw_target to re-register the hardware device.
ERROR: [Xicom 50-38] xicom: Unable to connect to debug core(s) on the target device. Check cable connectivity and that the target board is powered up then use the disconnect_hw_server and connect_hw_server to re-initialize the hardware target. Use open_hw_target to re-register the hardware device.
ERROR: [Xicom 50-38] xicom: Unable to connect to debug core(s) on the target device. Check cable connectivity and that the target board is powered up then use the disconnect_hw_server and connect_hw_server to re-initialize the hardware target. Use open_hw_target to re-register the hardware device.
ERROR: [Xicom 50-38] xicom: Unable to connect to debug core(s) on the target device. Check cable connectivity and that the target board is powered up then use the disconnect_hw_server and connect_hw_server to re-initialize the hardware target. Use open_hw_target to re-register the hardware device.
ERROR: [Xicom 50-38] xicom: Unable to connect to debug core(s) on the target device. Check cable connectivity and that the target board is powered up then use the disconnect_hw_server and connect_hw_server to re-initialize the hardware target. Use open_hw_target to re-register the hardware device.
ERROR: [Xicom 50-38] xicom: Unable to connect to debug core(s) on the target device. Check cable connectivity and that the target board is powered up then use the disconnect_hw_server and connect_hw_server to re-initialize the hardware target. Use open_hw_target to re-register the hardware device.
ERROR: [Xicom 50-38] xicom: Unable to connect to debug core(s) on the target device. Check cable connectivity and that the target board is powered up then use the disconnect_hw_server and connect_hw_server to re-initialize the hardware target. Use open_hw_target to re-register the hardware device.
ERROR: [Xicom 50-38] xicom: Unable to connect to debug core(s) on the target device. Check cable connectivity and that the target board is powered up then use the disconnect_hw_server and connect_hw_server to re-initialize the hardware target. Use open_hw_target to re-register the hardware device.
ERROR: [Xicom 50-38] xicom: Unable to connect to debug core(s) on the target device. Check cable connectivity and that the target board is powered up then use the disconnect_hw_server and connect_hw_server to re-initialize the hardware target. Use open_hw_target to re-register the hardware device.
ERROR: [Xicom 50-38] xicom: Unable to connect to debug core(s) on the target device. Check cable connectivity and that the target board is powered up then use the disconnect_hw_server and connect_hw_server to re-initialize the hardware target. Use open_hw_target to re-register the hardware device.
ERROR: [Xicom 50-38] xicom: Unable to connect to debug core(s) on the target device. Check cable connectivity and that the target board is powered up then use the disconnect_hw_server and connect_hw_server to re-initialize the hardware target. Use open_hw_target to re-register the hardware device.
ERROR: [Xicom 50-38] xicom: Unable to connect to debug core(s) on the target device. Check cable connectivity and that the target board is powered up then use the disconnect_hw_server and connect_hw_server to re-initialize the hardware target. Use open_hw_target to re-register the hardware device.
ERROR: [Xicom 50-38] xicom: Unable to connect to debug core(s) on the target device. Check cable connectivity and that the target board is powered up then use the disconnect_hw_server and connect_hw_server to re-initialize the hardware target. Use open_hw_target to re-register the hardware device.
ERROR: [Xicom 50-38] xicom: Unable to connect to debug core(s) on the target device. Check cable connectivity and that the target board is powered up then use the disconnect_hw_server and connect_hw_server to re-initialize the hardware target. Use open_hw_target to re-register the hardware device.
ERROR: [Xicom 50-38] xicom: Unable to connect to debug core(s) on the target device. Check cable connectivity and that the target board is powered up then use the disconnect_hw_server and connect_hw_server to re-initialize the hardware target. Use open_hw_target to re-register the hardware device.
ERROR: [Xicom 50-38] xicom: Unable to connect to debug core(s) on the target device. Check cable connectivity and that the target board is powered up then use the disconnect_hw_server and connect_hw_server to re-initialize the hardware target. Use open_hw_target to re-register the hardware device.
ERROR: [Xicom 50-38] xicom: Unable to connect to debug core(s) on the target device. Check cable connectivity and that the target board is powered up then use the disconnect_hw_server and connect_hw_server to re-initialize the hardware target. Use open_hw_target to re-register the hardware device.
ERROR: [Xicom 50-38] xicom: Unable to connect to debug core(s) on the target device. Check cable connectivity and that the target board is powered up then use the disconnect_hw_server and connect_hw_server to re-initialize the hardware target. Use open_hw_target to re-register the hardware device.
ERROR: [Xicom 50-38] xicom: Unable to connect to debug core(s) on the target device. Check cable connectivity and that the target board is powered up then use the disconnect_hw_server and connect_hw_server to re-initialize the hardware target. Use open_hw_target to re-register the hardware device.
ERROR: [Xicom 50-38] xicom: Unable to connect to debug core(s) on the target device. Check cable connectivity and that the target board is powered up then use the disconnect_hw_server and connect_hw_server to re-initialize the hardware target. Use open_hw_target to re-register the hardware device.
ERROR: [Xicom 50-38] xicom: Unable to connect to debug core(s) on the target device. Check cable connectivity and that the target board is powered up then use the disconnect_hw_server and connect_hw_server to re-initialize the hardware target. Use open_hw_target to re-register the hardware device.
ERROR: [Xicom 50-38] xicom: Unable to connect to debug core(s) on the target device. Check cable connectivity and that the target board is powered up then use the disconnect_hw_server and connect_hw_server to re-initialize the hardware target. Use open_hw_target to re-register the hardware device.
ERROR: [Xicom 50-38] xicom: Unable to connect to debug core(s) on the target device. Check cable connectivity and that the target board is powered up then use the disconnect_hw_server and connect_hw_server to re-initialize the hardware target. Use open_hw_target to re-register the hardware device.
ERROR: [Xicom 50-38] xicom: Unable to connect to debug core(s) on the target device. Check cable connectivity and that the target board is powered up then use the disconnect_hw_server and connect_hw_server to re-initialize the hardware target. Use open_hw_target to re-register the hardware device.
ERROR: [Xicom 50-38] xicom: Unable to connect to debug core(s) on the target device. Check cable connectivity and that the target board is powered up then use the disconnect_hw_server and connect_hw_server to re-initialize the hardware target. Use open_hw_target to re-register the hardware device.
ERROR: [Xicom 50-38] xicom: Unable to connect to debug core(s) on the target device. Check cable connectivity and that the target board is powered up then use the disconnect_hw_server and connect_hw_server to re-initialize the hardware target. Use open_hw_target to re-register the hardware device.
current_project ReproductorAXI_v1_0_project
close_project
****** Webtalk v2020.1 (64-bit)
  **** SW Build 2902540 on Wed May 27 19:54:49 MDT 2020
  **** IP Build 2902112 on Wed May 27 22:43:36 MDT 2020
    ** Copyright 1986-2020 Xilinx, Inc. All Rights Reserved.

source c:/users/gusta/documents/sep_projects/hw_sw/sepmong3/sepmon/sepmon.tmp/reproductoraxi_v1_0_project/ReproductorAXI_v1_0_project.hw/webtalk/labtool_webtalk.tcl -notrace
INFO: [Common 17-206] Exiting Webtalk at Sun Jul  7 17:34:22 2024...
open_bd_design {C:/Users/gusta/Documents/SEP_projects/HW_SW/SEPmonG3/SEPmon/SEPmon.srcs/sources_1/bd/DEMO/DEMO.bd}
ipx::edit_ip_in_project -upgrade true -name ReproductorAXI_v1_0_project -directory C:/Users/gusta/Documents/SEP_projects/HW_SW/SEPmonG3/SEPmon/SEPmon.tmp/ReproductorAXI_v1_0_project c:/Users/gusta/OneDrive/Documents/universidad/4to/1r/SEP/Proyectos/pr2/ip_repo/ReproductorAXI_1.0/component.xml
INFO: [ProjectBase 1-489] The host OS only allows 260 characters in a normal path. The project is stored in a path with more than 80 characters. If you experience issues with IP, Block Designs, or files not being found, please consider moving the project to a location with a shorter path. Alternately consider using the OS subst command to map part of the path to a drive letter.
Current project path is 'c:/users/gusta/documents/sep_projects/hw_sw/sepmong3/sepmon/sepmon.tmp/reproductoraxi_v1_0_project'
INFO: [IP_Flow 19-234] Refreshing IP repositories
INFO: [IP_Flow 19-1704] No user IP repositories specified
INFO: [IP_Flow 19-2313] Loaded Vivado IP repository 'C:/Xilinx/Vivado/2020.1/data/ip'.
INFO: [IP_Flow 19-234] Refreshing IP repositories
INFO: [IP_Flow 19-1700] Loaded user IP repository 'c:/Users/gusta/Documents/SEP_projects/HW_SW/SEPmonG3/ip_repo/DigitalPeripherals_1.0'.
INFO: [IP_Flow 19-1700] Loaded user IP repository 'c:/Users/gusta/Documents/SEP_projects/HW_SW/Debouncer'.
WARNING: [IP_Flow 19-2248] Failed to load user IP repository 'c:/Users/gusta/Documents/SEP_projects/HW_SW/SEP/Proyecto_Base_Booster_v2/DEMODEFINITIVA/ip_repo/BUZZER_1.0'; Can't find the specified path.
If this directory should no longer be in your list of user repositories, go to the IP Settings dialog and remove it.
CRITICAL WARNING: [IP_Flow 19-4648] Error loading IP definition Reproductor_v1_0 (xilinx.com:user:Reproductor:1.0): This component is not valid; it has a subcoreRef defined to be the same as its parent.
INFO: [IP_Flow 19-1700] Loaded user IP repository 'c:/Users/gusta/OneDrive/Documents/universidad/4to/1r/SEP/Proyectos/pr2'.
WARNING: [IP_Flow 19-2248] Failed to load user IP repository 'c:/Users/gusta/Documents/SEP_projects/HW_SW/SEP/Proyecto_Base_Booster_v2/DEMODEFINITIVA/ip_repo/My_PWM_1.0'; Can't find the specified path.
If this directory should no longer be in your list of user repositories, go to the IP Settings dialog and remove it.
WARNING: [IP_Flow 19-1663] Duplicate IP found for 'xilinx.com:user:DigitalPeripherals:1.0'. The one found in IP location 'c:/Users/gusta/Documents/SEP_projects/HW_SW/SEPmonG3/ip_repo/DigitalPeripherals_1.0' will take precedence over the same IP in location c:/Users/gusta/OneDrive/Documents/universidad/4to/1r/SEP/Proyectos/pr2/SEPmonG3/ip_repo/DigitalPeripherals_1.0
WARNING: [IP_Flow 19-1663] Duplicate IP found for 'xilinx.com:user:Reproductor:1.0'. The one found in IP location 'c:/Users/gusta/OneDrive/Documents/universidad/4to/1r/SEP/Proyectos/pr2/Musica/Musica.srcs' will take precedence over the same IP in location c:/Users/gusta/OneDrive/Documents/universidad/4to/1r/SEP/Proyectos/pr2/Musica/Musica.srcs/sources_1/new
INFO: [IP_Flow 19-795] Syncing license key meta-data
ipx::edit_ip_in_project: Time (s): cpu = 00:00:05 ; elapsed = 00:00:10 . Memory (MB): peak = 3408.441 ; gain = 0.000
update_compile_order -fileset sources_1
ipx::merge_project_changes files [ipx::current_core]
WARNING: [IP_Flow 19-5226] Project source file 'c:/Users/gusta/OneDrive/Documents/universidad/4to/1r/SEP/Proyectos/pr2/ip_repo/ReproductorAXI_1.0/component.xml' ignored by IP packager.
set_property core_revision 8 [ipx::current_core]
ipx::update_source_project_archive -component [ipx::current_core]
ipx::create_xgui_files [ipx::current_core]
ipx::update_checksums [ipx::current_core]
ipx::save_core [ipx::current_core]
set_property core_revision 9 [ipx::current_core]
ipx::update_source_project_archive -component [ipx::current_core]
ipx::create_xgui_files [ipx::current_core]
ipx::update_checksums [ipx::current_core]
ipx::save_core [ipx::current_core]
ipx::move_temp_component_back -component [ipx::current_core]
close_project -delete
update_ip_catalog -rebuild -repo_path c:/Users/gusta/OneDrive/Documents/universidad/4to/1r/SEP/Proyectos/pr2
CRITICAL WARNING: [IP_Flow 19-4648] Error loading IP definition Reproductor_v1_0 (xilinx.com:user:Reproductor:1.0): This component is not valid; it has a subcoreRef defined to be the same as its parent.
INFO: [IP_Flow 19-725] Reloaded user IP repository 'c:/Users/gusta/OneDrive/Documents/universidad/4to/1r/SEP/Proyectos/pr2'
WARNING: [IP_Flow 19-1663] Duplicate IP found for 'xilinx.com:user:DigitalPeripherals:1.0'. The one found in IP location 'c:/Users/gusta/Documents/SEP_projects/HW_SW/SEPmonG3/ip_repo/DigitalPeripherals_1.0' will take precedence over the same IP in location c:/Users/gusta/OneDrive/Documents/universidad/4to/1r/SEP/Proyectos/pr2/SEPmonG3/ip_repo/DigitalPeripherals_1.0
WARNING: [IP_Flow 19-1663] Duplicate IP found for 'xilinx.com:user:Reproductor:1.0'. The one found in IP location 'c:/Users/gusta/OneDrive/Documents/universidad/4to/1r/SEP/Proyectos/pr2/Musica/Musica.srcs' will take precedence over the same IP in location c:/Users/gusta/OneDrive/Documents/universidad/4to/1r/SEP/Proyectos/pr2/Musica/Musica.srcs/sources_1/new
WARNING: [IP_Flow 19-1663] Duplicate IP found for 'xilinx.com:module_ref:BUZZER:1.0'. The one found in IP location 'c:/Users/gusta/OneDrive/Documents/universidad/4to/1r/SEP/Proyectos/pr2/SEPmonG3/SEPmon/SEPmon.srcs/sources_1/bd/mref/BUZZER' will take precedence over the same IP in location c:/Users/gusta/Documents/SEP_projects/HW_SW/SEPmonG3/SEPmon/SEPmon.srcs/sources_1/bd/mref/BUZZER
report_ip_status -name ip_status 
upgrade_ip -vlnv xilinx.com:user:ReproductorAXI:1.0 [get_ips  DEMO_ReproductorAXI_0_0] -log ip_upgrade.log
Upgrading 'C:/Users/gusta/Documents/SEP_projects/HW_SW/SEPmonG3/SEPmon/SEPmon.srcs/sources_1/bd/DEMO/DEMO.bd'
WARNING: [Vivado 12-1017] Problems encountered:
1. Failed to delete one or more files in run directory C:/Users/gusta/Documents/SEP_projects/HW_SW/SEPmonG3/SEPmon/SEPmon.runs/DEMO_ReproductorAXI_0_0_synth_1

INFO: [IP_Flow 19-3422] Upgraded DEMO_ReproductorAXI_0_0 (ReproductorAXI_v1.0 1.0) from revision 7 to revision 9
Wrote  : <C:\Users\gusta\Documents\SEP_projects\HW_SW\SEPmonG3\SEPmon\SEPmon.srcs\sources_1\bd\DEMO\DEMO.bd> 
Wrote  : <C:/Users/gusta/Documents/SEP_projects/HW_SW/SEPmonG3/SEPmon/SEPmon.srcs/sources_1/bd/DEMO/ui/bd_58220e03.ui> 
INFO: [Coretcl 2-1525] Wrote upgrade log to 'C:/Users/gusta/Documents/SEP_projects/HW_SW/SEPmonG3/SEPmon/ip_upgrade.log'.
export_ip_user_files -of_objects [get_ips DEMO_ReproductorAXI_0_0] -no_script -sync -force -quiet
report_ip_status -name ip_status 
reset_run synth_1_copy_1
WARNING: [Vivado 12-1017] Problems encountered:
1. Failed to delete one or more files in run directory C:/Users/gusta/Documents/SEP_projects/HW_SW/SEPmonG3/SEPmon/SEPmon.runs/synth_1_copy_1

launch_runs impl_2 -to_step write_bitstream -jobs 4
INFO: [xilinx.com:ip:axi_quad_spi:3.2-1] /axi_quad_spi_0 
                   #######################################################################################
                   INFO: AXI Quad SPI core's AXI Lite Clock and EXT SPI CLK are synchronous to each other.
                   ########################################################################################
INFO: [xilinx.com:ip:axi_quad_spi:3.2-1] /axi_quad_spi_0 
                   #######################################################################################
                   INFO: AXI Quad SPI core's AXI Lite Clock and EXT SPI CLK are synchronous to each other.
                   ########################################################################################
INFO: [xilinx.com:ip:axi_quad_spi:3.2-1] /axi_quad_spi_1 
                   #######################################################################################
                   INFO: AXI Quad SPI core's AXI Lite Clock and EXT SPI CLK are synchronous to each other.
                   ########################################################################################
INFO: [xilinx.com:ip:axi_quad_spi:3.2-1] /axi_quad_spi_1 
                   #######################################################################################
                   INFO: AXI Quad SPI core's AXI Lite Clock and EXT SPI CLK are synchronous to each other.
                   ########################################################################################
Wrote  : <C:\Users\gusta\Documents\SEP_projects\HW_SW\SEPmonG3\SEPmon\SEPmon.srcs\sources_1\bd\DEMO\DEMO.bd> 
VHDL Output written to : C:/Users/gusta/Documents/SEP_projects/HW_SW/SEPmonG3/SEPmon/SEPmon.srcs/sources_1/bd/DEMO/synth/DEMO.vhd
VHDL Output written to : C:/Users/gusta/Documents/SEP_projects/HW_SW/SEPmonG3/SEPmon/SEPmon.srcs/sources_1/bd/DEMO/sim/DEMO.vhd
VHDL Output written to : C:/Users/gusta/Documents/SEP_projects/HW_SW/SEPmonG3/SEPmon/SEPmon.srcs/sources_1/bd/DEMO/hdl/DEMO_wrapper.vhd
INFO: [BD 41-1029] Generation completed for the IP Integrator block ReproductorAXI_0 .
WARNING: [IP_Flow 19-4994] Overwriting existing constraint file 'c:/Users/gusta/Documents/SEP_projects/HW_SW/SEPmonG3/SEPmon/SEPmon.srcs/sources_1/bd/DEMO/ip/DEMO_auto_pc_0/DEMO_auto_pc_0_ooc.xdc'
INFO: [BD 41-1029] Generation completed for the IP Integrator block ps7_0_axi_periph/s00_couplers/auto_pc .
Exporting to file C:/Users/gusta/Documents/SEP_projects/HW_SW/SEPmonG3/SEPmon/SEPmon.srcs/sources_1/bd/DEMO/hw_handoff/DEMO.hwh
Generated Block Design Tcl file C:/Users/gusta/Documents/SEP_projects/HW_SW/SEPmonG3/SEPmon/SEPmon.srcs/sources_1/bd/DEMO/hw_handoff/DEMO_bd.tcl
Generated Hardware Definition File C:/Users/gusta/Documents/SEP_projects/HW_SW/SEPmonG3/SEPmon/SEPmon.srcs/sources_1/bd/DEMO/synth/DEMO.hwdef
INFO: [IP_Flow 19-4993] Using cached IP synthesis design for IP DEMO_auto_pc_0, cache-ID = f0066fce20473567; cache size = 7.148 MB.
[Sun Jul  7 17:38:02 2024] Launched DEMO_ReproductorAXI_0_0_synth_1, synth_1_copy_1...
Run output will be captured here:
DEMO_ReproductorAXI_0_0_synth_1: C:/Users/gusta/Documents/SEP_projects/HW_SW/SEPmonG3/SEPmon/SEPmon.runs/DEMO_ReproductorAXI_0_0_synth_1/runme.log
synth_1_copy_1: C:/Users/gusta/Documents/SEP_projects/HW_SW/SEPmonG3/SEPmon/SEPmon.runs/synth_1_copy_1/runme.log
[Sun Jul  7 17:38:03 2024] Launched impl_2...
Run output will be captured here: C:/Users/gusta/Documents/SEP_projects/HW_SW/SEPmonG3/SEPmon/SEPmon.runs/impl_2/runme.log
launch_runs: Time (s): cpu = 00:00:29 ; elapsed = 00:00:33 . Memory (MB): peak = 3413.535 ; gain = 4.438
set_property pfm_name {} [get_files -all {C:/Users/gusta/Documents/SEP_projects/HW_SW/SEPmonG3/SEPmon/SEPmon.srcs/sources_1/bd/DEMO/DEMO.bd}]
write_hw_platform -fixed -include_bit -force -file C:/Users/gusta/Documents/SEP_projects/HW_SW/SEPmonG3/SEPmonG3V5.xsa
INFO: [Vivado 12-4895] Creating Hardware Platform: C:/Users/gusta/Documents/SEP_projects/HW_SW/SEPmonG3/SEPmonG3V5.xsa ...
WARNING: [Project 1-645] Board images not set in Hardware Platform.
INFO: [Vivado 12-4896] Successfully created Hardware Platform: C:/Users/gusta/Documents/SEP_projects/HW_SW/SEPmonG3/SEPmonG3V5.xsa
write_hw_platform: Time (s): cpu = 00:00:11 ; elapsed = 00:00:11 . Memory (MB): peak = 3414.727 ; gain = 1.191
ERROR: [Xicom 50-38] xicom: Unable to connect to debug core(s) on the target device. Check cable connectivity and that the target board is powered up then use the disconnect_hw_server and connect_hw_server to re-initialize the hardware target. Use open_hw_target to re-register the hardware device.
ERROR: [Xicom 50-38] xicom: Unable to connect to debug core(s) on the target device. Check cable connectivity and that the target board is powered up then use the disconnect_hw_server and connect_hw_server to re-initialize the hardware target. Use open_hw_target to re-register the hardware device.
ERROR: [Xicom 50-38] xicom: Unable to connect to debug core(s) on the target device. Check cable connectivity and that the target board is powered up then use the disconnect_hw_server and connect_hw_server to re-initialize the hardware target. Use open_hw_target to re-register the hardware device.
ERROR: [Xicom 50-38] xicom: Unable to connect to debug core(s) on the target device. Check cable connectivity and that the target board is powered up then use the disconnect_hw_server and connect_hw_server to re-initialize the hardware target. Use open_hw_target to re-register the hardware device.
ERROR: [Xicom 50-38] xicom: Unable to connect to debug core(s) on the target device. Check cable connectivity and that the target board is powered up then use the disconnect_hw_server and connect_hw_server to re-initialize the hardware target. Use open_hw_target to re-register the hardware device.
ERROR: [Xicom 50-38] xicom: Unable to connect to debug core(s) on the target device. Check cable connectivity and that the target board is powered up then use the disconnect_hw_server and connect_hw_server to re-initialize the hardware target. Use open_hw_target to re-register the hardware device.
ERROR: [Xicom 50-38] xicom: Unable to connect to debug core(s) on the target device. Check cable connectivity and that the target board is powered up then use the disconnect_hw_server and connect_hw_server to re-initialize the hardware target. Use open_hw_target to re-register the hardware device.
ERROR: [Xicom 50-38] xicom: Unable to connect to debug core(s) on the target device. Check cable connectivity and that the target board is powered up then use the disconnect_hw_server and connect_hw_server to re-initialize the hardware target. Use open_hw_target to re-register the hardware device.
ERROR: [Xicom 50-38] xicom: Unable to connect to debug core(s) on the target device. Check cable connectivity and that the target board is powered up then use the disconnect_hw_server and connect_hw_server to re-initialize the hardware target. Use open_hw_target to re-register the hardware device.
ERROR: [Xicom 50-38] xicom: Unable to connect to debug core(s) on the target device. Check cable connectivity and that the target board is powered up then use the disconnect_hw_server and connect_hw_server to re-initialize the hardware target. Use open_hw_target to re-register the hardware device.
ERROR: [Xicom 50-38] xicom: Unable to connect to debug core(s) on the target device. Check cable connectivity and that the target board is powered up then use the disconnect_hw_server and connect_hw_server to re-initialize the hardware target. Use open_hw_target to re-register the hardware device.
ERROR: [Xicom 50-38] xicom: Unable to connect to debug core(s) on the target device. Check cable connectivity and that the target board is powered up then use the disconnect_hw_server and connect_hw_server to re-initialize the hardware target. Use open_hw_target to re-register the hardware device.
ERROR: [Xicom 50-38] xicom: Unable to connect to debug core(s) on the target device. Check cable connectivity and that the target board is powered up then use the disconnect_hw_server and connect_hw_server to re-initialize the hardware target. Use open_hw_target to re-register the hardware device.
ERROR: [Xicom 50-38] xicom: Unable to connect to debug core(s) on the target device. Check cable connectivity and that the target board is powered up then use the disconnect_hw_server and connect_hw_server to re-initialize the hardware target. Use open_hw_target to re-register the hardware device.
ERROR: [Xicom 50-38] xicom: Unable to connect to debug core(s) on the target device. Check cable connectivity and that the target board is powered up then use the disconnect_hw_server and connect_hw_server to re-initialize the hardware target. Use open_hw_target to re-register the hardware device.
ERROR: [Xicom 50-38] xicom: Unable to connect to debug core(s) on the target device. Check cable connectivity and that the target board is powered up then use the disconnect_hw_server and connect_hw_server to re-initialize the hardware target. Use open_hw_target to re-register the hardware device.
ERROR: [Xicom 50-38] xicom: Unable to connect to debug core(s) on the target device. Check cable connectivity and that the target board is powered up then use the disconnect_hw_server and connect_hw_server to re-initialize the hardware target. Use open_hw_target to re-register the hardware device.
ERROR: [Xicom 50-38] xicom: Unable to connect to debug core(s) on the target device. Check cable connectivity and that the target board is powered up then use the disconnect_hw_server and connect_hw_server to re-initialize the hardware target. Use open_hw_target to re-register the hardware device.
ERROR: [Xicom 50-38] xicom: Unable to connect to debug core(s) on the target device. Check cable connectivity and that the target board is powered up then use the disconnect_hw_server and connect_hw_server to re-initialize the hardware target. Use open_hw_target to re-register the hardware device.
ERROR: [Xicom 50-38] xicom: Unable to connect to debug core(s) on the target device. Check cable connectivity and that the target board is powered up then use the disconnect_hw_server and connect_hw_server to re-initialize the hardware target. Use open_hw_target to re-register the hardware device.
ERROR: [Xicom 50-38] xicom: Unable to connect to debug core(s) on the target device. Check cable connectivity and that the target board is powered up then use the disconnect_hw_server and connect_hw_server to re-initialize the hardware target. Use open_hw_target to re-register the hardware device.
ERROR: [Xicom 50-38] xicom: Unable to connect to debug core(s) on the target device. Check cable connectivity and that the target board is powered up then use the disconnect_hw_server and connect_hw_server to re-initialize the hardware target. Use open_hw_target to re-register the hardware device.
ERROR: [Xicom 50-38] xicom: Unable to connect to debug core(s) on the target device. Check cable connectivity and that the target board is powered up then use the disconnect_hw_server and connect_hw_server to re-initialize the hardware target. Use open_hw_target to re-register the hardware device.
ERROR: [Xicom 50-38] xicom: Unable to connect to debug core(s) on the target device. Check cable connectivity and that the target board is powered up then use the disconnect_hw_server and connect_hw_server to re-initialize the hardware target. Use open_hw_target to re-register the hardware device.
ERROR: [Xicom 50-38] xicom: Unable to connect to debug core(s) on the target device. Check cable connectivity and that the target board is powered up then use the disconnect_hw_server and connect_hw_server to re-initialize the hardware target. Use open_hw_target to re-register the hardware device.
ERROR: [Xicom 50-38] xicom: Unable to connect to debug core(s) on the target device. Check cable connectivity and that the target board is powered up then use the disconnect_hw_server and connect_hw_server to re-initialize the hardware target. Use open_hw_target to re-register the hardware device.
ERROR: [Xicom 50-38] xicom: Unable to connect to debug core(s) on the target device. Check cable connectivity and that the target board is powered up then use the disconnect_hw_server and connect_hw_server to re-initialize the hardware target. Use open_hw_target to re-register the hardware device.
ERROR: [Xicom 50-38] xicom: Unable to connect to debug core(s) on the target device. Check cable connectivity and that the target board is powered up then use the disconnect_hw_server and connect_hw_server to re-initialize the hardware target. Use open_hw_target to re-register the hardware device.
ERROR: [Xicom 50-38] xicom: Unable to connect to debug core(s) on the target device. Check cable connectivity and that the target board is powered up then use the disconnect_hw_server and connect_hw_server to re-initialize the hardware target. Use open_hw_target to re-register the hardware device.
ERROR: [Xicom 50-38] xicom: Unable to connect to debug core(s) on the target device. Check cable connectivity and that the target board is powered up then use the disconnect_hw_server and connect_hw_server to re-initialize the hardware target. Use open_hw_target to re-register the hardware device.
ERROR: [Xicom 50-38] xicom: Unable to connect to debug core(s) on the target device. Check cable connectivity and that the target board is powered up then use the disconnect_hw_server and connect_hw_server to re-initialize the hardware target. Use open_hw_target to re-register the hardware device.
ERROR: [Xicom 50-38] xicom: Unable to connect to debug core(s) on the target device. Check cable connectivity and that the target board is powered up then use the disconnect_hw_server and connect_hw_server to re-initialize the hardware target. Use open_hw_target to re-register the hardware device.
ERROR: [Xicom 50-38] xicom: Unable to connect to debug core(s) on the target device. Check cable connectivity and that the target board is powered up then use the disconnect_hw_server and connect_hw_server to re-initialize the hardware target. Use open_hw_target to re-register the hardware device.
ERROR: [Xicom 50-38] xicom: Unable to connect to debug core(s) on the target device. Check cable connectivity and that the target board is powered up then use the disconnect_hw_server and connect_hw_server to re-initialize the hardware target. Use open_hw_target to re-register the hardware device.
ERROR: [Xicom 50-38] xicom: Unable to connect to debug core(s) on the target device. Check cable connectivity and that the target board is powered up then use the disconnect_hw_server and connect_hw_server to re-initialize the hardware target. Use open_hw_target to re-register the hardware device.
ERROR: [Xicom 50-38] xicom: Unable to connect to debug core(s) on the target device. Check cable connectivity and that the target board is powered up then use the disconnect_hw_server and connect_hw_server to re-initialize the hardware target. Use open_hw_target to re-register the hardware device.
ERROR: [Xicom 50-38] xicom: Unable to connect to debug core(s) on the target device. Check cable connectivity and that the target board is powered up then use the disconnect_hw_server and connect_hw_server to re-initialize the hardware target. Use open_hw_target to re-register the hardware device.
ERROR: [Xicom 50-38] xicom: Unable to connect to debug core(s) on the target device. Check cable connectivity and that the target board is powered up then use the disconnect_hw_server and connect_hw_server to re-initialize the hardware target. Use open_hw_target to re-register the hardware device.
ERROR: [Xicom 50-38] xicom: Unable to connect to debug core(s) on the target device. Check cable connectivity and that the target board is powered up then use the disconnect_hw_server and connect_hw_server to re-initialize the hardware target. Use open_hw_target to re-register the hardware device.
ERROR: [Xicom 50-38] xicom: Unable to connect to debug core(s) on the target device. Check cable connectivity and that the target board is powered up then use the disconnect_hw_server and connect_hw_server to re-initialize the hardware target. Use open_hw_target to re-register the hardware device.
ERROR: [Xicom 50-38] xicom: Unable to connect to debug core(s) on the target device. Check cable connectivity and that the target board is powered up then use the disconnect_hw_server and connect_hw_server to re-initialize the hardware target. Use open_hw_target to re-register the hardware device.
ERROR: [Xicom 50-38] xicom: Unable to connect to debug core(s) on the target device. Check cable connectivity and that the target board is powered up then use the disconnect_hw_server and connect_hw_server to re-initialize the hardware target. Use open_hw_target to re-register the hardware device.
ERROR: [Xicom 50-38] xicom: Unable to connect to debug core(s) on the target device. Check cable connectivity and that the target board is powered up then use the disconnect_hw_server and connect_hw_server to re-initialize the hardware target. Use open_hw_target to re-register the hardware device.
ERROR: [Xicom 50-38] xicom: Unable to connect to debug core(s) on the target device. Check cable connectivity and that the target board is powered up then use the disconnect_hw_server and connect_hw_server to re-initialize the hardware target. Use open_hw_target to re-register the hardware device.
ERROR: [Xicom 50-38] xicom: Unable to connect to debug core(s) on the target device. Check cable connectivity and that the target board is powered up then use the disconnect_hw_server and connect_hw_server to re-initialize the hardware target. Use open_hw_target to re-register the hardware device.
ERROR: [Xicom 50-38] xicom: Unable to connect to debug core(s) on the target device. Check cable connectivity and that the target board is powered up then use the disconnect_hw_server and connect_hw_server to re-initialize the hardware target. Use open_hw_target to re-register the hardware device.
ERROR: [Xicom 50-38] xicom: Unable to connect to debug core(s) on the target device. Check cable connectivity and that the target board is powered up then use the disconnect_hw_server and connect_hw_server to re-initialize the hardware target. Use open_hw_target to re-register the hardware device.
ERROR: [Xicom 50-38] xicom: Unable to connect to debug core(s) on the target device. Check cable connectivity and that the target board is powered up then use the disconnect_hw_server and connect_hw_server to re-initialize the hardware target. Use open_hw_target to re-register the hardware device.
ERROR: [Xicom 50-38] xicom: Unable to connect to debug core(s) on the target device. Check cable connectivity and that the target board is powered up then use the disconnect_hw_server and connect_hw_server to re-initialize the hardware target. Use open_hw_target to re-register the hardware device.
ERROR: [Xicom 50-38] xicom: Unable to connect to debug core(s) on the target device. Check cable connectivity and that the target board is powered up then use the disconnect_hw_server and connect_hw_server to re-initialize the hardware target. Use open_hw_target to re-register the hardware device.
ERROR: [Xicom 50-38] xicom: Unable to connect to debug core(s) on the target device. Check cable connectivity and that the target board is powered up then use the disconnect_hw_server and connect_hw_server to re-initialize the hardware target. Use open_hw_target to re-register the hardware device.
ERROR: [Xicom 50-38] xicom: Unable to connect to debug core(s) on the target device. Check cable connectivity and that the target board is powered up then use the disconnect_hw_server and connect_hw_server to re-initialize the hardware target. Use open_hw_target to re-register the hardware device.
ERROR: [Xicom 50-38] xicom: Unable to connect to debug core(s) on the target device. Check cable connectivity and that the target board is powered up then use the disconnect_hw_server and connect_hw_server to re-initialize the hardware target. Use open_hw_target to re-register the hardware device.
ERROR: [Xicom 50-38] xicom: Unable to connect to debug core(s) on the target device. Check cable connectivity and that the target board is powered up then use the disconnect_hw_server and connect_hw_server to re-initialize the hardware target. Use open_hw_target to re-register the hardware device.
ERROR: [Xicom 50-38] xicom: Unable to connect to debug core(s) on the target device. Check cable connectivity and that the target board is powered up then use the disconnect_hw_server and connect_hw_server to re-initialize the hardware target. Use open_hw_target to re-register the hardware device.
ERROR: [Xicom 50-38] xicom: Unable to connect to debug core(s) on the target device. Check cable connectivity and that the target board is powered up then use the disconnect_hw_server and connect_hw_server to re-initialize the hardware target. Use open_hw_target to re-register the hardware device.
ERROR: [Xicom 50-38] xicom: Unable to connect to debug core(s) on the target device. Check cable connectivity and that the target board is powered up then use the disconnect_hw_server and connect_hw_server to re-initialize the hardware target. Use open_hw_target to re-register the hardware device.
ipx::edit_ip_in_project -upgrade true -name ReproductorAXI_v1_0_project -directory C:/Users/gusta/Documents/SEP_projects/HW_SW/SEPmonG3/SEPmon/SEPmon.tmp/ReproductorAXI_v1_0_project c:/Users/gusta/OneDrive/Documents/universidad/4to/1r/SEP/Proyectos/pr2/ip_repo/ReproductorAXI_1.0/component.xml
INFO: [ProjectBase 1-489] The host OS only allows 260 characters in a normal path. The project is stored in a path with more than 80 characters. If you experience issues with IP, Block Designs, or files not being found, please consider moving the project to a location with a shorter path. Alternately consider using the OS subst command to map part of the path to a drive letter.
Current project path is 'c:/users/gusta/documents/sep_projects/hw_sw/sepmong3/sepmon/sepmon.tmp/reproductoraxi_v1_0_project'
INFO: [IP_Flow 19-234] Refreshing IP repositories
INFO: [IP_Flow 19-1704] No user IP repositories specified
INFO: [IP_Flow 19-2313] Loaded Vivado IP repository 'C:/Xilinx/Vivado/2020.1/data/ip'.
INFO: [IP_Flow 19-234] Refreshing IP repositories
INFO: [IP_Flow 19-1700] Loaded user IP repository 'c:/Users/gusta/Documents/SEP_projects/HW_SW/SEPmonG3/ip_repo/DigitalPeripherals_1.0'.
INFO: [IP_Flow 19-1700] Loaded user IP repository 'c:/Users/gusta/Documents/SEP_projects/HW_SW/Debouncer'.
WARNING: [IP_Flow 19-2248] Failed to load user IP repository 'c:/Users/gusta/Documents/SEP_projects/HW_SW/SEP/Proyecto_Base_Booster_v2/DEMODEFINITIVA/ip_repo/BUZZER_1.0'; Can't find the specified path.
If this directory should no longer be in your list of user repositories, go to the IP Settings dialog and remove it.
CRITICAL WARNING: [IP_Flow 19-4648] Error loading IP definition Reproductor_v1_0 (xilinx.com:user:Reproductor:1.0): This component is not valid; it has a subcoreRef defined to be the same as its parent.
INFO: [IP_Flow 19-1700] Loaded user IP repository 'c:/Users/gusta/OneDrive/Documents/universidad/4to/1r/SEP/Proyectos/pr2'.
WARNING: [IP_Flow 19-2248] Failed to load user IP repository 'c:/Users/gusta/Documents/SEP_projects/HW_SW/SEP/Proyecto_Base_Booster_v2/DEMODEFINITIVA/ip_repo/My_PWM_1.0'; Can't find the specified path.
If this directory should no longer be in your list of user repositories, go to the IP Settings dialog and remove it.
WARNING: [IP_Flow 19-1663] Duplicate IP found for 'xilinx.com:user:DigitalPeripherals:1.0'. The one found in IP location 'c:/Users/gusta/Documents/SEP_projects/HW_SW/SEPmonG3/ip_repo/DigitalPeripherals_1.0' will take precedence over the same IP in location c:/Users/gusta/OneDrive/Documents/universidad/4to/1r/SEP/Proyectos/pr2/SEPmonG3/ip_repo/DigitalPeripherals_1.0
WARNING: [IP_Flow 19-1663] Duplicate IP found for 'xilinx.com:user:Reproductor:1.0'. The one found in IP location 'c:/Users/gusta/OneDrive/Documents/universidad/4to/1r/SEP/Proyectos/pr2/Musica/Musica.srcs' will take precedence over the same IP in location c:/Users/gusta/OneDrive/Documents/universidad/4to/1r/SEP/Proyectos/pr2/Musica/Musica.srcs/sources_1/new
INFO: [IP_Flow 19-795] Syncing license key meta-data
ipx::edit_ip_in_project: Time (s): cpu = 00:00:05 ; elapsed = 00:00:10 . Memory (MB): peak = 3432.918 ; gain = 18.188
update_compile_order -fileset sources_1
ipx::merge_project_changes files [ipx::current_core]
WARNING: [IP_Flow 19-5226] Project source file 'c:/Users/gusta/OneDrive/Documents/universidad/4to/1r/SEP/Proyectos/pr2/ip_repo/ReproductorAXI_1.0/component.xml' ignored by IP packager.
set_property core_revision 10 [ipx::current_core]
ipx::update_source_project_archive -component [ipx::current_core]
ipx::create_xgui_files [ipx::current_core]
ipx::update_checksums [ipx::current_core]
ipx::save_core [ipx::current_core]
ipx::move_temp_component_back -component [ipx::current_core]
close_project -delete
update_ip_catalog -rebuild -repo_path c:/Users/gusta/OneDrive/Documents/universidad/4to/1r/SEP/Proyectos/pr2
CRITICAL WARNING: [IP_Flow 19-4648] Error loading IP definition Reproductor_v1_0 (xilinx.com:user:Reproductor:1.0): This component is not valid; it has a subcoreRef defined to be the same as its parent.
INFO: [IP_Flow 19-725] Reloaded user IP repository 'c:/Users/gusta/OneDrive/Documents/universidad/4to/1r/SEP/Proyectos/pr2'
WARNING: [IP_Flow 19-1663] Duplicate IP found for 'xilinx.com:user:DigitalPeripherals:1.0'. The one found in IP location 'c:/Users/gusta/Documents/SEP_projects/HW_SW/SEPmonG3/ip_repo/DigitalPeripherals_1.0' will take precedence over the same IP in location c:/Users/gusta/OneDrive/Documents/universidad/4to/1r/SEP/Proyectos/pr2/SEPmonG3/ip_repo/DigitalPeripherals_1.0
WARNING: [IP_Flow 19-1663] Duplicate IP found for 'xilinx.com:user:Reproductor:1.0'. The one found in IP location 'c:/Users/gusta/OneDrive/Documents/universidad/4to/1r/SEP/Proyectos/pr2/Musica/Musica.srcs' will take precedence over the same IP in location c:/Users/gusta/OneDrive/Documents/universidad/4to/1r/SEP/Proyectos/pr2/Musica/Musica.srcs/sources_1/new
WARNING: [IP_Flow 19-1663] Duplicate IP found for 'xilinx.com:module_ref:BUZZER:1.0'. The one found in IP location 'c:/Users/gusta/OneDrive/Documents/universidad/4to/1r/SEP/Proyectos/pr2/SEPmonG3/SEPmon/SEPmon.srcs/sources_1/bd/mref/BUZZER' will take precedence over the same IP in location c:/Users/gusta/Documents/SEP_projects/HW_SW/SEPmonG3/SEPmon/SEPmon.srcs/sources_1/bd/mref/BUZZER
update_ip_catalog: Time (s): cpu = 00:00:01 ; elapsed = 00:00:05 . Memory (MB): peak = 3434.363 ; gain = 0.000
report_ip_status -name ip_status 
upgrade_ip -vlnv xilinx.com:user:ReproductorAXI:1.0 [get_ips  DEMO_ReproductorAXI_0_0] -log ip_upgrade.log
Upgrading 'C:/Users/gusta/Documents/SEP_projects/HW_SW/SEPmonG3/SEPmon/SEPmon.srcs/sources_1/bd/DEMO/DEMO.bd'
WARNING: [Vivado 12-1017] Problems encountered:
1. Failed to delete one or more files in run directory C:/Users/gusta/Documents/SEP_projects/HW_SW/SEPmonG3/SEPmon/SEPmon.runs/DEMO_ReproductorAXI_0_0_synth_1

INFO: [IP_Flow 19-3422] Upgraded DEMO_ReproductorAXI_0_0 (ReproductorAXI_v1.0 1.0) from revision 9 to revision 10
Wrote  : <C:\Users\gusta\Documents\SEP_projects\HW_SW\SEPmonG3\SEPmon\SEPmon.srcs\sources_1\bd\DEMO\DEMO.bd> 
INFO: [Coretcl 2-1525] Wrote upgrade log to 'C:/Users/gusta/Documents/SEP_projects/HW_SW/SEPmonG3/SEPmon/ip_upgrade.log'.
export_ip_user_files -of_objects [get_ips DEMO_ReproductorAXI_0_0] -no_script -sync -force -quiet
reset_run synth_1_copy_1
WARNING: [Vivado 12-1017] Problems encountered:
1. Failed to delete one or more files in run directory C:/Users/gusta/Documents/SEP_projects/HW_SW/SEPmonG3/SEPmon/SEPmon.runs/synth_1_copy_1

launch_runs impl_2 -to_step write_bitstream -jobs 4
INFO: [xilinx.com:ip:axi_quad_spi:3.2-1] /axi_quad_spi_0 
                   #######################################################################################
                   INFO: AXI Quad SPI core's AXI Lite Clock and EXT SPI CLK are synchronous to each other.
                   ########################################################################################
INFO: [xilinx.com:ip:axi_quad_spi:3.2-1] /axi_quad_spi_0 
                   #######################################################################################
                   INFO: AXI Quad SPI core's AXI Lite Clock and EXT SPI CLK are synchronous to each other.
                   ########################################################################################
INFO: [xilinx.com:ip:axi_quad_spi:3.2-1] /axi_quad_spi_1 
                   #######################################################################################
                   INFO: AXI Quad SPI core's AXI Lite Clock and EXT SPI CLK are synchronous to each other.
                   ########################################################################################
INFO: [xilinx.com:ip:axi_quad_spi:3.2-1] /axi_quad_spi_1 
                   #######################################################################################
                   INFO: AXI Quad SPI core's AXI Lite Clock and EXT SPI CLK are synchronous to each other.
                   ########################################################################################
Wrote  : <C:\Users\gusta\Documents\SEP_projects\HW_SW\SEPmonG3\SEPmon\SEPmon.srcs\sources_1\bd\DEMO\DEMO.bd> 
VHDL Output written to : C:/Users/gusta/Documents/SEP_projects/HW_SW/SEPmonG3/SEPmon/SEPmon.srcs/sources_1/bd/DEMO/synth/DEMO.vhd
VHDL Output written to : C:/Users/gusta/Documents/SEP_projects/HW_SW/SEPmonG3/SEPmon/SEPmon.srcs/sources_1/bd/DEMO/sim/DEMO.vhd
VHDL Output written to : C:/Users/gusta/Documents/SEP_projects/HW_SW/SEPmonG3/SEPmon/SEPmon.srcs/sources_1/bd/DEMO/hdl/DEMO_wrapper.vhd
INFO: [BD 41-1029] Generation completed for the IP Integrator block ReproductorAXI_0 .
WARNING: [IP_Flow 19-4994] Overwriting existing constraint file 'c:/Users/gusta/Documents/SEP_projects/HW_SW/SEPmonG3/SEPmon/SEPmon.srcs/sources_1/bd/DEMO/ip/DEMO_auto_pc_0/DEMO_auto_pc_0_ooc.xdc'
INFO: [BD 41-1029] Generation completed for the IP Integrator block ps7_0_axi_periph/s00_couplers/auto_pc .
Exporting to file C:/Users/gusta/Documents/SEP_projects/HW_SW/SEPmonG3/SEPmon/SEPmon.srcs/sources_1/bd/DEMO/hw_handoff/DEMO.hwh
Generated Block Design Tcl file C:/Users/gusta/Documents/SEP_projects/HW_SW/SEPmonG3/SEPmon/SEPmon.srcs/sources_1/bd/DEMO/hw_handoff/DEMO_bd.tcl
Generated Hardware Definition File C:/Users/gusta/Documents/SEP_projects/HW_SW/SEPmonG3/SEPmon/SEPmon.srcs/sources_1/bd/DEMO/synth/DEMO.hwdef
INFO: [IP_Flow 19-4993] Using cached IP synthesis design for IP DEMO_auto_pc_0, cache-ID = f0066fce20473567; cache size = 7.148 MB.
[Sun Jul  7 17:52:57 2024] Launched DEMO_ReproductorAXI_0_0_synth_1, synth_1_copy_1...
Run output will be captured here:
DEMO_ReproductorAXI_0_0_synth_1: C:/Users/gusta/Documents/SEP_projects/HW_SW/SEPmonG3/SEPmon/SEPmon.runs/DEMO_ReproductorAXI_0_0_synth_1/runme.log
synth_1_copy_1: C:/Users/gusta/Documents/SEP_projects/HW_SW/SEPmonG3/SEPmon/SEPmon.runs/synth_1_copy_1/runme.log
[Sun Jul  7 17:52:57 2024] Launched impl_2...
Run output will be captured here: C:/Users/gusta/Documents/SEP_projects/HW_SW/SEPmonG3/SEPmon/SEPmon.runs/impl_2/runme.log
launch_runs: Time (s): cpu = 00:00:28 ; elapsed = 00:00:33 . Memory (MB): peak = 3434.469 ; gain = 0.105
set_property pfm_name {} [get_files -all {C:/Users/gusta/Documents/SEP_projects/HW_SW/SEPmonG3/SEPmon/SEPmon.srcs/sources_1/bd/DEMO/DEMO.bd}]
write_hw_platform -fixed -include_bit -force -file C:/Users/gusta/Documents/SEP_projects/HW_SW/SEPmonG3/SEPmon/SEPmonG3V6.xsa
INFO: [Vivado 12-4895] Creating Hardware Platform: C:/Users/gusta/Documents/SEP_projects/HW_SW/SEPmonG3/SEPmon/SEPmonG3V6.xsa ...
WARNING: [Project 1-645] Board images not set in Hardware Platform.
INFO: [Vivado 12-4896] Successfully created Hardware Platform: C:/Users/gusta/Documents/SEP_projects/HW_SW/SEPmonG3/SEPmon/SEPmonG3V6.xsa
write_hw_platform: Time (s): cpu = 00:00:10 ; elapsed = 00:00:10 . Memory (MB): peak = 3440.637 ; gain = 6.168
ERROR: [Xicom 50-38] xicom: Unable to connect to debug core(s) on the target device. Check cable connectivity and that the target board is powered up then use the disconnect_hw_server and connect_hw_server to re-initialize the hardware target. Use open_hw_target to re-register the hardware device.
ERROR: [Xicom 50-38] xicom: Unable to connect to debug core(s) on the target device. Check cable connectivity and that the target board is powered up then use the disconnect_hw_server and connect_hw_server to re-initialize the hardware target. Use open_hw_target to re-register the hardware device.
ERROR: [Xicom 50-38] xicom: Unable to connect to debug core(s) on the target device. Check cable connectivity and that the target board is powered up then use the disconnect_hw_server and connect_hw_server to re-initialize the hardware target. Use open_hw_target to re-register the hardware device.
ERROR: [Xicom 50-38] xicom: Unable to connect to debug core(s) on the target device. Check cable connectivity and that the target board is powered up then use the disconnect_hw_server and connect_hw_server to re-initialize the hardware target. Use open_hw_target to re-register the hardware device.
ERROR: [Xicom 50-38] xicom: Unable to connect to debug core(s) on the target device. Check cable connectivity and that the target board is powered up then use the disconnect_hw_server and connect_hw_server to re-initialize the hardware target. Use open_hw_target to re-register the hardware device.
ERROR: [Xicom 50-38] xicom: Unable to connect to debug core(s) on the target device. Check cable connectivity and that the target board is powered up then use the disconnect_hw_server and connect_hw_server to re-initialize the hardware target. Use open_hw_target to re-register the hardware device.
ERROR: [Xicom 50-38] xicom: Unable to connect to debug core(s) on the target device. Check cable connectivity and that the target board is powered up then use the disconnect_hw_server and connect_hw_server to re-initialize the hardware target. Use open_hw_target to re-register the hardware device.
ERROR: [Xicom 50-38] xicom: Unable to connect to debug core(s) on the target device. Check cable connectivity and that the target board is powered up then use the disconnect_hw_server and connect_hw_server to re-initialize the hardware target. Use open_hw_target to re-register the hardware device.
ERROR: [Xicom 50-38] xicom: Unable to connect to debug core(s) on the target device. Check cable connectivity and that the target board is powered up then use the disconnect_hw_server and connect_hw_server to re-initialize the hardware target. Use open_hw_target to re-register the hardware device.
ERROR: [Xicom 50-38] xicom: Unable to connect to debug core(s) on the target device. Check cable connectivity and that the target board is powered up then use the disconnect_hw_server and connect_hw_server to re-initialize the hardware target. Use open_hw_target to re-register the hardware device.
ERROR: [Xicom 50-38] xicom: Unable to connect to debug core(s) on the target device. Check cable connectivity and that the target board is powered up then use the disconnect_hw_server and connect_hw_server to re-initialize the hardware target. Use open_hw_target to re-register the hardware device.
ERROR: [Xicom 50-38] xicom: Unable to connect to debug core(s) on the target device. Check cable connectivity and that the target board is powered up then use the disconnect_hw_server and connect_hw_server to re-initialize the hardware target. Use open_hw_target to re-register the hardware device.
ERROR: [Xicom 50-38] xicom: Unable to connect to debug core(s) on the target device. Check cable connectivity and that the target board is powered up then use the disconnect_hw_server and connect_hw_server to re-initialize the hardware target. Use open_hw_target to re-register the hardware device.
ERROR: [Xicom 50-38] xicom: Unable to connect to debug core(s) on the target device. Check cable connectivity and that the target board is powered up then use the disconnect_hw_server and connect_hw_server to re-initialize the hardware target. Use open_hw_target to re-register the hardware device.
ERROR: [Xicom 50-38] xicom: Unable to connect to debug core(s) on the target device. Check cable connectivity and that the target board is powered up then use the disconnect_hw_server and connect_hw_server to re-initialize the hardware target. Use open_hw_target to re-register the hardware device.
ERROR: [Xicom 50-38] xicom: Unable to connect to debug core(s) on the target device. Check cable connectivity and that the target board is powered up then use the disconnect_hw_server and connect_hw_server to re-initialize the hardware target. Use open_hw_target to re-register the hardware device.
ERROR: [Xicom 50-38] xicom: Unable to connect to debug core(s) on the target device. Check cable connectivity and that the target board is powered up then use the disconnect_hw_server and connect_hw_server to re-initialize the hardware target. Use open_hw_target to re-register the hardware device.
ERROR: [Xicom 50-38] xicom: Unable to connect to debug core(s) on the target device. Check cable connectivity and that the target board is powered up then use the disconnect_hw_server and connect_hw_server to re-initialize the hardware target. Use open_hw_target to re-register the hardware device.
ERROR: [Xicom 50-38] xicom: Unable to connect to debug core(s) on the target device. Check cable connectivity and that the target board is powered up then use the disconnect_hw_server and connect_hw_server to re-initialize the hardware target. Use open_hw_target to re-register the hardware device.
ERROR: [Xicom 50-38] xicom: Unable to connect to debug core(s) on the target device. Check cable connectivity and that the target board is powered up then use the disconnect_hw_server and connect_hw_server to re-initialize the hardware target. Use open_hw_target to re-register the hardware device.
ERROR: [Xicom 50-38] xicom: Unable to connect to debug core(s) on the target device. Check cable connectivity and that the target board is powered up then use the disconnect_hw_server and connect_hw_server to re-initialize the hardware target. Use open_hw_target to re-register the hardware device.
ERROR: [Xicom 50-38] xicom: Unable to connect to debug core(s) on the target device. Check cable connectivity and that the target board is powered up then use the disconnect_hw_server and connect_hw_server to re-initialize the hardware target. Use open_hw_target to re-register the hardware device.
ERROR: [Xicom 50-38] xicom: Unable to connect to debug core(s) on the target device. Check cable connectivity and that the target board is powered up then use the disconnect_hw_server and connect_hw_server to re-initialize the hardware target. Use open_hw_target to re-register the hardware device.
ERROR: [Xicom 50-38] xicom: Unable to connect to debug core(s) on the target device. Check cable connectivity and that the target board is powered up then use the disconnect_hw_server and connect_hw_server to re-initialize the hardware target. Use open_hw_target to re-register the hardware device.
ERROR: [Xicom 50-38] xicom: Unable to connect to debug core(s) on the target device. Check cable connectivity and that the target board is powered up then use the disconnect_hw_server and connect_hw_server to re-initialize the hardware target. Use open_hw_target to re-register the hardware device.
ERROR: [Xicom 50-38] xicom: Unable to connect to debug core(s) on the target device. Check cable connectivity and that the target board is powered up then use the disconnect_hw_server and connect_hw_server to re-initialize the hardware target. Use open_hw_target to re-register the hardware device.
ERROR: [Xicom 50-38] xicom: Unable to connect to debug core(s) on the target device. Check cable connectivity and that the target board is powered up then use the disconnect_hw_server and connect_hw_server to re-initialize the hardware target. Use open_hw_target to re-register the hardware device.
ERROR: [Xicom 50-38] xicom: Unable to connect to debug core(s) on the target device. Check cable connectivity and that the target board is powered up then use the disconnect_hw_server and connect_hw_server to re-initialize the hardware target. Use open_hw_target to re-register the hardware device.
ERROR: [Xicom 50-38] xicom: Unable to connect to debug core(s) on the target device. Check cable connectivity and that the target board is powered up then use the disconnect_hw_server and connect_hw_server to re-initialize the hardware target. Use open_hw_target to re-register the hardware device.
ERROR: [Xicom 50-38] xicom: Unable to connect to debug core(s) on the target device. Check cable connectivity and that the target board is powered up then use the disconnect_hw_server and connect_hw_server to re-initialize the hardware target. Use open_hw_target to re-register the hardware device.
ERROR: [Xicom 50-38] xicom: Unable to connect to debug core(s) on the target device. Check cable connectivity and that the target board is powered up then use the disconnect_hw_server and connect_hw_server to re-initialize the hardware target. Use open_hw_target to re-register the hardware device.
ERROR: [Xicom 50-38] xicom: Unable to connect to debug core(s) on the target device. Check cable connectivity and that the target board is powered up then use the disconnect_hw_server and connect_hw_server to re-initialize the hardware target. Use open_hw_target to re-register the hardware device.
ERROR: [Xicom 50-38] xicom: Unable to connect to debug core(s) on the target device. Check cable connectivity and that the target board is powered up then use the disconnect_hw_server and connect_hw_server to re-initialize the hardware target. Use open_hw_target to re-register the hardware device.
ERROR: [Xicom 50-38] xicom: Unable to connect to debug core(s) on the target device. Check cable connectivity and that the target board is powered up then use the disconnect_hw_server and connect_hw_server to re-initialize the hardware target. Use open_hw_target to re-register the hardware device.
ERROR: [Xicom 50-38] xicom: Unable to connect to debug core(s) on the target device. Check cable connectivity and that the target board is powered up then use the disconnect_hw_server and connect_hw_server to re-initialize the hardware target. Use open_hw_target to re-register the hardware device.
ERROR: [Xicom 50-38] xicom: Unable to connect to debug core(s) on the target device. Check cable connectivity and that the target board is powered up then use the disconnect_hw_server and connect_hw_server to re-initialize the hardware target. Use open_hw_target to re-register the hardware device.
ERROR: [Xicom 50-38] xicom: Unable to connect to debug core(s) on the target device. Check cable connectivity and that the target board is powered up then use the disconnect_hw_server and connect_hw_server to re-initialize the hardware target. Use open_hw_target to re-register the hardware device.
ERROR: [Xicom 50-38] xicom: Unable to connect to debug core(s) on the target device. Check cable connectivity and that the target board is powered up then use the disconnect_hw_server and connect_hw_server to re-initialize the hardware target. Use open_hw_target to re-register the hardware device.
ERROR: [Xicom 50-38] xicom: Unable to connect to debug core(s) on the target device. Check cable connectivity and that the target board is powered up then use the disconnect_hw_server and connect_hw_server to re-initialize the hardware target. Use open_hw_target to re-register the hardware device.
ERROR: [Xicom 50-38] xicom: Unable to connect to debug core(s) on the target device. Check cable connectivity and that the target board is powered up then use the disconnect_hw_server and connect_hw_server to re-initialize the hardware target. Use open_hw_target to re-register the hardware device.
ERROR: [Xicom 50-38] xicom: Unable to connect to debug core(s) on the target device. Check cable connectivity and that the target board is powered up then use the disconnect_hw_server and connect_hw_server to re-initialize the hardware target. Use open_hw_target to re-register the hardware device.
ERROR: [Xicom 50-38] xicom: Unable to connect to debug core(s) on the target device. Check cable connectivity and that the target board is powered up then use the disconnect_hw_server and connect_hw_server to re-initialize the hardware target. Use open_hw_target to re-register the hardware device.
ERROR: [Xicom 50-38] xicom: Unable to connect to debug core(s) on the target device. Check cable connectivity and that the target board is powered up then use the disconnect_hw_server and connect_hw_server to re-initialize the hardware target. Use open_hw_target to re-register the hardware device.
ERROR: [Xicom 50-38] xicom: Unable to connect to debug core(s) on the target device. Check cable connectivity and that the target board is powered up then use the disconnect_hw_server and connect_hw_server to re-initialize the hardware target. Use open_hw_target to re-register the hardware device.
ERROR: [Xicom 50-38] xicom: Unable to connect to debug core(s) on the target device. Check cable connectivity and that the target board is powered up then use the disconnect_hw_server and connect_hw_server to re-initialize the hardware target. Use open_hw_target to re-register the hardware device.
ERROR: [Xicom 50-38] xicom: Unable to connect to debug core(s) on the target device. Check cable connectivity and that the target board is powered up then use the disconnect_hw_server and connect_hw_server to re-initialize the hardware target. Use open_hw_target to re-register the hardware device.
open_bd_design {C:/Users/gusta/Documents/SEP_projects/HW_SW/SEPmonG3/SEPmon/SEPmon.srcs/sources_1/bd/DEMO/DEMO.bd}
report_ip_status -name ip_status 
ipx::edit_ip_in_project -upgrade true -name ReproductorAXI_v1_0_project -directory C:/Users/gusta/Documents/SEP_projects/HW_SW/SEPmonG3/SEPmon/SEPmon.tmp/ReproductorAXI_v1_0_project c:/Users/gusta/OneDrive/Documents/universidad/4to/1r/SEP/Proyectos/pr2/ip_repo/ReproductorAXI_1.0/component.xml
INFO: [ProjectBase 1-489] The host OS only allows 260 characters in a normal path. The project is stored in a path with more than 80 characters. If you experience issues with IP, Block Designs, or files not being found, please consider moving the project to a location with a shorter path. Alternately consider using the OS subst command to map part of the path to a drive letter.
Current project path is 'c:/users/gusta/documents/sep_projects/hw_sw/sepmong3/sepmon/sepmon.tmp/reproductoraxi_v1_0_project'
INFO: [IP_Flow 19-234] Refreshing IP repositories
INFO: [IP_Flow 19-1704] No user IP repositories specified
INFO: [IP_Flow 19-2313] Loaded Vivado IP repository 'C:/Xilinx/Vivado/2020.1/data/ip'.
INFO: [IP_Flow 19-234] Refreshing IP repositories
INFO: [IP_Flow 19-1700] Loaded user IP repository 'c:/Users/gusta/Documents/SEP_projects/HW_SW/SEPmonG3/ip_repo/DigitalPeripherals_1.0'.
INFO: [IP_Flow 19-1700] Loaded user IP repository 'c:/Users/gusta/Documents/SEP_projects/HW_SW/Debouncer'.
WARNING: [IP_Flow 19-2248] Failed to load user IP repository 'c:/Users/gusta/Documents/SEP_projects/HW_SW/SEP/Proyecto_Base_Booster_v2/DEMODEFINITIVA/ip_repo/BUZZER_1.0'; Can't find the specified path.
If this directory should no longer be in your list of user repositories, go to the IP Settings dialog and remove it.
CRITICAL WARNING: [IP_Flow 19-4648] Error loading IP definition Reproductor_v1_0 (xilinx.com:user:Reproductor:1.0): This component is not valid; it has a subcoreRef defined to be the same as its parent.
INFO: [IP_Flow 19-1700] Loaded user IP repository 'c:/Users/gusta/OneDrive/Documents/universidad/4to/1r/SEP/Proyectos/pr2'.
WARNING: [IP_Flow 19-2248] Failed to load user IP repository 'c:/Users/gusta/Documents/SEP_projects/HW_SW/SEP/Proyecto_Base_Booster_v2/DEMODEFINITIVA/ip_repo/My_PWM_1.0'; Can't find the specified path.
If this directory should no longer be in your list of user repositories, go to the IP Settings dialog and remove it.
WARNING: [IP_Flow 19-1663] Duplicate IP found for 'xilinx.com:user:DigitalPeripherals:1.0'. The one found in IP location 'c:/Users/gusta/Documents/SEP_projects/HW_SW/SEPmonG3/ip_repo/DigitalPeripherals_1.0' will take precedence over the same IP in location c:/Users/gusta/OneDrive/Documents/universidad/4to/1r/SEP/Proyectos/pr2/SEPmonG3/ip_repo/DigitalPeripherals_1.0
WARNING: [IP_Flow 19-1663] Duplicate IP found for 'xilinx.com:user:Reproductor:1.0'. The one found in IP location 'c:/Users/gusta/OneDrive/Documents/universidad/4to/1r/SEP/Proyectos/pr2/Musica/Musica.srcs' will take precedence over the same IP in location c:/Users/gusta/OneDrive/Documents/universidad/4to/1r/SEP/Proyectos/pr2/Musica/Musica.srcs/sources_1/new
INFO: [IP_Flow 19-795] Syncing license key meta-data
ipx::edit_ip_in_project: Time (s): cpu = 00:00:05 ; elapsed = 00:00:11 . Memory (MB): peak = 3459.418 ; gain = 17.340
update_compile_order -fileset sources_1
current_project SEPmon
ERROR: [Xicom 50-38] xicom: Unable to connect to debug core(s) on the target device. Check cable connectivity and that the target board is powered up then use the disconnect_hw_server and connect_hw_server to re-initialize the hardware target. Use open_hw_target to re-register the hardware device.
ERROR: [Xicom 50-38] xicom: Unable to connect to debug core(s) on the target device. Check cable connectivity and that the target board is powered up then use the disconnect_hw_server and connect_hw_server to re-initialize the hardware target. Use open_hw_target to re-register the hardware device.
ERROR: [Xicom 50-38] xicom: Unable to connect to debug core(s) on the target device. Check cable connectivity and that the target board is powered up then use the disconnect_hw_server and connect_hw_server to re-initialize the hardware target. Use open_hw_target to re-register the hardware device.
ERROR: [Xicom 50-38] xicom: Unable to connect to debug core(s) on the target device. Check cable connectivity and that the target board is powered up then use the disconnect_hw_server and connect_hw_server to re-initialize the hardware target. Use open_hw_target to re-register the hardware device.
ERROR: [Xicom 50-38] xicom: Unable to connect to debug core(s) on the target device. Check cable connectivity and that the target board is powered up then use the disconnect_hw_server and connect_hw_server to re-initialize the hardware target. Use open_hw_target to re-register the hardware device.
ERROR: [Xicom 50-38] xicom: Unable to connect to debug core(s) on the target device. Check cable connectivity and that the target board is powered up then use the disconnect_hw_server and connect_hw_server to re-initialize the hardware target. Use open_hw_target to re-register the hardware device.
ERROR: [Xicom 50-38] xicom: Unable to connect to debug core(s) on the target device. Check cable connectivity and that the target board is powered up then use the disconnect_hw_server and connect_hw_server to re-initialize the hardware target. Use open_hw_target to re-register the hardware device.
ERROR: [Xicom 50-38] xicom: Unable to connect to debug core(s) on the target device. Check cable connectivity and that the target board is powered up then use the disconnect_hw_server and connect_hw_server to re-initialize the hardware target. Use open_hw_target to re-register the hardware device.
ERROR: [Xicom 50-38] xicom: Unable to connect to debug core(s) on the target device. Check cable connectivity and that the target board is powered up then use the disconnect_hw_server and connect_hw_server to re-initialize the hardware target. Use open_hw_target to re-register the hardware device.
current_project ReproductorAXI_v1_0_project
close_project
ipx::edit_ip_in_project -upgrade true -name ReproductorAXI_v1_0_project -directory C:/Users/gusta/Documents/SEP_projects/HW_SW/SEPmonG3/SEPmon/SEPmon.tmp/ReproductorAXI_v1_0_project c:/Users/gusta/OneDrive/Documents/universidad/4to/1r/SEP/Proyectos/pr2/ip_repo/ReproductorAXI_1.0/component.xml
INFO: [ProjectBase 1-489] The host OS only allows 260 characters in a normal path. The project is stored in a path with more than 80 characters. If you experience issues with IP, Block Designs, or files not being found, please consider moving the project to a location with a shorter path. Alternately consider using the OS subst command to map part of the path to a drive letter.
Current project path is 'c:/users/gusta/documents/sep_projects/hw_sw/sepmong3/sepmon/sepmon.tmp/reproductoraxi_v1_0_project'
INFO: [IP_Flow 19-234] Refreshing IP repositories
INFO: [IP_Flow 19-1704] No user IP repositories specified
INFO: [IP_Flow 19-2313] Loaded Vivado IP repository 'C:/Xilinx/Vivado/2020.1/data/ip'.
INFO: [IP_Flow 19-234] Refreshing IP repositories
INFO: [IP_Flow 19-1700] Loaded user IP repository 'c:/Users/gusta/Documents/SEP_projects/HW_SW/SEPmonG3/ip_repo/DigitalPeripherals_1.0'.
INFO: [IP_Flow 19-1700] Loaded user IP repository 'c:/Users/gusta/Documents/SEP_projects/HW_SW/Debouncer'.
WARNING: [IP_Flow 19-2248] Failed to load user IP repository 'c:/Users/gusta/Documents/SEP_projects/HW_SW/SEP/Proyecto_Base_Booster_v2/DEMODEFINITIVA/ip_repo/BUZZER_1.0'; Can't find the specified path.
If this directory should no longer be in your list of user repositories, go to the IP Settings dialog and remove it.
CRITICAL WARNING: [IP_Flow 19-4648] Error loading IP definition Reproductor_v1_0 (xilinx.com:user:Reproductor:1.0): This component is not valid; it has a subcoreRef defined to be the same as its parent.
INFO: [IP_Flow 19-1700] Loaded user IP repository 'c:/Users/gusta/OneDrive/Documents/universidad/4to/1r/SEP/Proyectos/pr2'.
WARNING: [IP_Flow 19-2248] Failed to load user IP repository 'c:/Users/gusta/Documents/SEP_projects/HW_SW/SEP/Proyecto_Base_Booster_v2/DEMODEFINITIVA/ip_repo/My_PWM_1.0'; Can't find the specified path.
If this directory should no longer be in your list of user repositories, go to the IP Settings dialog and remove it.
WARNING: [IP_Flow 19-1663] Duplicate IP found for 'xilinx.com:user:DigitalPeripherals:1.0'. The one found in IP location 'c:/Users/gusta/Documents/SEP_projects/HW_SW/SEPmonG3/ip_repo/DigitalPeripherals_1.0' will take precedence over the same IP in location c:/Users/gusta/OneDrive/Documents/universidad/4to/1r/SEP/Proyectos/pr2/SEPmonG3/ip_repo/DigitalPeripherals_1.0
WARNING: [IP_Flow 19-1663] Duplicate IP found for 'xilinx.com:user:Reproductor:1.0'. The one found in IP location 'c:/Users/gusta/OneDrive/Documents/universidad/4to/1r/SEP/Proyectos/pr2/Musica/Musica.srcs' will take precedence over the same IP in location c:/Users/gusta/OneDrive/Documents/universidad/4to/1r/SEP/Proyectos/pr2/Musica/Musica.srcs/sources_1/new
INFO: [IP_Flow 19-795] Syncing license key meta-data
ipx::edit_ip_in_project: Time (s): cpu = 00:00:06 ; elapsed = 00:00:10 . Memory (MB): peak = 3460.570 ; gain = 1.152
update_compile_order -fileset sources_1
ipx::merge_project_changes files [ipx::current_core]
WARNING: [IP_Flow 19-5226] Project source file 'c:/Users/gusta/OneDrive/Documents/universidad/4to/1r/SEP/Proyectos/pr2/ip_repo/ReproductorAXI_1.0/component.xml' ignored by IP packager.
set_property core_revision 11 [ipx::current_core]
ipx::update_source_project_archive -component [ipx::current_core]
ipx::create_xgui_files [ipx::current_core]
ipx::update_checksums [ipx::current_core]
ipx::save_core [ipx::current_core]
ipx::move_temp_component_back -component [ipx::current_core]
close_project -delete
update_ip_catalog -rebuild -repo_path c:/Users/gusta/OneDrive/Documents/universidad/4to/1r/SEP/Proyectos/pr2
CRITICAL WARNING: [IP_Flow 19-4648] Error loading IP definition Reproductor_v1_0 (xilinx.com:user:Reproductor:1.0): This component is not valid; it has a subcoreRef defined to be the same as its parent.
INFO: [IP_Flow 19-725] Reloaded user IP repository 'c:/Users/gusta/OneDrive/Documents/universidad/4to/1r/SEP/Proyectos/pr2'
WARNING: [IP_Flow 19-1663] Duplicate IP found for 'xilinx.com:user:DigitalPeripherals:1.0'. The one found in IP location 'c:/Users/gusta/Documents/SEP_projects/HW_SW/SEPmonG3/ip_repo/DigitalPeripherals_1.0' will take precedence over the same IP in location c:/Users/gusta/OneDrive/Documents/universidad/4to/1r/SEP/Proyectos/pr2/SEPmonG3/ip_repo/DigitalPeripherals_1.0
WARNING: [IP_Flow 19-1663] Duplicate IP found for 'xilinx.com:user:Reproductor:1.0'. The one found in IP location 'c:/Users/gusta/OneDrive/Documents/universidad/4to/1r/SEP/Proyectos/pr2/Musica/Musica.srcs' will take precedence over the same IP in location c:/Users/gusta/OneDrive/Documents/universidad/4to/1r/SEP/Proyectos/pr2/Musica/Musica.srcs/sources_1/new
WARNING: [IP_Flow 19-1663] Duplicate IP found for 'xilinx.com:module_ref:BUZZER:1.0'. The one found in IP location 'c:/Users/gusta/OneDrive/Documents/universidad/4to/1r/SEP/Proyectos/pr2/SEPmonG3/SEPmon/SEPmon.srcs/sources_1/bd/mref/BUZZER' will take precedence over the same IP in location c:/Users/gusta/Documents/SEP_projects/HW_SW/SEPmonG3/SEPmon/SEPmon.srcs/sources_1/bd/mref/BUZZER
report_ip_status -name ip_status 
upgrade_ip -vlnv xilinx.com:user:ReproductorAXI:1.0 [get_ips  DEMO_ReproductorAXI_0_0] -log ip_upgrade.log
Upgrading 'C:/Users/gusta/Documents/SEP_projects/HW_SW/SEPmonG3/SEPmon/SEPmon.srcs/sources_1/bd/DEMO/DEMO.bd'
WARNING: [Vivado 12-1017] Problems encountered:
1. Failed to delete one or more files in run directory C:/Users/gusta/Documents/SEP_projects/HW_SW/SEPmonG3/SEPmon/SEPmon.runs/DEMO_ReproductorAXI_0_0_synth_1

INFO: [IP_Flow 19-3422] Upgraded DEMO_ReproductorAXI_0_0 (ReproductorAXI_v1.0 1.0) from revision 10 to revision 11
Wrote  : <C:\Users\gusta\Documents\SEP_projects\HW_SW\SEPmonG3\SEPmon\SEPmon.srcs\sources_1\bd\DEMO\DEMO.bd> 
INFO: [Coretcl 2-1525] Wrote upgrade log to 'C:/Users/gusta/Documents/SEP_projects/HW_SW/SEPmonG3/SEPmon/ip_upgrade.log'.
export_ip_user_files -of_objects [get_ips DEMO_ReproductorAXI_0_0] -no_script -sync -force -quiet
reset_run synth_1_copy_1
WARNING: [Vivado 12-1017] Problems encountered:
1. Failed to delete one or more files in run directory C:/Users/gusta/Documents/SEP_projects/HW_SW/SEPmonG3/SEPmon/SEPmon.runs/synth_1_copy_1

launch_runs impl_2 -to_step write_bitstream -jobs 4
INFO: [xilinx.com:ip:axi_quad_spi:3.2-1] /axi_quad_spi_0 
                   #######################################################################################
                   INFO: AXI Quad SPI core's AXI Lite Clock and EXT SPI CLK are synchronous to each other.
                   ########################################################################################
INFO: [xilinx.com:ip:axi_quad_spi:3.2-1] /axi_quad_spi_0 
                   #######################################################################################
                   INFO: AXI Quad SPI core's AXI Lite Clock and EXT SPI CLK are synchronous to each other.
                   ########################################################################################
INFO: [xilinx.com:ip:axi_quad_spi:3.2-1] /axi_quad_spi_1 
                   #######################################################################################
                   INFO: AXI Quad SPI core's AXI Lite Clock and EXT SPI CLK are synchronous to each other.
                   ########################################################################################
INFO: [xilinx.com:ip:axi_quad_spi:3.2-1] /axi_quad_spi_1 
                   #######################################################################################
                   INFO: AXI Quad SPI core's AXI Lite Clock and EXT SPI CLK are synchronous to each other.
                   ########################################################################################
Wrote  : <C:\Users\gusta\Documents\SEP_projects\HW_SW\SEPmonG3\SEPmon\SEPmon.srcs\sources_1\bd\DEMO\DEMO.bd> 
VHDL Output written to : C:/Users/gusta/Documents/SEP_projects/HW_SW/SEPmonG3/SEPmon/SEPmon.srcs/sources_1/bd/DEMO/synth/DEMO.vhd
VHDL Output written to : C:/Users/gusta/Documents/SEP_projects/HW_SW/SEPmonG3/SEPmon/SEPmon.srcs/sources_1/bd/DEMO/sim/DEMO.vhd
VHDL Output written to : C:/Users/gusta/Documents/SEP_projects/HW_SW/SEPmonG3/SEPmon/SEPmon.srcs/sources_1/bd/DEMO/hdl/DEMO_wrapper.vhd
INFO: [BD 41-1029] Generation completed for the IP Integrator block ReproductorAXI_0 .
WARNING: [IP_Flow 19-4994] Overwriting existing constraint file 'c:/Users/gusta/Documents/SEP_projects/HW_SW/SEPmonG3/SEPmon/SEPmon.srcs/sources_1/bd/DEMO/ip/DEMO_auto_pc_0/DEMO_auto_pc_0_ooc.xdc'
INFO: [BD 41-1029] Generation completed for the IP Integrator block ps7_0_axi_periph/s00_couplers/auto_pc .
Exporting to file C:/Users/gusta/Documents/SEP_projects/HW_SW/SEPmonG3/SEPmon/SEPmon.srcs/sources_1/bd/DEMO/hw_handoff/DEMO.hwh
Generated Block Design Tcl file C:/Users/gusta/Documents/SEP_projects/HW_SW/SEPmonG3/SEPmon/SEPmon.srcs/sources_1/bd/DEMO/hw_handoff/DEMO_bd.tcl
Generated Hardware Definition File C:/Users/gusta/Documents/SEP_projects/HW_SW/SEPmonG3/SEPmon/SEPmon.srcs/sources_1/bd/DEMO/synth/DEMO.hwdef
INFO: [IP_Flow 19-4993] Using cached IP synthesis design for IP DEMO_auto_pc_0, cache-ID = f0066fce20473567; cache size = 7.148 MB.
[Sun Jul  7 18:10:17 2024] Launched DEMO_ReproductorAXI_0_0_synth_1, synth_1_copy_1...
Run output will be captured here:
DEMO_ReproductorAXI_0_0_synth_1: C:/Users/gusta/Documents/SEP_projects/HW_SW/SEPmonG3/SEPmon/SEPmon.runs/DEMO_ReproductorAXI_0_0_synth_1/runme.log
synth_1_copy_1: C:/Users/gusta/Documents/SEP_projects/HW_SW/SEPmonG3/SEPmon/SEPmon.runs/synth_1_copy_1/runme.log
[Sun Jul  7 18:10:17 2024] Launched impl_2...
Run output will be captured here: C:/Users/gusta/Documents/SEP_projects/HW_SW/SEPmonG3/SEPmon/SEPmon.runs/impl_2/runme.log
launch_runs: Time (s): cpu = 00:00:27 ; elapsed = 00:00:32 . Memory (MB): peak = 3463.344 ; gain = 0.203
ipx::edit_ip_in_project -upgrade true -name ReproductorAXI_v1_0_project -directory C:/Users/gusta/Documents/SEP_projects/HW_SW/SEPmonG3/SEPmon/SEPmon.tmp/ReproductorAXI_v1_0_project c:/Users/gusta/OneDrive/Documents/universidad/4to/1r/SEP/Proyectos/pr2/ip_repo/ReproductorAXI_1.0/component.xml
INFO: [ProjectBase 1-489] The host OS only allows 260 characters in a normal path. The project is stored in a path with more than 80 characters. If you experience issues with IP, Block Designs, or files not being found, please consider moving the project to a location with a shorter path. Alternately consider using the OS subst command to map part of the path to a drive letter.
Current project path is 'c:/users/gusta/documents/sep_projects/hw_sw/sepmong3/sepmon/sepmon.tmp/reproductoraxi_v1_0_project'
INFO: [IP_Flow 19-234] Refreshing IP repositories
INFO: [IP_Flow 19-1704] No user IP repositories specified
INFO: [IP_Flow 19-2313] Loaded Vivado IP repository 'C:/Xilinx/Vivado/2020.1/data/ip'.
INFO: [IP_Flow 19-234] Refreshing IP repositories
INFO: [IP_Flow 19-1700] Loaded user IP repository 'c:/Users/gusta/Documents/SEP_projects/HW_SW/SEPmonG3/ip_repo/DigitalPeripherals_1.0'.
INFO: [IP_Flow 19-1700] Loaded user IP repository 'c:/Users/gusta/Documents/SEP_projects/HW_SW/Debouncer'.
WARNING: [IP_Flow 19-2248] Failed to load user IP repository 'c:/Users/gusta/Documents/SEP_projects/HW_SW/SEP/Proyecto_Base_Booster_v2/DEMODEFINITIVA/ip_repo/BUZZER_1.0'; Can't find the specified path.
If this directory should no longer be in your list of user repositories, go to the IP Settings dialog and remove it.
CRITICAL WARNING: [IP_Flow 19-4648] Error loading IP definition Reproductor_v1_0 (xilinx.com:user:Reproductor:1.0): This component is not valid; it has a subcoreRef defined to be the same as its parent.
INFO: [IP_Flow 19-1700] Loaded user IP repository 'c:/Users/gusta/OneDrive/Documents/universidad/4to/1r/SEP/Proyectos/pr2'.
WARNING: [IP_Flow 19-2248] Failed to load user IP repository 'c:/Users/gusta/Documents/SEP_projects/HW_SW/SEP/Proyecto_Base_Booster_v2/DEMODEFINITIVA/ip_repo/My_PWM_1.0'; Can't find the specified path.
If this directory should no longer be in your list of user repositories, go to the IP Settings dialog and remove it.
WARNING: [IP_Flow 19-1663] Duplicate IP found for 'xilinx.com:user:DigitalPeripherals:1.0'. The one found in IP location 'c:/Users/gusta/Documents/SEP_projects/HW_SW/SEPmonG3/ip_repo/DigitalPeripherals_1.0' will take precedence over the same IP in location c:/Users/gusta/OneDrive/Documents/universidad/4to/1r/SEP/Proyectos/pr2/SEPmonG3/ip_repo/DigitalPeripherals_1.0
WARNING: [IP_Flow 19-1663] Duplicate IP found for 'xilinx.com:user:Reproductor:1.0'. The one found in IP location 'c:/Users/gusta/OneDrive/Documents/universidad/4to/1r/SEP/Proyectos/pr2/Musica/Musica.srcs' will take precedence over the same IP in location c:/Users/gusta/OneDrive/Documents/universidad/4to/1r/SEP/Proyectos/pr2/Musica/Musica.srcs/sources_1/new
INFO: [IP_Flow 19-795] Syncing license key meta-data
ipx::edit_ip_in_project: Time (s): cpu = 00:00:06 ; elapsed = 00:00:13 . Memory (MB): peak = 3464.125 ; gain = 0.781
update_compile_order -fileset sources_1
ERROR: [Xicom 50-38] xicom: Unable to connect to debug core(s) on the target device. Check cable connectivity and that the target board is powered up then use the disconnect_hw_server and connect_hw_server to re-initialize the hardware target. Use open_hw_target to re-register the hardware device.
ERROR: [Xicom 50-38] xicom: Unable to connect to debug core(s) on the target device. Check cable connectivity and that the target board is powered up then use the disconnect_hw_server and connect_hw_server to re-initialize the hardware target. Use open_hw_target to re-register the hardware device.
ERROR: [Xicom 50-38] xicom: Unable to connect to debug core(s) on the target device. Check cable connectivity and that the target board is powered up then use the disconnect_hw_server and connect_hw_server to re-initialize the hardware target. Use open_hw_target to re-register the hardware device.
ERROR: [Xicom 50-38] xicom: Unable to connect to debug core(s) on the target device. Check cable connectivity and that the target board is powered up then use the disconnect_hw_server and connect_hw_server to re-initialize the hardware target. Use open_hw_target to re-register the hardware device.
ERROR: [Xicom 50-38] xicom: Unable to connect to debug core(s) on the target device. Check cable connectivity and that the target board is powered up then use the disconnect_hw_server and connect_hw_server to re-initialize the hardware target. Use open_hw_target to re-register the hardware device.
ERROR: [Xicom 50-38] xicom: Unable to connect to debug core(s) on the target device. Check cable connectivity and that the target board is powered up then use the disconnect_hw_server and connect_hw_server to re-initialize the hardware target. Use open_hw_target to re-register the hardware device.
ERROR: [Xicom 50-38] xicom: Unable to connect to debug core(s) on the target device. Check cable connectivity and that the target board is powered up then use the disconnect_hw_server and connect_hw_server to re-initialize the hardware target. Use open_hw_target to re-register the hardware device.
ERROR: [Xicom 50-38] xicom: Unable to connect to debug core(s) on the target device. Check cable connectivity and that the target board is powered up then use the disconnect_hw_server and connect_hw_server to re-initialize the hardware target. Use open_hw_target to re-register the hardware device.
ERROR: [Xicom 50-38] xicom: Unable to connect to debug core(s) on the target device. Check cable connectivity and that the target board is powered up then use the disconnect_hw_server and connect_hw_server to re-initialize the hardware target. Use open_hw_target to re-register the hardware device.
ERROR: [Xicom 50-38] xicom: Unable to connect to debug core(s) on the target device. Check cable connectivity and that the target board is powered up then use the disconnect_hw_server and connect_hw_server to re-initialize the hardware target. Use open_hw_target to re-register the hardware device.
ERROR: [Xicom 50-38] xicom: Unable to connect to debug core(s) on the target device. Check cable connectivity and that the target board is powered up then use the disconnect_hw_server and connect_hw_server to re-initialize the hardware target. Use open_hw_target to re-register the hardware device.
ERROR: [Xicom 50-38] xicom: Unable to connect to debug core(s) on the target device. Check cable connectivity and that the target board is powered up then use the disconnect_hw_server and connect_hw_server to re-initialize the hardware target. Use open_hw_target to re-register the hardware device.
ERROR: [Xicom 50-38] xicom: Unable to connect to debug core(s) on the target device. Check cable connectivity and that the target board is powered up then use the disconnect_hw_server and connect_hw_server to re-initialize the hardware target. Use open_hw_target to re-register the hardware device.
ERROR: [Xicom 50-38] xicom: Unable to connect to debug core(s) on the target device. Check cable connectivity and that the target board is powered up then use the disconnect_hw_server and connect_hw_server to re-initialize the hardware target. Use open_hw_target to re-register the hardware device.
ERROR: [Xicom 50-38] xicom: Unable to connect to debug core(s) on the target device. Check cable connectivity and that the target board is powered up then use the disconnect_hw_server and connect_hw_server to re-initialize the hardware target. Use open_hw_target to re-register the hardware device.
ERROR: [Xicom 50-38] xicom: Unable to connect to debug core(s) on the target device. Check cable connectivity and that the target board is powered up then use the disconnect_hw_server and connect_hw_server to re-initialize the hardware target. Use open_hw_target to re-register the hardware device.
ERROR: [Xicom 50-38] xicom: Unable to connect to debug core(s) on the target device. Check cable connectivity and that the target board is powered up then use the disconnect_hw_server and connect_hw_server to re-initialize the hardware target. Use open_hw_target to re-register the hardware device.
ERROR: [Xicom 50-38] xicom: Unable to connect to debug core(s) on the target device. Check cable connectivity and that the target board is powered up then use the disconnect_hw_server and connect_hw_server to re-initialize the hardware target. Use open_hw_target to re-register the hardware device.
close_project
report_ip_status -name ip_status 
reset_run impl_2
ipx::edit_ip_in_project -upgrade true -name ReproductorAXI_v1_0_project -directory C:/Users/gusta/Documents/SEP_projects/HW_SW/SEPmonG3/SEPmon/SEPmon.tmp/ReproductorAXI_v1_0_project c:/Users/gusta/OneDrive/Documents/universidad/4to/1r/SEP/Proyectos/pr2/ip_repo/ReproductorAXI_1.0/component.xml
INFO: [ProjectBase 1-489] The host OS only allows 260 characters in a normal path. The project is stored in a path with more than 80 characters. If you experience issues with IP, Block Designs, or files not being found, please consider moving the project to a location with a shorter path. Alternately consider using the OS subst command to map part of the path to a drive letter.
Current project path is 'c:/users/gusta/documents/sep_projects/hw_sw/sepmong3/sepmon/sepmon.tmp/reproductoraxi_v1_0_project'
INFO: [IP_Flow 19-234] Refreshing IP repositories
INFO: [IP_Flow 19-1704] No user IP repositories specified
INFO: [IP_Flow 19-2313] Loaded Vivado IP repository 'C:/Xilinx/Vivado/2020.1/data/ip'.
INFO: [IP_Flow 19-234] Refreshing IP repositories
INFO: [IP_Flow 19-1700] Loaded user IP repository 'c:/Users/gusta/Documents/SEP_projects/HW_SW/SEPmonG3/ip_repo/DigitalPeripherals_1.0'.
INFO: [IP_Flow 19-1700] Loaded user IP repository 'c:/Users/gusta/Documents/SEP_projects/HW_SW/Debouncer'.
WARNING: [IP_Flow 19-2248] Failed to load user IP repository 'c:/Users/gusta/Documents/SEP_projects/HW_SW/SEP/Proyecto_Base_Booster_v2/DEMODEFINITIVA/ip_repo/BUZZER_1.0'; Can't find the specified path.
If this directory should no longer be in your list of user repositories, go to the IP Settings dialog and remove it.
CRITICAL WARNING: [IP_Flow 19-4648] Error loading IP definition Reproductor_v1_0 (xilinx.com:user:Reproductor:1.0): This component is not valid; it has a subcoreRef defined to be the same as its parent.
INFO: [IP_Flow 19-1700] Loaded user IP repository 'c:/Users/gusta/OneDrive/Documents/universidad/4to/1r/SEP/Proyectos/pr2'.
WARNING: [IP_Flow 19-2248] Failed to load user IP repository 'c:/Users/gusta/Documents/SEP_projects/HW_SW/SEP/Proyecto_Base_Booster_v2/DEMODEFINITIVA/ip_repo/My_PWM_1.0'; Can't find the specified path.
If this directory should no longer be in your list of user repositories, go to the IP Settings dialog and remove it.
WARNING: [IP_Flow 19-1663] Duplicate IP found for 'xilinx.com:user:DigitalPeripherals:1.0'. The one found in IP location 'c:/Users/gusta/Documents/SEP_projects/HW_SW/SEPmonG3/ip_repo/DigitalPeripherals_1.0' will take precedence over the same IP in location c:/Users/gusta/OneDrive/Documents/universidad/4to/1r/SEP/Proyectos/pr2/SEPmonG3/ip_repo/DigitalPeripherals_1.0
WARNING: [IP_Flow 19-1663] Duplicate IP found for 'xilinx.com:user:Reproductor:1.0'. The one found in IP location 'c:/Users/gusta/OneDrive/Documents/universidad/4to/1r/SEP/Proyectos/pr2/Musica/Musica.srcs' will take precedence over the same IP in location c:/Users/gusta/OneDrive/Documents/universidad/4to/1r/SEP/Proyectos/pr2/Musica/Musica.srcs/sources_1/new
INFO: [IP_Flow 19-795] Syncing license key meta-data
ipx::edit_ip_in_project: Time (s): cpu = 00:00:05 ; elapsed = 00:00:11 . Memory (MB): peak = 3478.543 ; gain = 13.914
update_compile_order -fileset sources_1
ipx::merge_project_changes files [ipx::current_core]
WARNING: [IP_Flow 19-5226] Project source file 'c:/Users/gusta/OneDrive/Documents/universidad/4to/1r/SEP/Proyectos/pr2/ip_repo/ReproductorAXI_1.0/component.xml' ignored by IP packager.
set_property core_revision 12 [ipx::current_core]
ipx::update_source_project_archive -component [ipx::current_core]
ipx::create_xgui_files [ipx::current_core]
ipx::update_checksums [ipx::current_core]
ipx::save_core [ipx::current_core]
ipx::move_temp_component_back -component [ipx::current_core]
close_project -delete
update_ip_catalog -rebuild -repo_path c:/Users/gusta/OneDrive/Documents/universidad/4to/1r/SEP/Proyectos/pr2
CRITICAL WARNING: [IP_Flow 19-4648] Error loading IP definition Reproductor_v1_0 (xilinx.com:user:Reproductor:1.0): This component is not valid; it has a subcoreRef defined to be the same as its parent.
INFO: [IP_Flow 19-725] Reloaded user IP repository 'c:/Users/gusta/OneDrive/Documents/universidad/4to/1r/SEP/Proyectos/pr2'
WARNING: [IP_Flow 19-1663] Duplicate IP found for 'xilinx.com:user:DigitalPeripherals:1.0'. The one found in IP location 'c:/Users/gusta/Documents/SEP_projects/HW_SW/SEPmonG3/ip_repo/DigitalPeripherals_1.0' will take precedence over the same IP in location c:/Users/gusta/OneDrive/Documents/universidad/4to/1r/SEP/Proyectos/pr2/SEPmonG3/ip_repo/DigitalPeripherals_1.0
WARNING: [IP_Flow 19-1663] Duplicate IP found for 'xilinx.com:user:Reproductor:1.0'. The one found in IP location 'c:/Users/gusta/OneDrive/Documents/universidad/4to/1r/SEP/Proyectos/pr2/Musica/Musica.srcs' will take precedence over the same IP in location c:/Users/gusta/OneDrive/Documents/universidad/4to/1r/SEP/Proyectos/pr2/Musica/Musica.srcs/sources_1/new
WARNING: [IP_Flow 19-1663] Duplicate IP found for 'xilinx.com:module_ref:BUZZER:1.0'. The one found in IP location 'c:/Users/gusta/OneDrive/Documents/universidad/4to/1r/SEP/Proyectos/pr2/SEPmonG3/SEPmon/SEPmon.srcs/sources_1/bd/mref/BUZZER' will take precedence over the same IP in location c:/Users/gusta/Documents/SEP_projects/HW_SW/SEPmonG3/SEPmon/SEPmon.srcs/sources_1/bd/mref/BUZZER
report_ip_status -name ip_status 
upgrade_ip -vlnv xilinx.com:user:ReproductorAXI:1.0 [get_ips  DEMO_ReproductorAXI_0_0] -log ip_upgrade.log
Upgrading 'C:/Users/gusta/Documents/SEP_projects/HW_SW/SEPmonG3/SEPmon/SEPmon.srcs/sources_1/bd/DEMO/DEMO.bd'
WARNING: [Vivado 12-1017] Problems encountered:
1. Failed to delete one or more files in run directory C:/Users/gusta/Documents/SEP_projects/HW_SW/SEPmonG3/SEPmon/SEPmon.runs/DEMO_ReproductorAXI_0_0_synth_1

INFO: [IP_Flow 19-3422] Upgraded DEMO_ReproductorAXI_0_0 (ReproductorAXI_v1.0 1.0) from revision 11 to revision 12
Wrote  : <C:\Users\gusta\Documents\SEP_projects\HW_SW\SEPmonG3\SEPmon\SEPmon.srcs\sources_1\bd\DEMO\DEMO.bd> 
INFO: [Coretcl 2-1525] Wrote upgrade log to 'C:/Users/gusta/Documents/SEP_projects/HW_SW/SEPmonG3/SEPmon/ip_upgrade.log'.
export_ip_user_files -of_objects [get_ips DEMO_ReproductorAXI_0_0] -no_script -sync -force -quiet
reset_run synth_1_copy_1
WARNING: [Vivado 12-1017] Problems encountered:
1. Failed to delete one or more files in run directory C:/Users/gusta/Documents/SEP_projects/HW_SW/SEPmonG3/SEPmon/SEPmon.runs/synth_1_copy_1

launch_runs impl_2 -to_step write_bitstream -jobs 4
INFO: [xilinx.com:ip:axi_quad_spi:3.2-1] /axi_quad_spi_0 
                   #######################################################################################
                   INFO: AXI Quad SPI core's AXI Lite Clock and EXT SPI CLK are synchronous to each other.
                   ########################################################################################
INFO: [xilinx.com:ip:axi_quad_spi:3.2-1] /axi_quad_spi_0 
                   #######################################################################################
                   INFO: AXI Quad SPI core's AXI Lite Clock and EXT SPI CLK are synchronous to each other.
                   ########################################################################################
INFO: [xilinx.com:ip:axi_quad_spi:3.2-1] /axi_quad_spi_1 
                   #######################################################################################
                   INFO: AXI Quad SPI core's AXI Lite Clock and EXT SPI CLK are synchronous to each other.
                   ########################################################################################
INFO: [xilinx.com:ip:axi_quad_spi:3.2-1] /axi_quad_spi_1 
                   #######################################################################################
                   INFO: AXI Quad SPI core's AXI Lite Clock and EXT SPI CLK are synchronous to each other.
                   ########################################################################################
Wrote  : <C:\Users\gusta\Documents\SEP_projects\HW_SW\SEPmonG3\SEPmon\SEPmon.srcs\sources_1\bd\DEMO\DEMO.bd> 
VHDL Output written to : C:/Users/gusta/Documents/SEP_projects/HW_SW/SEPmonG3/SEPmon/SEPmon.srcs/sources_1/bd/DEMO/synth/DEMO.vhd
VHDL Output written to : C:/Users/gusta/Documents/SEP_projects/HW_SW/SEPmonG3/SEPmon/SEPmon.srcs/sources_1/bd/DEMO/sim/DEMO.vhd
VHDL Output written to : C:/Users/gusta/Documents/SEP_projects/HW_SW/SEPmonG3/SEPmon/SEPmon.srcs/sources_1/bd/DEMO/hdl/DEMO_wrapper.vhd
INFO: [BD 41-1029] Generation completed for the IP Integrator block ReproductorAXI_0 .
WARNING: [IP_Flow 19-4994] Overwriting existing constraint file 'c:/Users/gusta/Documents/SEP_projects/HW_SW/SEPmonG3/SEPmon/SEPmon.srcs/sources_1/bd/DEMO/ip/DEMO_auto_pc_0/DEMO_auto_pc_0_ooc.xdc'
INFO: [BD 41-1029] Generation completed for the IP Integrator block ps7_0_axi_periph/s00_couplers/auto_pc .
Exporting to file C:/Users/gusta/Documents/SEP_projects/HW_SW/SEPmonG3/SEPmon/SEPmon.srcs/sources_1/bd/DEMO/hw_handoff/DEMO.hwh
Generated Block Design Tcl file C:/Users/gusta/Documents/SEP_projects/HW_SW/SEPmonG3/SEPmon/SEPmon.srcs/sources_1/bd/DEMO/hw_handoff/DEMO_bd.tcl
Generated Hardware Definition File C:/Users/gusta/Documents/SEP_projects/HW_SW/SEPmonG3/SEPmon/SEPmon.srcs/sources_1/bd/DEMO/synth/DEMO.hwdef
INFO: [IP_Flow 19-4993] Using cached IP synthesis design for IP DEMO_auto_pc_0, cache-ID = f0066fce20473567; cache size = 7.148 MB.
[Sun Jul  7 18:15:17 2024] Launched DEMO_ReproductorAXI_0_0_synth_1, synth_1_copy_1...
Run output will be captured here:
DEMO_ReproductorAXI_0_0_synth_1: C:/Users/gusta/Documents/SEP_projects/HW_SW/SEPmonG3/SEPmon/SEPmon.runs/DEMO_ReproductorAXI_0_0_synth_1/runme.log
synth_1_copy_1: C:/Users/gusta/Documents/SEP_projects/HW_SW/SEPmonG3/SEPmon/SEPmon.runs/synth_1_copy_1/runme.log
[Sun Jul  7 18:15:17 2024] Launched impl_2...
Run output will be captured here: C:/Users/gusta/Documents/SEP_projects/HW_SW/SEPmonG3/SEPmon/SEPmon.runs/impl_2/runme.log
launch_runs: Time (s): cpu = 00:00:24 ; elapsed = 00:00:30 . Memory (MB): peak = 3503.211 ; gain = 0.340
set_property pfm_name {} [get_files -all {C:/Users/gusta/Documents/SEP_projects/HW_SW/SEPmonG3/SEPmon/SEPmon.srcs/sources_1/bd/DEMO/DEMO.bd}]
write_hw_platform -fixed -include_bit -force -file C:/Users/gusta/Documents/SEP_projects/HW_SW/SEPmonG3/SEPmonG3V7.xsa
INFO: [Vivado 12-4895] Creating Hardware Platform: C:/Users/gusta/Documents/SEP_projects/HW_SW/SEPmonG3/SEPmonG3V7.xsa ...
WARNING: [Project 1-645] Board images not set in Hardware Platform.
INFO: [Vivado 12-4896] Successfully created Hardware Platform: C:/Users/gusta/Documents/SEP_projects/HW_SW/SEPmonG3/SEPmonG3V7.xsa
write_hw_platform: Time (s): cpu = 00:00:10 ; elapsed = 00:00:10 . Memory (MB): peak = 3515.355 ; gain = 12.145
ERROR: [Xicom 50-38] xicom: Unable to connect to debug core(s) on the target device. Check cable connectivity and that the target board is powered up then use the disconnect_hw_server and connect_hw_server to re-initialize the hardware target. Use open_hw_target to re-register the hardware device.
ERROR: [Xicom 50-38] xicom: Unable to connect to debug core(s) on the target device. Check cable connectivity and that the target board is powered up then use the disconnect_hw_server and connect_hw_server to re-initialize the hardware target. Use open_hw_target to re-register the hardware device.
ERROR: [Xicom 50-38] xicom: Unable to connect to debug core(s) on the target device. Check cable connectivity and that the target board is powered up then use the disconnect_hw_server and connect_hw_server to re-initialize the hardware target. Use open_hw_target to re-register the hardware device.
ERROR: [Xicom 50-38] xicom: Unable to connect to debug core(s) on the target device. Check cable connectivity and that the target board is powered up then use the disconnect_hw_server and connect_hw_server to re-initialize the hardware target. Use open_hw_target to re-register the hardware device.
ERROR: [Xicom 50-38] xicom: Unable to connect to debug core(s) on the target device. Check cable connectivity and that the target board is powered up then use the disconnect_hw_server and connect_hw_server to re-initialize the hardware target. Use open_hw_target to re-register the hardware device.
ERROR: [Xicom 50-38] xicom: Unable to connect to debug core(s) on the target device. Check cable connectivity and that the target board is powered up then use the disconnect_hw_server and connect_hw_server to re-initialize the hardware target. Use open_hw_target to re-register the hardware device.
ERROR: [Xicom 50-38] xicom: Unable to connect to debug core(s) on the target device. Check cable connectivity and that the target board is powered up then use the disconnect_hw_server and connect_hw_server to re-initialize the hardware target. Use open_hw_target to re-register the hardware device.
ERROR: [Xicom 50-38] xicom: Unable to connect to debug core(s) on the target device. Check cable connectivity and that the target board is powered up then use the disconnect_hw_server and connect_hw_server to re-initialize the hardware target. Use open_hw_target to re-register the hardware device.
ERROR: [Xicom 50-38] xicom: Unable to connect to debug core(s) on the target device. Check cable connectivity and that the target board is powered up then use the disconnect_hw_server and connect_hw_server to re-initialize the hardware target. Use open_hw_target to re-register the hardware device.
ERROR: [Xicom 50-38] xicom: Unable to connect to debug core(s) on the target device. Check cable connectivity and that the target board is powered up then use the disconnect_hw_server and connect_hw_server to re-initialize the hardware target. Use open_hw_target to re-register the hardware device.
ERROR: [Xicom 50-38] xicom: Unable to connect to debug core(s) on the target device. Check cable connectivity and that the target board is powered up then use the disconnect_hw_server and connect_hw_server to re-initialize the hardware target. Use open_hw_target to re-register the hardware device.
ERROR: [Xicom 50-38] xicom: Unable to connect to debug core(s) on the target device. Check cable connectivity and that the target board is powered up then use the disconnect_hw_server and connect_hw_server to re-initialize the hardware target. Use open_hw_target to re-register the hardware device.
ERROR: [Xicom 50-38] xicom: Unable to connect to debug core(s) on the target device. Check cable connectivity and that the target board is powered up then use the disconnect_hw_server and connect_hw_server to re-initialize the hardware target. Use open_hw_target to re-register the hardware device.
ERROR: [Xicom 50-38] xicom: Unable to connect to debug core(s) on the target device. Check cable connectivity and that the target board is powered up then use the disconnect_hw_server and connect_hw_server to re-initialize the hardware target. Use open_hw_target to re-register the hardware device.
ERROR: [Xicom 50-38] xicom: Unable to connect to debug core(s) on the target device. Check cable connectivity and that the target board is powered up then use the disconnect_hw_server and connect_hw_server to re-initialize the hardware target. Use open_hw_target to re-register the hardware device.
ERROR: [Xicom 50-38] xicom: Unable to connect to debug core(s) on the target device. Check cable connectivity and that the target board is powered up then use the disconnect_hw_server and connect_hw_server to re-initialize the hardware target. Use open_hw_target to re-register the hardware device.
ERROR: [Xicom 50-38] xicom: Unable to connect to debug core(s) on the target device. Check cable connectivity and that the target board is powered up then use the disconnect_hw_server and connect_hw_server to re-initialize the hardware target. Use open_hw_target to re-register the hardware device.
ERROR: [Xicom 50-38] xicom: Unable to connect to debug core(s) on the target device. Check cable connectivity and that the target board is powered up then use the disconnect_hw_server and connect_hw_server to re-initialize the hardware target. Use open_hw_target to re-register the hardware device.
ERROR: [Xicom 50-38] xicom: Unable to connect to debug core(s) on the target device. Check cable connectivity and that the target board is powered up then use the disconnect_hw_server and connect_hw_server to re-initialize the hardware target. Use open_hw_target to re-register the hardware device.
ERROR: [Xicom 50-38] xicom: Unable to connect to debug core(s) on the target device. Check cable connectivity and that the target board is powered up then use the disconnect_hw_server and connect_hw_server to re-initialize the hardware target. Use open_hw_target to re-register the hardware device.
ERROR: [Xicom 50-38] xicom: Unable to connect to debug core(s) on the target device. Check cable connectivity and that the target board is powered up then use the disconnect_hw_server and connect_hw_server to re-initialize the hardware target. Use open_hw_target to re-register the hardware device.
ERROR: [Xicom 50-38] xicom: Unable to connect to debug core(s) on the target device. Check cable connectivity and that the target board is powered up then use the disconnect_hw_server and connect_hw_server to re-initialize the hardware target. Use open_hw_target to re-register the hardware device.
ERROR: [Xicom 50-38] xicom: Unable to connect to debug core(s) on the target device. Check cable connectivity and that the target board is powered up then use the disconnect_hw_server and connect_hw_server to re-initialize the hardware target. Use open_hw_target to re-register the hardware device.
ERROR: [Xicom 50-38] xicom: Unable to connect to debug core(s) on the target device. Check cable connectivity and that the target board is powered up then use the disconnect_hw_server and connect_hw_server to re-initialize the hardware target. Use open_hw_target to re-register the hardware device.
ERROR: [Xicom 50-38] xicom: Unable to connect to debug core(s) on the target device. Check cable connectivity and that the target board is powered up then use the disconnect_hw_server and connect_hw_server to re-initialize the hardware target. Use open_hw_target to re-register the hardware device.
ERROR: [Xicom 50-38] xicom: Unable to connect to debug core(s) on the target device. Check cable connectivity and that the target board is powered up then use the disconnect_hw_server and connect_hw_server to re-initialize the hardware target. Use open_hw_target to re-register the hardware device.
ERROR: [Xicom 50-38] xicom: Unable to connect to debug core(s) on the target device. Check cable connectivity and that the target board is powered up then use the disconnect_hw_server and connect_hw_server to re-initialize the hardware target. Use open_hw_target to re-register the hardware device.
ERROR: [Xicom 50-38] xicom: Unable to connect to debug core(s) on the target device. Check cable connectivity and that the target board is powered up then use the disconnect_hw_server and connect_hw_server to re-initialize the hardware target. Use open_hw_target to re-register the hardware device.
ERROR: [Xicom 50-38] xicom: Unable to connect to debug core(s) on the target device. Check cable connectivity and that the target board is powered up then use the disconnect_hw_server and connect_hw_server to re-initialize the hardware target. Use open_hw_target to re-register the hardware device.
ERROR: [Xicom 50-38] xicom: Unable to connect to debug core(s) on the target device. Check cable connectivity and that the target board is powered up then use the disconnect_hw_server and connect_hw_server to re-initialize the hardware target. Use open_hw_target to re-register the hardware device.
ERROR: [Xicom 50-38] xicom: Unable to connect to debug core(s) on the target device. Check cable connectivity and that the target board is powered up then use the disconnect_hw_server and connect_hw_server to re-initialize the hardware target. Use open_hw_target to re-register the hardware device.
ERROR: [Xicom 50-38] xicom: Unable to connect to debug core(s) on the target device. Check cable connectivity and that the target board is powered up then use the disconnect_hw_server and connect_hw_server to re-initialize the hardware target. Use open_hw_target to re-register the hardware device.
ERROR: [Xicom 50-38] xicom: Unable to connect to debug core(s) on the target device. Check cable connectivity and that the target board is powered up then use the disconnect_hw_server and connect_hw_server to re-initialize the hardware target. Use open_hw_target to re-register the hardware device.
ERROR: [Xicom 50-38] xicom: Unable to connect to debug core(s) on the target device. Check cable connectivity and that the target board is powered up then use the disconnect_hw_server and connect_hw_server to re-initialize the hardware target. Use open_hw_target to re-register the hardware device.
ERROR: [Xicom 50-38] xicom: Unable to connect to debug core(s) on the target device. Check cable connectivity and that the target board is powered up then use the disconnect_hw_server and connect_hw_server to re-initialize the hardware target. Use open_hw_target to re-register the hardware device.
report_ip_status -name ip_status 
save_wave_config {C:/Users/gusta/Documents/SEP_projects/HW_SW/SEPmonG3/SEPmon/SEPmon.hw/hw_1/wave/hw_ila_data_1/hw_ila_data_1.wcfg}
close_hw_manager
open_hw_manager
connect_hw_server -allow_non_jtag
INFO: [Labtools 27-2285] Connecting to hw_server url TCP:localhost:3121
INFO: [Labtools 27-3415] Connecting to cs_server url TCP:localhost:3042
INFO: [Labtools 27-3414] Connected to existing cs_server.
open_hw_target
INFO: [Labtoolstcl 44-466] Opening hw_target localhost:3121/xilinx_tcf/Digilent/210351B3FC88A
set_property PROGRAM.FILE {C:/Users/gusta/Documents/SEP_projects/HW_SW/SEPmonG3/SEPmon/SEPmon.runs/impl_2/DEMO_wrapper.bit} [get_hw_devices xc7z010_1]
set_property PROBES.FILE {C:/Users/gusta/Documents/SEP_projects/HW_SW/SEPmonG3/SEPmon/SEPmon.runs/impl_2/DEMO_wrapper.ltx} [get_hw_devices xc7z010_1]
set_property FULL_PROBES.FILE {C:/Users/gusta/Documents/SEP_projects/HW_SW/SEPmonG3/SEPmon/SEPmon.runs/impl_2/DEMO_wrapper.ltx} [get_hw_devices xc7z010_1]
current_hw_device [get_hw_devices xc7z010_1]
refresh_hw_device [lindex [get_hw_devices xc7z010_1] 0]
INFO: [Labtools 27-2302] Device xc7z010 (JTAG device index = 1) is programmed with a design that has 1 ILA core(s).
INFO: [Labtools 27-2302] Device xc7z010 (JTAG device index = 1) is programmed with a design that has 1 VIO core(s).
display_hw_ila_data [ get_hw_ila_data hw_ila_data_1 -of_objects [get_hw_ilas -of_objects [get_hw_devices xc7z010_1] -filter {CELL_NAME=~"DEMO_i/ila_0"}]]
ERROR: [Xicom 50-38] xicom: Unable to connect to debug core(s) on the target device. Check cable connectivity and that the target board is powered up then use the disconnect_hw_server and connect_hw_server to re-initialize the hardware target. Use open_hw_target to re-register the hardware device.
ERROR: [Xicom 50-38] xicom: Unable to connect to debug core(s) on the target device. Check cable connectivity and that the target board is powered up then use the disconnect_hw_server and connect_hw_server to re-initialize the hardware target. Use open_hw_target to re-register the hardware device.
ERROR: [Xicom 50-38] xicom: Unable to connect to debug core(s) on the target device. Check cable connectivity and that the target board is powered up then use the disconnect_hw_server and connect_hw_server to re-initialize the hardware target. Use open_hw_target to re-register the hardware device.
ERROR: [Xicom 50-38] xicom: Unable to connect to debug core(s) on the target device. Check cable connectivity and that the target board is powered up then use the disconnect_hw_server and connect_hw_server to re-initialize the hardware target. Use open_hw_target to re-register the hardware device.
ERROR: [Xicom 50-38] xicom: Unable to connect to debug core(s) on the target device. Check cable connectivity and that the target board is powered up then use the disconnect_hw_server and connect_hw_server to re-initialize the hardware target. Use open_hw_target to re-register the hardware device.
ERROR: [Xicom 50-38] xicom: Unable to connect to debug core(s) on the target device. Check cable connectivity and that the target board is powered up then use the disconnect_hw_server and connect_hw_server to re-initialize the hardware target. Use open_hw_target to re-register the hardware device.
ERROR: [Xicom 50-38] xicom: Unable to connect to debug core(s) on the target device. Check cable connectivity and that the target board is powered up then use the disconnect_hw_server and connect_hw_server to re-initialize the hardware target. Use open_hw_target to re-register the hardware device.
ERROR: [Xicom 50-38] xicom: Unable to connect to debug core(s) on the target device. Check cable connectivity and that the target board is powered up then use the disconnect_hw_server and connect_hw_server to re-initialize the hardware target. Use open_hw_target to re-register the hardware device.
ERROR: [Xicom 50-38] xicom: Unable to connect to debug core(s) on the target device. Check cable connectivity and that the target board is powered up then use the disconnect_hw_server and connect_hw_server to re-initialize the hardware target. Use open_hw_target to re-register the hardware device.
set_property OUTPUT_VALUE 1 [get_hw_probes DEMO_i/vio_0_probe_out0 -of_objects [get_hw_vios -of_objects [get_hw_devices xc7z010_1] -filter {CELL_NAME=~"DEMO_i/vio_0"}]]
commit_hw_vio [get_hw_probes {DEMO_i/vio_0_probe_out0} -of_objects [get_hw_vios -of_objects [get_hw_devices xc7z010_1] -filter {CELL_NAME=~"DEMO_i/vio_0"}]]
set_property OUTPUT_VALUE 0 [get_hw_probes DEMO_i/vio_0_probe_out0 -of_objects [get_hw_vios -of_objects [get_hw_devices xc7z010_1] -filter {CELL_NAME=~"DEMO_i/vio_0"}]]
commit_hw_vio [get_hw_probes {DEMO_i/vio_0_probe_out0} -of_objects [get_hw_vios -of_objects [get_hw_devices xc7z010_1] -filter {CELL_NAME=~"DEMO_i/vio_0"}]]
set_property OUTPUT_VALUE 1 [get_hw_probes DEMO_i/vio_0_probe_out0 -of_objects [get_hw_vios -of_objects [get_hw_devices xc7z010_1] -filter {CELL_NAME=~"DEMO_i/vio_0"}]]
commit_hw_vio [get_hw_probes {DEMO_i/vio_0_probe_out0} -of_objects [get_hw_vios -of_objects [get_hw_devices xc7z010_1] -filter {CELL_NAME=~"DEMO_i/vio_0"}]]
set_property OUTPUT_VALUE 0 [get_hw_probes DEMO_i/vio_0_probe_out0 -of_objects [get_hw_vios -of_objects [get_hw_devices xc7z010_1] -filter {CELL_NAME=~"DEMO_i/vio_0"}]]
commit_hw_vio [get_hw_probes {DEMO_i/vio_0_probe_out0} -of_objects [get_hw_vios -of_objects [get_hw_devices xc7z010_1] -filter {CELL_NAME=~"DEMO_i/vio_0"}]]
set_property OUTPUT_VALUE 1 [get_hw_probes DEMO_i/vio_0_probe_out0 -of_objects [get_hw_vios -of_objects [get_hw_devices xc7z010_1] -filter {CELL_NAME=~"DEMO_i/vio_0"}]]
commit_hw_vio [get_hw_probes {DEMO_i/vio_0_probe_out0} -of_objects [get_hw_vios -of_objects [get_hw_devices xc7z010_1] -filter {CELL_NAME=~"DEMO_i/vio_0"}]]
open_bd_design {C:/Users/gusta/Documents/SEP_projects/HW_SW/SEPmonG3/SEPmon/SEPmon.srcs/sources_1/bd/DEMO/DEMO.bd}
delete_bd_objs [get_bd_nets axi_gpio_1_ip2intc_irpt] [get_bd_intf_nets ps7_0_axi_periph_M04_AXI] [get_bd_intf_nets axi_gpio_1_GPIO] [get_bd_cells axi_gpio_1]
delete_bd_objs [get_bd_intf_ports TempIRQ]
startgroup
set_property -dict [list CONFIG.NUM_PORTS {4}] [get_bd_cells xlconcat_0]
WARNING: [BD 41-1684] Pin /xlconcat_0/In4 is now disabled. All connections to this pin have been removed. 
delete_bd_objs [get_bd_nets Debouncing_Button_VH_0_debounced_button]
endgroup
undo
INFO: [Common 17-17] undo 'endgroup'
INFO: [Common 17-17] undo 'delete_bd_objs [get_bd_nets Debouncing_Button_VH_0_debounced_button]'
INFO: [Common 17-17] undo 'set_property -dict [list CONFIG.NUM_PORTS {4}] [get_bd_cells xlconcat_0]'
INFO: [Common 17-17] undo 'startgroup'
delete_bd_objs [get_bd_nets Debouncing_Button_VH_0_debounced_button]
connect_bd_net [get_bd_pins xlconcat_0/In2] [get_bd_pins Debouncing_Button_VH_0/debounced_button]
startgroup
set_property -dict [list CONFIG.NUM_PORTS {4}] [get_bd_cells xlconcat_0]
endgroup
report_ip_status -name ip_status 
save_bd_design
Wrote  : <C:\Users\gusta\Documents\SEP_projects\HW_SW\SEPmonG3\SEPmon\SEPmon.srcs\sources_1\bd\DEMO\DEMO.bd> 
Wrote  : <C:/Users/gusta/Documents/SEP_projects/HW_SW/SEPmonG3/SEPmon/SEPmon.srcs/sources_1/bd/DEMO/ui/bd_58220e03.ui> 
reset_run synth_1_copy_1
WARNING: [Vivado 12-1017] Problems encountered:
1. Failed to delete one or more files in run directory C:/Users/gusta/Documents/SEP_projects/HW_SW/SEPmonG3/SEPmon/SEPmon.runs/synth_1_copy_1

launch_runs impl_2 -to_step write_bitstream -jobs 4
WARNING: [BD 41-176] The physical port 'S_AXI_GP2_rd_socket' specified in the portmap, is not found on the block! 
WARNING: [BD 41-176] The physical port 'S_AXI_GP2_wr_socket' specified in the portmap, is not found on the block! 
WARNING: [BD 41-176] The physical port 'S_AXI_GP3_rd_socket' specified in the portmap, is not found on the block! 
WARNING: [BD 41-176] The physical port 'S_AXI_GP3_wr_socket' specified in the portmap, is not found on the block! 
INFO: [xilinx.com:ip:axi_quad_spi:3.2-1] /axi_quad_spi_0 
                   #######################################################################################
                   INFO: AXI Quad SPI core's AXI Lite Clock and EXT SPI CLK are synchronous to each other.
                   ########################################################################################
INFO: [xilinx.com:ip:axi_quad_spi:3.2-1] /axi_quad_spi_0 
                   #######################################################################################
                   INFO: AXI Quad SPI core's AXI Lite Clock and EXT SPI CLK are synchronous to each other.
                   ########################################################################################
INFO: [xilinx.com:ip:axi_quad_spi:3.2-1] /axi_quad_spi_1 
                   #######################################################################################
                   INFO: AXI Quad SPI core's AXI Lite Clock and EXT SPI CLK are synchronous to each other.
                   ########################################################################################
INFO: [xilinx.com:ip:axi_quad_spi:3.2-1] /axi_quad_spi_1 
                   #######################################################################################
                   INFO: AXI Quad SPI core's AXI Lite Clock and EXT SPI CLK are synchronous to each other.
                   ########################################################################################
Wrote  : <C:\Users\gusta\Documents\SEP_projects\HW_SW\SEPmonG3\SEPmon\SEPmon.srcs\sources_1\bd\DEMO\DEMO.bd> 
VHDL Output written to : C:/Users/gusta/Documents/SEP_projects/HW_SW/SEPmonG3/SEPmon/SEPmon.srcs/sources_1/bd/DEMO/synth/DEMO.vhd
VHDL Output written to : C:/Users/gusta/Documents/SEP_projects/HW_SW/SEPmonG3/SEPmon/SEPmon.srcs/sources_1/bd/DEMO/sim/DEMO.vhd
VHDL Output written to : C:/Users/gusta/Documents/SEP_projects/HW_SW/SEPmonG3/SEPmon/SEPmon.srcs/sources_1/bd/DEMO/hdl/DEMO_wrapper.vhd
WARNING: [IP_Flow 19-5611] Unable to find an associated reset port for the interface 'M_AXI_GP0'. A default connection has been created.
INFO: [BD 41-1029] Generation completed for the IP Integrator block processing_system7_0 .
INFO: [BD 41-1029] Generation completed for the IP Integrator block ps7_0_axi_periph/xbar .
INFO: [BD 41-1029] Generation completed for the IP Integrator block xlconcat_0 .
WARNING: [IP_Flow 19-4994] Overwriting existing constraint file 'c:/Users/gusta/Documents/SEP_projects/HW_SW/SEPmonG3/SEPmon/SEPmon.srcs/sources_1/bd/DEMO/ip/DEMO_auto_pc_0/DEMO_auto_pc_0_ooc.xdc'
INFO: [BD 41-1029] Generation completed for the IP Integrator block ps7_0_axi_periph/s00_couplers/auto_pc .
Exporting to file C:/Users/gusta/Documents/SEP_projects/HW_SW/SEPmonG3/SEPmon/SEPmon.srcs/sources_1/bd/DEMO/hw_handoff/DEMO.hwh
Generated Block Design Tcl file C:/Users/gusta/Documents/SEP_projects/HW_SW/SEPmonG3/SEPmon/SEPmon.srcs/sources_1/bd/DEMO/hw_handoff/DEMO_bd.tcl
Generated Hardware Definition File C:/Users/gusta/Documents/SEP_projects/HW_SW/SEPmonG3/SEPmon/SEPmon.srcs/sources_1/bd/DEMO/synth/DEMO.hwdef
INFO: [IP_Flow 19-4993] Using cached IP synthesis design for IP DEMO_auto_pc_0, cache-ID = f0066fce20473567; cache size = 7.148 MB.
[Sun Jul  7 18:31:30 2024] Launched DEMO_xbar_0_synth_1, DEMO_processing_system7_0_0_synth_1, synth_1_copy_1...
Run output will be captured here:
DEMO_xbar_0_synth_1: C:/Users/gusta/Documents/SEP_projects/HW_SW/SEPmonG3/SEPmon/SEPmon.runs/DEMO_xbar_0_synth_1/runme.log
DEMO_processing_system7_0_0_synth_1: C:/Users/gusta/Documents/SEP_projects/HW_SW/SEPmonG3/SEPmon/SEPmon.runs/DEMO_processing_system7_0_0_synth_1/runme.log
synth_1_copy_1: C:/Users/gusta/Documents/SEP_projects/HW_SW/SEPmonG3/SEPmon/SEPmon.runs/synth_1_copy_1/runme.log
[Sun Jul  7 18:31:30 2024] Launched impl_2...
Run output will be captured here: C:/Users/gusta/Documents/SEP_projects/HW_SW/SEPmonG3/SEPmon/SEPmon.runs/impl_2/runme.log
launch_runs: Time (s): cpu = 00:00:50 ; elapsed = 00:00:57 . Memory (MB): peak = 3540.184 ; gain = 7.176
open_run impl_2
Netlist sorting complete. Time (s): cpu = 00:00:00 ; elapsed = 00:00:00.290 . Memory (MB): peak = 3540.184 ; gain = 0.000
INFO: [Netlist 29-17] Analyzing 439 Unisim elements for replacement
INFO: [Netlist 29-28] Unisim Transformation completed in 1 CPU seconds
INFO: [Project 1-479] Netlist was created with Vivado 2020.1
INFO: [Project 1-570] Preparing netlist for logic optimization
INFO: [Timing 38-478] Restoring timing data from binary archive.
INFO: [Timing 38-479] Binary timing data restore complete.
INFO: [Project 1-856] Restoring constraints from binary archive.
INFO: [Project 1-853] Binary constraint restore complete.
Reading XDEF placement.
Reading placer database...
Reading XDEF routing.
Read XDEF File: Time (s): cpu = 00:00:01 ; elapsed = 00:00:00.952 . Memory (MB): peak = 4229.246 ; gain = 0.000
Restored from archive | CPU: 1.000000 secs | Memory: 0.000000 MB |
Finished XDEF File Restore: Time (s): cpu = 00:00:01 ; elapsed = 00:00:00.955 . Memory (MB): peak = 4229.246 ; gain = 0.000
Netlist sorting complete. Time (s): cpu = 00:00:00 ; elapsed = 00:00:00.012 . Memory (MB): peak = 4229.246 ; gain = 0.000
INFO: [Project 1-111] Unisim Transformation Summary:
  A total of 158 instances were transformed.
  CFGLUT5 => CFGLUT5 (SRL16E, SRLC32E): 136 instances
  IOBUF => IOBUF (IBUF, OBUFT): 6 instances
  RAM32M => RAM32M (RAMD32(x6), RAMS32(x2)): 16 instances

open_run: Time (s): cpu = 00:00:23 ; elapsed = 00:00:18 . Memory (MB): peak = 4366.609 ; gain = 826.426
open_report: Time (s): cpu = 00:00:07 ; elapsed = 00:00:05 . Memory (MB): peak = 4376.594 ; gain = 9.984
set_property pfm_name {} [get_files -all {C:/Users/gusta/Documents/SEP_projects/HW_SW/SEPmonG3/SEPmon/SEPmon.srcs/sources_1/bd/DEMO/DEMO.bd}]
write_hw_platform -fixed -include_bit -force -file C:/Users/gusta/Documents/SEP_projects/HW_SW/SEPmonG3/SEPmon/SEPmonG3V8.xsa
INFO: [Vivado 12-4895] Creating Hardware Platform: C:/Users/gusta/Documents/SEP_projects/HW_SW/SEPmonG3/SEPmon/SEPmonG3V8.xsa ...
WARNING: [Project 1-645] Board images not set in Hardware Platform.
INFO: [Vivado 12-4896] Successfully created Hardware Platform: C:/Users/gusta/Documents/SEP_projects/HW_SW/SEPmonG3/SEPmon/SEPmonG3V8.xsa
write_hw_platform: Time (s): cpu = 00:00:11 ; elapsed = 00:00:11 . Memory (MB): peak = 4442.457 ; gain = 63.984
ERROR: [Xicom 50-38] xicom: Unable to connect to debug core(s) on the target device. Check cable connectivity and that the target board is powered up then use the disconnect_hw_server and connect_hw_server to re-initialize the hardware target. Use open_hw_target to re-register the hardware device.
ERROR: [Xicom 50-38] xicom: Unable to connect to debug core(s) on the target device. Check cable connectivity and that the target board is powered up then use the disconnect_hw_server and connect_hw_server to re-initialize the hardware target. Use open_hw_target to re-register the hardware device.
ERROR: [Xicom 50-38] xicom: Unable to connect to debug core(s) on the target device. Check cable connectivity and that the target board is powered up then use the disconnect_hw_server and connect_hw_server to re-initialize the hardware target. Use open_hw_target to re-register the hardware device.
ERROR: [Xicom 50-38] xicom: Unable to connect to debug core(s) on the target device. Check cable connectivity and that the target board is powered up then use the disconnect_hw_server and connect_hw_server to re-initialize the hardware target. Use open_hw_target to re-register the hardware device.
ERROR: [Xicom 50-38] xicom: Unable to connect to debug core(s) on the target device. Check cable connectivity and that the target board is powered up then use the disconnect_hw_server and connect_hw_server to re-initialize the hardware target. Use open_hw_target to re-register the hardware device.
ERROR: [Xicom 50-38] xicom: Unable to connect to debug core(s) on the target device. Check cable connectivity and that the target board is powered up then use the disconnect_hw_server and connect_hw_server to re-initialize the hardware target. Use open_hw_target to re-register the hardware device.
ERROR: [Xicom 50-38] xicom: Unable to connect to debug core(s) on the target device. Check cable connectivity and that the target board is powered up then use the disconnect_hw_server and connect_hw_server to re-initialize the hardware target. Use open_hw_target to re-register the hardware device.
ERROR: [Xicom 50-38] xicom: Unable to connect to debug core(s) on the target device. Check cable connectivity and that the target board is powered up then use the disconnect_hw_server and connect_hw_server to re-initialize the hardware target. Use open_hw_target to re-register the hardware device.
ERROR: [Xicom 50-38] xicom: Unable to connect to debug core(s) on the target device. Check cable connectivity and that the target board is powered up then use the disconnect_hw_server and connect_hw_server to re-initialize the hardware target. Use open_hw_target to re-register the hardware device.
ERROR: [Xicom 50-38] xicom: Unable to connect to debug core(s) on the target device. Check cable connectivity and that the target board is powered up then use the disconnect_hw_server and connect_hw_server to re-initialize the hardware target. Use open_hw_target to re-register the hardware device.
ERROR: [Xicom 50-38] xicom: Unable to connect to debug core(s) on the target device. Check cable connectivity and that the target board is powered up then use the disconnect_hw_server and connect_hw_server to re-initialize the hardware target. Use open_hw_target to re-register the hardware device.
ERROR: [Xicom 50-38] xicom: Unable to connect to debug core(s) on the target device. Check cable connectivity and that the target board is powered up then use the disconnect_hw_server and connect_hw_server to re-initialize the hardware target. Use open_hw_target to re-register the hardware device.
ERROR: [Xicom 50-38] xicom: Unable to connect to debug core(s) on the target device. Check cable connectivity and that the target board is powered up then use the disconnect_hw_server and connect_hw_server to re-initialize the hardware target. Use open_hw_target to re-register the hardware device.
ERROR: [Xicom 50-38] xicom: Unable to connect to debug core(s) on the target device. Check cable connectivity and that the target board is powered up then use the disconnect_hw_server and connect_hw_server to re-initialize the hardware target. Use open_hw_target to re-register the hardware device.
ERROR: [Xicom 50-38] xicom: Unable to connect to debug core(s) on the target device. Check cable connectivity and that the target board is powered up then use the disconnect_hw_server and connect_hw_server to re-initialize the hardware target. Use open_hw_target to re-register the hardware device.
ERROR: [Xicom 50-38] xicom: Unable to connect to debug core(s) on the target device. Check cable connectivity and that the target board is powered up then use the disconnect_hw_server and connect_hw_server to re-initialize the hardware target. Use open_hw_target to re-register the hardware device.
ERROR: [Xicom 50-38] xicom: Unable to connect to debug core(s) on the target device. Check cable connectivity and that the target board is powered up then use the disconnect_hw_server and connect_hw_server to re-initialize the hardware target. Use open_hw_target to re-register the hardware device.
ERROR: [Xicom 50-38] xicom: Unable to connect to debug core(s) on the target device. Check cable connectivity and that the target board is powered up then use the disconnect_hw_server and connect_hw_server to re-initialize the hardware target. Use open_hw_target to re-register the hardware device.
ERROR: [Xicom 50-38] xicom: Unable to connect to debug core(s) on the target device. Check cable connectivity and that the target board is powered up then use the disconnect_hw_server and connect_hw_server to re-initialize the hardware target. Use open_hw_target to re-register the hardware device.
ERROR: [Xicom 50-38] xicom: Unable to connect to debug core(s) on the target device. Check cable connectivity and that the target board is powered up then use the disconnect_hw_server and connect_hw_server to re-initialize the hardware target. Use open_hw_target to re-register the hardware device.
ERROR: [Xicom 50-38] xicom: Unable to connect to debug core(s) on the target device. Check cable connectivity and that the target board is powered up then use the disconnect_hw_server and connect_hw_server to re-initialize the hardware target. Use open_hw_target to re-register the hardware device.
ERROR: [Xicom 50-38] xicom: Unable to connect to debug core(s) on the target device. Check cable connectivity and that the target board is powered up then use the disconnect_hw_server and connect_hw_server to re-initialize the hardware target. Use open_hw_target to re-register the hardware device.
ERROR: [Xicom 50-38] xicom: Unable to connect to debug core(s) on the target device. Check cable connectivity and that the target board is powered up then use the disconnect_hw_server and connect_hw_server to re-initialize the hardware target. Use open_hw_target to re-register the hardware device.
ERROR: [Xicom 50-38] xicom: Unable to connect to debug core(s) on the target device. Check cable connectivity and that the target board is powered up then use the disconnect_hw_server and connect_hw_server to re-initialize the hardware target. Use open_hw_target to re-register the hardware device.
ERROR: [Xicom 50-38] xicom: Unable to connect to debug core(s) on the target device. Check cable connectivity and that the target board is powered up then use the disconnect_hw_server and connect_hw_server to re-initialize the hardware target. Use open_hw_target to re-register the hardware device.
ERROR: [Xicom 50-38] xicom: Unable to connect to debug core(s) on the target device. Check cable connectivity and that the target board is powered up then use the disconnect_hw_server and connect_hw_server to re-initialize the hardware target. Use open_hw_target to re-register the hardware device.
ERROR: [Xicom 50-38] xicom: Unable to connect to debug core(s) on the target device. Check cable connectivity and that the target board is powered up then use the disconnect_hw_server and connect_hw_server to re-initialize the hardware target. Use open_hw_target to re-register the hardware device.
ERROR: [Xicom 50-38] xicom: Unable to connect to debug core(s) on the target device. Check cable connectivity and that the target board is powered up then use the disconnect_hw_server and connect_hw_server to re-initialize the hardware target. Use open_hw_target to re-register the hardware device.
ERROR: [Xicom 50-38] xicom: Unable to connect to debug core(s) on the target device. Check cable connectivity and that the target board is powered up then use the disconnect_hw_server and connect_hw_server to re-initialize the hardware target. Use open_hw_target to re-register the hardware device.
ERROR: [Xicom 50-38] xicom: Unable to connect to debug core(s) on the target device. Check cable connectivity and that the target board is powered up then use the disconnect_hw_server and connect_hw_server to re-initialize the hardware target. Use open_hw_target to re-register the hardware device.
ERROR: [Xicom 50-38] xicom: Unable to connect to debug core(s) on the target device. Check cable connectivity and that the target board is powered up then use the disconnect_hw_server and connect_hw_server to re-initialize the hardware target. Use open_hw_target to re-register the hardware device.
ERROR: [Xicom 50-38] xicom: Unable to connect to debug core(s) on the target device. Check cable connectivity and that the target board is powered up then use the disconnect_hw_server and connect_hw_server to re-initialize the hardware target. Use open_hw_target to re-register the hardware device.
ERROR: [Xicom 50-38] xicom: Unable to connect to debug core(s) on the target device. Check cable connectivity and that the target board is powered up then use the disconnect_hw_server and connect_hw_server to re-initialize the hardware target. Use open_hw_target to re-register the hardware device.
ERROR: [Xicom 50-38] xicom: Unable to connect to debug core(s) on the target device. Check cable connectivity and that the target board is powered up then use the disconnect_hw_server and connect_hw_server to re-initialize the hardware target. Use open_hw_target to re-register the hardware device.
ERROR: [Xicom 50-38] xicom: Unable to connect to debug core(s) on the target device. Check cable connectivity and that the target board is powered up then use the disconnect_hw_server and connect_hw_server to re-initialize the hardware target. Use open_hw_target to re-register the hardware device.
ERROR: [Xicom 50-38] xicom: Unable to connect to debug core(s) on the target device. Check cable connectivity and that the target board is powered up then use the disconnect_hw_server and connect_hw_server to re-initialize the hardware target. Use open_hw_target to re-register the hardware device.
ERROR: [Xicom 50-38] xicom: Unable to connect to debug core(s) on the target device. Check cable connectivity and that the target board is powered up then use the disconnect_hw_server and connect_hw_server to re-initialize the hardware target. Use open_hw_target to re-register the hardware device.
ERROR: [Xicom 50-38] xicom: Unable to connect to debug core(s) on the target device. Check cable connectivity and that the target board is powered up then use the disconnect_hw_server and connect_hw_server to re-initialize the hardware target. Use open_hw_target to re-register the hardware device.
ERROR: [Xicom 50-38] xicom: Unable to connect to debug core(s) on the target device. Check cable connectivity and that the target board is powered up then use the disconnect_hw_server and connect_hw_server to re-initialize the hardware target. Use open_hw_target to re-register the hardware device.
ERROR: [Xicom 50-38] xicom: Unable to connect to debug core(s) on the target device. Check cable connectivity and that the target board is powered up then use the disconnect_hw_server and connect_hw_server to re-initialize the hardware target. Use open_hw_target to re-register the hardware device.
ERROR: [Xicom 50-38] xicom: Unable to connect to debug core(s) on the target device. Check cable connectivity and that the target board is powered up then use the disconnect_hw_server and connect_hw_server to re-initialize the hardware target. Use open_hw_target to re-register the hardware device.
ERROR: [Xicom 50-38] xicom: Unable to connect to debug core(s) on the target device. Check cable connectivity and that the target board is powered up then use the disconnect_hw_server and connect_hw_server to re-initialize the hardware target. Use open_hw_target to re-register the hardware device.
ERROR: [Xicom 50-38] xicom: Unable to connect to debug core(s) on the target device. Check cable connectivity and that the target board is powered up then use the disconnect_hw_server and connect_hw_server to re-initialize the hardware target. Use open_hw_target to re-register the hardware device.
ERROR: [Xicom 50-38] xicom: Unable to connect to debug core(s) on the target device. Check cable connectivity and that the target board is powered up then use the disconnect_hw_server and connect_hw_server to re-initialize the hardware target. Use open_hw_target to re-register the hardware device.
ERROR: [Xicom 50-38] xicom: Unable to connect to debug core(s) on the target device. Check cable connectivity and that the target board is powered up then use the disconnect_hw_server and connect_hw_server to re-initialize the hardware target. Use open_hw_target to re-register the hardware device.
ERROR: [Xicom 50-38] xicom: Unable to connect to debug core(s) on the target device. Check cable connectivity and that the target board is powered up then use the disconnect_hw_server and connect_hw_server to re-initialize the hardware target. Use open_hw_target to re-register the hardware device.
ERROR: [Xicom 50-38] xicom: Unable to connect to debug core(s) on the target device. Check cable connectivity and that the target board is powered up then use the disconnect_hw_server and connect_hw_server to re-initialize the hardware target. Use open_hw_target to re-register the hardware device.
ERROR: [Xicom 50-38] xicom: Unable to connect to debug core(s) on the target device. Check cable connectivity and that the target board is powered up then use the disconnect_hw_server and connect_hw_server to re-initialize the hardware target. Use open_hw_target to re-register the hardware device.
ERROR: [Xicom 50-38] xicom: Unable to connect to debug core(s) on the target device. Check cable connectivity and that the target board is powered up then use the disconnect_hw_server and connect_hw_server to re-initialize the hardware target. Use open_hw_target to re-register the hardware device.
ERROR: [Xicom 50-38] xicom: Unable to connect to debug core(s) on the target device. Check cable connectivity and that the target board is powered up then use the disconnect_hw_server and connect_hw_server to re-initialize the hardware target. Use open_hw_target to re-register the hardware device.
ERROR: [Xicom 50-38] xicom: Unable to connect to debug core(s) on the target device. Check cable connectivity and that the target board is powered up then use the disconnect_hw_server and connect_hw_server to re-initialize the hardware target. Use open_hw_target to re-register the hardware device.
ERROR: [Xicom 50-38] xicom: Unable to connect to debug core(s) on the target device. Check cable connectivity and that the target board is powered up then use the disconnect_hw_server and connect_hw_server to re-initialize the hardware target. Use open_hw_target to re-register the hardware device.
ERROR: [Xicom 50-38] xicom: Unable to connect to debug core(s) on the target device. Check cable connectivity and that the target board is powered up then use the disconnect_hw_server and connect_hw_server to re-initialize the hardware target. Use open_hw_target to re-register the hardware device.
ERROR: [Xicom 50-38] xicom: Unable to connect to debug core(s) on the target device. Check cable connectivity and that the target board is powered up then use the disconnect_hw_server and connect_hw_server to re-initialize the hardware target. Use open_hw_target to re-register the hardware device.
ERROR: [Xicom 50-38] xicom: Unable to connect to debug core(s) on the target device. Check cable connectivity and that the target board is powered up then use the disconnect_hw_server and connect_hw_server to re-initialize the hardware target. Use open_hw_target to re-register the hardware device.
ERROR: [Xicom 50-38] xicom: Unable to connect to debug core(s) on the target device. Check cable connectivity and that the target board is powered up then use the disconnect_hw_server and connect_hw_server to re-initialize the hardware target. Use open_hw_target to re-register the hardware device.
ERROR: [Xicom 50-38] xicom: Unable to connect to debug core(s) on the target device. Check cable connectivity and that the target board is powered up then use the disconnect_hw_server and connect_hw_server to re-initialize the hardware target. Use open_hw_target to re-register the hardware device.
ERROR: [Xicom 50-38] xicom: Unable to connect to debug core(s) on the target device. Check cable connectivity and that the target board is powered up then use the disconnect_hw_server and connect_hw_server to re-initialize the hardware target. Use open_hw_target to re-register the hardware device.
ERROR: [Xicom 50-38] xicom: Unable to connect to debug core(s) on the target device. Check cable connectivity and that the target board is powered up then use the disconnect_hw_server and connect_hw_server to re-initialize the hardware target. Use open_hw_target to re-register the hardware device.
ERROR: [Xicom 50-38] xicom: Unable to connect to debug core(s) on the target device. Check cable connectivity and that the target board is powered up then use the disconnect_hw_server and connect_hw_server to re-initialize the hardware target. Use open_hw_target to re-register the hardware device.
ERROR: [Xicom 50-38] xicom: Unable to connect to debug core(s) on the target device. Check cable connectivity and that the target board is powered up then use the disconnect_hw_server and connect_hw_server to re-initialize the hardware target. Use open_hw_target to re-register the hardware device.
ERROR: [Xicom 50-38] xicom: Unable to connect to debug core(s) on the target device. Check cable connectivity and that the target board is powered up then use the disconnect_hw_server and connect_hw_server to re-initialize the hardware target. Use open_hw_target to re-register the hardware device.
ERROR: [Xicom 50-38] xicom: Unable to connect to debug core(s) on the target device. Check cable connectivity and that the target board is powered up then use the disconnect_hw_server and connect_hw_server to re-initialize the hardware target. Use open_hw_target to re-register the hardware device.
ERROR: [Xicom 50-38] xicom: Unable to connect to debug core(s) on the target device. Check cable connectivity and that the target board is powered up then use the disconnect_hw_server and connect_hw_server to re-initialize the hardware target. Use open_hw_target to re-register the hardware device.
ERROR: [Xicom 50-38] xicom: Unable to connect to debug core(s) on the target device. Check cable connectivity and that the target board is powered up then use the disconnect_hw_server and connect_hw_server to re-initialize the hardware target. Use open_hw_target to re-register the hardware device.
ERROR: [Xicom 50-38] xicom: Unable to connect to debug core(s) on the target device. Check cable connectivity and that the target board is powered up then use the disconnect_hw_server and connect_hw_server to re-initialize the hardware target. Use open_hw_target to re-register the hardware device.
ERROR: [Xicom 50-38] xicom: Unable to connect to debug core(s) on the target device. Check cable connectivity and that the target board is powered up then use the disconnect_hw_server and connect_hw_server to re-initialize the hardware target. Use open_hw_target to re-register the hardware device.
set_property OUTPUT_VALUE 0 [get_hw_probes DEMO_i/vio_0_probe_out0 -of_objects [get_hw_vios -of_objects [get_hw_devices xc7z010_1] -filter {CELL_NAME=~"DEMO_i/vio_0"}]]
commit_hw_vio [get_hw_probes {DEMO_i/vio_0_probe_out0} -of_objects [get_hw_vios -of_objects [get_hw_devices xc7z010_1] -filter {CELL_NAME=~"DEMO_i/vio_0"}]]
set_property OUTPUT_VALUE 1 [get_hw_probes DEMO_i/vio_0_probe_out0 -of_objects [get_hw_vios -of_objects [get_hw_devices xc7z010_1] -filter {CELL_NAME=~"DEMO_i/vio_0"}]]
commit_hw_vio [get_hw_probes {DEMO_i/vio_0_probe_out0} -of_objects [get_hw_vios -of_objects [get_hw_devices xc7z010_1] -filter {CELL_NAME=~"DEMO_i/vio_0"}]]
ERROR: [Xicom 50-38] xicom: Unable to connect to debug core(s) on the target device. Check cable connectivity and that the target board is powered up then use the disconnect_hw_server and connect_hw_server to re-initialize the hardware target. Use open_hw_target to re-register the hardware device.
ERROR: [Xicom 50-38] xicom: Unable to connect to debug core(s) on the target device. Check cable connectivity and that the target board is powered up then use the disconnect_hw_server and connect_hw_server to re-initialize the hardware target. Use open_hw_target to re-register the hardware device.
ERROR: [Xicom 50-38] xicom: Unable to connect to debug core(s) on the target device. Check cable connectivity and that the target board is powered up then use the disconnect_hw_server and connect_hw_server to re-initialize the hardware target. Use open_hw_target to re-register the hardware device.
ERROR: [Xicom 50-38] xicom: Unable to connect to debug core(s) on the target device. Check cable connectivity and that the target board is powered up then use the disconnect_hw_server and connect_hw_server to re-initialize the hardware target. Use open_hw_target to re-register the hardware device.
ERROR: [Xicom 50-38] xicom: Unable to connect to debug core(s) on the target device. Check cable connectivity and that the target board is powered up then use the disconnect_hw_server and connect_hw_server to re-initialize the hardware target. Use open_hw_target to re-register the hardware device.
ERROR: [Xicom 50-38] xicom: Unable to connect to debug core(s) on the target device. Check cable connectivity and that the target board is powered up then use the disconnect_hw_server and connect_hw_server to re-initialize the hardware target. Use open_hw_target to re-register the hardware device.
ERROR: [Xicom 50-38] xicom: Unable to connect to debug core(s) on the target device. Check cable connectivity and that the target board is powered up then use the disconnect_hw_server and connect_hw_server to re-initialize the hardware target. Use open_hw_target to re-register the hardware device.
ERROR: [Xicom 50-38] xicom: Unable to connect to debug core(s) on the target device. Check cable connectivity and that the target board is powered up then use the disconnect_hw_server and connect_hw_server to re-initialize the hardware target. Use open_hw_target to re-register the hardware device.
ERROR: [Xicom 50-38] xicom: Unable to connect to debug core(s) on the target device. Check cable connectivity and that the target board is powered up then use the disconnect_hw_server and connect_hw_server to re-initialize the hardware target. Use open_hw_target to re-register the hardware device.
ERROR: [Xicom 50-38] xicom: Unable to connect to debug core(s) on the target device. Check cable connectivity and that the target board is powered up then use the disconnect_hw_server and connect_hw_server to re-initialize the hardware target. Use open_hw_target to re-register the hardware device.
ERROR: [Xicom 50-38] xicom: Unable to connect to debug core(s) on the target device. Check cable connectivity and that the target board is powered up then use the disconnect_hw_server and connect_hw_server to re-initialize the hardware target. Use open_hw_target to re-register the hardware device.
ERROR: [Xicom 50-38] xicom: Unable to connect to debug core(s) on the target device. Check cable connectivity and that the target board is powered up then use the disconnect_hw_server and connect_hw_server to re-initialize the hardware target. Use open_hw_target to re-register the hardware device.
ERROR: [Xicom 50-38] xicom: Unable to connect to debug core(s) on the target device. Check cable connectivity and that the target board is powered up then use the disconnect_hw_server and connect_hw_server to re-initialize the hardware target. Use open_hw_target to re-register the hardware device.
ERROR: [Xicom 50-38] xicom: Unable to connect to debug core(s) on the target device. Check cable connectivity and that the target board is powered up then use the disconnect_hw_server and connect_hw_server to re-initialize the hardware target. Use open_hw_target to re-register the hardware device.
ERROR: [Xicom 50-38] xicom: Unable to connect to debug core(s) on the target device. Check cable connectivity and that the target board is powered up then use the disconnect_hw_server and connect_hw_server to re-initialize the hardware target. Use open_hw_target to re-register the hardware device.
ERROR: [Xicom 50-38] xicom: Unable to connect to debug core(s) on the target device. Check cable connectivity and that the target board is powered up then use the disconnect_hw_server and connect_hw_server to re-initialize the hardware target. Use open_hw_target to re-register the hardware device.
ERROR: [Xicom 50-38] xicom: Unable to connect to debug core(s) on the target device. Check cable connectivity and that the target board is powered up then use the disconnect_hw_server and connect_hw_server to re-initialize the hardware target. Use open_hw_target to re-register the hardware device.
ERROR: [Xicom 50-38] xicom: Unable to connect to debug core(s) on the target device. Check cable connectivity and that the target board is powered up then use the disconnect_hw_server and connect_hw_server to re-initialize the hardware target. Use open_hw_target to re-register the hardware device.
set_property OUTPUT_VALUE 0 [get_hw_probes DEMO_i/vio_0_probe_out0 -of_objects [get_hw_vios -of_objects [get_hw_devices xc7z010_1] -filter {CELL_NAME=~"DEMO_i/vio_0"}]]
commit_hw_vio [get_hw_probes {DEMO_i/vio_0_probe_out0} -of_objects [get_hw_vios -of_objects [get_hw_devices xc7z010_1] -filter {CELL_NAME=~"DEMO_i/vio_0"}]]
set_property OUTPUT_VALUE 1 [get_hw_probes DEMO_i/vio_0_probe_out0 -of_objects [get_hw_vios -of_objects [get_hw_devices xc7z010_1] -filter {CELL_NAME=~"DEMO_i/vio_0"}]]
commit_hw_vio [get_hw_probes {DEMO_i/vio_0_probe_out0} -of_objects [get_hw_vios -of_objects [get_hw_devices xc7z010_1] -filter {CELL_NAME=~"DEMO_i/vio_0"}]]
set_property OUTPUT_VALUE 0 [get_hw_probes DEMO_i/vio_0_probe_out0 -of_objects [get_hw_vios -of_objects [get_hw_devices xc7z010_1] -filter {CELL_NAME=~"DEMO_i/vio_0"}]]
commit_hw_vio [get_hw_probes {DEMO_i/vio_0_probe_out0} -of_objects [get_hw_vios -of_objects [get_hw_devices xc7z010_1] -filter {CELL_NAME=~"DEMO_i/vio_0"}]]
set_property OUTPUT_VALUE 1 [get_hw_probes DEMO_i/vio_0_probe_out0 -of_objects [get_hw_vios -of_objects [get_hw_devices xc7z010_1] -filter {CELL_NAME=~"DEMO_i/vio_0"}]]
commit_hw_vio [get_hw_probes {DEMO_i/vio_0_probe_out0} -of_objects [get_hw_vios -of_objects [get_hw_devices xc7z010_1] -filter {CELL_NAME=~"DEMO_i/vio_0"}]]
set_property OUTPUT_VALUE 0 [get_hw_probes DEMO_i/vio_0_probe_out0 -of_objects [get_hw_vios -of_objects [get_hw_devices xc7z010_1] -filter {CELL_NAME=~"DEMO_i/vio_0"}]]
commit_hw_vio [get_hw_probes {DEMO_i/vio_0_probe_out0} -of_objects [get_hw_vios -of_objects [get_hw_devices xc7z010_1] -filter {CELL_NAME=~"DEMO_i/vio_0"}]]
set_property OUTPUT_VALUE 1 [get_hw_probes DEMO_i/vio_0_probe_out0 -of_objects [get_hw_vios -of_objects [get_hw_devices xc7z010_1] -filter {CELL_NAME=~"DEMO_i/vio_0"}]]
commit_hw_vio [get_hw_probes {DEMO_i/vio_0_probe_out0} -of_objects [get_hw_vios -of_objects [get_hw_devices xc7z010_1] -filter {CELL_NAME=~"DEMO_i/vio_0"}]]
ERROR: [Xicom 50-38] xicom: Unable to connect to debug core(s) on the target device. Check cable connectivity and that the target board is powered up then use the disconnect_hw_server and connect_hw_server to re-initialize the hardware target. Use open_hw_target to re-register the hardware device.
ERROR: [Xicom 50-38] xicom: Unable to connect to debug core(s) on the target device. Check cable connectivity and that the target board is powered up then use the disconnect_hw_server and connect_hw_server to re-initialize the hardware target. Use open_hw_target to re-register the hardware device.
ERROR: [Xicom 50-38] xicom: Unable to connect to debug core(s) on the target device. Check cable connectivity and that the target board is powered up then use the disconnect_hw_server and connect_hw_server to re-initialize the hardware target. Use open_hw_target to re-register the hardware device.
ERROR: [Xicom 50-38] xicom: Unable to connect to debug core(s) on the target device. Check cable connectivity and that the target board is powered up then use the disconnect_hw_server and connect_hw_server to re-initialize the hardware target. Use open_hw_target to re-register the hardware device.
ERROR: [Xicom 50-38] xicom: Unable to connect to debug core(s) on the target device. Check cable connectivity and that the target board is powered up then use the disconnect_hw_server and connect_hw_server to re-initialize the hardware target. Use open_hw_target to re-register the hardware device.
ERROR: [Xicom 50-38] xicom: Unable to connect to debug core(s) on the target device. Check cable connectivity and that the target board is powered up then use the disconnect_hw_server and connect_hw_server to re-initialize the hardware target. Use open_hw_target to re-register the hardware device.
ERROR: [Xicom 50-38] xicom: Unable to connect to debug core(s) on the target device. Check cable connectivity and that the target board is powered up then use the disconnect_hw_server and connect_hw_server to re-initialize the hardware target. Use open_hw_target to re-register the hardware device.
ERROR: [Xicom 50-38] xicom: Unable to connect to debug core(s) on the target device. Check cable connectivity and that the target board is powered up then use the disconnect_hw_server and connect_hw_server to re-initialize the hardware target. Use open_hw_target to re-register the hardware device.
set_property OUTPUT_VALUE 0 [get_hw_probes DEMO_i/vio_0_probe_out0 -of_objects [get_hw_vios -of_objects [get_hw_devices xc7z010_1] -filter {CELL_NAME=~"DEMO_i/vio_0"}]]
commit_hw_vio [get_hw_probes {DEMO_i/vio_0_probe_out0} -of_objects [get_hw_vios -of_objects [get_hw_devices xc7z010_1] -filter {CELL_NAME=~"DEMO_i/vio_0"}]]
set_property OUTPUT_VALUE 1 [get_hw_probes DEMO_i/vio_0_probe_out0 -of_objects [get_hw_vios -of_objects [get_hw_devices xc7z010_1] -filter {CELL_NAME=~"DEMO_i/vio_0"}]]
commit_hw_vio [get_hw_probes {DEMO_i/vio_0_probe_out0} -of_objects [get_hw_vios -of_objects [get_hw_devices xc7z010_1] -filter {CELL_NAME=~"DEMO_i/vio_0"}]]
ERROR: [Xicom 50-38] xicom: Unable to connect to debug core(s) on the target device. Check cable connectivity and that the target board is powered up then use the disconnect_hw_server and connect_hw_server to re-initialize the hardware target. Use open_hw_target to re-register the hardware device.
ERROR: [Xicom 50-38] xicom: Unable to connect to debug core(s) on the target device. Check cable connectivity and that the target board is powered up then use the disconnect_hw_server and connect_hw_server to re-initialize the hardware target. Use open_hw_target to re-register the hardware device.
ERROR: [Xicom 50-38] xicom: Unable to connect to debug core(s) on the target device. Check cable connectivity and that the target board is powered up then use the disconnect_hw_server and connect_hw_server to re-initialize the hardware target. Use open_hw_target to re-register the hardware device.
ERROR: [Xicom 50-38] xicom: Unable to connect to debug core(s) on the target device. Check cable connectivity and that the target board is powered up then use the disconnect_hw_server and connect_hw_server to re-initialize the hardware target. Use open_hw_target to re-register the hardware device.
ERROR: [Xicom 50-38] xicom: Unable to connect to debug core(s) on the target device. Check cable connectivity and that the target board is powered up then use the disconnect_hw_server and connect_hw_server to re-initialize the hardware target. Use open_hw_target to re-register the hardware device.
ERROR: [Xicom 50-38] xicom: Unable to connect to debug core(s) on the target device. Check cable connectivity and that the target board is powered up then use the disconnect_hw_server and connect_hw_server to re-initialize the hardware target. Use open_hw_target to re-register the hardware device.
ERROR: [Xicom 50-38] xicom: Unable to connect to debug core(s) on the target device. Check cable connectivity and that the target board is powered up then use the disconnect_hw_server and connect_hw_server to re-initialize the hardware target. Use open_hw_target to re-register the hardware device.
ERROR: [Xicom 50-38] xicom: Unable to connect to debug core(s) on the target device. Check cable connectivity and that the target board is powered up then use the disconnect_hw_server and connect_hw_server to re-initialize the hardware target. Use open_hw_target to re-register the hardware device.
ERROR: [Xicom 50-38] xicom: Unable to connect to debug core(s) on the target device. Check cable connectivity and that the target board is powered up then use the disconnect_hw_server and connect_hw_server to re-initialize the hardware target. Use open_hw_target to re-register the hardware device.
ERROR: [Xicom 50-38] xicom: Unable to connect to debug core(s) on the target device. Check cable connectivity and that the target board is powered up then use the disconnect_hw_server and connect_hw_server to re-initialize the hardware target. Use open_hw_target to re-register the hardware device.
ERROR: [Xicom 50-38] xicom: Unable to connect to debug core(s) on the target device. Check cable connectivity and that the target board is powered up then use the disconnect_hw_server and connect_hw_server to re-initialize the hardware target. Use open_hw_target to re-register the hardware device.
ERROR: [Xicom 50-38] xicom: Unable to connect to debug core(s) on the target device. Check cable connectivity and that the target board is powered up then use the disconnect_hw_server and connect_hw_server to re-initialize the hardware target. Use open_hw_target to re-register the hardware device.
ERROR: [Xicom 50-38] xicom: Unable to connect to debug core(s) on the target device. Check cable connectivity and that the target board is powered up then use the disconnect_hw_server and connect_hw_server to re-initialize the hardware target. Use open_hw_target to re-register the hardware device.
ERROR: [Xicom 50-38] xicom: Unable to connect to debug core(s) on the target device. Check cable connectivity and that the target board is powered up then use the disconnect_hw_server and connect_hw_server to re-initialize the hardware target. Use open_hw_target to re-register the hardware device.
ERROR: [Xicom 50-38] xicom: Unable to connect to debug core(s) on the target device. Check cable connectivity and that the target board is powered up then use the disconnect_hw_server and connect_hw_server to re-initialize the hardware target. Use open_hw_target to re-register the hardware device.
ERROR: [Xicom 50-38] xicom: Unable to connect to debug core(s) on the target device. Check cable connectivity and that the target board is powered up then use the disconnect_hw_server and connect_hw_server to re-initialize the hardware target. Use open_hw_target to re-register the hardware device.
ERROR: [Xicom 50-38] xicom: Unable to connect to debug core(s) on the target device. Check cable connectivity and that the target board is powered up then use the disconnect_hw_server and connect_hw_server to re-initialize the hardware target. Use open_hw_target to re-register the hardware device.
set_property OUTPUT_VALUE 0 [get_hw_probes DEMO_i/vio_0_probe_out0 -of_objects [get_hw_vios -of_objects [get_hw_devices xc7z010_1] -filter {CELL_NAME=~"DEMO_i/vio_0"}]]
commit_hw_vio [get_hw_probes {DEMO_i/vio_0_probe_out0} -of_objects [get_hw_vios -of_objects [get_hw_devices xc7z010_1] -filter {CELL_NAME=~"DEMO_i/vio_0"}]]
set_property OUTPUT_VALUE 1 [get_hw_probes DEMO_i/vio_0_probe_out0 -of_objects [get_hw_vios -of_objects [get_hw_devices xc7z010_1] -filter {CELL_NAME=~"DEMO_i/vio_0"}]]
commit_hw_vio [get_hw_probes {DEMO_i/vio_0_probe_out0} -of_objects [get_hw_vios -of_objects [get_hw_devices xc7z010_1] -filter {CELL_NAME=~"DEMO_i/vio_0"}]]
ERROR: [Xicom 50-38] xicom: Unable to connect to debug core(s) on the target device. Check cable connectivity and that the target board is powered up then use the disconnect_hw_server and connect_hw_server to re-initialize the hardware target. Use open_hw_target to re-register the hardware device.
ERROR: [Xicom 50-38] xicom: Unable to connect to debug core(s) on the target device. Check cable connectivity and that the target board is powered up then use the disconnect_hw_server and connect_hw_server to re-initialize the hardware target. Use open_hw_target to re-register the hardware device.
ERROR: [Xicom 50-38] xicom: Unable to connect to debug core(s) on the target device. Check cable connectivity and that the target board is powered up then use the disconnect_hw_server and connect_hw_server to re-initialize the hardware target. Use open_hw_target to re-register the hardware device.
ERROR: [Xicom 50-38] xicom: Unable to connect to debug core(s) on the target device. Check cable connectivity and that the target board is powered up then use the disconnect_hw_server and connect_hw_server to re-initialize the hardware target. Use open_hw_target to re-register the hardware device.
ERROR: [Xicom 50-38] xicom: Unable to connect to debug core(s) on the target device. Check cable connectivity and that the target board is powered up then use the disconnect_hw_server and connect_hw_server to re-initialize the hardware target. Use open_hw_target to re-register the hardware device.
ERROR: [Xicom 50-38] xicom: Unable to connect to debug core(s) on the target device. Check cable connectivity and that the target board is powered up then use the disconnect_hw_server and connect_hw_server to re-initialize the hardware target. Use open_hw_target to re-register the hardware device.
ERROR: [Xicom 50-38] xicom: Unable to connect to debug core(s) on the target device. Check cable connectivity and that the target board is powered up then use the disconnect_hw_server and connect_hw_server to re-initialize the hardware target. Use open_hw_target to re-register the hardware device.
ERROR: [Xicom 50-38] xicom: Unable to connect to debug core(s) on the target device. Check cable connectivity and that the target board is powered up then use the disconnect_hw_server and connect_hw_server to re-initialize the hardware target. Use open_hw_target to re-register the hardware device.
ERROR: [Xicom 50-38] xicom: Unable to connect to debug core(s) on the target device. Check cable connectivity and that the target board is powered up then use the disconnect_hw_server and connect_hw_server to re-initialize the hardware target. Use open_hw_target to re-register the hardware device.
ERROR: [Xicom 50-38] xicom: Unable to connect to debug core(s) on the target device. Check cable connectivity and that the target board is powered up then use the disconnect_hw_server and connect_hw_server to re-initialize the hardware target. Use open_hw_target to re-register the hardware device.
ERROR: [Xicom 50-38] xicom: Unable to connect to debug core(s) on the target device. Check cable connectivity and that the target board is powered up then use the disconnect_hw_server and connect_hw_server to re-initialize the hardware target. Use open_hw_target to re-register the hardware device.
ERROR: [Xicom 50-38] xicom: Unable to connect to debug core(s) on the target device. Check cable connectivity and that the target board is powered up then use the disconnect_hw_server and connect_hw_server to re-initialize the hardware target. Use open_hw_target to re-register the hardware device.
ERROR: [Xicom 50-38] xicom: Unable to connect to debug core(s) on the target device. Check cable connectivity and that the target board is powered up then use the disconnect_hw_server and connect_hw_server to re-initialize the hardware target. Use open_hw_target to re-register the hardware device.
ERROR: [Xicom 50-38] xicom: Unable to connect to debug core(s) on the target device. Check cable connectivity and that the target board is powered up then use the disconnect_hw_server and connect_hw_server to re-initialize the hardware target. Use open_hw_target to re-register the hardware device.
ERROR: [Xicom 50-38] xicom: Unable to connect to debug core(s) on the target device. Check cable connectivity and that the target board is powered up then use the disconnect_hw_server and connect_hw_server to re-initialize the hardware target. Use open_hw_target to re-register the hardware device.
ERROR: [Xicom 50-38] xicom: Unable to connect to debug core(s) on the target device. Check cable connectivity and that the target board is powered up then use the disconnect_hw_server and connect_hw_server to re-initialize the hardware target. Use open_hw_target to re-register the hardware device.
set_property OUTPUT_VALUE 0 [get_hw_probes DEMO_i/vio_0_probe_out0 -of_objects [get_hw_vios -of_objects [get_hw_devices xc7z010_1] -filter {CELL_NAME=~"DEMO_i/vio_0"}]]
commit_hw_vio [get_hw_probes {DEMO_i/vio_0_probe_out0} -of_objects [get_hw_vios -of_objects [get_hw_devices xc7z010_1] -filter {CELL_NAME=~"DEMO_i/vio_0"}]]
set_property OUTPUT_VALUE 1 [get_hw_probes DEMO_i/vio_0_probe_out0 -of_objects [get_hw_vios -of_objects [get_hw_devices xc7z010_1] -filter {CELL_NAME=~"DEMO_i/vio_0"}]]
commit_hw_vio [get_hw_probes {DEMO_i/vio_0_probe_out0} -of_objects [get_hw_vios -of_objects [get_hw_devices xc7z010_1] -filter {CELL_NAME=~"DEMO_i/vio_0"}]]
ERROR: [Xicom 50-38] xicom: Unable to connect to debug core(s) on the target device. Check cable connectivity and that the target board is powered up then use the disconnect_hw_server and connect_hw_server to re-initialize the hardware target. Use open_hw_target to re-register the hardware device.
ERROR: [Xicom 50-38] xicom: Unable to connect to debug core(s) on the target device. Check cable connectivity and that the target board is powered up then use the disconnect_hw_server and connect_hw_server to re-initialize the hardware target. Use open_hw_target to re-register the hardware device.
ERROR: [Xicom 50-38] xicom: Unable to connect to debug core(s) on the target device. Check cable connectivity and that the target board is powered up then use the disconnect_hw_server and connect_hw_server to re-initialize the hardware target. Use open_hw_target to re-register the hardware device.
ERROR: [Xicom 50-38] xicom: Unable to connect to debug core(s) on the target device. Check cable connectivity and that the target board is powered up then use the disconnect_hw_server and connect_hw_server to re-initialize the hardware target. Use open_hw_target to re-register the hardware device.
ERROR: [Xicom 50-38] xicom: Unable to connect to debug core(s) on the target device. Check cable connectivity and that the target board is powered up then use the disconnect_hw_server and connect_hw_server to re-initialize the hardware target. Use open_hw_target to re-register the hardware device.
ERROR: [Xicom 50-38] xicom: Unable to connect to debug core(s) on the target device. Check cable connectivity and that the target board is powered up then use the disconnect_hw_server and connect_hw_server to re-initialize the hardware target. Use open_hw_target to re-register the hardware device.
ERROR: [Xicom 50-38] xicom: Unable to connect to debug core(s) on the target device. Check cable connectivity and that the target board is powered up then use the disconnect_hw_server and connect_hw_server to re-initialize the hardware target. Use open_hw_target to re-register the hardware device.
ERROR: [Xicom 50-38] xicom: Unable to connect to debug core(s) on the target device. Check cable connectivity and that the target board is powered up then use the disconnect_hw_server and connect_hw_server to re-initialize the hardware target. Use open_hw_target to re-register the hardware device.
ERROR: [Xicom 50-38] xicom: Unable to connect to debug core(s) on the target device. Check cable connectivity and that the target board is powered up then use the disconnect_hw_server and connect_hw_server to re-initialize the hardware target. Use open_hw_target to re-register the hardware device.
ERROR: [Xicom 50-38] xicom: Unable to connect to debug core(s) on the target device. Check cable connectivity and that the target board is powered up then use the disconnect_hw_server and connect_hw_server to re-initialize the hardware target. Use open_hw_target to re-register the hardware device.
ERROR: [Xicom 50-38] xicom: Unable to connect to debug core(s) on the target device. Check cable connectivity and that the target board is powered up then use the disconnect_hw_server and connect_hw_server to re-initialize the hardware target. Use open_hw_target to re-register the hardware device.
ERROR: [Xicom 50-38] xicom: Unable to connect to debug core(s) on the target device. Check cable connectivity and that the target board is powered up then use the disconnect_hw_server and connect_hw_server to re-initialize the hardware target. Use open_hw_target to re-register the hardware device.
ERROR: [Xicom 50-38] xicom: Unable to connect to debug core(s) on the target device. Check cable connectivity and that the target board is powered up then use the disconnect_hw_server and connect_hw_server to re-initialize the hardware target. Use open_hw_target to re-register the hardware device.
ERROR: [Xicom 50-38] xicom: Unable to connect to debug core(s) on the target device. Check cable connectivity and that the target board is powered up then use the disconnect_hw_server and connect_hw_server to re-initialize the hardware target. Use open_hw_target to re-register the hardware device.
ERROR: [Xicom 50-38] xicom: Unable to connect to debug core(s) on the target device. Check cable connectivity and that the target board is powered up then use the disconnect_hw_server and connect_hw_server to re-initialize the hardware target. Use open_hw_target to re-register the hardware device.
ERROR: [Xicom 50-38] xicom: Unable to connect to debug core(s) on the target device. Check cable connectivity and that the target board is powered up then use the disconnect_hw_server and connect_hw_server to re-initialize the hardware target. Use open_hw_target to re-register the hardware device.
ERROR: [Xicom 50-38] xicom: Unable to connect to debug core(s) on the target device. Check cable connectivity and that the target board is powered up then use the disconnect_hw_server and connect_hw_server to re-initialize the hardware target. Use open_hw_target to re-register the hardware device.
open_bd_design {C:/Users/gusta/Documents/SEP_projects/HW_SW/SEPmonG3/SEPmon/SEPmon.srcs/sources_1/bd/DEMO/DEMO.bd}
startgroup
set_property -dict [list CONFIG.NUM_PORTS {5}] [get_bd_cells xlconcat_0]
endgroup
startgroup
make_bd_pins_external  [get_bd_pins xlconcat_0/In4]
endgroup
ERROR: [Xicom 50-38] xicom: Unable to connect to debug core(s) on the target device. Check cable connectivity and that the target board is powered up then use the disconnect_hw_server and connect_hw_server to re-initialize the hardware target. Use open_hw_target to re-register the hardware device.
ERROR: [Xicom 50-38] xicom: Unable to connect to debug core(s) on the target device. Check cable connectivity and that the target board is powered up then use the disconnect_hw_server and connect_hw_server to re-initialize the hardware target. Use open_hw_target to re-register the hardware device.
ERROR: [Xicom 50-38] xicom: Unable to connect to debug core(s) on the target device. Check cable connectivity and that the target board is powered up then use the disconnect_hw_server and connect_hw_server to re-initialize the hardware target. Use open_hw_target to re-register the hardware device.
ERROR: [Xicom 50-38] xicom: Unable to connect to debug core(s) on the target device. Check cable connectivity and that the target board is powered up then use the disconnect_hw_server and connect_hw_server to re-initialize the hardware target. Use open_hw_target to re-register the hardware device.
ERROR: [Xicom 50-38] xicom: Unable to connect to debug core(s) on the target device. Check cable connectivity and that the target board is powered up then use the disconnect_hw_server and connect_hw_server to re-initialize the hardware target. Use open_hw_target to re-register the hardware device.
ERROR: [Xicom 50-38] xicom: Unable to connect to debug core(s) on the target device. Check cable connectivity and that the target board is powered up then use the disconnect_hw_server and connect_hw_server to re-initialize the hardware target. Use open_hw_target to re-register the hardware device.
ERROR: [Xicom 50-38] xicom: Unable to connect to debug core(s) on the target device. Check cable connectivity and that the target board is powered up then use the disconnect_hw_server and connect_hw_server to re-initialize the hardware target. Use open_hw_target to re-register the hardware device.
ERROR: [Xicom 50-38] xicom: Unable to connect to debug core(s) on the target device. Check cable connectivity and that the target board is powered up then use the disconnect_hw_server and connect_hw_server to re-initialize the hardware target. Use open_hw_target to re-register the hardware device.
ERROR: [Xicom 50-38] xicom: Unable to connect to debug core(s) on the target device. Check cable connectivity and that the target board is powered up then use the disconnect_hw_server and connect_hw_server to re-initialize the hardware target. Use open_hw_target to re-register the hardware device.
set_property OUTPUT_VALUE 0 [get_hw_probes DEMO_i/vio_0_probe_out0 -of_objects [get_hw_vios -of_objects [get_hw_devices xc7z010_1] -filter {CELL_NAME=~"DEMO_i/vio_0"}]]
commit_hw_vio [get_hw_probes {DEMO_i/vio_0_probe_out0} -of_objects [get_hw_vios -of_objects [get_hw_devices xc7z010_1] -filter {CELL_NAME=~"DEMO_i/vio_0"}]]
set_property OUTPUT_VALUE 1 [get_hw_probes DEMO_i/vio_0_probe_out0 -of_objects [get_hw_vios -of_objects [get_hw_devices xc7z010_1] -filter {CELL_NAME=~"DEMO_i/vio_0"}]]
commit_hw_vio [get_hw_probes {DEMO_i/vio_0_probe_out0} -of_objects [get_hw_vios -of_objects [get_hw_devices xc7z010_1] -filter {CELL_NAME=~"DEMO_i/vio_0"}]]
ERROR: [Xicom 50-38] xicom: Unable to connect to debug core(s) on the target device. Check cable connectivity and that the target board is powered up then use the disconnect_hw_server and connect_hw_server to re-initialize the hardware target. Use open_hw_target to re-register the hardware device.
ERROR: [Xicom 50-38] xicom: Unable to connect to debug core(s) on the target device. Check cable connectivity and that the target board is powered up then use the disconnect_hw_server and connect_hw_server to re-initialize the hardware target. Use open_hw_target to re-register the hardware device.
ERROR: [Xicom 50-38] xicom: Unable to connect to debug core(s) on the target device. Check cable connectivity and that the target board is powered up then use the disconnect_hw_server and connect_hw_server to re-initialize the hardware target. Use open_hw_target to re-register the hardware device.
ERROR: [Xicom 50-38] xicom: Unable to connect to debug core(s) on the target device. Check cable connectivity and that the target board is powered up then use the disconnect_hw_server and connect_hw_server to re-initialize the hardware target. Use open_hw_target to re-register the hardware device.
ERROR: [Xicom 50-38] xicom: Unable to connect to debug core(s) on the target device. Check cable connectivity and that the target board is powered up then use the disconnect_hw_server and connect_hw_server to re-initialize the hardware target. Use open_hw_target to re-register the hardware device.
ERROR: [Xicom 50-38] xicom: Unable to connect to debug core(s) on the target device. Check cable connectivity and that the target board is powered up then use the disconnect_hw_server and connect_hw_server to re-initialize the hardware target. Use open_hw_target to re-register the hardware device.
ERROR: [Xicom 50-38] xicom: Unable to connect to debug core(s) on the target device. Check cable connectivity and that the target board is powered up then use the disconnect_hw_server and connect_hw_server to re-initialize the hardware target. Use open_hw_target to re-register the hardware device.
ERROR: [Xicom 50-38] xicom: Unable to connect to debug core(s) on the target device. Check cable connectivity and that the target board is powered up then use the disconnect_hw_server and connect_hw_server to re-initialize the hardware target. Use open_hw_target to re-register the hardware device.
set_property OUTPUT_VALUE 0 [get_hw_probes DEMO_i/vio_0_probe_out0 -of_objects [get_hw_vios -of_objects [get_hw_devices xc7z010_1] -filter {CELL_NAME=~"DEMO_i/vio_0"}]]
commit_hw_vio [get_hw_probes {DEMO_i/vio_0_probe_out0} -of_objects [get_hw_vios -of_objects [get_hw_devices xc7z010_1] -filter {CELL_NAME=~"DEMO_i/vio_0"}]]
set_property OUTPUT_VALUE 1 [get_hw_probes DEMO_i/vio_0_probe_out0 -of_objects [get_hw_vios -of_objects [get_hw_devices xc7z010_1] -filter {CELL_NAME=~"DEMO_i/vio_0"}]]
commit_hw_vio [get_hw_probes {DEMO_i/vio_0_probe_out0} -of_objects [get_hw_vios -of_objects [get_hw_devices xc7z010_1] -filter {CELL_NAME=~"DEMO_i/vio_0"}]]
open_bd_design {C:/Users/gusta/Documents/SEP_projects/HW_SW/SEPmonG3/SEPmon/SEPmon.srcs/sources_1/bd/DEMO/DEMO.bd}
set_property name LuzIRQ [get_bd_ports In4_0]
save_bd_design
Wrote  : <C:\Users\gusta\Documents\SEP_projects\HW_SW\SEPmonG3\SEPmon\SEPmon.srcs\sources_1\bd\DEMO\DEMO.bd> 
Wrote  : <C:/Users/gusta/Documents/SEP_projects/HW_SW/SEPmonG3/SEPmon/SEPmon.srcs/sources_1/bd/DEMO/ui/bd_58220e03.ui> 
reset_run synth_1_copy_1
WARNING: [Vivado 12-1017] Problems encountered:
1. Failed to delete one or more files in run directory C:/Users/gusta/Documents/SEP_projects/HW_SW/SEPmonG3/SEPmon/SEPmon.runs/synth_1_copy_1

launch_runs impl_2 -to_step write_bitstream -jobs 4
WARNING: [BD 41-176] The physical port 'S_AXI_GP2_rd_socket' specified in the portmap, is not found on the block! 
WARNING: [BD 41-176] The physical port 'S_AXI_GP2_wr_socket' specified in the portmap, is not found on the block! 
WARNING: [BD 41-176] The physical port 'S_AXI_GP3_rd_socket' specified in the portmap, is not found on the block! 
WARNING: [BD 41-176] The physical port 'S_AXI_GP3_wr_socket' specified in the portmap, is not found on the block! 
INFO: [xilinx.com:ip:axi_quad_spi:3.2-1] /axi_quad_spi_0 
                   #######################################################################################
                   INFO: AXI Quad SPI core's AXI Lite Clock and EXT SPI CLK are synchronous to each other.
                   ########################################################################################
INFO: [xilinx.com:ip:axi_quad_spi:3.2-1] /axi_quad_spi_0 
                   #######################################################################################
                   INFO: AXI Quad SPI core's AXI Lite Clock and EXT SPI CLK are synchronous to each other.
                   ########################################################################################
INFO: [xilinx.com:ip:axi_quad_spi:3.2-1] /axi_quad_spi_1 
                   #######################################################################################
                   INFO: AXI Quad SPI core's AXI Lite Clock and EXT SPI CLK are synchronous to each other.
                   ########################################################################################
INFO: [xilinx.com:ip:axi_quad_spi:3.2-1] /axi_quad_spi_1 
                   #######################################################################################
                   INFO: AXI Quad SPI core's AXI Lite Clock and EXT SPI CLK are synchronous to each other.
                   ########################################################################################
Wrote  : <C:\Users\gusta\Documents\SEP_projects\HW_SW\SEPmonG3\SEPmon\SEPmon.srcs\sources_1\bd\DEMO\DEMO.bd> 
VHDL Output written to : C:/Users/gusta/Documents/SEP_projects/HW_SW/SEPmonG3/SEPmon/SEPmon.srcs/sources_1/bd/DEMO/synth/DEMO.vhd
VHDL Output written to : C:/Users/gusta/Documents/SEP_projects/HW_SW/SEPmonG3/SEPmon/SEPmon.srcs/sources_1/bd/DEMO/sim/DEMO.vhd
VHDL Output written to : C:/Users/gusta/Documents/SEP_projects/HW_SW/SEPmonG3/SEPmon/SEPmon.srcs/sources_1/bd/DEMO/hdl/DEMO_wrapper.vhd
WARNING: [IP_Flow 19-5611] Unable to find an associated reset port for the interface 'M_AXI_GP0'. A default connection has been created.
INFO: [BD 41-1029] Generation completed for the IP Integrator block processing_system7_0 .
INFO: [BD 41-1029] Generation completed for the IP Integrator block xlconcat_0 .
WARNING: [IP_Flow 19-4994] Overwriting existing constraint file 'c:/Users/gusta/Documents/SEP_projects/HW_SW/SEPmonG3/SEPmon/SEPmon.srcs/sources_1/bd/DEMO/ip/DEMO_auto_pc_0/DEMO_auto_pc_0_ooc.xdc'
INFO: [BD 41-1029] Generation completed for the IP Integrator block ps7_0_axi_periph/s00_couplers/auto_pc .
Exporting to file C:/Users/gusta/Documents/SEP_projects/HW_SW/SEPmonG3/SEPmon/SEPmon.srcs/sources_1/bd/DEMO/hw_handoff/DEMO.hwh
Generated Block Design Tcl file C:/Users/gusta/Documents/SEP_projects/HW_SW/SEPmonG3/SEPmon/SEPmon.srcs/sources_1/bd/DEMO/hw_handoff/DEMO_bd.tcl
Generated Hardware Definition File C:/Users/gusta/Documents/SEP_projects/HW_SW/SEPmonG3/SEPmon/SEPmon.srcs/sources_1/bd/DEMO/synth/DEMO.hwdef
INFO: [IP_Flow 19-4993] Using cached IP synthesis design for IP DEMO_auto_pc_0, cache-ID = f0066fce20473567; cache size = 7.148 MB.
INFO: [IP_Flow 19-4993] Using cached IP synthesis design for IP DEMO_processing_system7_0_0, cache-ID = dba4ddb3af33436c; cache size = 14.309 MB.
[Sun Jul  7 21:03:55 2024] Launched synth_1_copy_1...
Run output will be captured here: C:/Users/gusta/Documents/SEP_projects/HW_SW/SEPmonG3/SEPmon/SEPmon.runs/synth_1_copy_1/runme.log
[Sun Jul  7 21:03:55 2024] Launched impl_2...
Run output will be captured here: C:/Users/gusta/Documents/SEP_projects/HW_SW/SEPmonG3/SEPmon/SEPmon.runs/impl_2/runme.log
launch_runs: Time (s): cpu = 00:00:49 ; elapsed = 00:00:55 . Memory (MB): peak = 4569.723 ; gain = 20.168
ERROR: [Xicom 50-38] xicom: Unable to connect to debug core(s) on the target device. Check cable connectivity and that the target board is powered up then use the disconnect_hw_server and connect_hw_server to re-initialize the hardware target. Use open_hw_target to re-register the hardware device.
ERROR: [Xicom 50-38] xicom: Unable to connect to debug core(s) on the target device. Check cable connectivity and that the target board is powered up then use the disconnect_hw_server and connect_hw_server to re-initialize the hardware target. Use open_hw_target to re-register the hardware device.
ERROR: [Xicom 50-38] xicom: Unable to connect to debug core(s) on the target device. Check cable connectivity and that the target board is powered up then use the disconnect_hw_server and connect_hw_server to re-initialize the hardware target. Use open_hw_target to re-register the hardware device.
ERROR: [Xicom 50-38] xicom: Unable to connect to debug core(s) on the target device. Check cable connectivity and that the target board is powered up then use the disconnect_hw_server and connect_hw_server to re-initialize the hardware target. Use open_hw_target to re-register the hardware device.
ERROR: [Xicom 50-38] xicom: Unable to connect to debug core(s) on the target device. Check cable connectivity and that the target board is powered up then use the disconnect_hw_server and connect_hw_server to re-initialize the hardware target. Use open_hw_target to re-register the hardware device.
ERROR: [Xicom 50-38] xicom: Unable to connect to debug core(s) on the target device. Check cable connectivity and that the target board is powered up then use the disconnect_hw_server and connect_hw_server to re-initialize the hardware target. Use open_hw_target to re-register the hardware device.
ERROR: [Xicom 50-38] xicom: Unable to connect to debug core(s) on the target device. Check cable connectivity and that the target board is powered up then use the disconnect_hw_server and connect_hw_server to re-initialize the hardware target. Use open_hw_target to re-register the hardware device.
ERROR: [Xicom 50-38] xicom: Unable to connect to debug core(s) on the target device. Check cable connectivity and that the target board is powered up then use the disconnect_hw_server and connect_hw_server to re-initialize the hardware target. Use open_hw_target to re-register the hardware device.
set_property pfm_name {} [get_files -all {C:/Users/gusta/Documents/SEP_projects/HW_SW/SEPmonG3/SEPmon/SEPmon.srcs/sources_1/bd/DEMO/DEMO.bd}]
write_hw_platform -fixed -include_bit -force -file C:/Users/gusta/Documents/SEP_projects/HW_SW/SEPmonG3/SEPmon/SEPmonG3V9.xsa
INFO: [Vivado 12-4895] Creating Hardware Platform: C:/Users/gusta/Documents/SEP_projects/HW_SW/SEPmonG3/SEPmon/SEPmonG3V9.xsa ...
WARNING: [Project 1-645] Board images not set in Hardware Platform.
INFO: [Vivado 12-4896] Successfully created Hardware Platform: C:/Users/gusta/Documents/SEP_projects/HW_SW/SEPmonG3/SEPmon/SEPmonG3V9.xsa
write_hw_platform: Time (s): cpu = 00:00:10 ; elapsed = 00:00:11 . Memory (MB): peak = 4581.625 ; gain = 11.902
ERROR: [Xicom 50-38] xicom: Unable to connect to debug core(s) on the target device. Check cable connectivity and that the target board is powered up then use the disconnect_hw_server and connect_hw_server to re-initialize the hardware target. Use open_hw_target to re-register the hardware device.
ERROR: [Xicom 50-38] xicom: Unable to connect to debug core(s) on the target device. Check cable connectivity and that the target board is powered up then use the disconnect_hw_server and connect_hw_server to re-initialize the hardware target. Use open_hw_target to re-register the hardware device.
ERROR: [Xicom 50-38] xicom: Unable to connect to debug core(s) on the target device. Check cable connectivity and that the target board is powered up then use the disconnect_hw_server and connect_hw_server to re-initialize the hardware target. Use open_hw_target to re-register the hardware device.
ERROR: [Xicom 50-38] xicom: Unable to connect to debug core(s) on the target device. Check cable connectivity and that the target board is powered up then use the disconnect_hw_server and connect_hw_server to re-initialize the hardware target. Use open_hw_target to re-register the hardware device.
ERROR: [Xicom 50-38] xicom: Unable to connect to debug core(s) on the target device. Check cable connectivity and that the target board is powered up then use the disconnect_hw_server and connect_hw_server to re-initialize the hardware target. Use open_hw_target to re-register the hardware device.
ERROR: [Xicom 50-38] xicom: Unable to connect to debug core(s) on the target device. Check cable connectivity and that the target board is powered up then use the disconnect_hw_server and connect_hw_server to re-initialize the hardware target. Use open_hw_target to re-register the hardware device.
ERROR: [Xicom 50-38] xicom: Unable to connect to debug core(s) on the target device. Check cable connectivity and that the target board is powered up then use the disconnect_hw_server and connect_hw_server to re-initialize the hardware target. Use open_hw_target to re-register the hardware device.
ERROR: [Xicom 50-38] xicom: Unable to connect to debug core(s) on the target device. Check cable connectivity and that the target board is powered up then use the disconnect_hw_server and connect_hw_server to re-initialize the hardware target. Use open_hw_target to re-register the hardware device.
ERROR: [Xicom 50-38] xicom: Unable to connect to debug core(s) on the target device. Check cable connectivity and that the target board is powered up then use the disconnect_hw_server and connect_hw_server to re-initialize the hardware target. Use open_hw_target to re-register the hardware device.
ERROR: [Xicom 50-38] xicom: Unable to connect to debug core(s) on the target device. Check cable connectivity and that the target board is powered up then use the disconnect_hw_server and connect_hw_server to re-initialize the hardware target. Use open_hw_target to re-register the hardware device.
ERROR: [Xicom 50-38] xicom: Unable to connect to debug core(s) on the target device. Check cable connectivity and that the target board is powered up then use the disconnect_hw_server and connect_hw_server to re-initialize the hardware target. Use open_hw_target to re-register the hardware device.
ERROR: [Xicom 50-38] xicom: Unable to connect to debug core(s) on the target device. Check cable connectivity and that the target board is powered up then use the disconnect_hw_server and connect_hw_server to re-initialize the hardware target. Use open_hw_target to re-register the hardware device.
ERROR: [Xicom 50-38] xicom: Unable to connect to debug core(s) on the target device. Check cable connectivity and that the target board is powered up then use the disconnect_hw_server and connect_hw_server to re-initialize the hardware target. Use open_hw_target to re-register the hardware device.
ERROR: [Xicom 50-38] xicom: Unable to connect to debug core(s) on the target device. Check cable connectivity and that the target board is powered up then use the disconnect_hw_server and connect_hw_server to re-initialize the hardware target. Use open_hw_target to re-register the hardware device.
ERROR: [Xicom 50-38] xicom: Unable to connect to debug core(s) on the target device. Check cable connectivity and that the target board is powered up then use the disconnect_hw_server and connect_hw_server to re-initialize the hardware target. Use open_hw_target to re-register the hardware device.
ERROR: [Xicom 50-38] xicom: Unable to connect to debug core(s) on the target device. Check cable connectivity and that the target board is powered up then use the disconnect_hw_server and connect_hw_server to re-initialize the hardware target. Use open_hw_target to re-register the hardware device.
ERROR: [Xicom 50-38] xicom: Unable to connect to debug core(s) on the target device. Check cable connectivity and that the target board is powered up then use the disconnect_hw_server and connect_hw_server to re-initialize the hardware target. Use open_hw_target to re-register the hardware device.
ERROR: [Xicom 50-38] xicom: Unable to connect to debug core(s) on the target device. Check cable connectivity and that the target board is powered up then use the disconnect_hw_server and connect_hw_server to re-initialize the hardware target. Use open_hw_target to re-register the hardware device.
ERROR: [Xicom 50-38] xicom: Unable to connect to debug core(s) on the target device. Check cable connectivity and that the target board is powered up then use the disconnect_hw_server and connect_hw_server to re-initialize the hardware target. Use open_hw_target to re-register the hardware device.
ERROR: [Xicom 50-38] xicom: Unable to connect to debug core(s) on the target device. Check cable connectivity and that the target board is powered up then use the disconnect_hw_server and connect_hw_server to re-initialize the hardware target. Use open_hw_target to re-register the hardware device.
ERROR: [Xicom 50-38] xicom: Unable to connect to debug core(s) on the target device. Check cable connectivity and that the target board is powered up then use the disconnect_hw_server and connect_hw_server to re-initialize the hardware target. Use open_hw_target to re-register the hardware device.
ERROR: [Xicom 50-38] xicom: Unable to connect to debug core(s) on the target device. Check cable connectivity and that the target board is powered up then use the disconnect_hw_server and connect_hw_server to re-initialize the hardware target. Use open_hw_target to re-register the hardware device.
ERROR: [Xicom 50-38] xicom: Unable to connect to debug core(s) on the target device. Check cable connectivity and that the target board is powered up then use the disconnect_hw_server and connect_hw_server to re-initialize the hardware target. Use open_hw_target to re-register the hardware device.
ERROR: [Xicom 50-38] xicom: Unable to connect to debug core(s) on the target device. Check cable connectivity and that the target board is powered up then use the disconnect_hw_server and connect_hw_server to re-initialize the hardware target. Use open_hw_target to re-register the hardware device.
ERROR: [Xicom 50-38] xicom: Unable to connect to debug core(s) on the target device. Check cable connectivity and that the target board is powered up then use the disconnect_hw_server and connect_hw_server to re-initialize the hardware target. Use open_hw_target to re-register the hardware device.
ERROR: [Xicom 50-38] xicom: Unable to connect to debug core(s) on the target device. Check cable connectivity and that the target board is powered up then use the disconnect_hw_server and connect_hw_server to re-initialize the hardware target. Use open_hw_target to re-register the hardware device.
ERROR: [Xicom 50-38] xicom: Unable to connect to debug core(s) on the target device. Check cable connectivity and that the target board is powered up then use the disconnect_hw_server and connect_hw_server to re-initialize the hardware target. Use open_hw_target to re-register the hardware device.
ERROR: [Xicom 50-38] xicom: Unable to connect to debug core(s) on the target device. Check cable connectivity and that the target board is powered up then use the disconnect_hw_server and connect_hw_server to re-initialize the hardware target. Use open_hw_target to re-register the hardware device.
ERROR: [Xicom 50-38] xicom: Unable to connect to debug core(s) on the target device. Check cable connectivity and that the target board is powered up then use the disconnect_hw_server and connect_hw_server to re-initialize the hardware target. Use open_hw_target to re-register the hardware device.
ERROR: [Xicom 50-38] xicom: Unable to connect to debug core(s) on the target device. Check cable connectivity and that the target board is powered up then use the disconnect_hw_server and connect_hw_server to re-initialize the hardware target. Use open_hw_target to re-register the hardware device.
ERROR: [Xicom 50-38] xicom: Unable to connect to debug core(s) on the target device. Check cable connectivity and that the target board is powered up then use the disconnect_hw_server and connect_hw_server to re-initialize the hardware target. Use open_hw_target to re-register the hardware device.
ERROR: [Xicom 50-38] xicom: Unable to connect to debug core(s) on the target device. Check cable connectivity and that the target board is powered up then use the disconnect_hw_server and connect_hw_server to re-initialize the hardware target. Use open_hw_target to re-register the hardware device.
ERROR: [Xicom 50-38] xicom: Unable to connect to debug core(s) on the target device. Check cable connectivity and that the target board is powered up then use the disconnect_hw_server and connect_hw_server to re-initialize the hardware target. Use open_hw_target to re-register the hardware device.
ERROR: [Xicom 50-38] xicom: Unable to connect to debug core(s) on the target device. Check cable connectivity and that the target board is powered up then use the disconnect_hw_server and connect_hw_server to re-initialize the hardware target. Use open_hw_target to re-register the hardware device.
ERROR: [Xicom 50-38] xicom: Unable to connect to debug core(s) on the target device. Check cable connectivity and that the target board is powered up then use the disconnect_hw_server and connect_hw_server to re-initialize the hardware target. Use open_hw_target to re-register the hardware device.
ERROR: [Xicom 50-38] xicom: Unable to connect to debug core(s) on the target device. Check cable connectivity and that the target board is powered up then use the disconnect_hw_server and connect_hw_server to re-initialize the hardware target. Use open_hw_target to re-register the hardware device.
ERROR: [Xicom 50-38] xicom: Unable to connect to debug core(s) on the target device. Check cable connectivity and that the target board is powered up then use the disconnect_hw_server and connect_hw_server to re-initialize the hardware target. Use open_hw_target to re-register the hardware device.
ERROR: [Xicom 50-38] xicom: Unable to connect to debug core(s) on the target device. Check cable connectivity and that the target board is powered up then use the disconnect_hw_server and connect_hw_server to re-initialize the hardware target. Use open_hw_target to re-register the hardware device.
ERROR: [Xicom 50-38] xicom: Unable to connect to debug core(s) on the target device. Check cable connectivity and that the target board is powered up then use the disconnect_hw_server and connect_hw_server to re-initialize the hardware target. Use open_hw_target to re-register the hardware device.
ERROR: [Xicom 50-38] xicom: Unable to connect to debug core(s) on the target device. Check cable connectivity and that the target board is powered up then use the disconnect_hw_server and connect_hw_server to re-initialize the hardware target. Use open_hw_target to re-register the hardware device.
ERROR: [Xicom 50-38] xicom: Unable to connect to debug core(s) on the target device. Check cable connectivity and that the target board is powered up then use the disconnect_hw_server and connect_hw_server to re-initialize the hardware target. Use open_hw_target to re-register the hardware device.
ERROR: [Xicom 50-38] xicom: Unable to connect to debug core(s) on the target device. Check cable connectivity and that the target board is powered up then use the disconnect_hw_server and connect_hw_server to re-initialize the hardware target. Use open_hw_target to re-register the hardware device.
ERROR: [Xicom 50-38] xicom: Unable to connect to debug core(s) on the target device. Check cable connectivity and that the target board is powered up then use the disconnect_hw_server and connect_hw_server to re-initialize the hardware target. Use open_hw_target to re-register the hardware device.
ERROR: [Xicom 50-38] xicom: Unable to connect to debug core(s) on the target device. Check cable connectivity and that the target board is powered up then use the disconnect_hw_server and connect_hw_server to re-initialize the hardware target. Use open_hw_target to re-register the hardware device.
ERROR: [Xicom 50-38] xicom: Unable to connect to debug core(s) on the target device. Check cable connectivity and that the target board is powered up then use the disconnect_hw_server and connect_hw_server to re-initialize the hardware target. Use open_hw_target to re-register the hardware device.
ERROR: [Xicom 50-38] xicom: Unable to connect to debug core(s) on the target device. Check cable connectivity and that the target board is powered up then use the disconnect_hw_server and connect_hw_server to re-initialize the hardware target. Use open_hw_target to re-register the hardware device.
ERROR: [Xicom 50-38] xicom: Unable to connect to debug core(s) on the target device. Check cable connectivity and that the target board is powered up then use the disconnect_hw_server and connect_hw_server to re-initialize the hardware target. Use open_hw_target to re-register the hardware device.
ERROR: [Xicom 50-38] xicom: Unable to connect to debug core(s) on the target device. Check cable connectivity and that the target board is powered up then use the disconnect_hw_server and connect_hw_server to re-initialize the hardware target. Use open_hw_target to re-register the hardware device.
ERROR: [Xicom 50-38] xicom: Unable to connect to debug core(s) on the target device. Check cable connectivity and that the target board is powered up then use the disconnect_hw_server and connect_hw_server to re-initialize the hardware target. Use open_hw_target to re-register the hardware device.
ERROR: [Xicom 50-38] xicom: Unable to connect to debug core(s) on the target device. Check cable connectivity and that the target board is powered up then use the disconnect_hw_server and connect_hw_server to re-initialize the hardware target. Use open_hw_target to re-register the hardware device.
ERROR: [Xicom 50-38] xicom: Unable to connect to debug core(s) on the target device. Check cable connectivity and that the target board is powered up then use the disconnect_hw_server and connect_hw_server to re-initialize the hardware target. Use open_hw_target to re-register the hardware device.
ERROR: [Xicom 50-38] xicom: Unable to connect to debug core(s) on the target device. Check cable connectivity and that the target board is powered up then use the disconnect_hw_server and connect_hw_server to re-initialize the hardware target. Use open_hw_target to re-register the hardware device.
ERROR: [Xicom 50-38] xicom: Unable to connect to debug core(s) on the target device. Check cable connectivity and that the target board is powered up then use the disconnect_hw_server and connect_hw_server to re-initialize the hardware target. Use open_hw_target to re-register the hardware device.
ERROR: [Xicom 50-38] xicom: Unable to connect to debug core(s) on the target device. Check cable connectivity and that the target board is powered up then use the disconnect_hw_server and connect_hw_server to re-initialize the hardware target. Use open_hw_target to re-register the hardware device.
ERROR: [Xicom 50-38] xicom: Unable to connect to debug core(s) on the target device. Check cable connectivity and that the target board is powered up then use the disconnect_hw_server and connect_hw_server to re-initialize the hardware target. Use open_hw_target to re-register the hardware device.
ERROR: [Xicom 50-38] xicom: Unable to connect to debug core(s) on the target device. Check cable connectivity and that the target board is powered up then use the disconnect_hw_server and connect_hw_server to re-initialize the hardware target. Use open_hw_target to re-register the hardware device.
ERROR: [Xicom 50-38] xicom: Unable to connect to debug core(s) on the target device. Check cable connectivity and that the target board is powered up then use the disconnect_hw_server and connect_hw_server to re-initialize the hardware target. Use open_hw_target to re-register the hardware device.
ERROR: [Xicom 50-38] xicom: Unable to connect to debug core(s) on the target device. Check cable connectivity and that the target board is powered up then use the disconnect_hw_server and connect_hw_server to re-initialize the hardware target. Use open_hw_target to re-register the hardware device.
ERROR: [Xicom 50-38] xicom: Unable to connect to debug core(s) on the target device. Check cable connectivity and that the target board is powered up then use the disconnect_hw_server and connect_hw_server to re-initialize the hardware target. Use open_hw_target to re-register the hardware device.
ERROR: [Xicom 50-38] xicom: Unable to connect to debug core(s) on the target device. Check cable connectivity and that the target board is powered up then use the disconnect_hw_server and connect_hw_server to re-initialize the hardware target. Use open_hw_target to re-register the hardware device.
ERROR: [Xicom 50-38] xicom: Unable to connect to debug core(s) on the target device. Check cable connectivity and that the target board is powered up then use the disconnect_hw_server and connect_hw_server to re-initialize the hardware target. Use open_hw_target to re-register the hardware device.
ERROR: [Xicom 50-38] xicom: Unable to connect to debug core(s) on the target device. Check cable connectivity and that the target board is powered up then use the disconnect_hw_server and connect_hw_server to re-initialize the hardware target. Use open_hw_target to re-register the hardware device.
ERROR: [Xicom 50-38] xicom: Unable to connect to debug core(s) on the target device. Check cable connectivity and that the target board is powered up then use the disconnect_hw_server and connect_hw_server to re-initialize the hardware target. Use open_hw_target to re-register the hardware device.
ERROR: [Xicom 50-38] xicom: Unable to connect to debug core(s) on the target device. Check cable connectivity and that the target board is powered up then use the disconnect_hw_server and connect_hw_server to re-initialize the hardware target. Use open_hw_target to re-register the hardware device.
ERROR: [Xicom 50-38] xicom: Unable to connect to debug core(s) on the target device. Check cable connectivity and that the target board is powered up then use the disconnect_hw_server and connect_hw_server to re-initialize the hardware target. Use open_hw_target to re-register the hardware device.
ERROR: [Xicom 50-38] xicom: Unable to connect to debug core(s) on the target device. Check cable connectivity and that the target board is powered up then use the disconnect_hw_server and connect_hw_server to re-initialize the hardware target. Use open_hw_target to re-register the hardware device.
ERROR: [Xicom 50-38] xicom: Unable to connect to debug core(s) on the target device. Check cable connectivity and that the target board is powered up then use the disconnect_hw_server and connect_hw_server to re-initialize the hardware target. Use open_hw_target to re-register the hardware device.
ERROR: [Xicom 50-38] xicom: Unable to connect to debug core(s) on the target device. Check cable connectivity and that the target board is powered up then use the disconnect_hw_server and connect_hw_server to re-initialize the hardware target. Use open_hw_target to re-register the hardware device.
ERROR: [Xicom 50-38] xicom: Unable to connect to debug core(s) on the target device. Check cable connectivity and that the target board is powered up then use the disconnect_hw_server and connect_hw_server to re-initialize the hardware target. Use open_hw_target to re-register the hardware device.
delete_bd_objs [get_bd_nets In4_0_1]
delete_bd_objs [get_bd_nets axi_timer_2_interrupt]
set_property location {-27 558} [get_bd_ports LuzIRQ]
connect_bd_net [get_bd_ports LuzIRQ] [get_bd_pins xlconcat_0/In3]
connect_bd_net [get_bd_pins axi_timer_2/interrupt] [get_bd_pins xlconcat_0/In4]
validate_bd_design
INFO: [xilinx.com:ip:axi_quad_spi:3.2-1] /axi_quad_spi_0 
                   #######################################################################################
                   INFO: AXI Quad SPI core's AXI Lite Clock and EXT SPI CLK are synchronous to each other.
                   ########################################################################################
INFO: [xilinx.com:ip:axi_quad_spi:3.2-1] /axi_quad_spi_1 
                   #######################################################################################
                   INFO: AXI Quad SPI core's AXI Lite Clock and EXT SPI CLK are synchronous to each other.
                   ########################################################################################
validate_bd_design: Time (s): cpu = 00:00:20 ; elapsed = 00:00:23 . Memory (MB): peak = 4599.523 ; gain = 17.668
save_bd_design
Wrote  : <C:\Users\gusta\Documents\SEP_projects\HW_SW\SEPmonG3\SEPmon\SEPmon.srcs\sources_1\bd\DEMO\DEMO.bd> 
Wrote  : <C:/Users/gusta/Documents/SEP_projects/HW_SW/SEPmonG3/SEPmon/SEPmon.srcs/sources_1/bd/DEMO/ui/bd_58220e03.ui> 
reset_run synth_1_copy_1
WARNING: [Vivado 12-1017] Problems encountered:
1. Failed to delete one or more files in run directory C:/Users/gusta/Documents/SEP_projects/HW_SW/SEPmonG3/SEPmon/SEPmon.runs/synth_1_copy_1

launch_runs impl_2 -to_step write_bitstream -jobs 4
INFO: [BD 41-1662] The design 'DEMO.bd' is already validated. Therefore parameter propagation will not be re-run.
VHDL Output written to : C:/Users/gusta/Documents/SEP_projects/HW_SW/SEPmonG3/SEPmon/SEPmon.srcs/sources_1/bd/DEMO/synth/DEMO.vhd
VHDL Output written to : C:/Users/gusta/Documents/SEP_projects/HW_SW/SEPmonG3/SEPmon/SEPmon.srcs/sources_1/bd/DEMO/sim/DEMO.vhd
VHDL Output written to : C:/Users/gusta/Documents/SEP_projects/HW_SW/SEPmonG3/SEPmon/SEPmon.srcs/sources_1/bd/DEMO/hdl/DEMO_wrapper.vhd
WARNING: [IP_Flow 19-4994] Overwriting existing constraint file 'c:/Users/gusta/Documents/SEP_projects/HW_SW/SEPmonG3/SEPmon/SEPmon.srcs/sources_1/bd/DEMO/ip/DEMO_auto_pc_0/DEMO_auto_pc_0_ooc.xdc'
INFO: [BD 41-1029] Generation completed for the IP Integrator block ps7_0_axi_periph/s00_couplers/auto_pc .
Exporting to file C:/Users/gusta/Documents/SEP_projects/HW_SW/SEPmonG3/SEPmon/SEPmon.srcs/sources_1/bd/DEMO/hw_handoff/DEMO.hwh
Generated Block Design Tcl file C:/Users/gusta/Documents/SEP_projects/HW_SW/SEPmonG3/SEPmon/SEPmon.srcs/sources_1/bd/DEMO/hw_handoff/DEMO_bd.tcl
Generated Hardware Definition File C:/Users/gusta/Documents/SEP_projects/HW_SW/SEPmonG3/SEPmon/SEPmon.srcs/sources_1/bd/DEMO/synth/DEMO.hwdef
INFO: [IP_Flow 19-4993] Using cached IP synthesis design for IP DEMO_auto_pc_0, cache-ID = f0066fce20473567; cache size = 7.148 MB.
[Sun Jul  7 21:32:23 2024] Launched synth_1_copy_1...
Run output will be captured here: C:/Users/gusta/Documents/SEP_projects/HW_SW/SEPmonG3/SEPmon/SEPmon.runs/synth_1_copy_1/runme.log
[Sun Jul  7 21:32:23 2024] Launched impl_2...
Run output will be captured here: C:/Users/gusta/Documents/SEP_projects/HW_SW/SEPmonG3/SEPmon/SEPmon.runs/impl_2/runme.log
set_property pfm_name {} [get_files -all {C:/Users/gusta/Documents/SEP_projects/HW_SW/SEPmonG3/SEPmon/SEPmon.srcs/sources_1/bd/DEMO/DEMO.bd}]
write_hw_platform -fixed -include_bit -force -file C:/Users/gusta/Documents/SEP_projects/HW_SW/SEPmonG3/SEPmon/SEPmonG3V10.xsa
INFO: [Vivado 12-4895] Creating Hardware Platform: C:/Users/gusta/Documents/SEP_projects/HW_SW/SEPmonG3/SEPmon/SEPmonG3V10.xsa ...
WARNING: [Project 1-645] Board images not set in Hardware Platform.
INFO: [Vivado 12-4896] Successfully created Hardware Platform: C:/Users/gusta/Documents/SEP_projects/HW_SW/SEPmonG3/SEPmon/SEPmonG3V10.xsa
write_hw_platform: Time (s): cpu = 00:00:09 ; elapsed = 00:00:10 . Memory (MB): peak = 4602.031 ; gain = 2.422
ERROR: [Xicom 50-38] xicom: Unable to connect to debug core(s) on the target device. Check cable connectivity and that the target board is powered up then use the disconnect_hw_server and connect_hw_server to re-initialize the hardware target. Use open_hw_target to re-register the hardware device.
ERROR: [Xicom 50-38] xicom: Unable to connect to debug core(s) on the target device. Check cable connectivity and that the target board is powered up then use the disconnect_hw_server and connect_hw_server to re-initialize the hardware target. Use open_hw_target to re-register the hardware device.
ERROR: [Xicom 50-38] xicom: Unable to connect to debug core(s) on the target device. Check cable connectivity and that the target board is powered up then use the disconnect_hw_server and connect_hw_server to re-initialize the hardware target. Use open_hw_target to re-register the hardware device.
ERROR: [Xicom 50-38] xicom: Unable to connect to debug core(s) on the target device. Check cable connectivity and that the target board is powered up then use the disconnect_hw_server and connect_hw_server to re-initialize the hardware target. Use open_hw_target to re-register the hardware device.
ERROR: [Xicom 50-38] xicom: Unable to connect to debug core(s) on the target device. Check cable connectivity and that the target board is powered up then use the disconnect_hw_server and connect_hw_server to re-initialize the hardware target. Use open_hw_target to re-register the hardware device.
ERROR: [Xicom 50-38] xicom: Unable to connect to debug core(s) on the target device. Check cable connectivity and that the target board is powered up then use the disconnect_hw_server and connect_hw_server to re-initialize the hardware target. Use open_hw_target to re-register the hardware device.
ERROR: [Xicom 50-38] xicom: Unable to connect to debug core(s) on the target device. Check cable connectivity and that the target board is powered up then use the disconnect_hw_server and connect_hw_server to re-initialize the hardware target. Use open_hw_target to re-register the hardware device.
ERROR: [Xicom 50-38] xicom: Unable to connect to debug core(s) on the target device. Check cable connectivity and that the target board is powered up then use the disconnect_hw_server and connect_hw_server to re-initialize the hardware target. Use open_hw_target to re-register the hardware device.
ERROR: [Xicom 50-38] xicom: Unable to connect to debug core(s) on the target device. Check cable connectivity and that the target board is powered up then use the disconnect_hw_server and connect_hw_server to re-initialize the hardware target. Use open_hw_target to re-register the hardware device.
delete_bd_objs [get_bd_nets axi_timer_1_interrupt]
delete_bd_objs [get_bd_nets Debouncing_Button_VH_0_debounced_button]
delete_bd_objs [get_bd_nets LuzIRQ_1]
delete_bd_objs [get_bd_nets axi_timer_2_interrupt]
connect_bd_net [get_bd_pins Debouncing_Button_VH_0/debounced_button] [get_bd_pins xlconcat_0/In1]
connect_bd_net [get_bd_ports LuzIRQ] [get_bd_pins xlconcat_0/In2]
connect_bd_net [get_bd_pins axi_timer_1/interrupt] [get_bd_pins xlconcat_0/In3]
validate_bd_design
INFO: [Common 17-365] Interrupt caught but 'validate_bd_design' cannot be canceled. Please wait for command to finish.
INFO: [xilinx.com:ip:axi_quad_spi:3.2-1] /axi_quad_spi_0 
                   #######################################################################################
                   INFO: AXI Quad SPI core's AXI Lite Clock and EXT SPI CLK are synchronous to each other.
                   ########################################################################################
INFO: [xilinx.com:ip:axi_quad_spi:3.2-1] /axi_quad_spi_1 
                   #######################################################################################
                   INFO: AXI Quad SPI core's AXI Lite Clock and EXT SPI CLK are synchronous to each other.
                   ########################################################################################
validate_bd_design: Time (s): cpu = 00:00:19 ; elapsed = 00:00:23 . Memory (MB): peak = 4620.531 ; gain = 14.148
INFO: [Common 17-681] Processing pending cancel.
connect_bd_net [get_bd_pins axi_timer_2/interrupt] [get_bd_pins xlconcat_0/In4]
save_bd_design
Wrote  : <C:\Users\gusta\Documents\SEP_projects\HW_SW\SEPmonG3\SEPmon\SEPmon.srcs\sources_1\bd\DEMO\DEMO.bd> 
Wrote  : <C:/Users/gusta/Documents/SEP_projects/HW_SW/SEPmonG3/SEPmon/SEPmon.srcs/sources_1/bd/DEMO/ui/bd_58220e03.ui> 
reset_run synth_1_copy_1
WARNING: [Vivado 12-1017] Problems encountered:
1. Failed to delete one or more files in run directory C:/Users/gusta/Documents/SEP_projects/HW_SW/SEPmonG3/SEPmon/SEPmon.runs/synth_1_copy_1

launch_runs impl_2 -to_step write_bitstream -jobs 4
INFO: [xilinx.com:ip:axi_quad_spi:3.2-1] /axi_quad_spi_0 
                   #######################################################################################
                   INFO: AXI Quad SPI core's AXI Lite Clock and EXT SPI CLK are synchronous to each other.
                   ########################################################################################
INFO: [xilinx.com:ip:axi_quad_spi:3.2-1] /axi_quad_spi_0 
                   #######################################################################################
                   INFO: AXI Quad SPI core's AXI Lite Clock and EXT SPI CLK are synchronous to each other.
                   ########################################################################################
INFO: [xilinx.com:ip:axi_quad_spi:3.2-1] /axi_quad_spi_1 
                   #######################################################################################
                   INFO: AXI Quad SPI core's AXI Lite Clock and EXT SPI CLK are synchronous to each other.
                   ########################################################################################
INFO: [xilinx.com:ip:axi_quad_spi:3.2-1] /axi_quad_spi_1 
                   #######################################################################################
                   INFO: AXI Quad SPI core's AXI Lite Clock and EXT SPI CLK are synchronous to each other.
                   ########################################################################################
Wrote  : <C:\Users\gusta\Documents\SEP_projects\HW_SW\SEPmonG3\SEPmon\SEPmon.srcs\sources_1\bd\DEMO\DEMO.bd> 
VHDL Output written to : C:/Users/gusta/Documents/SEP_projects/HW_SW/SEPmonG3/SEPmon/SEPmon.srcs/sources_1/bd/DEMO/synth/DEMO.vhd
VHDL Output written to : C:/Users/gusta/Documents/SEP_projects/HW_SW/SEPmonG3/SEPmon/SEPmon.srcs/sources_1/bd/DEMO/sim/DEMO.vhd
VHDL Output written to : C:/Users/gusta/Documents/SEP_projects/HW_SW/SEPmonG3/SEPmon/SEPmon.srcs/sources_1/bd/DEMO/hdl/DEMO_wrapper.vhd
WARNING: [IP_Flow 19-4994] Overwriting existing constraint file 'c:/Users/gusta/Documents/SEP_projects/HW_SW/SEPmonG3/SEPmon/SEPmon.srcs/sources_1/bd/DEMO/ip/DEMO_auto_pc_0/DEMO_auto_pc_0_ooc.xdc'
INFO: [BD 41-1029] Generation completed for the IP Integrator block ps7_0_axi_periph/s00_couplers/auto_pc .
Exporting to file C:/Users/gusta/Documents/SEP_projects/HW_SW/SEPmonG3/SEPmon/SEPmon.srcs/sources_1/bd/DEMO/hw_handoff/DEMO.hwh
Generated Block Design Tcl file C:/Users/gusta/Documents/SEP_projects/HW_SW/SEPmonG3/SEPmon/SEPmon.srcs/sources_1/bd/DEMO/hw_handoff/DEMO_bd.tcl
Generated Hardware Definition File C:/Users/gusta/Documents/SEP_projects/HW_SW/SEPmonG3/SEPmon/SEPmon.srcs/sources_1/bd/DEMO/synth/DEMO.hwdef
INFO: [IP_Flow 19-4993] Using cached IP synthesis design for IP DEMO_auto_pc_0, cache-ID = f0066fce20473567; cache size = 7.148 MB.
[Sun Jul  7 21:44:09 2024] Launched synth_1_copy_1...
Run output will be captured here: C:/Users/gusta/Documents/SEP_projects/HW_SW/SEPmonG3/SEPmon/SEPmon.runs/synth_1_copy_1/runme.log
[Sun Jul  7 21:44:09 2024] Launched impl_2...
Run output will be captured here: C:/Users/gusta/Documents/SEP_projects/HW_SW/SEPmonG3/SEPmon/SEPmon.runs/impl_2/runme.log
launch_runs: Time (s): cpu = 00:00:24 ; elapsed = 00:00:30 . Memory (MB): peak = 4620.605 ; gain = 0.074
set_property pfm_name {} [get_files -all {C:/Users/gusta/Documents/SEP_projects/HW_SW/SEPmonG3/SEPmon/SEPmon.srcs/sources_1/bd/DEMO/DEMO.bd}]
write_hw_platform -fixed -include_bit -force -file C:/Users/gusta/Documents/SEP_projects/HW_SW/SEPmonG3/SEPmon/SEPmonG3V11.xsa
INFO: [Vivado 12-4895] Creating Hardware Platform: C:/Users/gusta/Documents/SEP_projects/HW_SW/SEPmonG3/SEPmon/SEPmonG3V11.xsa ...
WARNING: [Project 1-645] Board images not set in Hardware Platform.
INFO: [Vivado 12-4896] Successfully created Hardware Platform: C:/Users/gusta/Documents/SEP_projects/HW_SW/SEPmonG3/SEPmon/SEPmonG3V11.xsa
write_hw_platform: Time (s): cpu = 00:00:09 ; elapsed = 00:00:10 . Memory (MB): peak = 4621.816 ; gain = 1.211
ERROR: [Xicom 50-38] xicom: Unable to connect to debug core(s) on the target device. Check cable connectivity and that the target board is powered up then use the disconnect_hw_server and connect_hw_server to re-initialize the hardware target. Use open_hw_target to re-register the hardware device.
ERROR: [Xicom 50-38] xicom: Unable to connect to debug core(s) on the target device. Check cable connectivity and that the target board is powered up then use the disconnect_hw_server and connect_hw_server to re-initialize the hardware target. Use open_hw_target to re-register the hardware device.
ERROR: [Xicom 50-38] xicom: Unable to connect to debug core(s) on the target device. Check cable connectivity and that the target board is powered up then use the disconnect_hw_server and connect_hw_server to re-initialize the hardware target. Use open_hw_target to re-register the hardware device.
ERROR: [Xicom 50-38] xicom: Unable to connect to debug core(s) on the target device. Check cable connectivity and that the target board is powered up then use the disconnect_hw_server and connect_hw_server to re-initialize the hardware target. Use open_hw_target to re-register the hardware device.
ERROR: [Xicom 50-38] xicom: Unable to connect to debug core(s) on the target device. Check cable connectivity and that the target board is powered up then use the disconnect_hw_server and connect_hw_server to re-initialize the hardware target. Use open_hw_target to re-register the hardware device.
ERROR: [Xicom 50-38] xicom: Unable to connect to debug core(s) on the target device. Check cable connectivity and that the target board is powered up then use the disconnect_hw_server and connect_hw_server to re-initialize the hardware target. Use open_hw_target to re-register the hardware device.
ERROR: [Xicom 50-38] xicom: Unable to connect to debug core(s) on the target device. Check cable connectivity and that the target board is powered up then use the disconnect_hw_server and connect_hw_server to re-initialize the hardware target. Use open_hw_target to re-register the hardware device.
ERROR: [Xicom 50-38] xicom: Unable to connect to debug core(s) on the target device. Check cable connectivity and that the target board is powered up then use the disconnect_hw_server and connect_hw_server to re-initialize the hardware target. Use open_hw_target to re-register the hardware device.
ERROR: [Xicom 50-38] xicom: Unable to connect to debug core(s) on the target device. Check cable connectivity and that the target board is powered up then use the disconnect_hw_server and connect_hw_server to re-initialize the hardware target. Use open_hw_target to re-register the hardware device.
ERROR: [Xicom 50-38] xicom: Unable to connect to debug core(s) on the target device. Check cable connectivity and that the target board is powered up then use the disconnect_hw_server and connect_hw_server to re-initialize the hardware target. Use open_hw_target to re-register the hardware device.
ERROR: [Xicom 50-38] xicom: Unable to connect to debug core(s) on the target device. Check cable connectivity and that the target board is powered up then use the disconnect_hw_server and connect_hw_server to re-initialize the hardware target. Use open_hw_target to re-register the hardware device.
ERROR: [Xicom 50-38] xicom: Unable to connect to debug core(s) on the target device. Check cable connectivity and that the target board is powered up then use the disconnect_hw_server and connect_hw_server to re-initialize the hardware target. Use open_hw_target to re-register the hardware device.
ERROR: [Xicom 50-38] xicom: Unable to connect to debug core(s) on the target device. Check cable connectivity and that the target board is powered up then use the disconnect_hw_server and connect_hw_server to re-initialize the hardware target. Use open_hw_target to re-register the hardware device.
ERROR: [Xicom 50-38] xicom: Unable to connect to debug core(s) on the target device. Check cable connectivity and that the target board is powered up then use the disconnect_hw_server and connect_hw_server to re-initialize the hardware target. Use open_hw_target to re-register the hardware device.
ERROR: [Xicom 50-38] xicom: Unable to connect to debug core(s) on the target device. Check cable connectivity and that the target board is powered up then use the disconnect_hw_server and connect_hw_server to re-initialize the hardware target. Use open_hw_target to re-register the hardware device.
ERROR: [Xicom 50-38] xicom: Unable to connect to debug core(s) on the target device. Check cable connectivity and that the target board is powered up then use the disconnect_hw_server and connect_hw_server to re-initialize the hardware target. Use open_hw_target to re-register the hardware device.
ERROR: [Xicom 50-38] xicom: Unable to connect to debug core(s) on the target device. Check cable connectivity and that the target board is powered up then use the disconnect_hw_server and connect_hw_server to re-initialize the hardware target. Use open_hw_target to re-register the hardware device.
ERROR: [Xicom 50-38] xicom: Unable to connect to debug core(s) on the target device. Check cable connectivity and that the target board is powered up then use the disconnect_hw_server and connect_hw_server to re-initialize the hardware target. Use open_hw_target to re-register the hardware device.
ERROR: [Xicom 50-38] xicom: Unable to connect to debug core(s) on the target device. Check cable connectivity and that the target board is powered up then use the disconnect_hw_server and connect_hw_server to re-initialize the hardware target. Use open_hw_target to re-register the hardware device.
ERROR: [Xicom 50-38] xicom: Unable to connect to debug core(s) on the target device. Check cable connectivity and that the target board is powered up then use the disconnect_hw_server and connect_hw_server to re-initialize the hardware target. Use open_hw_target to re-register the hardware device.
ERROR: [Xicom 50-38] xicom: Unable to connect to debug core(s) on the target device. Check cable connectivity and that the target board is powered up then use the disconnect_hw_server and connect_hw_server to re-initialize the hardware target. Use open_hw_target to re-register the hardware device.
ERROR: [Xicom 50-38] xicom: Unable to connect to debug core(s) on the target device. Check cable connectivity and that the target board is powered up then use the disconnect_hw_server and connect_hw_server to re-initialize the hardware target. Use open_hw_target to re-register the hardware device.
ERROR: [Xicom 50-38] xicom: Unable to connect to debug core(s) on the target device. Check cable connectivity and that the target board is powered up then use the disconnect_hw_server and connect_hw_server to re-initialize the hardware target. Use open_hw_target to re-register the hardware device.
ERROR: [Xicom 50-38] xicom: Unable to connect to debug core(s) on the target device. Check cable connectivity and that the target board is powered up then use the disconnect_hw_server and connect_hw_server to re-initialize the hardware target. Use open_hw_target to re-register the hardware device.
ERROR: [Xicom 50-38] xicom: Unable to connect to debug core(s) on the target device. Check cable connectivity and that the target board is powered up then use the disconnect_hw_server and connect_hw_server to re-initialize the hardware target. Use open_hw_target to re-register the hardware device.
ERROR: [Xicom 50-38] xicom: Unable to connect to debug core(s) on the target device. Check cable connectivity and that the target board is powered up then use the disconnect_hw_server and connect_hw_server to re-initialize the hardware target. Use open_hw_target to re-register the hardware device.
ERROR: [Xicom 50-38] xicom: Unable to connect to debug core(s) on the target device. Check cable connectivity and that the target board is powered up then use the disconnect_hw_server and connect_hw_server to re-initialize the hardware target. Use open_hw_target to re-register the hardware device.
ERROR: [Xicom 50-38] xicom: Unable to connect to debug core(s) on the target device. Check cable connectivity and that the target board is powered up then use the disconnect_hw_server and connect_hw_server to re-initialize the hardware target. Use open_hw_target to re-register the hardware device.
ERROR: [Xicom 50-38] xicom: Unable to connect to debug core(s) on the target device. Check cable connectivity and that the target board is powered up then use the disconnect_hw_server and connect_hw_server to re-initialize the hardware target. Use open_hw_target to re-register the hardware device.
ERROR: [Xicom 50-38] xicom: Unable to connect to debug core(s) on the target device. Check cable connectivity and that the target board is powered up then use the disconnect_hw_server and connect_hw_server to re-initialize the hardware target. Use open_hw_target to re-register the hardware device.
ERROR: [Xicom 50-38] xicom: Unable to connect to debug core(s) on the target device. Check cable connectivity and that the target board is powered up then use the disconnect_hw_server and connect_hw_server to re-initialize the hardware target. Use open_hw_target to re-register the hardware device.
ERROR: [Xicom 50-38] xicom: Unable to connect to debug core(s) on the target device. Check cable connectivity and that the target board is powered up then use the disconnect_hw_server and connect_hw_server to re-initialize the hardware target. Use open_hw_target to re-register the hardware device.
ERROR: [Xicom 50-38] xicom: Unable to connect to debug core(s) on the target device. Check cable connectivity and that the target board is powered up then use the disconnect_hw_server and connect_hw_server to re-initialize the hardware target. Use open_hw_target to re-register the hardware device.
ERROR: [Xicom 50-38] xicom: Unable to connect to debug core(s) on the target device. Check cable connectivity and that the target board is powered up then use the disconnect_hw_server and connect_hw_server to re-initialize the hardware target. Use open_hw_target to re-register the hardware device.
ERROR: [Xicom 50-38] xicom: Unable to connect to debug core(s) on the target device. Check cable connectivity and that the target board is powered up then use the disconnect_hw_server and connect_hw_server to re-initialize the hardware target. Use open_hw_target to re-register the hardware device.
ERROR: [Xicom 50-38] xicom: Unable to connect to debug core(s) on the target device. Check cable connectivity and that the target board is powered up then use the disconnect_hw_server and connect_hw_server to re-initialize the hardware target. Use open_hw_target to re-register the hardware device.
ERROR: [Xicom 50-38] xicom: Unable to connect to debug core(s) on the target device. Check cable connectivity and that the target board is powered up then use the disconnect_hw_server and connect_hw_server to re-initialize the hardware target. Use open_hw_target to re-register the hardware device.
ERROR: [Xicom 50-38] xicom: Unable to connect to debug core(s) on the target device. Check cable connectivity and that the target board is powered up then use the disconnect_hw_server and connect_hw_server to re-initialize the hardware target. Use open_hw_target to re-register the hardware device.
ERROR: [Xicom 50-38] xicom: Unable to connect to debug core(s) on the target device. Check cable connectivity and that the target board is powered up then use the disconnect_hw_server and connect_hw_server to re-initialize the hardware target. Use open_hw_target to re-register the hardware device.
ERROR: [Xicom 50-38] xicom: Unable to connect to debug core(s) on the target device. Check cable connectivity and that the target board is powered up then use the disconnect_hw_server and connect_hw_server to re-initialize the hardware target. Use open_hw_target to re-register the hardware device.
ERROR: [Xicom 50-38] xicom: Unable to connect to debug core(s) on the target device. Check cable connectivity and that the target board is powered up then use the disconnect_hw_server and connect_hw_server to re-initialize the hardware target. Use open_hw_target to re-register the hardware device.
ERROR: [Xicom 50-38] xicom: Unable to connect to debug core(s) on the target device. Check cable connectivity and that the target board is powered up then use the disconnect_hw_server and connect_hw_server to re-initialize the hardware target. Use open_hw_target to re-register the hardware device.
ERROR: [Xicom 50-38] xicom: Unable to connect to debug core(s) on the target device. Check cable connectivity and that the target board is powered up then use the disconnect_hw_server and connect_hw_server to re-initialize the hardware target. Use open_hw_target to re-register the hardware device.
ERROR: [Xicom 50-38] xicom: Unable to connect to debug core(s) on the target device. Check cable connectivity and that the target board is powered up then use the disconnect_hw_server and connect_hw_server to re-initialize the hardware target. Use open_hw_target to re-register the hardware device.
ERROR: [Xicom 50-38] xicom: Unable to connect to debug core(s) on the target device. Check cable connectivity and that the target board is powered up then use the disconnect_hw_server and connect_hw_server to re-initialize the hardware target. Use open_hw_target to re-register the hardware device.
ERROR: [Xicom 50-38] xicom: Unable to connect to debug core(s) on the target device. Check cable connectivity and that the target board is powered up then use the disconnect_hw_server and connect_hw_server to re-initialize the hardware target. Use open_hw_target to re-register the hardware device.
ERROR: [Xicom 50-38] xicom: Unable to connect to debug core(s) on the target device. Check cable connectivity and that the target board is powered up then use the disconnect_hw_server and connect_hw_server to re-initialize the hardware target. Use open_hw_target to re-register the hardware device.
ERROR: [Xicom 50-38] xicom: Unable to connect to debug core(s) on the target device. Check cable connectivity and that the target board is powered up then use the disconnect_hw_server and connect_hw_server to re-initialize the hardware target. Use open_hw_target to re-register the hardware device.
ERROR: [Xicom 50-38] xicom: Unable to connect to debug core(s) on the target device. Check cable connectivity and that the target board is powered up then use the disconnect_hw_server and connect_hw_server to re-initialize the hardware target. Use open_hw_target to re-register the hardware device.
ERROR: [Xicom 50-38] xicom: Unable to connect to debug core(s) on the target device. Check cable connectivity and that the target board is powered up then use the disconnect_hw_server and connect_hw_server to re-initialize the hardware target. Use open_hw_target to re-register the hardware device.
ERROR: [Xicom 50-38] xicom: Unable to connect to debug core(s) on the target device. Check cable connectivity and that the target board is powered up then use the disconnect_hw_server and connect_hw_server to re-initialize the hardware target. Use open_hw_target to re-register the hardware device.
ERROR: [Xicom 50-38] xicom: Unable to connect to debug core(s) on the target device. Check cable connectivity and that the target board is powered up then use the disconnect_hw_server and connect_hw_server to re-initialize the hardware target. Use open_hw_target to re-register the hardware device.
ERROR: [Xicom 50-38] xicom: Unable to connect to debug core(s) on the target device. Check cable connectivity and that the target board is powered up then use the disconnect_hw_server and connect_hw_server to re-initialize the hardware target. Use open_hw_target to re-register the hardware device.
ERROR: [Xicom 50-38] xicom: Unable to connect to debug core(s) on the target device. Check cable connectivity and that the target board is powered up then use the disconnect_hw_server and connect_hw_server to re-initialize the hardware target. Use open_hw_target to re-register the hardware device.
ERROR: [Xicom 50-38] xicom: Unable to connect to debug core(s) on the target device. Check cable connectivity and that the target board is powered up then use the disconnect_hw_server and connect_hw_server to re-initialize the hardware target. Use open_hw_target to re-register the hardware device.
ERROR: [Xicom 50-38] xicom: Unable to connect to debug core(s) on the target device. Check cable connectivity and that the target board is powered up then use the disconnect_hw_server and connect_hw_server to re-initialize the hardware target. Use open_hw_target to re-register the hardware device.
ERROR: [Xicom 50-38] xicom: Unable to connect to debug core(s) on the target device. Check cable connectivity and that the target board is powered up then use the disconnect_hw_server and connect_hw_server to re-initialize the hardware target. Use open_hw_target to re-register the hardware device.
ERROR: [Xicom 50-38] xicom: Unable to connect to debug core(s) on the target device. Check cable connectivity and that the target board is powered up then use the disconnect_hw_server and connect_hw_server to re-initialize the hardware target. Use open_hw_target to re-register the hardware device.
ERROR: [Xicom 50-38] xicom: Unable to connect to debug core(s) on the target device. Check cable connectivity and that the target board is powered up then use the disconnect_hw_server and connect_hw_server to re-initialize the hardware target. Use open_hw_target to re-register the hardware device.
ERROR: [Xicom 50-38] xicom: Unable to connect to debug core(s) on the target device. Check cable connectivity and that the target board is powered up then use the disconnect_hw_server and connect_hw_server to re-initialize the hardware target. Use open_hw_target to re-register the hardware device.
ERROR: [Xicom 50-38] xicom: Unable to connect to debug core(s) on the target device. Check cable connectivity and that the target board is powered up then use the disconnect_hw_server and connect_hw_server to re-initialize the hardware target. Use open_hw_target to re-register the hardware device.
ERROR: [Xicom 50-38] xicom: Unable to connect to debug core(s) on the target device. Check cable connectivity and that the target board is powered up then use the disconnect_hw_server and connect_hw_server to re-initialize the hardware target. Use open_hw_target to re-register the hardware device.
ERROR: [Xicom 50-38] xicom: Unable to connect to debug core(s) on the target device. Check cable connectivity and that the target board is powered up then use the disconnect_hw_server and connect_hw_server to re-initialize the hardware target. Use open_hw_target to re-register the hardware device.
ERROR: [Xicom 50-38] xicom: Unable to connect to debug core(s) on the target device. Check cable connectivity and that the target board is powered up then use the disconnect_hw_server and connect_hw_server to re-initialize the hardware target. Use open_hw_target to re-register the hardware device.
ERROR: [Xicom 50-38] xicom: Unable to connect to debug core(s) on the target device. Check cable connectivity and that the target board is powered up then use the disconnect_hw_server and connect_hw_server to re-initialize the hardware target. Use open_hw_target to re-register the hardware device.
ERROR: [Xicom 50-38] xicom: Unable to connect to debug core(s) on the target device. Check cable connectivity and that the target board is powered up then use the disconnect_hw_server and connect_hw_server to re-initialize the hardware target. Use open_hw_target to re-register the hardware device.
ERROR: [Xicom 50-38] xicom: Unable to connect to debug core(s) on the target device. Check cable connectivity and that the target board is powered up then use the disconnect_hw_server and connect_hw_server to re-initialize the hardware target. Use open_hw_target to re-register the hardware device.
ERROR: [Xicom 50-38] xicom: Unable to connect to debug core(s) on the target device. Check cable connectivity and that the target board is powered up then use the disconnect_hw_server and connect_hw_server to re-initialize the hardware target. Use open_hw_target to re-register the hardware device.
ERROR: [Xicom 50-38] xicom: Unable to connect to debug core(s) on the target device. Check cable connectivity and that the target board is powered up then use the disconnect_hw_server and connect_hw_server to re-initialize the hardware target. Use open_hw_target to re-register the hardware device.
ERROR: [Xicom 50-38] xicom: Unable to connect to debug core(s) on the target device. Check cable connectivity and that the target board is powered up then use the disconnect_hw_server and connect_hw_server to re-initialize the hardware target. Use open_hw_target to re-register the hardware device.
ERROR: [Xicom 50-38] xicom: Unable to connect to debug core(s) on the target device. Check cable connectivity and that the target board is powered up then use the disconnect_hw_server and connect_hw_server to re-initialize the hardware target. Use open_hw_target to re-register the hardware device.
ERROR: [Xicom 50-38] xicom: Unable to connect to debug core(s) on the target device. Check cable connectivity and that the target board is powered up then use the disconnect_hw_server and connect_hw_server to re-initialize the hardware target. Use open_hw_target to re-register the hardware device.
set_property OUTPUT_VALUE 0 [get_hw_probes DEMO_i/vio_0_probe_out0 -of_objects [get_hw_vios -of_objects [get_hw_devices xc7z010_1] -filter {CELL_NAME=~"DEMO_i/vio_0"}]]
commit_hw_vio [get_hw_probes {DEMO_i/vio_0_probe_out0} -of_objects [get_hw_vios -of_objects [get_hw_devices xc7z010_1] -filter {CELL_NAME=~"DEMO_i/vio_0"}]]
set_property OUTPUT_VALUE 1 [get_hw_probes DEMO_i/vio_0_probe_out0 -of_objects [get_hw_vios -of_objects [get_hw_devices xc7z010_1] -filter {CELL_NAME=~"DEMO_i/vio_0"}]]
commit_hw_vio [get_hw_probes {DEMO_i/vio_0_probe_out0} -of_objects [get_hw_vios -of_objects [get_hw_devices xc7z010_1] -filter {CELL_NAME=~"DEMO_i/vio_0"}]]
ERROR: [Xicom 50-38] xicom: Unable to connect to debug core(s) on the target device. Check cable connectivity and that the target board is powered up then use the disconnect_hw_server and connect_hw_server to re-initialize the hardware target. Use open_hw_target to re-register the hardware device.
ERROR: [Xicom 50-38] xicom: Unable to connect to debug core(s) on the target device. Check cable connectivity and that the target board is powered up then use the disconnect_hw_server and connect_hw_server to re-initialize the hardware target. Use open_hw_target to re-register the hardware device.
ERROR: [Xicom 50-38] xicom: Unable to connect to debug core(s) on the target device. Check cable connectivity and that the target board is powered up then use the disconnect_hw_server and connect_hw_server to re-initialize the hardware target. Use open_hw_target to re-register the hardware device.
ERROR: [Xicom 50-38] xicom: Unable to connect to debug core(s) on the target device. Check cable connectivity and that the target board is powered up then use the disconnect_hw_server and connect_hw_server to re-initialize the hardware target. Use open_hw_target to re-register the hardware device.
ERROR: [Xicom 50-38] xicom: Unable to connect to debug core(s) on the target device. Check cable connectivity and that the target board is powered up then use the disconnect_hw_server and connect_hw_server to re-initialize the hardware target. Use open_hw_target to re-register the hardware device.
ERROR: [Xicom 50-38] xicom: Unable to connect to debug core(s) on the target device. Check cable connectivity and that the target board is powered up then use the disconnect_hw_server and connect_hw_server to re-initialize the hardware target. Use open_hw_target to re-register the hardware device.
ERROR: [Xicom 50-38] xicom: Unable to connect to debug core(s) on the target device. Check cable connectivity and that the target board is powered up then use the disconnect_hw_server and connect_hw_server to re-initialize the hardware target. Use open_hw_target to re-register the hardware device.
ERROR: [Xicom 50-38] xicom: Unable to connect to debug core(s) on the target device. Check cable connectivity and that the target board is powered up then use the disconnect_hw_server and connect_hw_server to re-initialize the hardware target. Use open_hw_target to re-register the hardware device.
ERROR: [Xicom 50-38] xicom: Unable to connect to debug core(s) on the target device. Check cable connectivity and that the target board is powered up then use the disconnect_hw_server and connect_hw_server to re-initialize the hardware target. Use open_hw_target to re-register the hardware device.
ERROR: [Xicom 50-38] xicom: Unable to connect to debug core(s) on the target device. Check cable connectivity and that the target board is powered up then use the disconnect_hw_server and connect_hw_server to re-initialize the hardware target. Use open_hw_target to re-register the hardware device.
ERROR: [Xicom 50-38] xicom: Unable to connect to debug core(s) on the target device. Check cable connectivity and that the target board is powered up then use the disconnect_hw_server and connect_hw_server to re-initialize the hardware target. Use open_hw_target to re-register the hardware device.
ERROR: [Xicom 50-38] xicom: Unable to connect to debug core(s) on the target device. Check cable connectivity and that the target board is powered up then use the disconnect_hw_server and connect_hw_server to re-initialize the hardware target. Use open_hw_target to re-register the hardware device.
ERROR: [Xicom 50-38] xicom: Unable to connect to debug core(s) on the target device. Check cable connectivity and that the target board is powered up then use the disconnect_hw_server and connect_hw_server to re-initialize the hardware target. Use open_hw_target to re-register the hardware device.
ERROR: [Xicom 50-38] xicom: Unable to connect to debug core(s) on the target device. Check cable connectivity and that the target board is powered up then use the disconnect_hw_server and connect_hw_server to re-initialize the hardware target. Use open_hw_target to re-register the hardware device.
ERROR: [Xicom 50-38] xicom: Unable to connect to debug core(s) on the target device. Check cable connectivity and that the target board is powered up then use the disconnect_hw_server and connect_hw_server to re-initialize the hardware target. Use open_hw_target to re-register the hardware device.
ERROR: [Xicom 50-38] xicom: Unable to connect to debug core(s) on the target device. Check cable connectivity and that the target board is powered up then use the disconnect_hw_server and connect_hw_server to re-initialize the hardware target. Use open_hw_target to re-register the hardware device.
ERROR: [Xicom 50-38] xicom: Unable to connect to debug core(s) on the target device. Check cable connectivity and that the target board is powered up then use the disconnect_hw_server and connect_hw_server to re-initialize the hardware target. Use open_hw_target to re-register the hardware device.
ERROR: [Xicom 50-38] xicom: Unable to connect to debug core(s) on the target device. Check cable connectivity and that the target board is powered up then use the disconnect_hw_server and connect_hw_server to re-initialize the hardware target. Use open_hw_target to re-register the hardware device.
ERROR: [Xicom 50-38] xicom: Unable to connect to debug core(s) on the target device. Check cable connectivity and that the target board is powered up then use the disconnect_hw_server and connect_hw_server to re-initialize the hardware target. Use open_hw_target to re-register the hardware device.
ERROR: [Xicom 50-38] xicom: Unable to connect to debug core(s) on the target device. Check cable connectivity and that the target board is powered up then use the disconnect_hw_server and connect_hw_server to re-initialize the hardware target. Use open_hw_target to re-register the hardware device.
ERROR: [Xicom 50-38] xicom: Unable to connect to debug core(s) on the target device. Check cable connectivity and that the target board is powered up then use the disconnect_hw_server and connect_hw_server to re-initialize the hardware target. Use open_hw_target to re-register the hardware device.
ERROR: [Xicom 50-38] xicom: Unable to connect to debug core(s) on the target device. Check cable connectivity and that the target board is powered up then use the disconnect_hw_server and connect_hw_server to re-initialize the hardware target. Use open_hw_target to re-register the hardware device.
ERROR: [Xicom 50-38] xicom: Unable to connect to debug core(s) on the target device. Check cable connectivity and that the target board is powered up then use the disconnect_hw_server and connect_hw_server to re-initialize the hardware target. Use open_hw_target to re-register the hardware device.
ERROR: [Xicom 50-38] xicom: Unable to connect to debug core(s) on the target device. Check cable connectivity and that the target board is powered up then use the disconnect_hw_server and connect_hw_server to re-initialize the hardware target. Use open_hw_target to re-register the hardware device.
ERROR: [Xicom 50-38] xicom: Unable to connect to debug core(s) on the target device. Check cable connectivity and that the target board is powered up then use the disconnect_hw_server and connect_hw_server to re-initialize the hardware target. Use open_hw_target to re-register the hardware device.
ERROR: [Xicom 50-38] xicom: Unable to connect to debug core(s) on the target device. Check cable connectivity and that the target board is powered up then use the disconnect_hw_server and connect_hw_server to re-initialize the hardware target. Use open_hw_target to re-register the hardware device.
ERROR: [Xicom 50-38] xicom: Unable to connect to debug core(s) on the target device. Check cable connectivity and that the target board is powered up then use the disconnect_hw_server and connect_hw_server to re-initialize the hardware target. Use open_hw_target to re-register the hardware device.
open_bd_design {C:/Users/gusta/Documents/SEP_projects/HW_SW/SEPmonG3/SEPmon/SEPmon.srcs/sources_1/bd/DEMO/DEMO.bd}
startgroup
create_bd_cell -type ip -vlnv xilinx.com:ip:ila:6.2 ila_1
INFO: [xilinx.com:ip:ila:6.2-6] /ila_1: Xilinx recommends using the System ILA IP in IP Integrator. The System ILA IP is functionally equivalent to an ILA and offers additional benefits in debugging interfaces both within IP Integrator and the Hardware Manager. Consult the Programming and Debug User Guide UG908 for further details.
endgroup
set_property location {2 164 686} [get_bd_cells ila_1]
WARNING: [IP_Flow 19-4067] Ignoring invalid widget type specified checkbox.Providing a default widget
set_property -dict [list CONFIG.C_NUM_OF_PROBES {1} CONFIG.C_ENABLE_ILA_AXI_MON {false} CONFIG.C_MONITOR_TYPE {Native}] [get_bd_cells ila_1]
connect_bd_net [get_bd_ports LuzIRQ] [get_bd_pins ila_1/probe0]
connect_bd_net [get_bd_ports clk] [get_bd_pins ila_1/clk]
save_bd_design
Wrote  : <C:\Users\gusta\Documents\SEP_projects\HW_SW\SEPmonG3\SEPmon\SEPmon.srcs\sources_1\bd\DEMO\DEMO.bd> 
Wrote  : <C:/Users/gusta/Documents/SEP_projects/HW_SW/SEPmonG3/SEPmon/SEPmon.srcs/sources_1/bd/DEMO/ui/bd_58220e03.ui> 
reset_run synth_1_copy_1
WARNING: [Vivado 12-1017] Problems encountered:
1. Failed to delete one or more files in run directory C:/Users/gusta/Documents/SEP_projects/HW_SW/SEPmonG3/SEPmon/SEPmon.runs/synth_1_copy_1

launch_runs impl_2 -to_step write_bitstream -jobs 4
INFO: [xilinx.com:ip:axi_quad_spi:3.2-1] /axi_quad_spi_0 
                   #######################################################################################
                   INFO: AXI Quad SPI core's AXI Lite Clock and EXT SPI CLK are synchronous to each other.
                   ########################################################################################
INFO: [xilinx.com:ip:axi_quad_spi:3.2-1] /axi_quad_spi_0 
                   #######################################################################################
                   INFO: AXI Quad SPI core's AXI Lite Clock and EXT SPI CLK are synchronous to each other.
                   ########################################################################################
INFO: [xilinx.com:ip:axi_quad_spi:3.2-1] /axi_quad_spi_1 
                   #######################################################################################
                   INFO: AXI Quad SPI core's AXI Lite Clock and EXT SPI CLK are synchronous to each other.
                   ########################################################################################
INFO: [xilinx.com:ip:axi_quad_spi:3.2-1] /axi_quad_spi_1 
                   #######################################################################################
                   INFO: AXI Quad SPI core's AXI Lite Clock and EXT SPI CLK are synchronous to each other.
                   ########################################################################################
Wrote  : <C:\Users\gusta\Documents\SEP_projects\HW_SW\SEPmonG3\SEPmon\SEPmon.srcs\sources_1\bd\DEMO\DEMO.bd> 
VHDL Output written to : C:/Users/gusta/Documents/SEP_projects/HW_SW/SEPmonG3/SEPmon/SEPmon.srcs/sources_1/bd/DEMO/synth/DEMO.vhd
VHDL Output written to : C:/Users/gusta/Documents/SEP_projects/HW_SW/SEPmonG3/SEPmon/SEPmon.srcs/sources_1/bd/DEMO/sim/DEMO.vhd
VHDL Output written to : C:/Users/gusta/Documents/SEP_projects/HW_SW/SEPmonG3/SEPmon/SEPmon.srcs/sources_1/bd/DEMO/hdl/DEMO_wrapper.vhd
WARNING: [IP_Flow 19-4994] Overwriting existing constraint file 'c:/Users/gusta/Documents/SEP_projects/HW_SW/SEPmonG3/SEPmon/SEPmon.srcs/sources_1/bd/DEMO/ip/DEMO_ila_1_0/DEMO_ila_1_0_ooc.xdc'
INFO: [BD 41-1029] Generation completed for the IP Integrator block ila_1 .
WARNING: [IP_Flow 19-4994] Overwriting existing constraint file 'c:/Users/gusta/Documents/SEP_projects/HW_SW/SEPmonG3/SEPmon/SEPmon.srcs/sources_1/bd/DEMO/ip/DEMO_auto_pc_0/DEMO_auto_pc_0_ooc.xdc'
INFO: [BD 41-1029] Generation completed for the IP Integrator block ps7_0_axi_periph/s00_couplers/auto_pc .
Exporting to file C:/Users/gusta/Documents/SEP_projects/HW_SW/SEPmonG3/SEPmon/SEPmon.srcs/sources_1/bd/DEMO/hw_handoff/DEMO.hwh
Generated Block Design Tcl file C:/Users/gusta/Documents/SEP_projects/HW_SW/SEPmonG3/SEPmon/SEPmon.srcs/sources_1/bd/DEMO/hw_handoff/DEMO_bd.tcl
Generated Hardware Definition File C:/Users/gusta/Documents/SEP_projects/HW_SW/SEPmonG3/SEPmon/SEPmon.srcs/sources_1/bd/DEMO/synth/DEMO.hwdef
INFO: [IP_Flow 19-4993] Using cached IP synthesis design for IP DEMO_auto_pc_0, cache-ID = f0066fce20473567; cache size = 7.148 MB.
INFO: [IP_Flow 19-4993] Using cached IP synthesis design for IP DEMO_ila_1_0, cache-ID = 1048467fcf6c5f88; cache size = 9.097 MB.
[Sun Jul  7 22:31:45 2024] Launched synth_1_copy_1...
Run output will be captured here: C:/Users/gusta/Documents/SEP_projects/HW_SW/SEPmonG3/SEPmon/SEPmon.runs/synth_1_copy_1/runme.log
[Sun Jul  7 22:31:45 2024] Launched impl_2...
Run output will be captured here: C:/Users/gusta/Documents/SEP_projects/HW_SW/SEPmonG3/SEPmon/SEPmon.runs/impl_2/runme.log
launch_runs: Time (s): cpu = 00:00:29 ; elapsed = 00:00:37 . Memory (MB): peak = 4640.570 ; gain = 0.785
ERROR: [Xicom 50-38] xicom: Unable to connect to debug core(s) on the target device. Check cable connectivity and that the target board is powered up then use the disconnect_hw_server and connect_hw_server to re-initialize the hardware target. Use open_hw_target to re-register the hardware device.
ERROR: [Xicom 50-38] xicom: Unable to connect to debug core(s) on the target device. Check cable connectivity and that the target board is powered up then use the disconnect_hw_server and connect_hw_server to re-initialize the hardware target. Use open_hw_target to re-register the hardware device.
ERROR: [Xicom 50-38] xicom: Unable to connect to debug core(s) on the target device. Check cable connectivity and that the target board is powered up then use the disconnect_hw_server and connect_hw_server to re-initialize the hardware target. Use open_hw_target to re-register the hardware device.
ERROR: [Xicom 50-38] xicom: Unable to connect to debug core(s) on the target device. Check cable connectivity and that the target board is powered up then use the disconnect_hw_server and connect_hw_server to re-initialize the hardware target. Use open_hw_target to re-register the hardware device.
ERROR: [Xicom 50-38] xicom: Unable to connect to debug core(s) on the target device. Check cable connectivity and that the target board is powered up then use the disconnect_hw_server and connect_hw_server to re-initialize the hardware target. Use open_hw_target to re-register the hardware device.
ERROR: [Xicom 50-38] xicom: Unable to connect to debug core(s) on the target device. Check cable connectivity and that the target board is powered up then use the disconnect_hw_server and connect_hw_server to re-initialize the hardware target. Use open_hw_target to re-register the hardware device.
ERROR: [Xicom 50-38] xicom: Unable to connect to debug core(s) on the target device. Check cable connectivity and that the target board is powered up then use the disconnect_hw_server and connect_hw_server to re-initialize the hardware target. Use open_hw_target to re-register the hardware device.
ERROR: [Xicom 50-38] xicom: Unable to connect to debug core(s) on the target device. Check cable connectivity and that the target board is powered up then use the disconnect_hw_server and connect_hw_server to re-initialize the hardware target. Use open_hw_target to re-register the hardware device.
ERROR: [Xicom 50-38] xicom: Unable to connect to debug core(s) on the target device. Check cable connectivity and that the target board is powered up then use the disconnect_hw_server and connect_hw_server to re-initialize the hardware target. Use open_hw_target to re-register the hardware device.
ERROR: [Xicom 50-38] xicom: Unable to connect to debug core(s) on the target device. Check cable connectivity and that the target board is powered up then use the disconnect_hw_server and connect_hw_server to re-initialize the hardware target. Use open_hw_target to re-register the hardware device.
ERROR: [Xicom 50-38] xicom: Unable to connect to debug core(s) on the target device. Check cable connectivity and that the target board is powered up then use the disconnect_hw_server and connect_hw_server to re-initialize the hardware target. Use open_hw_target to re-register the hardware device.
ERROR: [Xicom 50-38] xicom: Unable to connect to debug core(s) on the target device. Check cable connectivity and that the target board is powered up then use the disconnect_hw_server and connect_hw_server to re-initialize the hardware target. Use open_hw_target to re-register the hardware device.
ERROR: [Xicom 50-38] xicom: Unable to connect to debug core(s) on the target device. Check cable connectivity and that the target board is powered up then use the disconnect_hw_server and connect_hw_server to re-initialize the hardware target. Use open_hw_target to re-register the hardware device.
ERROR: [Xicom 50-38] xicom: Unable to connect to debug core(s) on the target device. Check cable connectivity and that the target board is powered up then use the disconnect_hw_server and connect_hw_server to re-initialize the hardware target. Use open_hw_target to re-register the hardware device.
ERROR: [Xicom 50-38] xicom: Unable to connect to debug core(s) on the target device. Check cable connectivity and that the target board is powered up then use the disconnect_hw_server and connect_hw_server to re-initialize the hardware target. Use open_hw_target to re-register the hardware device.
ERROR: [Xicom 50-38] xicom: Unable to connect to debug core(s) on the target device. Check cable connectivity and that the target board is powered up then use the disconnect_hw_server and connect_hw_server to re-initialize the hardware target. Use open_hw_target to re-register the hardware device.
ERROR: [Xicom 50-38] xicom: Unable to connect to debug core(s) on the target device. Check cable connectivity and that the target board is powered up then use the disconnect_hw_server and connect_hw_server to re-initialize the hardware target. Use open_hw_target to re-register the hardware device.
ERROR: [Xicom 50-38] xicom: Unable to connect to debug core(s) on the target device. Check cable connectivity and that the target board is powered up then use the disconnect_hw_server and connect_hw_server to re-initialize the hardware target. Use open_hw_target to re-register the hardware device.
ERROR: [Xicom 50-38] xicom: Unable to connect to debug core(s) on the target device. Check cable connectivity and that the target board is powered up then use the disconnect_hw_server and connect_hw_server to re-initialize the hardware target. Use open_hw_target to re-register the hardware device.
ERROR: [Xicom 50-38] xicom: Unable to connect to debug core(s) on the target device. Check cable connectivity and that the target board is powered up then use the disconnect_hw_server and connect_hw_server to re-initialize the hardware target. Use open_hw_target to re-register the hardware device.
ERROR: [Xicom 50-38] xicom: Unable to connect to debug core(s) on the target device. Check cable connectivity and that the target board is powered up then use the disconnect_hw_server and connect_hw_server to re-initialize the hardware target. Use open_hw_target to re-register the hardware device.
ERROR: [Xicom 50-38] xicom: Unable to connect to debug core(s) on the target device. Check cable connectivity and that the target board is powered up then use the disconnect_hw_server and connect_hw_server to re-initialize the hardware target. Use open_hw_target to re-register the hardware device.
ERROR: [Xicom 50-38] xicom: Unable to connect to debug core(s) on the target device. Check cable connectivity and that the target board is powered up then use the disconnect_hw_server and connect_hw_server to re-initialize the hardware target. Use open_hw_target to re-register the hardware device.
ERROR: [Xicom 50-38] xicom: Unable to connect to debug core(s) on the target device. Check cable connectivity and that the target board is powered up then use the disconnect_hw_server and connect_hw_server to re-initialize the hardware target. Use open_hw_target to re-register the hardware device.
ERROR: [Xicom 50-38] xicom: Unable to connect to debug core(s) on the target device. Check cable connectivity and that the target board is powered up then use the disconnect_hw_server and connect_hw_server to re-initialize the hardware target. Use open_hw_target to re-register the hardware device.
ERROR: [Xicom 50-38] xicom: Unable to connect to debug core(s) on the target device. Check cable connectivity and that the target board is powered up then use the disconnect_hw_server and connect_hw_server to re-initialize the hardware target. Use open_hw_target to re-register the hardware device.
ERROR: [Xicom 50-38] xicom: Unable to connect to debug core(s) on the target device. Check cable connectivity and that the target board is powered up then use the disconnect_hw_server and connect_hw_server to re-initialize the hardware target. Use open_hw_target to re-register the hardware device.
ERROR: [Xicom 50-38] xicom: Unable to connect to debug core(s) on the target device. Check cable connectivity and that the target board is powered up then use the disconnect_hw_server and connect_hw_server to re-initialize the hardware target. Use open_hw_target to re-register the hardware device.
ERROR: [Xicom 50-38] xicom: Unable to connect to debug core(s) on the target device. Check cable connectivity and that the target board is powered up then use the disconnect_hw_server and connect_hw_server to re-initialize the hardware target. Use open_hw_target to re-register the hardware device.
ERROR: [Xicom 50-38] xicom: Unable to connect to debug core(s) on the target device. Check cable connectivity and that the target board is powered up then use the disconnect_hw_server and connect_hw_server to re-initialize the hardware target. Use open_hw_target to re-register the hardware device.
ERROR: [Xicom 50-38] xicom: Unable to connect to debug core(s) on the target device. Check cable connectivity and that the target board is powered up then use the disconnect_hw_server and connect_hw_server to re-initialize the hardware target. Use open_hw_target to re-register the hardware device.
ERROR: [Xicom 50-38] xicom: Unable to connect to debug core(s) on the target device. Check cable connectivity and that the target board is powered up then use the disconnect_hw_server and connect_hw_server to re-initialize the hardware target. Use open_hw_target to re-register the hardware device.
ERROR: [Xicom 50-38] xicom: Unable to connect to debug core(s) on the target device. Check cable connectivity and that the target board is powered up then use the disconnect_hw_server and connect_hw_server to re-initialize the hardware target. Use open_hw_target to re-register the hardware device.
ERROR: [Xicom 50-38] xicom: Unable to connect to debug core(s) on the target device. Check cable connectivity and that the target board is powered up then use the disconnect_hw_server and connect_hw_server to re-initialize the hardware target. Use open_hw_target to re-register the hardware device.
ERROR: [Xicom 50-38] xicom: Unable to connect to debug core(s) on the target device. Check cable connectivity and that the target board is powered up then use the disconnect_hw_server and connect_hw_server to re-initialize the hardware target. Use open_hw_target to re-register the hardware device.
ERROR: [Xicom 50-38] xicom: Unable to connect to debug core(s) on the target device. Check cable connectivity and that the target board is powered up then use the disconnect_hw_server and connect_hw_server to re-initialize the hardware target. Use open_hw_target to re-register the hardware device.
ERROR: [Xicom 50-38] xicom: Unable to connect to debug core(s) on the target device. Check cable connectivity and that the target board is powered up then use the disconnect_hw_server and connect_hw_server to re-initialize the hardware target. Use open_hw_target to re-register the hardware device.
ERROR: [Xicom 50-38] xicom: Unable to connect to debug core(s) on the target device. Check cable connectivity and that the target board is powered up then use the disconnect_hw_server and connect_hw_server to re-initialize the hardware target. Use open_hw_target to re-register the hardware device.
ERROR: [Xicom 50-38] xicom: Unable to connect to debug core(s) on the target device. Check cable connectivity and that the target board is powered up then use the disconnect_hw_server and connect_hw_server to re-initialize the hardware target. Use open_hw_target to re-register the hardware device.
ERROR: [Xicom 50-38] xicom: Unable to connect to debug core(s) on the target device. Check cable connectivity and that the target board is powered up then use the disconnect_hw_server and connect_hw_server to re-initialize the hardware target. Use open_hw_target to re-register the hardware device.
ERROR: [Xicom 50-38] xicom: Unable to connect to debug core(s) on the target device. Check cable connectivity and that the target board is powered up then use the disconnect_hw_server and connect_hw_server to re-initialize the hardware target. Use open_hw_target to re-register the hardware device.
ERROR: [Xicom 50-38] xicom: Unable to connect to debug core(s) on the target device. Check cable connectivity and that the target board is powered up then use the disconnect_hw_server and connect_hw_server to re-initialize the hardware target. Use open_hw_target to re-register the hardware device.
ERROR: [Xicom 50-38] xicom: Unable to connect to debug core(s) on the target device. Check cable connectivity and that the target board is powered up then use the disconnect_hw_server and connect_hw_server to re-initialize the hardware target. Use open_hw_target to re-register the hardware device.
ERROR: [Xicom 50-38] xicom: Unable to connect to debug core(s) on the target device. Check cable connectivity and that the target board is powered up then use the disconnect_hw_server and connect_hw_server to re-initialize the hardware target. Use open_hw_target to re-register the hardware device.
set_property OUTPUT_VALUE 0 [get_hw_probes DEMO_i/vio_0_probe_out0 -of_objects [get_hw_vios -of_objects [get_hw_devices xc7z010_1] -filter {CELL_NAME=~"DEMO_i/vio_0"}]]
commit_hw_vio [get_hw_probes {DEMO_i/vio_0_probe_out0} -of_objects [get_hw_vios -of_objects [get_hw_devices xc7z010_1] -filter {CELL_NAME=~"DEMO_i/vio_0"}]]
set_property OUTPUT_VALUE 1 [get_hw_probes DEMO_i/vio_0_probe_out0 -of_objects [get_hw_vios -of_objects [get_hw_devices xc7z010_1] -filter {CELL_NAME=~"DEMO_i/vio_0"}]]
commit_hw_vio [get_hw_probes {DEMO_i/vio_0_probe_out0} -of_objects [get_hw_vios -of_objects [get_hw_devices xc7z010_1] -filter {CELL_NAME=~"DEMO_i/vio_0"}]]
save_wave_config {C:/Users/gusta/Documents/SEP_projects/HW_SW/SEPmonG3/SEPmon/SEPmon.hw/hw_1/wave/hw_ila_data_1/hw_ila_data_1.wcfg}
close_hw_manager
open_hw_manager
connect_hw_server -allow_non_jtag
INFO: [Labtools 27-2285] Connecting to hw_server url TCP:localhost:3121
INFO: [Labtools 27-3415] Connecting to cs_server url TCP:localhost:3042
INFO: [Labtools 27-3414] Connected to existing cs_server.
open_hw_target
INFO: [Labtoolstcl 44-466] Opening hw_target localhost:3121/xilinx_tcf/Digilent/210351B3FC88A
set_property PROGRAM.FILE {C:/Users/gusta/Documents/SEP_projects/HW_SW/SEPmonG3/SEPmon/SEPmon.runs/impl_2/DEMO_wrapper.bit} [get_hw_devices xc7z010_1]
set_property PROBES.FILE {C:/Users/gusta/Documents/SEP_projects/HW_SW/SEPmonG3/SEPmon/SEPmon.runs/impl_2/DEMO_wrapper.ltx} [get_hw_devices xc7z010_1]
set_property FULL_PROBES.FILE {C:/Users/gusta/Documents/SEP_projects/HW_SW/SEPmonG3/SEPmon/SEPmon.runs/impl_2/DEMO_wrapper.ltx} [get_hw_devices xc7z010_1]
current_hw_device [get_hw_devices xc7z010_1]
refresh_hw_device [lindex [get_hw_devices xc7z010_1] 0]
INFO: [Labtools 27-2302] Device xc7z010 (JTAG device index = 1) is programmed with a design that has 1 ILA core(s).
INFO: [Labtools 27-2302] Device xc7z010 (JTAG device index = 1) is programmed with a design that has 1 VIO core(s).
WARNING: [Labtools 27-3413] Dropping logic core with cellname:'DEMO_i/ila_1' at location 'uuid_22FA1A299F23545F9AB6A5BC7B04790B' from probes file, since it cannot be found on the programmed device.
display_hw_ila_data [ get_hw_ila_data hw_ila_data_1 -of_objects [get_hw_ilas -of_objects [get_hw_devices xc7z010_1] -filter {CELL_NAME=~"DEMO_i/ila_0"}]]
open_bd_design {C:/Users/gusta/Documents/SEP_projects/HW_SW/SEPmonG3/SEPmon/SEPmon.srcs/sources_1/bd/DEMO/DEMO.bd}
set_property pfm_name {} [get_files -all {C:/Users/gusta/Documents/SEP_projects/HW_SW/SEPmonG3/SEPmon/SEPmon.srcs/sources_1/bd/DEMO/DEMO.bd}]
write_hw_platform -fixed -include_bit -force -file C:/Users/gusta/Documents/SEP_projects/HW_SW/SEPmonG3/SEPmon/SEPmonG3V12.xsa
INFO: [Vivado 12-4895] Creating Hardware Platform: C:/Users/gusta/Documents/SEP_projects/HW_SW/SEPmonG3/SEPmon/SEPmonG3V12.xsa ...
WARNING: [Project 1-645] Board images not set in Hardware Platform.
INFO: [Vivado 12-4896] Successfully created Hardware Platform: C:/Users/gusta/Documents/SEP_projects/HW_SW/SEPmonG3/SEPmon/SEPmonG3V12.xsa
write_hw_platform: Time (s): cpu = 00:00:11 ; elapsed = 00:00:12 . Memory (MB): peak = 4832.008 ; gain = 49.070
ERROR: [Xicom 50-38] xicom: Unable to connect to debug core(s) on the target device. Check cable connectivity and that the target board is powered up then use the disconnect_hw_server and connect_hw_server to re-initialize the hardware target. Use open_hw_target to re-register the hardware device.
ERROR: [Xicom 50-38] xicom: Unable to connect to debug core(s) on the target device. Check cable connectivity and that the target board is powered up then use the disconnect_hw_server and connect_hw_server to re-initialize the hardware target. Use open_hw_target to re-register the hardware device.
ERROR: [Xicom 50-38] xicom: Unable to connect to debug core(s) on the target device. Check cable connectivity and that the target board is powered up then use the disconnect_hw_server and connect_hw_server to re-initialize the hardware target. Use open_hw_target to re-register the hardware device.
ERROR: [Xicom 50-38] xicom: Unable to connect to debug core(s) on the target device. Check cable connectivity and that the target board is powered up then use the disconnect_hw_server and connect_hw_server to re-initialize the hardware target. Use open_hw_target to re-register the hardware device.
ERROR: [Xicom 50-38] xicom: Unable to connect to debug core(s) on the target device. Check cable connectivity and that the target board is powered up then use the disconnect_hw_server and connect_hw_server to re-initialize the hardware target. Use open_hw_target to re-register the hardware device.
ERROR: [Xicom 50-38] xicom: Unable to connect to debug core(s) on the target device. Check cable connectivity and that the target board is powered up then use the disconnect_hw_server and connect_hw_server to re-initialize the hardware target. Use open_hw_target to re-register the hardware device.
ERROR: [Xicom 50-38] xicom: Unable to connect to debug core(s) on the target device. Check cable connectivity and that the target board is powered up then use the disconnect_hw_server and connect_hw_server to re-initialize the hardware target. Use open_hw_target to re-register the hardware device.
ERROR: [Xicom 50-38] xicom: Unable to connect to debug core(s) on the target device. Check cable connectivity and that the target board is powered up then use the disconnect_hw_server and connect_hw_server to re-initialize the hardware target. Use open_hw_target to re-register the hardware device.
ERROR: [Xicom 50-38] xicom: Unable to connect to debug core(s) on the target device. Check cable connectivity and that the target board is powered up then use the disconnect_hw_server and connect_hw_server to re-initialize the hardware target. Use open_hw_target to re-register the hardware device.
ERROR: [Xicom 50-38] xicom: Unable to connect to debug core(s) on the target device. Check cable connectivity and that the target board is powered up then use the disconnect_hw_server and connect_hw_server to re-initialize the hardware target. Use open_hw_target to re-register the hardware device.
ERROR: [Xicom 50-38] xicom: Unable to connect to debug core(s) on the target device. Check cable connectivity and that the target board is powered up then use the disconnect_hw_server and connect_hw_server to re-initialize the hardware target. Use open_hw_target to re-register the hardware device.
ERROR: [Xicom 50-38] xicom: Unable to connect to debug core(s) on the target device. Check cable connectivity and that the target board is powered up then use the disconnect_hw_server and connect_hw_server to re-initialize the hardware target. Use open_hw_target to re-register the hardware device.
ERROR: [Xicom 50-38] xicom: Unable to connect to debug core(s) on the target device. Check cable connectivity and that the target board is powered up then use the disconnect_hw_server and connect_hw_server to re-initialize the hardware target. Use open_hw_target to re-register the hardware device.
ERROR: [Xicom 50-38] xicom: Unable to connect to debug core(s) on the target device. Check cable connectivity and that the target board is powered up then use the disconnect_hw_server and connect_hw_server to re-initialize the hardware target. Use open_hw_target to re-register the hardware device.
ERROR: [Xicom 50-38] xicom: Unable to connect to debug core(s) on the target device. Check cable connectivity and that the target board is powered up then use the disconnect_hw_server and connect_hw_server to re-initialize the hardware target. Use open_hw_target to re-register the hardware device.
ERROR: [Xicom 50-38] xicom: Unable to connect to debug core(s) on the target device. Check cable connectivity and that the target board is powered up then use the disconnect_hw_server and connect_hw_server to re-initialize the hardware target. Use open_hw_target to re-register the hardware device.
ERROR: [Xicom 50-38] xicom: Unable to connect to debug core(s) on the target device. Check cable connectivity and that the target board is powered up then use the disconnect_hw_server and connect_hw_server to re-initialize the hardware target. Use open_hw_target to re-register the hardware device.
ERROR: [Xicom 50-38] xicom: Unable to connect to debug core(s) on the target device. Check cable connectivity and that the target board is powered up then use the disconnect_hw_server and connect_hw_server to re-initialize the hardware target. Use open_hw_target to re-register the hardware device.
ERROR: [Xicom 50-38] xicom: Unable to connect to debug core(s) on the target device. Check cable connectivity and that the target board is powered up then use the disconnect_hw_server and connect_hw_server to re-initialize the hardware target. Use open_hw_target to re-register the hardware device.
ERROR: [Xicom 50-38] xicom: Unable to connect to debug core(s) on the target device. Check cable connectivity and that the target board is powered up then use the disconnect_hw_server and connect_hw_server to re-initialize the hardware target. Use open_hw_target to re-register the hardware device.
ERROR: [Xicom 50-38] xicom: Unable to connect to debug core(s) on the target device. Check cable connectivity and that the target board is powered up then use the disconnect_hw_server and connect_hw_server to re-initialize the hardware target. Use open_hw_target to re-register the hardware device.
ERROR: [Xicom 50-38] xicom: Unable to connect to debug core(s) on the target device. Check cable connectivity and that the target board is powered up then use the disconnect_hw_server and connect_hw_server to re-initialize the hardware target. Use open_hw_target to re-register the hardware device.
ERROR: [Xicom 50-38] xicom: Unable to connect to debug core(s) on the target device. Check cable connectivity and that the target board is powered up then use the disconnect_hw_server and connect_hw_server to re-initialize the hardware target. Use open_hw_target to re-register the hardware device.
ERROR: [Xicom 50-38] xicom: Unable to connect to debug core(s) on the target device. Check cable connectivity and that the target board is powered up then use the disconnect_hw_server and connect_hw_server to re-initialize the hardware target. Use open_hw_target to re-register the hardware device.
ERROR: [Xicom 50-38] xicom: Unable to connect to debug core(s) on the target device. Check cable connectivity and that the target board is powered up then use the disconnect_hw_server and connect_hw_server to re-initialize the hardware target. Use open_hw_target to re-register the hardware device.
ERROR: [Xicom 50-38] xicom: Unable to connect to debug core(s) on the target device. Check cable connectivity and that the target board is powered up then use the disconnect_hw_server and connect_hw_server to re-initialize the hardware target. Use open_hw_target to re-register the hardware device.
ERROR: [Xicom 50-38] xicom: Unable to connect to debug core(s) on the target device. Check cable connectivity and that the target board is powered up then use the disconnect_hw_server and connect_hw_server to re-initialize the hardware target. Use open_hw_target to re-register the hardware device.
ERROR: [Xicom 50-38] xicom: Unable to connect to debug core(s) on the target device. Check cable connectivity and that the target board is powered up then use the disconnect_hw_server and connect_hw_server to re-initialize the hardware target. Use open_hw_target to re-register the hardware device.
ERROR: [Xicom 50-38] xicom: Unable to connect to debug core(s) on the target device. Check cable connectivity and that the target board is powered up then use the disconnect_hw_server and connect_hw_server to re-initialize the hardware target. Use open_hw_target to re-register the hardware device.
ERROR: [Xicom 50-38] xicom: Unable to connect to debug core(s) on the target device. Check cable connectivity and that the target board is powered up then use the disconnect_hw_server and connect_hw_server to re-initialize the hardware target. Use open_hw_target to re-register the hardware device.
ERROR: [Xicom 50-38] xicom: Unable to connect to debug core(s) on the target device. Check cable connectivity and that the target board is powered up then use the disconnect_hw_server and connect_hw_server to re-initialize the hardware target. Use open_hw_target to re-register the hardware device.
ERROR: [Xicom 50-38] xicom: Unable to connect to debug core(s) on the target device. Check cable connectivity and that the target board is powered up then use the disconnect_hw_server and connect_hw_server to re-initialize the hardware target. Use open_hw_target to re-register the hardware device.
ERROR: [Xicom 50-38] xicom: Unable to connect to debug core(s) on the target device. Check cable connectivity and that the target board is powered up then use the disconnect_hw_server and connect_hw_server to re-initialize the hardware target. Use open_hw_target to re-register the hardware device.
ERROR: [Xicom 50-38] xicom: Unable to connect to debug core(s) on the target device. Check cable connectivity and that the target board is powered up then use the disconnect_hw_server and connect_hw_server to re-initialize the hardware target. Use open_hw_target to re-register the hardware device.
ERROR: [Xicom 50-38] xicom: Unable to connect to debug core(s) on the target device. Check cable connectivity and that the target board is powered up then use the disconnect_hw_server and connect_hw_server to re-initialize the hardware target. Use open_hw_target to re-register the hardware device.
ERROR: [Xicom 50-38] xicom: Unable to connect to debug core(s) on the target device. Check cable connectivity and that the target board is powered up then use the disconnect_hw_server and connect_hw_server to re-initialize the hardware target. Use open_hw_target to re-register the hardware device.
ERROR: [Xicom 50-38] xicom: Unable to connect to debug core(s) on the target device. Check cable connectivity and that the target board is powered up then use the disconnect_hw_server and connect_hw_server to re-initialize the hardware target. Use open_hw_target to re-register the hardware device.
ERROR: [Xicom 50-38] xicom: Unable to connect to debug core(s) on the target device. Check cable connectivity and that the target board is powered up then use the disconnect_hw_server and connect_hw_server to re-initialize the hardware target. Use open_hw_target to re-register the hardware device.
ERROR: [Xicom 50-38] xicom: Unable to connect to debug core(s) on the target device. Check cable connectivity and that the target board is powered up then use the disconnect_hw_server and connect_hw_server to re-initialize the hardware target. Use open_hw_target to re-register the hardware device.
ERROR: [Xicom 50-38] xicom: Unable to connect to debug core(s) on the target device. Check cable connectivity and that the target board is powered up then use the disconnect_hw_server and connect_hw_server to re-initialize the hardware target. Use open_hw_target to re-register the hardware device.
ERROR: [Xicom 50-38] xicom: Unable to connect to debug core(s) on the target device. Check cable connectivity and that the target board is powered up then use the disconnect_hw_server and connect_hw_server to re-initialize the hardware target. Use open_hw_target to re-register the hardware device.
ERROR: [Xicom 50-38] xicom: Unable to connect to debug core(s) on the target device. Check cable connectivity and that the target board is powered up then use the disconnect_hw_server and connect_hw_server to re-initialize the hardware target. Use open_hw_target to re-register the hardware device.
ERROR: [Xicom 50-38] xicom: Unable to connect to debug core(s) on the target device. Check cable connectivity and that the target board is powered up then use the disconnect_hw_server and connect_hw_server to re-initialize the hardware target. Use open_hw_target to re-register the hardware device.
ERROR: [Xicom 50-38] xicom: Unable to connect to debug core(s) on the target device. Check cable connectivity and that the target board is powered up then use the disconnect_hw_server and connect_hw_server to re-initialize the hardware target. Use open_hw_target to re-register the hardware device.
ERROR: [Xicom 50-38] xicom: Unable to connect to debug core(s) on the target device. Check cable connectivity and that the target board is powered up then use the disconnect_hw_server and connect_hw_server to re-initialize the hardware target. Use open_hw_target to re-register the hardware device.
ERROR: [Xicom 50-38] xicom: Unable to connect to debug core(s) on the target device. Check cable connectivity and that the target board is powered up then use the disconnect_hw_server and connect_hw_server to re-initialize the hardware target. Use open_hw_target to re-register the hardware device.
ERROR: [Xicom 50-38] xicom: Unable to connect to debug core(s) on the target device. Check cable connectivity and that the target board is powered up then use the disconnect_hw_server and connect_hw_server to re-initialize the hardware target. Use open_hw_target to re-register the hardware device.
ERROR: [Xicom 50-38] xicom: Unable to connect to debug core(s) on the target device. Check cable connectivity and that the target board is powered up then use the disconnect_hw_server and connect_hw_server to re-initialize the hardware target. Use open_hw_target to re-register the hardware device.
ERROR: [Xicom 50-38] xicom: Unable to connect to debug core(s) on the target device. Check cable connectivity and that the target board is powered up then use the disconnect_hw_server and connect_hw_server to re-initialize the hardware target. Use open_hw_target to re-register the hardware device.
ERROR: [Xicom 50-38] xicom: Unable to connect to debug core(s) on the target device. Check cable connectivity and that the target board is powered up then use the disconnect_hw_server and connect_hw_server to re-initialize the hardware target. Use open_hw_target to re-register the hardware device.
ERROR: [Xicom 50-38] xicom: Unable to connect to debug core(s) on the target device. Check cable connectivity and that the target board is powered up then use the disconnect_hw_server and connect_hw_server to re-initialize the hardware target. Use open_hw_target to re-register the hardware device.
ERROR: [Xicom 50-38] xicom: Unable to connect to debug core(s) on the target device. Check cable connectivity and that the target board is powered up then use the disconnect_hw_server and connect_hw_server to re-initialize the hardware target. Use open_hw_target to re-register the hardware device.
ERROR: [Xicom 50-38] xicom: Unable to connect to debug core(s) on the target device. Check cable connectivity and that the target board is powered up then use the disconnect_hw_server and connect_hw_server to re-initialize the hardware target. Use open_hw_target to re-register the hardware device.
ERROR: [Xicom 50-38] xicom: Unable to connect to debug core(s) on the target device. Check cable connectivity and that the target board is powered up then use the disconnect_hw_server and connect_hw_server to re-initialize the hardware target. Use open_hw_target to re-register the hardware device.
ERROR: [Xicom 50-38] xicom: Unable to connect to debug core(s) on the target device. Check cable connectivity and that the target board is powered up then use the disconnect_hw_server and connect_hw_server to re-initialize the hardware target. Use open_hw_target to re-register the hardware device.
ERROR: [Xicom 50-38] xicom: Unable to connect to debug core(s) on the target device. Check cable connectivity and that the target board is powered up then use the disconnect_hw_server and connect_hw_server to re-initialize the hardware target. Use open_hw_target to re-register the hardware device.
ERROR: [Xicom 50-38] xicom: Unable to connect to debug core(s) on the target device. Check cable connectivity and that the target board is powered up then use the disconnect_hw_server and connect_hw_server to re-initialize the hardware target. Use open_hw_target to re-register the hardware device.
ERROR: [Xicom 50-38] xicom: Unable to connect to debug core(s) on the target device. Check cable connectivity and that the target board is powered up then use the disconnect_hw_server and connect_hw_server to re-initialize the hardware target. Use open_hw_target to re-register the hardware device.
ERROR: [Xicom 50-38] xicom: Unable to connect to debug core(s) on the target device. Check cable connectivity and that the target board is powered up then use the disconnect_hw_server and connect_hw_server to re-initialize the hardware target. Use open_hw_target to re-register the hardware device.
save_wave_config {C:/Users/gusta/Documents/SEP_projects/HW_SW/SEPmonG3/SEPmon/SEPmon.hw/hw_1/wave/hw_ila_data_1/hw_ila_data_1.wcfg}
close_hw_manager
open_hw_manager
connect_hw_server -allow_non_jtag
INFO: [Labtools 27-2285] Connecting to hw_server url TCP:localhost:3121
INFO: [Labtools 27-3415] Connecting to cs_server url TCP:localhost:3042
INFO: [Labtools 27-3414] Connected to existing cs_server.
open_hw_target
INFO: [Labtoolstcl 44-466] Opening hw_target localhost:3121/xilinx_tcf/Digilent/210351B3FC88A
set_property PROGRAM.FILE {C:/Users/gusta/Documents/SEP_projects/HW_SW/SEPmonG3/SEPmon/SEPmon.runs/impl_2/DEMO_wrapper.bit} [get_hw_devices xc7z010_1]
set_property PROBES.FILE {C:/Users/gusta/Documents/SEP_projects/HW_SW/SEPmonG3/SEPmon/SEPmon.runs/impl_2/DEMO_wrapper.ltx} [get_hw_devices xc7z010_1]
set_property FULL_PROBES.FILE {C:/Users/gusta/Documents/SEP_projects/HW_SW/SEPmonG3/SEPmon/SEPmon.runs/impl_2/DEMO_wrapper.ltx} [get_hw_devices xc7z010_1]
current_hw_device [get_hw_devices xc7z010_1]
refresh_hw_device [lindex [get_hw_devices xc7z010_1] 0]
INFO: [Labtools 27-2302] Device xc7z010 (JTAG device index = 1) is programmed with a design that has 2 ILA core(s).
INFO: [Labtools 27-2302] Device xc7z010 (JTAG device index = 1) is programmed with a design that has 1 VIO core(s).
WARNING: [Labtools 27-1952] VIO hw_probe OUTPUT_VALUE properties for hw_vio(s) [hw_vio_1] differ from output values in the VIO core(s).
Resolution: 
To synchronize the hw_probes properties and the VIO core outputs choose one of the following alternatives:
  1) Execute the command 'Commit Output Values to VIO Core', to write down the hw_probe values to the core.
  2) Execute the command 'Refresh Input and Output Values from VIO Core', to update the hw_probe properties with the core values.
  3) First restore initial values in the core with the command 'Reset VIO Core Outputs', and then execute the command 'Refresh Input and Output Values from VIO Core'.
display_hw_ila_data [ get_hw_ila_data hw_ila_data_1 -of_objects [get_hw_ilas -of_objects [get_hw_devices xc7z010_1] -filter {CELL_NAME=~"DEMO_i/ila_0"}]]
display_hw_ila_data [ get_hw_ila_data hw_ila_data_2 -of_objects [get_hw_ilas -of_objects [get_hw_devices xc7z010_1] -filter {CELL_NAME=~"DEMO_i/ila_1"}]]
set_property OUTPUT_VALUE 0 [get_hw_probes DEMO_i/vio_0_probe_out0 -of_objects [get_hw_vios -of_objects [get_hw_devices xc7z010_1] -filter {CELL_NAME=~"DEMO_i/vio_0"}]]
commit_hw_vio [get_hw_probes {DEMO_i/vio_0_probe_out0} -of_objects [get_hw_vios -of_objects [get_hw_devices xc7z010_1] -filter {CELL_NAME=~"DEMO_i/vio_0"}]]
set_property OUTPUT_VALUE 1 [get_hw_probes DEMO_i/vio_0_probe_out0 -of_objects [get_hw_vios -of_objects [get_hw_devices xc7z010_1] -filter {CELL_NAME=~"DEMO_i/vio_0"}]]
commit_hw_vio [get_hw_probes {DEMO_i/vio_0_probe_out0} -of_objects [get_hw_vios -of_objects [get_hw_devices xc7z010_1] -filter {CELL_NAME=~"DEMO_i/vio_0"}]]
save_wave_config {C:/Users/gusta/Documents/SEP_projects/HW_SW/SEPmonG3/SEPmon/SEPmon.hw/hw_1/wave/hw_ila_data_1/hw_ila_data_1.wcfg}
run_hw_ila [get_hw_ilas -of_objects [get_hw_devices xc7z010_1] -filter {CELL_NAME=~"DEMO_i/ila_1"}]
INFO: [Labtools 27-1964] The ILA core 'hw_ila_2' trigger was armed at 2024-Jul-07 22:43:26
wait_on_hw_ila [get_hw_ilas -of_objects [get_hw_devices xc7z010_1] -filter {CELL_NAME=~"DEMO_i/ila_1"}]
display_hw_ila_data [upload_hw_ila_data [get_hw_ilas -of_objects [get_hw_devices xc7z010_1] -filter {CELL_NAME=~"DEMO_i/ila_1"}]]
INFO: [Labtools 27-1966] The ILA core 'hw_ila_2' triggered at 2024-Jul-07 22:43:26
INFO: [Labtools 27-3304] ILA Waveform data saved to file C:/Users/gusta/Documents/SEP_projects/HW_SW/SEPmonG3/SEPmon/SEPmon.hw/backup/hw_ila_data_2.ila. Use Tcl command 'read_hw_ila_data' or Vivado File->Import->Import ILA Data menu item to import the previously saved data.
run_hw_ila [get_hw_ilas -of_objects [get_hw_devices xc7z010_1] -filter {CELL_NAME=~"DEMO_i/ila_1"}]
INFO: [Labtools 27-1964] The ILA core 'hw_ila_2' trigger was armed at 2024-Jul-07 22:43:29
wait_on_hw_ila [get_hw_ilas -of_objects [get_hw_devices xc7z010_1] -filter {CELL_NAME=~"DEMO_i/ila_1"}]
display_hw_ila_data [upload_hw_ila_data [get_hw_ilas -of_objects [get_hw_devices xc7z010_1] -filter {CELL_NAME=~"DEMO_i/ila_1"}]]
INFO: [Labtools 27-1966] The ILA core 'hw_ila_2' triggered at 2024-Jul-07 22:43:29
INFO: [Labtools 27-3304] ILA Waveform data saved to file C:/Users/gusta/Documents/SEP_projects/HW_SW/SEPmonG3/SEPmon/SEPmon.hw/backup/hw_ila_data_2.ila. Use Tcl command 'read_hw_ila_data' or Vivado File->Import->Import ILA Data menu item to import the previously saved data.
run_hw_ila [get_hw_ilas -of_objects [get_hw_devices xc7z010_1] -filter {CELL_NAME=~"DEMO_i/ila_1"}]
INFO: [Labtools 27-1964] The ILA core 'hw_ila_2' trigger was armed at 2024-Jul-07 22:43:33
wait_on_hw_ila [get_hw_ilas -of_objects [get_hw_devices xc7z010_1] -filter {CELL_NAME=~"DEMO_i/ila_1"}]
display_hw_ila_data [upload_hw_ila_data [get_hw_ilas -of_objects [get_hw_devices xc7z010_1] -filter {CELL_NAME=~"DEMO_i/ila_1"}]]
INFO: [Labtools 27-1966] The ILA core 'hw_ila_2' triggered at 2024-Jul-07 22:43:33
INFO: [Labtools 27-3304] ILA Waveform data saved to file C:/Users/gusta/Documents/SEP_projects/HW_SW/SEPmonG3/SEPmon/SEPmon.hw/backup/hw_ila_data_2.ila. Use Tcl command 'read_hw_ila_data' or Vivado File->Import->Import ILA Data menu item to import the previously saved data.
run_hw_ila [get_hw_ilas -of_objects [get_hw_devices xc7z010_1] -filter {CELL_NAME=~"DEMO_i/ila_1"}]
INFO: [Labtools 27-1964] The ILA core 'hw_ila_2' trigger was armed at 2024-Jul-07 22:43:34
wait_on_hw_ila [get_hw_ilas -of_objects [get_hw_devices xc7z010_1] -filter {CELL_NAME=~"DEMO_i/ila_1"}]
display_hw_ila_data [upload_hw_ila_data [get_hw_ilas -of_objects [get_hw_devices xc7z010_1] -filter {CELL_NAME=~"DEMO_i/ila_1"}]]
INFO: [Labtools 27-1966] The ILA core 'hw_ila_2' triggered at 2024-Jul-07 22:43:34
INFO: [Labtools 27-3304] ILA Waveform data saved to file C:/Users/gusta/Documents/SEP_projects/HW_SW/SEPmonG3/SEPmon/SEPmon.hw/backup/hw_ila_data_2.ila. Use Tcl command 'read_hw_ila_data' or Vivado File->Import->Import ILA Data menu item to import the previously saved data.
run_hw_ila [get_hw_ilas -of_objects [get_hw_devices xc7z010_1] -filter {CELL_NAME=~"DEMO_i/ila_1"}]
INFO: [Labtools 27-1964] The ILA core 'hw_ila_2' trigger was armed at 2024-Jul-07 22:43:50
wait_on_hw_ila [get_hw_ilas -of_objects [get_hw_devices xc7z010_1] -filter {CELL_NAME=~"DEMO_i/ila_1"}]
display_hw_ila_data [upload_hw_ila_data [get_hw_ilas -of_objects [get_hw_devices xc7z010_1] -filter {CELL_NAME=~"DEMO_i/ila_1"}]]
INFO: [Labtools 27-1966] The ILA core 'hw_ila_2' triggered at 2024-Jul-07 22:43:50
INFO: [Labtools 27-3304] ILA Waveform data saved to file C:/Users/gusta/Documents/SEP_projects/HW_SW/SEPmonG3/SEPmon/SEPmon.hw/backup/hw_ila_data_2.ila. Use Tcl command 'read_hw_ila_data' or Vivado File->Import->Import ILA Data menu item to import the previously saved data.
ERROR: [Xicom 50-38] xicom: Unable to connect to debug core(s) on the target device. Check cable connectivity and that the target board is powered up then use the disconnect_hw_server and connect_hw_server to re-initialize the hardware target. Use open_hw_target to re-register the hardware device.
ERROR: [Xicom 50-38] xicom: Unable to connect to debug core(s) on the target device. Check cable connectivity and that the target board is powered up then use the disconnect_hw_server and connect_hw_server to re-initialize the hardware target. Use open_hw_target to re-register the hardware device.
ERROR: [Xicom 50-38] xicom: Unable to connect to debug core(s) on the target device. Check cable connectivity and that the target board is powered up then use the disconnect_hw_server and connect_hw_server to re-initialize the hardware target. Use open_hw_target to re-register the hardware device.
ERROR: [Xicom 50-38] xicom: Unable to connect to debug core(s) on the target device. Check cable connectivity and that the target board is powered up then use the disconnect_hw_server and connect_hw_server to re-initialize the hardware target. Use open_hw_target to re-register the hardware device.
ERROR: [Xicom 50-38] xicom: Unable to connect to debug core(s) on the target device. Check cable connectivity and that the target board is powered up then use the disconnect_hw_server and connect_hw_server to re-initialize the hardware target. Use open_hw_target to re-register the hardware device.
ERROR: [Xicom 50-38] xicom: Unable to connect to debug core(s) on the target device. Check cable connectivity and that the target board is powered up then use the disconnect_hw_server and connect_hw_server to re-initialize the hardware target. Use open_hw_target to re-register the hardware device.
INFO: [Common 17-14] Message 'Xicom 50-38' appears 100 times and further instances of the messages will be disabled. Use the Tcl command set_msg_config to change the current settings.
set_property OUTPUT_VALUE 0 [get_hw_probes DEMO_i/vio_0_probe_out0 -of_objects [get_hw_vios -of_objects [get_hw_devices xc7z010_1] -filter {CELL_NAME=~"DEMO_i/vio_0"}]]
commit_hw_vio [get_hw_probes {DEMO_i/vio_0_probe_out0} -of_objects [get_hw_vios -of_objects [get_hw_devices xc7z010_1] -filter {CELL_NAME=~"DEMO_i/vio_0"}]]
set_property OUTPUT_VALUE 1 [get_hw_probes DEMO_i/vio_0_probe_out0 -of_objects [get_hw_vios -of_objects [get_hw_devices xc7z010_1] -filter {CELL_NAME=~"DEMO_i/vio_0"}]]
commit_hw_vio [get_hw_probes {DEMO_i/vio_0_probe_out0} -of_objects [get_hw_vios -of_objects [get_hw_devices xc7z010_1] -filter {CELL_NAME=~"DEMO_i/vio_0"}]]
run_hw_ila [get_hw_ilas -of_objects [get_hw_devices xc7z010_1] -filter {CELL_NAME=~"DEMO_i/ila_1"}]
INFO: [Labtools 27-1964] The ILA core 'hw_ila_2' trigger was armed at 2024-Jul-07 22:44:56
wait_on_hw_ila [get_hw_ilas -of_objects [get_hw_devices xc7z010_1] -filter {CELL_NAME=~"DEMO_i/ila_1"}]
display_hw_ila_data [upload_hw_ila_data [get_hw_ilas -of_objects [get_hw_devices xc7z010_1] -filter {CELL_NAME=~"DEMO_i/ila_1"}]]
INFO: [Labtools 27-1966] The ILA core 'hw_ila_2' triggered at 2024-Jul-07 22:44:56
INFO: [Labtools 27-3304] ILA Waveform data saved to file C:/Users/gusta/Documents/SEP_projects/HW_SW/SEPmonG3/SEPmon/SEPmon.hw/backup/hw_ila_data_2.ila. Use Tcl command 'read_hw_ila_data' or Vivado File->Import->Import ILA Data menu item to import the previously saved data.
run_hw_ila [get_hw_ilas -of_objects [get_hw_devices xc7z010_1] -filter {CELL_NAME=~"DEMO_i/ila_1"}]
INFO: [Labtools 27-1964] The ILA core 'hw_ila_2' trigger was armed at 2024-Jul-07 22:44:58
wait_on_hw_ila [get_hw_ilas -of_objects [get_hw_devices xc7z010_1] -filter {CELL_NAME=~"DEMO_i/ila_1"}]
display_hw_ila_data [upload_hw_ila_data [get_hw_ilas -of_objects [get_hw_devices xc7z010_1] -filter {CELL_NAME=~"DEMO_i/ila_1"}]]
INFO: [Labtools 27-1966] The ILA core 'hw_ila_2' triggered at 2024-Jul-07 22:44:58
INFO: [Labtools 27-3304] ILA Waveform data saved to file C:/Users/gusta/Documents/SEP_projects/HW_SW/SEPmonG3/SEPmon/SEPmon.hw/backup/hw_ila_data_2.ila. Use Tcl command 'read_hw_ila_data' or Vivado File->Import->Import ILA Data menu item to import the previously saved data.
run_hw_ila [get_hw_ilas -of_objects [get_hw_devices xc7z010_1] -filter {CELL_NAME=~"DEMO_i/ila_0"}]
INFO: [Labtools 27-1964] The ILA core 'hw_ila_1' trigger was armed at 2024-Jul-07 22:45:52
wait_on_hw_ila [get_hw_ilas -of_objects [get_hw_devices xc7z010_1] -filter {CELL_NAME=~"DEMO_i/ila_0"}]
display_hw_ila_data [upload_hw_ila_data [get_hw_ilas -of_objects [get_hw_devices xc7z010_1] -filter {CELL_NAME=~"DEMO_i/ila_0"}]]
INFO: [Labtools 27-1966] The ILA core 'hw_ila_1' triggered at 2024-Jul-07 22:45:52
INFO: [Labtools 27-3304] ILA Waveform data saved to file C:/Users/gusta/Documents/SEP_projects/HW_SW/SEPmonG3/SEPmon/SEPmon.hw/backup/hw_ila_data_1.ila. Use Tcl command 'read_hw_ila_data' or Vivado File->Import->Import ILA Data menu item to import the previously saved data.
set_property OUTPUT_VALUE 0 [get_hw_probes DEMO_i/vio_0_probe_out0 -of_objects [get_hw_vios -of_objects [get_hw_devices xc7z010_1] -filter {CELL_NAME=~"DEMO_i/vio_0"}]]
commit_hw_vio [get_hw_probes {DEMO_i/vio_0_probe_out0} -of_objects [get_hw_vios -of_objects [get_hw_devices xc7z010_1] -filter {CELL_NAME=~"DEMO_i/vio_0"}]]
set_property OUTPUT_VALUE 1 [get_hw_probes DEMO_i/vio_0_probe_out0 -of_objects [get_hw_vios -of_objects [get_hw_devices xc7z010_1] -filter {CELL_NAME=~"DEMO_i/vio_0"}]]
commit_hw_vio [get_hw_probes {DEMO_i/vio_0_probe_out0} -of_objects [get_hw_vios -of_objects [get_hw_devices xc7z010_1] -filter {CELL_NAME=~"DEMO_i/vio_0"}]]
run_hw_ila [get_hw_ilas -of_objects [get_hw_devices xc7z010_1] -filter {CELL_NAME=~"DEMO_i/ila_1"}]
INFO: [Labtools 27-1964] The ILA core 'hw_ila_2' trigger was armed at 2024-Jul-07 22:47:59
wait_on_hw_ila [get_hw_ilas -of_objects [get_hw_devices xc7z010_1] -filter {CELL_NAME=~"DEMO_i/ila_1"}]
display_hw_ila_data [upload_hw_ila_data [get_hw_ilas -of_objects [get_hw_devices xc7z010_1] -filter {CELL_NAME=~"DEMO_i/ila_1"}]]
INFO: [Labtools 27-1966] The ILA core 'hw_ila_2' triggered at 2024-Jul-07 22:47:59
INFO: [Labtools 27-3304] ILA Waveform data saved to file C:/Users/gusta/Documents/SEP_projects/HW_SW/SEPmonG3/SEPmon/SEPmon.hw/backup/hw_ila_data_2.ila. Use Tcl command 'read_hw_ila_data' or Vivado File->Import->Import ILA Data menu item to import the previously saved data.
run_hw_ila [get_hw_ilas -of_objects [get_hw_devices xc7z010_1] -filter {CELL_NAME=~"DEMO_i/ila_1"}]
INFO: [Labtools 27-1964] The ILA core 'hw_ila_2' trigger was armed at 2024-Jul-07 22:49:47
wait_on_hw_ila [get_hw_ilas -of_objects [get_hw_devices xc7z010_1] -filter {CELL_NAME=~"DEMO_i/ila_1"}]
display_hw_ila_data [upload_hw_ila_data [get_hw_ilas -of_objects [get_hw_devices xc7z010_1] -filter {CELL_NAME=~"DEMO_i/ila_1"}]]
INFO: [Labtools 27-1966] The ILA core 'hw_ila_2' triggered at 2024-Jul-07 22:49:47
INFO: [Labtools 27-3304] ILA Waveform data saved to file C:/Users/gusta/Documents/SEP_projects/HW_SW/SEPmonG3/SEPmon/SEPmon.hw/backup/hw_ila_data_2.ila. Use Tcl command 'read_hw_ila_data' or Vivado File->Import->Import ILA Data menu item to import the previously saved data.
run_hw_ila [get_hw_ilas -of_objects [get_hw_devices xc7z010_1] -filter {CELL_NAME=~"DEMO_i/ila_1"}]
INFO: [Labtools 27-1964] The ILA core 'hw_ila_2' trigger was armed at 2024-Jul-07 22:49:50
wait_on_hw_ila [get_hw_ilas -of_objects [get_hw_devices xc7z010_1] -filter {CELL_NAME=~"DEMO_i/ila_1"}]
display_hw_ila_data [upload_hw_ila_data [get_hw_ilas -of_objects [get_hw_devices xc7z010_1] -filter {CELL_NAME=~"DEMO_i/ila_1"}]]
INFO: [Labtools 27-1966] The ILA core 'hw_ila_2' triggered at 2024-Jul-07 22:49:50
INFO: [Labtools 27-3304] ILA Waveform data saved to file C:/Users/gusta/Documents/SEP_projects/HW_SW/SEPmonG3/SEPmon/SEPmon.hw/backup/hw_ila_data_2.ila. Use Tcl command 'read_hw_ila_data' or Vivado File->Import->Import ILA Data menu item to import the previously saved data.
run_hw_ila [get_hw_ilas -of_objects [get_hw_devices xc7z010_1] -filter {CELL_NAME=~"DEMO_i/ila_0"}]
INFO: [Labtools 27-1964] The ILA core 'hw_ila_1' trigger was armed at 2024-Jul-07 22:49:59
wait_on_hw_ila [get_hw_ilas -of_objects [get_hw_devices xc7z010_1] -filter {CELL_NAME=~"DEMO_i/ila_0"}]
display_hw_ila_data [upload_hw_ila_data [get_hw_ilas -of_objects [get_hw_devices xc7z010_1] -filter {CELL_NAME=~"DEMO_i/ila_0"}]]
INFO: [Labtools 27-1966] The ILA core 'hw_ila_1' triggered at 2024-Jul-07 22:49:59
INFO: [Labtools 27-3304] ILA Waveform data saved to file C:/Users/gusta/Documents/SEP_projects/HW_SW/SEPmonG3/SEPmon/SEPmon.hw/backup/hw_ila_data_1.ila. Use Tcl command 'read_hw_ila_data' or Vivado File->Import->Import ILA Data menu item to import the previously saved data.
run_hw_ila [get_hw_ilas -of_objects [get_hw_devices xc7z010_1] -filter {CELL_NAME=~"DEMO_i/ila_0"}]
INFO: [Labtools 27-1964] The ILA core 'hw_ila_1' trigger was armed at 2024-Jul-07 22:50:03
wait_on_hw_ila [get_hw_ilas -of_objects [get_hw_devices xc7z010_1] -filter {CELL_NAME=~"DEMO_i/ila_0"}]
display_hw_ila_data [upload_hw_ila_data [get_hw_ilas -of_objects [get_hw_devices xc7z010_1] -filter {CELL_NAME=~"DEMO_i/ila_0"}]]
INFO: [Labtools 27-1966] The ILA core 'hw_ila_1' triggered at 2024-Jul-07 22:50:03
INFO: [Labtools 27-3304] ILA Waveform data saved to file C:/Users/gusta/Documents/SEP_projects/HW_SW/SEPmonG3/SEPmon/SEPmon.hw/backup/hw_ila_data_1.ila. Use Tcl command 'read_hw_ila_data' or Vivado File->Import->Import ILA Data menu item to import the previously saved data.
run_hw_ila [get_hw_ilas -of_objects [get_hw_devices xc7z010_1] -filter {CELL_NAME=~"DEMO_i/ila_0"}]
INFO: [Labtools 27-1964] The ILA core 'hw_ila_1' trigger was armed at 2024-Jul-07 22:50:07
wait_on_hw_ila [get_hw_ilas -of_objects [get_hw_devices xc7z010_1] -filter {CELL_NAME=~"DEMO_i/ila_0"}]
display_hw_ila_data [upload_hw_ila_data [get_hw_ilas -of_objects [get_hw_devices xc7z010_1] -filter {CELL_NAME=~"DEMO_i/ila_0"}]]
INFO: [Labtools 27-1966] The ILA core 'hw_ila_1' triggered at 2024-Jul-07 22:50:07
INFO: [Labtools 27-3304] ILA Waveform data saved to file C:/Users/gusta/Documents/SEP_projects/HW_SW/SEPmonG3/SEPmon/SEPmon.hw/backup/hw_ila_data_1.ila. Use Tcl command 'read_hw_ila_data' or Vivado File->Import->Import ILA Data menu item to import the previously saved data.
run_hw_ila [get_hw_ilas -of_objects [get_hw_devices xc7z010_1] -filter {CELL_NAME=~"DEMO_i/ila_1"}]
INFO: [Labtools 27-1964] The ILA core 'hw_ila_2' trigger was armed at 2024-Jul-07 22:50:14
wait_on_hw_ila [get_hw_ilas -of_objects [get_hw_devices xc7z010_1] -filter {CELL_NAME=~"DEMO_i/ila_1"}]
display_hw_ila_data [upload_hw_ila_data [get_hw_ilas -of_objects [get_hw_devices xc7z010_1] -filter {CELL_NAME=~"DEMO_i/ila_1"}]]
INFO: [Labtools 27-1966] The ILA core 'hw_ila_2' triggered at 2024-Jul-07 22:50:14
INFO: [Labtools 27-3304] ILA Waveform data saved to file C:/Users/gusta/Documents/SEP_projects/HW_SW/SEPmonG3/SEPmon/SEPmon.hw/backup/hw_ila_data_2.ila. Use Tcl command 'read_hw_ila_data' or Vivado File->Import->Import ILA Data menu item to import the previously saved data.
set_property OUTPUT_VALUE 0 [get_hw_probes DEMO_i/vio_0_probe_out0 -of_objects [get_hw_vios -of_objects [get_hw_devices xc7z010_1] -filter {CELL_NAME=~"DEMO_i/vio_0"}]]
commit_hw_vio [get_hw_probes {DEMO_i/vio_0_probe_out0} -of_objects [get_hw_vios -of_objects [get_hw_devices xc7z010_1] -filter {CELL_NAME=~"DEMO_i/vio_0"}]]
set_property OUTPUT_VALUE 1 [get_hw_probes DEMO_i/vio_0_probe_out0 -of_objects [get_hw_vios -of_objects [get_hw_devices xc7z010_1] -filter {CELL_NAME=~"DEMO_i/vio_0"}]]
commit_hw_vio [get_hw_probes {DEMO_i/vio_0_probe_out0} -of_objects [get_hw_vios -of_objects [get_hw_devices xc7z010_1] -filter {CELL_NAME=~"DEMO_i/vio_0"}]]
run_hw_ila [get_hw_ilas -of_objects [get_hw_devices xc7z010_1] -filter {CELL_NAME=~"DEMO_i/ila_1"}]
INFO: [Labtools 27-1964] The ILA core 'hw_ila_2' trigger was armed at 2024-Jul-07 22:50:38
wait_on_hw_ila [get_hw_ilas -of_objects [get_hw_devices xc7z010_1] -filter {CELL_NAME=~"DEMO_i/ila_1"}]
display_hw_ila_data [upload_hw_ila_data [get_hw_ilas -of_objects [get_hw_devices xc7z010_1] -filter {CELL_NAME=~"DEMO_i/ila_1"}]]
INFO: [Labtools 27-1966] The ILA core 'hw_ila_2' triggered at 2024-Jul-07 22:50:38
INFO: [Labtools 27-3304] ILA Waveform data saved to file C:/Users/gusta/Documents/SEP_projects/HW_SW/SEPmonG3/SEPmon/SEPmon.hw/backup/hw_ila_data_2.ila. Use Tcl command 'read_hw_ila_data' or Vivado File->Import->Import ILA Data menu item to import the previously saved data.
run_hw_ila [get_hw_ilas -of_objects [get_hw_devices xc7z010_1] -filter {CELL_NAME=~"DEMO_i/ila_1"}]
INFO: [Labtools 27-1964] The ILA core 'hw_ila_2' trigger was armed at 2024-Jul-07 22:50:40
wait_on_hw_ila [get_hw_ilas -of_objects [get_hw_devices xc7z010_1] -filter {CELL_NAME=~"DEMO_i/ila_1"}]
display_hw_ila_data [upload_hw_ila_data [get_hw_ilas -of_objects [get_hw_devices xc7z010_1] -filter {CELL_NAME=~"DEMO_i/ila_1"}]]
INFO: [Labtools 27-1966] The ILA core 'hw_ila_2' triggered at 2024-Jul-07 22:50:40
INFO: [Labtools 27-3304] ILA Waveform data saved to file C:/Users/gusta/Documents/SEP_projects/HW_SW/SEPmonG3/SEPmon/SEPmon.hw/backup/hw_ila_data_2.ila. Use Tcl command 'read_hw_ila_data' or Vivado File->Import->Import ILA Data menu item to import the previously saved data.
run_hw_ila [get_hw_ilas -of_objects [get_hw_devices xc7z010_1] -filter {CELL_NAME=~"DEMO_i/ila_1"}]
INFO: [Labtools 27-1964] The ILA core 'hw_ila_2' trigger was armed at 2024-Jul-07 22:50:48
wait_on_hw_ila [get_hw_ilas -of_objects [get_hw_devices xc7z010_1] -filter {CELL_NAME=~"DEMO_i/ila_1"}]
display_hw_ila_data [upload_hw_ila_data [get_hw_ilas -of_objects [get_hw_devices xc7z010_1] -filter {CELL_NAME=~"DEMO_i/ila_1"}]]
INFO: [Labtools 27-1966] The ILA core 'hw_ila_2' triggered at 2024-Jul-07 22:50:48
INFO: [Labtools 27-3304] ILA Waveform data saved to file C:/Users/gusta/Documents/SEP_projects/HW_SW/SEPmonG3/SEPmon/SEPmon.hw/backup/hw_ila_data_2.ila. Use Tcl command 'read_hw_ila_data' or Vivado File->Import->Import ILA Data menu item to import the previously saved data.
run_hw_ila [get_hw_ilas -of_objects [get_hw_devices xc7z010_1] -filter {CELL_NAME=~"DEMO_i/ila_1"}]
INFO: [Labtools 27-1964] The ILA core 'hw_ila_2' trigger was armed at 2024-Jul-07 22:50:52
wait_on_hw_ila [get_hw_ilas -of_objects [get_hw_devices xc7z010_1] -filter {CELL_NAME=~"DEMO_i/ila_1"}]
display_hw_ila_data [upload_hw_ila_data [get_hw_ilas -of_objects [get_hw_devices xc7z010_1] -filter {CELL_NAME=~"DEMO_i/ila_1"}]]
INFO: [Labtools 27-1966] The ILA core 'hw_ila_2' triggered at 2024-Jul-07 22:50:52
INFO: [Labtools 27-3304] ILA Waveform data saved to file C:/Users/gusta/Documents/SEP_projects/HW_SW/SEPmonG3/SEPmon/SEPmon.hw/backup/hw_ila_data_2.ila. Use Tcl command 'read_hw_ila_data' or Vivado File->Import->Import ILA Data menu item to import the previously saved data.
run_hw_ila [get_hw_ilas -of_objects [get_hw_devices xc7z010_1] -filter {CELL_NAME=~"DEMO_i/ila_1"}]
INFO: [Labtools 27-1964] The ILA core 'hw_ila_2' trigger was armed at 2024-Jul-07 22:51:02
wait_on_hw_ila [get_hw_ilas -of_objects [get_hw_devices xc7z010_1] -filter {CELL_NAME=~"DEMO_i/ila_1"}]
display_hw_ila_data [upload_hw_ila_data [get_hw_ilas -of_objects [get_hw_devices xc7z010_1] -filter {CELL_NAME=~"DEMO_i/ila_1"}]]
INFO: [Labtools 27-1966] The ILA core 'hw_ila_2' triggered at 2024-Jul-07 22:51:02
INFO: [Labtools 27-3304] ILA Waveform data saved to file C:/Users/gusta/Documents/SEP_projects/HW_SW/SEPmonG3/SEPmon/SEPmon.hw/backup/hw_ila_data_2.ila. Use Tcl command 'read_hw_ila_data' or Vivado File->Import->Import ILA Data menu item to import the previously saved data.
set_property OUTPUT_VALUE 0 [get_hw_probes DEMO_i/vio_0_probe_out0 -of_objects [get_hw_vios -of_objects [get_hw_devices xc7z010_1] -filter {CELL_NAME=~"DEMO_i/vio_0"}]]
commit_hw_vio [get_hw_probes {DEMO_i/vio_0_probe_out0} -of_objects [get_hw_vios -of_objects [get_hw_devices xc7z010_1] -filter {CELL_NAME=~"DEMO_i/vio_0"}]]
set_property OUTPUT_VALUE 1 [get_hw_probes DEMO_i/vio_0_probe_out0 -of_objects [get_hw_vios -of_objects [get_hw_devices xc7z010_1] -filter {CELL_NAME=~"DEMO_i/vio_0"}]]
commit_hw_vio [get_hw_probes {DEMO_i/vio_0_probe_out0} -of_objects [get_hw_vios -of_objects [get_hw_devices xc7z010_1] -filter {CELL_NAME=~"DEMO_i/vio_0"}]]
run_hw_ila [get_hw_ilas -of_objects [get_hw_devices xc7z010_1] -filter {CELL_NAME=~"DEMO_i/ila_1"}]
INFO: [Labtools 27-1964] The ILA core 'hw_ila_2' trigger was armed at 2024-Jul-07 22:53:10
wait_on_hw_ila [get_hw_ilas -of_objects [get_hw_devices xc7z010_1] -filter {CELL_NAME=~"DEMO_i/ila_1"}]
display_hw_ila_data [upload_hw_ila_data [get_hw_ilas -of_objects [get_hw_devices xc7z010_1] -filter {CELL_NAME=~"DEMO_i/ila_1"}]]
INFO: [Labtools 27-1966] The ILA core 'hw_ila_2' triggered at 2024-Jul-07 22:53:10
INFO: [Labtools 27-3304] ILA Waveform data saved to file C:/Users/gusta/Documents/SEP_projects/HW_SW/SEPmonG3/SEPmon/SEPmon.hw/backup/hw_ila_data_2.ila. Use Tcl command 'read_hw_ila_data' or Vivado File->Import->Import ILA Data menu item to import the previously saved data.
run_hw_ila [get_hw_ilas -of_objects [get_hw_devices xc7z010_1] -filter {CELL_NAME=~"DEMO_i/ila_1"}]
INFO: [Labtools 27-1964] The ILA core 'hw_ila_2' trigger was armed at 2024-Jul-07 22:53:14
wait_on_hw_ila [get_hw_ilas -of_objects [get_hw_devices xc7z010_1] -filter {CELL_NAME=~"DEMO_i/ila_1"}]
display_hw_ila_data [upload_hw_ila_data [get_hw_ilas -of_objects [get_hw_devices xc7z010_1] -filter {CELL_NAME=~"DEMO_i/ila_1"}]]
INFO: [Labtools 27-1966] The ILA core 'hw_ila_2' triggered at 2024-Jul-07 22:53:14
INFO: [Labtools 27-3304] ILA Waveform data saved to file C:/Users/gusta/Documents/SEP_projects/HW_SW/SEPmonG3/SEPmon/SEPmon.hw/backup/hw_ila_data_2.ila. Use Tcl command 'read_hw_ila_data' or Vivado File->Import->Import ILA Data menu item to import the previously saved data.
set_property OUTPUT_VALUE 0 [get_hw_probes DEMO_i/vio_0_probe_out0 -of_objects [get_hw_vios -of_objects [get_hw_devices xc7z010_1] -filter {CELL_NAME=~"DEMO_i/vio_0"}]]
commit_hw_vio [get_hw_probes {DEMO_i/vio_0_probe_out0} -of_objects [get_hw_vios -of_objects [get_hw_devices xc7z010_1] -filter {CELL_NAME=~"DEMO_i/vio_0"}]]
run_hw_ila [get_hw_ilas -of_objects [get_hw_devices xc7z010_1] -filter {CELL_NAME=~"DEMO_i/ila_0"}]
INFO: [Labtools 27-1964] The ILA core 'hw_ila_1' trigger was armed at 2024-Jul-07 22:53:21
wait_on_hw_ila [get_hw_ilas -of_objects [get_hw_devices xc7z010_1] -filter {CELL_NAME=~"DEMO_i/ila_0"}]
display_hw_ila_data [upload_hw_ila_data [get_hw_ilas -of_objects [get_hw_devices xc7z010_1] -filter {CELL_NAME=~"DEMO_i/ila_0"}]]
INFO: [Labtools 27-1966] The ILA core 'hw_ila_1' triggered at 2024-Jul-07 22:53:21
INFO: [Labtools 27-3304] ILA Waveform data saved to file C:/Users/gusta/Documents/SEP_projects/HW_SW/SEPmonG3/SEPmon/SEPmon.hw/backup/hw_ila_data_1.ila. Use Tcl command 'read_hw_ila_data' or Vivado File->Import->Import ILA Data menu item to import the previously saved data.
run_hw_ila [get_hw_ilas -of_objects [get_hw_devices xc7z010_1] -filter {CELL_NAME=~"DEMO_i/ila_0"}]
INFO: [Labtools 27-1964] The ILA core 'hw_ila_1' trigger was armed at 2024-Jul-07 22:53:28
wait_on_hw_ila [get_hw_ilas -of_objects [get_hw_devices xc7z010_1] -filter {CELL_NAME=~"DEMO_i/ila_0"}]
display_hw_ila_data [upload_hw_ila_data [get_hw_ilas -of_objects [get_hw_devices xc7z010_1] -filter {CELL_NAME=~"DEMO_i/ila_0"}]]
INFO: [Labtools 27-1966] The ILA core 'hw_ila_1' triggered at 2024-Jul-07 22:53:28
INFO: [Labtools 27-3304] ILA Waveform data saved to file C:/Users/gusta/Documents/SEP_projects/HW_SW/SEPmonG3/SEPmon/SEPmon.hw/backup/hw_ila_data_1.ila. Use Tcl command 'read_hw_ila_data' or Vivado File->Import->Import ILA Data menu item to import the previously saved data.
set_property OUTPUT_VALUE 1 [get_hw_probes DEMO_i/vio_0_probe_out0 -of_objects [get_hw_vios -of_objects [get_hw_devices xc7z010_1] -filter {CELL_NAME=~"DEMO_i/vio_0"}]]
commit_hw_vio [get_hw_probes {DEMO_i/vio_0_probe_out0} -of_objects [get_hw_vios -of_objects [get_hw_devices xc7z010_1] -filter {CELL_NAME=~"DEMO_i/vio_0"}]]
run_hw_ila [get_hw_ilas -of_objects [get_hw_devices xc7z010_1] -filter {CELL_NAME=~"DEMO_i/ila_0"}]
INFO: [Labtools 27-1964] The ILA core 'hw_ila_1' trigger was armed at 2024-Jul-07 22:53:35
wait_on_hw_ila [get_hw_ilas -of_objects [get_hw_devices xc7z010_1] -filter {CELL_NAME=~"DEMO_i/ila_0"}]
display_hw_ila_data [upload_hw_ila_data [get_hw_ilas -of_objects [get_hw_devices xc7z010_1] -filter {CELL_NAME=~"DEMO_i/ila_0"}]]
INFO: [Labtools 27-1966] The ILA core 'hw_ila_1' triggered at 2024-Jul-07 22:53:35
INFO: [Labtools 27-3304] ILA Waveform data saved to file C:/Users/gusta/Documents/SEP_projects/HW_SW/SEPmonG3/SEPmon/SEPmon.hw/backup/hw_ila_data_1.ila. Use Tcl command 'read_hw_ila_data' or Vivado File->Import->Import ILA Data menu item to import the previously saved data.
run_hw_ila [get_hw_ilas -of_objects [get_hw_devices xc7z010_1] -filter {CELL_NAME=~"DEMO_i/ila_0"}]
INFO: [Labtools 27-1964] The ILA core 'hw_ila_1' trigger was armed at 2024-Jul-07 22:53:38
wait_on_hw_ila [get_hw_ilas -of_objects [get_hw_devices xc7z010_1] -filter {CELL_NAME=~"DEMO_i/ila_0"}]
display_hw_ila_data [upload_hw_ila_data [get_hw_ilas -of_objects [get_hw_devices xc7z010_1] -filter {CELL_NAME=~"DEMO_i/ila_0"}]]
INFO: [Labtools 27-1966] The ILA core 'hw_ila_1' triggered at 2024-Jul-07 22:53:38
INFO: [Labtools 27-3304] ILA Waveform data saved to file C:/Users/gusta/Documents/SEP_projects/HW_SW/SEPmonG3/SEPmon/SEPmon.hw/backup/hw_ila_data_1.ila. Use Tcl command 'read_hw_ila_data' or Vivado File->Import->Import ILA Data menu item to import the previously saved data.
run_hw_ila [get_hw_ilas -of_objects [get_hw_devices xc7z010_1] -filter {CELL_NAME=~"DEMO_i/ila_0"}]
INFO: [Labtools 27-1964] The ILA core 'hw_ila_1' trigger was armed at 2024-Jul-07 22:53:40
wait_on_hw_ila [get_hw_ilas -of_objects [get_hw_devices xc7z010_1] -filter {CELL_NAME=~"DEMO_i/ila_0"}]
display_hw_ila_data [upload_hw_ila_data [get_hw_ilas -of_objects [get_hw_devices xc7z010_1] -filter {CELL_NAME=~"DEMO_i/ila_0"}]]
INFO: [Labtools 27-1966] The ILA core 'hw_ila_1' triggered at 2024-Jul-07 22:53:40
INFO: [Labtools 27-3304] ILA Waveform data saved to file C:/Users/gusta/Documents/SEP_projects/HW_SW/SEPmonG3/SEPmon/SEPmon.hw/backup/hw_ila_data_1.ila. Use Tcl command 'read_hw_ila_data' or Vivado File->Import->Import ILA Data menu item to import the previously saved data.
run_hw_ila [get_hw_ilas -of_objects [get_hw_devices xc7z010_1] -filter {CELL_NAME=~"DEMO_i/ila_1"}]
INFO: [Labtools 27-1964] The ILA core 'hw_ila_2' trigger was armed at 2024-Jul-07 22:54:23
wait_on_hw_ila [get_hw_ilas -of_objects [get_hw_devices xc7z010_1] -filter {CELL_NAME=~"DEMO_i/ila_1"}]
display_hw_ila_data [upload_hw_ila_data [get_hw_ilas -of_objects [get_hw_devices xc7z010_1] -filter {CELL_NAME=~"DEMO_i/ila_1"}]]
INFO: [Labtools 27-1966] The ILA core 'hw_ila_2' triggered at 2024-Jul-07 22:54:23
INFO: [Labtools 27-3304] ILA Waveform data saved to file C:/Users/gusta/Documents/SEP_projects/HW_SW/SEPmonG3/SEPmon/SEPmon.hw/backup/hw_ila_data_2.ila. Use Tcl command 'read_hw_ila_data' or Vivado File->Import->Import ILA Data menu item to import the previously saved data.
set_property OUTPUT_VALUE 0 [get_hw_probes DEMO_i/vio_0_probe_out0 -of_objects [get_hw_vios -of_objects [get_hw_devices xc7z010_1] -filter {CELL_NAME=~"DEMO_i/vio_0"}]]
commit_hw_vio [get_hw_probes {DEMO_i/vio_0_probe_out0} -of_objects [get_hw_vios -of_objects [get_hw_devices xc7z010_1] -filter {CELL_NAME=~"DEMO_i/vio_0"}]]
set_property OUTPUT_VALUE 1 [get_hw_probes DEMO_i/vio_0_probe_out0 -of_objects [get_hw_vios -of_objects [get_hw_devices xc7z010_1] -filter {CELL_NAME=~"DEMO_i/vio_0"}]]
commit_hw_vio [get_hw_probes {DEMO_i/vio_0_probe_out0} -of_objects [get_hw_vios -of_objects [get_hw_devices xc7z010_1] -filter {CELL_NAME=~"DEMO_i/vio_0"}]]
run_hw_ila [get_hw_ilas -of_objects [get_hw_devices xc7z010_1] -filter {CELL_NAME=~"DEMO_i/ila_1"}]
INFO: [Labtools 27-1964] The ILA core 'hw_ila_2' trigger was armed at 2024-Jul-07 22:58:38
wait_on_hw_ila [get_hw_ilas -of_objects [get_hw_devices xc7z010_1] -filter {CELL_NAME=~"DEMO_i/ila_1"}]
display_hw_ila_data [upload_hw_ila_data [get_hw_ilas -of_objects [get_hw_devices xc7z010_1] -filter {CELL_NAME=~"DEMO_i/ila_1"}]]
INFO: [Labtools 27-1966] The ILA core 'hw_ila_2' triggered at 2024-Jul-07 22:58:38
INFO: [Labtools 27-3304] ILA Waveform data saved to file C:/Users/gusta/Documents/SEP_projects/HW_SW/SEPmonG3/SEPmon/SEPmon.hw/backup/hw_ila_data_2.ila. Use Tcl command 'read_hw_ila_data' or Vivado File->Import->Import ILA Data menu item to import the previously saved data.
run_hw_ila [get_hw_ilas -of_objects [get_hw_devices xc7z010_1] -filter {CELL_NAME=~"DEMO_i/ila_1"}]
INFO: [Labtools 27-1964] The ILA core 'hw_ila_2' trigger was armed at 2024-Jul-07 22:58:40
wait_on_hw_ila [get_hw_ilas -of_objects [get_hw_devices xc7z010_1] -filter {CELL_NAME=~"DEMO_i/ila_1"}]
display_hw_ila_data [upload_hw_ila_data [get_hw_ilas -of_objects [get_hw_devices xc7z010_1] -filter {CELL_NAME=~"DEMO_i/ila_1"}]]
INFO: [Labtools 27-1966] The ILA core 'hw_ila_2' triggered at 2024-Jul-07 22:58:40
INFO: [Labtools 27-3304] ILA Waveform data saved to file C:/Users/gusta/Documents/SEP_projects/HW_SW/SEPmonG3/SEPmon/SEPmon.hw/backup/hw_ila_data_2.ila. Use Tcl command 'read_hw_ila_data' or Vivado File->Import->Import ILA Data menu item to import the previously saved data.
run_hw_ila [get_hw_ilas -of_objects [get_hw_devices xc7z010_1] -filter {CELL_NAME=~"DEMO_i/ila_1"}]
INFO: [Labtools 27-1964] The ILA core 'hw_ila_2' trigger was armed at 2024-Jul-07 22:58:46
wait_on_hw_ila [get_hw_ilas -of_objects [get_hw_devices xc7z010_1] -filter {CELL_NAME=~"DEMO_i/ila_1"}]
display_hw_ila_data [upload_hw_ila_data [get_hw_ilas -of_objects [get_hw_devices xc7z010_1] -filter {CELL_NAME=~"DEMO_i/ila_1"}]]
INFO: [Labtools 27-1966] The ILA core 'hw_ila_2' triggered at 2024-Jul-07 22:58:46
INFO: [Labtools 27-3304] ILA Waveform data saved to file C:/Users/gusta/Documents/SEP_projects/HW_SW/SEPmonG3/SEPmon/SEPmon.hw/backup/hw_ila_data_2.ila. Use Tcl command 'read_hw_ila_data' or Vivado File->Import->Import ILA Data menu item to import the previously saved data.
set_property OUTPUT_VALUE 0 [get_hw_probes DEMO_i/vio_0_probe_out0 -of_objects [get_hw_vios -of_objects [get_hw_devices xc7z010_1] -filter {CELL_NAME=~"DEMO_i/vio_0"}]]
commit_hw_vio [get_hw_probes {DEMO_i/vio_0_probe_out0} -of_objects [get_hw_vios -of_objects [get_hw_devices xc7z010_1] -filter {CELL_NAME=~"DEMO_i/vio_0"}]]
set_property OUTPUT_VALUE 1 [get_hw_probes DEMO_i/vio_0_probe_out0 -of_objects [get_hw_vios -of_objects [get_hw_devices xc7z010_1] -filter {CELL_NAME=~"DEMO_i/vio_0"}]]
commit_hw_vio [get_hw_probes {DEMO_i/vio_0_probe_out0} -of_objects [get_hw_vios -of_objects [get_hw_devices xc7z010_1] -filter {CELL_NAME=~"DEMO_i/vio_0"}]]
run_hw_ila [get_hw_ilas -of_objects [get_hw_devices xc7z010_1] -filter {CELL_NAME=~"DEMO_i/ila_1"}]
INFO: [Labtools 27-1964] The ILA core 'hw_ila_2' trigger was armed at 2024-Jul-07 22:59:42
wait_on_hw_ila [get_hw_ilas -of_objects [get_hw_devices xc7z010_1] -filter {CELL_NAME=~"DEMO_i/ila_1"}]
display_hw_ila_data [upload_hw_ila_data [get_hw_ilas -of_objects [get_hw_devices xc7z010_1] -filter {CELL_NAME=~"DEMO_i/ila_1"}]]
INFO: [Labtools 27-1966] The ILA core 'hw_ila_2' triggered at 2024-Jul-07 22:59:42
INFO: [Labtools 27-3304] ILA Waveform data saved to file C:/Users/gusta/Documents/SEP_projects/HW_SW/SEPmonG3/SEPmon/SEPmon.hw/backup/hw_ila_data_2.ila. Use Tcl command 'read_hw_ila_data' or Vivado File->Import->Import ILA Data menu item to import the previously saved data.
run_hw_ila [get_hw_ilas -of_objects [get_hw_devices xc7z010_1] -filter {CELL_NAME=~"DEMO_i/ila_1"}]
INFO: [Labtools 27-1964] The ILA core 'hw_ila_2' trigger was armed at 2024-Jul-07 22:59:46
wait_on_hw_ila [get_hw_ilas -of_objects [get_hw_devices xc7z010_1] -filter {CELL_NAME=~"DEMO_i/ila_1"}]
display_hw_ila_data [upload_hw_ila_data [get_hw_ilas -of_objects [get_hw_devices xc7z010_1] -filter {CELL_NAME=~"DEMO_i/ila_1"}]]
INFO: [Labtools 27-1966] The ILA core 'hw_ila_2' triggered at 2024-Jul-07 22:59:46
INFO: [Labtools 27-3304] ILA Waveform data saved to file C:/Users/gusta/Documents/SEP_projects/HW_SW/SEPmonG3/SEPmon/SEPmon.hw/backup/hw_ila_data_2.ila. Use Tcl command 'read_hw_ila_data' or Vivado File->Import->Import ILA Data menu item to import the previously saved data.
run_hw_ila [get_hw_ilas -of_objects [get_hw_devices xc7z010_1] -filter {CELL_NAME=~"DEMO_i/ila_1"}]
INFO: [Labtools 27-1964] The ILA core 'hw_ila_2' trigger was armed at 2024-Jul-07 22:59:47
wait_on_hw_ila [get_hw_ilas -of_objects [get_hw_devices xc7z010_1] -filter {CELL_NAME=~"DEMO_i/ila_1"}]
display_hw_ila_data [upload_hw_ila_data [get_hw_ilas -of_objects [get_hw_devices xc7z010_1] -filter {CELL_NAME=~"DEMO_i/ila_1"}]]
INFO: [Labtools 27-1966] The ILA core 'hw_ila_2' triggered at 2024-Jul-07 22:59:47
INFO: [Labtools 27-3304] ILA Waveform data saved to file C:/Users/gusta/Documents/SEP_projects/HW_SW/SEPmonG3/SEPmon/SEPmon.hw/backup/hw_ila_data_2.ila. Use Tcl command 'read_hw_ila_data' or Vivado File->Import->Import ILA Data menu item to import the previously saved data.
set_property OUTPUT_VALUE 0 [get_hw_probes DEMO_i/vio_0_probe_out0 -of_objects [get_hw_vios -of_objects [get_hw_devices xc7z010_1] -filter {CELL_NAME=~"DEMO_i/vio_0"}]]
commit_hw_vio [get_hw_probes {DEMO_i/vio_0_probe_out0} -of_objects [get_hw_vios -of_objects [get_hw_devices xc7z010_1] -filter {CELL_NAME=~"DEMO_i/vio_0"}]]
set_property OUTPUT_VALUE 1 [get_hw_probes DEMO_i/vio_0_probe_out0 -of_objects [get_hw_vios -of_objects [get_hw_devices xc7z010_1] -filter {CELL_NAME=~"DEMO_i/vio_0"}]]
commit_hw_vio [get_hw_probes {DEMO_i/vio_0_probe_out0} -of_objects [get_hw_vios -of_objects [get_hw_devices xc7z010_1] -filter {CELL_NAME=~"DEMO_i/vio_0"}]]
run_hw_ila [get_hw_ilas -of_objects [get_hw_devices xc7z010_1] -filter {CELL_NAME=~"DEMO_i/ila_1"}]
INFO: [Labtools 27-1964] The ILA core 'hw_ila_2' trigger was armed at 2024-Jul-07 23:00:51
wait_on_hw_ila [get_hw_ilas -of_objects [get_hw_devices xc7z010_1] -filter {CELL_NAME=~"DEMO_i/ila_1"}]
display_hw_ila_data [upload_hw_ila_data [get_hw_ilas -of_objects [get_hw_devices xc7z010_1] -filter {CELL_NAME=~"DEMO_i/ila_1"}]]
INFO: [Labtools 27-1966] The ILA core 'hw_ila_2' triggered at 2024-Jul-07 23:00:51
INFO: [Labtools 27-3304] ILA Waveform data saved to file C:/Users/gusta/Documents/SEP_projects/HW_SW/SEPmonG3/SEPmon/SEPmon.hw/backup/hw_ila_data_2.ila. Use Tcl command 'read_hw_ila_data' or Vivado File->Import->Import ILA Data menu item to import the previously saved data.
run_hw_ila [get_hw_ilas -of_objects [get_hw_devices xc7z010_1] -filter {CELL_NAME=~"DEMO_i/ila_1"}]
INFO: [Labtools 27-1964] The ILA core 'hw_ila_2' trigger was armed at 2024-Jul-07 23:00:55
wait_on_hw_ila [get_hw_ilas -of_objects [get_hw_devices xc7z010_1] -filter {CELL_NAME=~"DEMO_i/ila_1"}]
display_hw_ila_data [upload_hw_ila_data [get_hw_ilas -of_objects [get_hw_devices xc7z010_1] -filter {CELL_NAME=~"DEMO_i/ila_1"}]]
INFO: [Labtools 27-1966] The ILA core 'hw_ila_2' triggered at 2024-Jul-07 23:00:55
INFO: [Labtools 27-3304] ILA Waveform data saved to file C:/Users/gusta/Documents/SEP_projects/HW_SW/SEPmonG3/SEPmon/SEPmon.hw/backup/hw_ila_data_2.ila. Use Tcl command 'read_hw_ila_data' or Vivado File->Import->Import ILA Data menu item to import the previously saved data.
run_hw_ila [get_hw_ilas -of_objects [get_hw_devices xc7z010_1] -filter {CELL_NAME=~"DEMO_i/ila_1"}]
INFO: [Labtools 27-1964] The ILA core 'hw_ila_2' trigger was armed at 2024-Jul-07 23:02:04
wait_on_hw_ila [get_hw_ilas -of_objects [get_hw_devices xc7z010_1] -filter {CELL_NAME=~"DEMO_i/ila_1"}]
display_hw_ila_data [upload_hw_ila_data [get_hw_ilas -of_objects [get_hw_devices xc7z010_1] -filter {CELL_NAME=~"DEMO_i/ila_1"}]]
INFO: [Labtools 27-1966] The ILA core 'hw_ila_2' triggered at 2024-Jul-07 23:02:04
INFO: [Labtools 27-3304] ILA Waveform data saved to file C:/Users/gusta/Documents/SEP_projects/HW_SW/SEPmonG3/SEPmon/SEPmon.hw/backup/hw_ila_data_2.ila. Use Tcl command 'read_hw_ila_data' or Vivado File->Import->Import ILA Data menu item to import the previously saved data.
run_hw_ila [get_hw_ilas -of_objects [get_hw_devices xc7z010_1] -filter {CELL_NAME=~"DEMO_i/ila_1"}]
INFO: [Labtools 27-1964] The ILA core 'hw_ila_2' trigger was armed at 2024-Jul-07 23:02:28
wait_on_hw_ila [get_hw_ilas -of_objects [get_hw_devices xc7z010_1] -filter {CELL_NAME=~"DEMO_i/ila_1"}]
display_hw_ila_data [upload_hw_ila_data [get_hw_ilas -of_objects [get_hw_devices xc7z010_1] -filter {CELL_NAME=~"DEMO_i/ila_1"}]]
INFO: [Labtools 27-1966] The ILA core 'hw_ila_2' triggered at 2024-Jul-07 23:02:28
INFO: [Labtools 27-3304] ILA Waveform data saved to file C:/Users/gusta/Documents/SEP_projects/HW_SW/SEPmonG3/SEPmon/SEPmon.hw/backup/hw_ila_data_2.ila. Use Tcl command 'read_hw_ila_data' or Vivado File->Import->Import ILA Data menu item to import the previously saved data.
run_hw_ila [get_hw_ilas -of_objects [get_hw_devices xc7z010_1] -filter {CELL_NAME=~"DEMO_i/ila_1"}]
INFO: [Labtools 27-1964] The ILA core 'hw_ila_2' trigger was armed at 2024-Jul-07 23:02:31
wait_on_hw_ila [get_hw_ilas -of_objects [get_hw_devices xc7z010_1] -filter {CELL_NAME=~"DEMO_i/ila_1"}]
display_hw_ila_data [upload_hw_ila_data [get_hw_ilas -of_objects [get_hw_devices xc7z010_1] -filter {CELL_NAME=~"DEMO_i/ila_1"}]]
INFO: [Labtools 27-1966] The ILA core 'hw_ila_2' triggered at 2024-Jul-07 23:02:31
INFO: [Labtools 27-3304] ILA Waveform data saved to file C:/Users/gusta/Documents/SEP_projects/HW_SW/SEPmonG3/SEPmon/SEPmon.hw/backup/hw_ila_data_2.ila. Use Tcl command 'read_hw_ila_data' or Vivado File->Import->Import ILA Data menu item to import the previously saved data.
run_hw_ila [get_hw_ilas -of_objects [get_hw_devices xc7z010_1] -filter {CELL_NAME=~"DEMO_i/ila_1"}]
INFO: [Labtools 27-1964] The ILA core 'hw_ila_2' trigger was armed at 2024-Jul-07 23:03:44
wait_on_hw_ila [get_hw_ilas -of_objects [get_hw_devices xc7z010_1] -filter {CELL_NAME=~"DEMO_i/ila_1"}]
display_hw_ila_data [upload_hw_ila_data [get_hw_ilas -of_objects [get_hw_devices xc7z010_1] -filter {CELL_NAME=~"DEMO_i/ila_1"}]]
INFO: [Labtools 27-1966] The ILA core 'hw_ila_2' triggered at 2024-Jul-07 23:03:44
INFO: [Labtools 27-3304] ILA Waveform data saved to file C:/Users/gusta/Documents/SEP_projects/HW_SW/SEPmonG3/SEPmon/SEPmon.hw/backup/hw_ila_data_2.ila. Use Tcl command 'read_hw_ila_data' or Vivado File->Import->Import ILA Data menu item to import the previously saved data.
run_hw_ila [get_hw_ilas -of_objects [get_hw_devices xc7z010_1] -filter {CELL_NAME=~"DEMO_i/ila_1"}]
INFO: [Labtools 27-1964] The ILA core 'hw_ila_2' trigger was armed at 2024-Jul-07 23:03:47
wait_on_hw_ila [get_hw_ilas -of_objects [get_hw_devices xc7z010_1] -filter {CELL_NAME=~"DEMO_i/ila_1"}]
display_hw_ila_data [upload_hw_ila_data [get_hw_ilas -of_objects [get_hw_devices xc7z010_1] -filter {CELL_NAME=~"DEMO_i/ila_1"}]]
INFO: [Labtools 27-1966] The ILA core 'hw_ila_2' triggered at 2024-Jul-07 23:03:47
INFO: [Labtools 27-3304] ILA Waveform data saved to file C:/Users/gusta/Documents/SEP_projects/HW_SW/SEPmonG3/SEPmon/SEPmon.hw/backup/hw_ila_data_2.ila. Use Tcl command 'read_hw_ila_data' or Vivado File->Import->Import ILA Data menu item to import the previously saved data.
open_bd_design {C:/Users/gusta/Documents/SEP_projects/HW_SW/SEPmonG3/SEPmon/SEPmon.srcs/sources_1/bd/DEMO/DEMO.bd}
close_bd_design [get_bd_designs DEMO]
Wrote  : <C:/Users/gusta/Documents/SEP_projects/HW_SW/SEPmonG3/SEPmon/SEPmon.srcs/sources_1/bd/DEMO/ui/bd_58220e03.ui> 
save_wave_config {C:/Users/gusta/Documents/SEP_projects/HW_SW/SEPmonG3/SEPmon/SEPmon.hw/hw_1/wave/hw_ila_data_1/hw_ila_data_1.wcfg}
save_wave_config {C:/Users/gusta/Documents/SEP_projects/HW_SW/SEPmonG3/SEPmon/SEPmon.hw/hw_1/wave/hw_ila_data_2/hw_ila_data_2.wcfg}
close_hw_manager
open_hw_manager
connect_hw_server -allow_non_jtag
INFO: [Labtools 27-2285] Connecting to hw_server url TCP:localhost:3121
INFO: [Labtools 27-3415] Connecting to cs_server url TCP:localhost:3042
INFO: [Labtools 27-3414] Connected to existing cs_server.
open_hw_target
INFO: [Labtoolstcl 44-466] Opening hw_target localhost:3121/xilinx_tcf/Digilent/210351B3FC88A
set_property PROGRAM.FILE {C:/Users/gusta/Documents/SEP_projects/HW_SW/SEPmonG3/SEPmon/SEPmon.runs/impl_2/DEMO_wrapper.bit} [get_hw_devices xc7z010_1]
set_property PROBES.FILE {C:/Users/gusta/Documents/SEP_projects/HW_SW/SEPmonG3/SEPmon/SEPmon.runs/impl_2/DEMO_wrapper.ltx} [get_hw_devices xc7z010_1]
set_property FULL_PROBES.FILE {C:/Users/gusta/Documents/SEP_projects/HW_SW/SEPmonG3/SEPmon/SEPmon.runs/impl_2/DEMO_wrapper.ltx} [get_hw_devices xc7z010_1]
current_hw_device [get_hw_devices xc7z010_1]
refresh_hw_device [lindex [get_hw_devices xc7z010_1] 0]
INFO: [Labtools 27-2302] Device xc7z010 (JTAG device index = 1) is programmed with a design that has 2 ILA core(s).
INFO: [Labtools 27-2302] Device xc7z010 (JTAG device index = 1) is programmed with a design that has 1 VIO core(s).
WARNING: [Labtools 27-1952] VIO hw_probe OUTPUT_VALUE properties for hw_vio(s) [hw_vio_1] differ from output values in the VIO core(s).
Resolution: 
To synchronize the hw_probes properties and the VIO core outputs choose one of the following alternatives:
  1) Execute the command 'Commit Output Values to VIO Core', to write down the hw_probe values to the core.
  2) Execute the command 'Refresh Input and Output Values from VIO Core', to update the hw_probe properties with the core values.
  3) First restore initial values in the core with the command 'Reset VIO Core Outputs', and then execute the command 'Refresh Input and Output Values from VIO Core'.
display_hw_ila_data [ get_hw_ila_data hw_ila_data_1 -of_objects [get_hw_ilas -of_objects [get_hw_devices xc7z010_1] -filter {CELL_NAME=~"DEMO_i/ila_0"}]]
display_hw_ila_data [ get_hw_ila_data hw_ila_data_2 -of_objects [get_hw_ilas -of_objects [get_hw_devices xc7z010_1] -filter {CELL_NAME=~"DEMO_i/ila_1"}]]
run_hw_ila [get_hw_ilas -of_objects [get_hw_devices xc7z010_1] -filter {CELL_NAME=~"DEMO_i/ila_1"}]
INFO: [Labtools 27-1964] The ILA core 'hw_ila_2' trigger was armed at 2024-Jul-07 23:06:41
wait_on_hw_ila [get_hw_ilas -of_objects [get_hw_devices xc7z010_1] -filter {CELL_NAME=~"DEMO_i/ila_1"}]
display_hw_ila_data [upload_hw_ila_data [get_hw_ilas -of_objects [get_hw_devices xc7z010_1] -filter {CELL_NAME=~"DEMO_i/ila_1"}]]
INFO: [Labtools 27-1966] The ILA core 'hw_ila_2' triggered at 2024-Jul-07 23:06:41
INFO: [Labtools 27-3304] ILA Waveform data saved to file C:/Users/gusta/Documents/SEP_projects/HW_SW/SEPmonG3/SEPmon/SEPmon.hw/backup/hw_ila_data_2.ila. Use Tcl command 'read_hw_ila_data' or Vivado File->Import->Import ILA Data menu item to import the previously saved data.
open_bd_design {C:/Users/gusta/Documents/SEP_projects/HW_SW/SEPmonG3/SEPmon/SEPmon.srcs/sources_1/bd/DEMO/DEMO.bd}
Adding component instance block -- xilinx.com:ip:axi_interconnect:2.1 - ps7_0_axi_periph
Adding component instance block -- xilinx.com:ip:axi_crossbar:2.1 - xbar
Adding component instance block -- xilinx.com:ip:axi_protocol_converter:2.1 - auto_pc
Adding component instance block -- xilinx.com:ip:axi_timer:2.0 - axi_timer_0
Adding component instance block -- xilinx.com:ip:axi_timer:2.0 - axi_timer_1
Adding component instance block -- xilinx.com:ip:xlconcat:2.1 - xlconcat_0
Adding component instance block -- xilinx.com:ip:vio:3.0 - vio_0
Adding component instance block -- xilinx.com:ip:ila:6.2 - ila_0
INFO: [xilinx.com:ip:ila:6.2-6] /ila_0: Xilinx recommends using the System ILA IP in IP Integrator. The System ILA IP is functionally equivalent to an ILA and offers additional benefits in debugging interfaces both within IP Integrator and the Hardware Manager. Consult the Programming and Debug User Guide UG908 for further details.
Adding component instance block -- xilinx.com:ip:axi_timer:2.0 - axi_timer_2
Adding component instance block -- xilinx.com:ip:axi_gpio:2.0 - axi_gpio_0
Adding component instance block -- xilinx.com:ip:axi_iic:2.0 - axi_iic_0
Adding component instance block -- xilinx.com:ip:axi_quad_spi:3.2 - axi_quad_spi_0
Adding component instance block -- xilinx.com:ip:axi_quad_spi:3.2 - axi_quad_spi_1
Adding component instance block -- xilinx.com:ip:processing_system7:5.5 - processing_system7_0
WARNING: [BD 41-176] The physical port 'S_AXI_GP2_rd_socket' specified in the portmap, is not found on the block! 
WARNING: [BD 41-176] The physical port 'S_AXI_GP2_wr_socket' specified in the portmap, is not found on the block! 
WARNING: [BD 41-176] The physical port 'S_AXI_GP3_rd_socket' specified in the portmap, is not found on the block! 
WARNING: [BD 41-176] The physical port 'S_AXI_GP3_wr_socket' specified in the portmap, is not found on the block! 
Adding component instance block -- xilinx.com:ip:proc_sys_reset:5.0 - rst_ps7_0_50M
Adding component instance block -- xilinx.com:user:Debouncing_Button_VHDL:1.0 - Debouncing_Button_VH_0
Adding component instance block -- xilinx.com:user:ReproductorAXI:1.0 - ReproductorAXI_0
Adding component instance block -- xilinx.com:ip:ila:6.2 - ila_1
INFO: [xilinx.com:ip:ila:6.2-6] /ila_1: Xilinx recommends using the System ILA IP in IP Integrator. The System ILA IP is functionally equivalent to an ILA and offers additional benefits in debugging interfaces both within IP Integrator and the Hardware Manager. Consult the Programming and Debug User Guide UG908 for further details.
WARNING: [BD 41-1731] Type mismatch between connected pins: /clk(clk) and /axi_timer_2/freeze(undef)
Successfully read diagram <DEMO> from BD file <C:/Users/gusta/Documents/SEP_projects/HW_SW/SEPmonG3/SEPmon/SEPmon.srcs/sources_1/bd/DEMO/DEMO.bd>
startgroup
create_bd_cell -type ip -vlnv xilinx.com:ip:axi_gpio:2.0 axi_gpio_1
endgroup
set_property location {6 1772 73} [get_bd_cells axi_gpio_1]
set_property -dict [list CONFIG.C_ALL_INPUTS {1}] [get_bd_cells axi_gpio_1]
startgroup
make_bd_intf_pins_external  [get_bd_intf_pins axi_gpio_1/GPIO]
endgroup
set_property name LuzIRQ_tri_i [get_bd_intf_ports GPIO_0]
set_property name LuzIRQ [get_bd_intf_ports LuzIRQ_tri_i]
apply_bd_automation -rule xilinx.com:bd_rule:axi4 -config { Clk_master {/processing_system7_0/FCLK_CLK0 (100 MHz)} Clk_slave {Auto} Clk_xbar {/processing_system7_0/FCLK_CLK0 (100 MHz)} Master {/processing_system7_0/M_AXI_GP0} Slave {/axi_gpio_1/S_AXI} ddr_seg {Auto} intc_ip {/ps7_0_axi_periph} master_apm {0}}  [get_bd_intf_pins axi_gpio_1/S_AXI]
Slave segment '/axi_gpio_1/S_AXI/Reg' is being assigned into address space '/processing_system7_0/Data' at <0x4121_0000 [ 64K ]>.
startgroup
set_property -dict [list CONFIG.C_INTERRUPT_PRESENT {1}] [get_bd_cells axi_gpio_1]
endgroup
delete_bd_objs [get_bd_nets LuzIRQ_1]
delete_bd_objs [get_bd_ports LuzIRQ]
connect_bd_net [get_bd_pins xlconcat_0/In2] [get_bd_pins axi_gpio_1/ip2intc_irpt]
validate_bd_design
ERROR: [Common 17-161] Invalid option value '' specified for 'object'.
ERROR: [BD 41-1273] Error running propagate TCL procedure: ERROR: [Common 17-161] Invalid option value '' specified for 'object'.
    ::xilinx.com_ip_ila_6.2::propagate Line 95
INFO: [xilinx.com:ip:axi_quad_spi:3.2-1] /axi_quad_spi_1 
                   #######################################################################################
                   INFO: AXI Quad SPI core's AXI Lite Clock and EXT SPI CLK are synchronous to each other.
                   ########################################################################################
INFO: [xilinx.com:ip:axi_quad_spi:3.2-1] /axi_quad_spi_0 
                   #######################################################################################
                   INFO: AXI Quad SPI core's AXI Lite Clock and EXT SPI CLK are synchronous to each other.
                   ########################################################################################
validate_bd_design: Time (s): cpu = 00:00:26 ; elapsed = 00:00:27 . Memory (MB): peak = 5041.016 ; gain = 0.555
validate_bd_design -force
ERROR: [Common 17-161] Invalid option value '' specified for 'object'.
ERROR: [BD 41-1273] Error running propagate TCL procedure: ERROR: [Common 17-161] Invalid option value '' specified for 'object'.
    ::xilinx.com_ip_ila_6.2::propagate Line 95
INFO: [xilinx.com:ip:axi_quad_spi:3.2-1] /axi_quad_spi_1 
                   #######################################################################################
                   INFO: AXI Quad SPI core's AXI Lite Clock and EXT SPI CLK are synchronous to each other.
                   ########################################################################################
INFO: [xilinx.com:ip:axi_quad_spi:3.2-1] /axi_quad_spi_0 
                   #######################################################################################
                   INFO: AXI Quad SPI core's AXI Lite Clock and EXT SPI CLK are synchronous to each other.
                   ########################################################################################
validate_bd_design: Time (s): cpu = 00:00:21 ; elapsed = 00:00:21 . Memory (MB): peak = 5041.492 ; gain = 0.477
report_ip_status -name ip_status 
startgroup
endgroup
startgroup
set_property -dict [list CONFIG.C_INTERRUPT_PRESENT {0}] [get_bd_cells axi_gpio_1]
WARNING: [BD 41-1684] Pin /axi_gpio_1/ip2intc_irpt is now disabled. All connections to this pin have been removed. 
delete_bd_objs [get_bd_nets axi_gpio_1_ip2intc_irpt]
endgroup
validate_bd_design
ERROR: [Common 17-161] Invalid option value '' specified for 'object'.
ERROR: [BD 41-1273] Error running propagate TCL procedure: ERROR: [Common 17-161] Invalid option value '' specified for 'object'.
    ::xilinx.com_ip_ila_6.2::propagate Line 95
INFO: [xilinx.com:ip:axi_quad_spi:3.2-1] /axi_quad_spi_1 
                   #######################################################################################
                   INFO: AXI Quad SPI core's AXI Lite Clock and EXT SPI CLK are synchronous to each other.
                   ########################################################################################
INFO: [xilinx.com:ip:axi_quad_spi:3.2-1] /axi_quad_spi_0 
                   #######################################################################################
                   INFO: AXI Quad SPI core's AXI Lite Clock and EXT SPI CLK are synchronous to each other.
                   ########################################################################################
validate_bd_design: Time (s): cpu = 00:00:21 ; elapsed = 00:00:24 . Memory (MB): peak = 5730.512 ; gain = 13.746
delete_bd_objs [get_bd_cells ila_1]
connect_bd_net [get_bd_pins xlconcat_0/In2] [get_bd_pins axi_gpio_1/gpio_io_i]
WARNING: [BD 41-1306] The connection to interface pin /axi_gpio_1/gpio_io_i is being overridden by the user. This pin will not be connected as a part of interface connection GPIO
undo
INFO: [Common 17-17] undo 'connect_bd_net [get_bd_pins xlconcat_0/In2] [get_bd_pins axi_gpio_1/gpio_io_i]'
startgroup
set_property -dict [list CONFIG.C_INTERRUPT_PRESENT {1}] [get_bd_cells axi_gpio_1]
endgroup
connect_bd_net [get_bd_pins axi_gpio_1/ip2intc_irpt] [get_bd_pins xlconcat_0/In2]
validate_bd_design
INFO: [xilinx.com:ip:axi_quad_spi:3.2-1] /axi_quad_spi_1 
                   #######################################################################################
                   INFO: AXI Quad SPI core's AXI Lite Clock and EXT SPI CLK are synchronous to each other.
                   ########################################################################################
INFO: [xilinx.com:ip:axi_quad_spi:3.2-1] /axi_quad_spi_0 
                   #######################################################################################
                   INFO: AXI Quad SPI core's AXI Lite Clock and EXT SPI CLK are synchronous to each other.
                   ########################################################################################
validate_bd_design: Time (s): cpu = 00:00:21 ; elapsed = 00:00:24 . Memory (MB): peak = 5731.262 ; gain = 0.750
make_wrapper -files [get_files C:/Users/gusta/Documents/SEP_projects/HW_SW/SEPmonG3/SEPmon/SEPmon.srcs/sources_1/bd/DEMO/DEMO.bd] -top
INFO: [BD 41-1662] The design 'DEMO.bd' is already validated. Therefore parameter propagation will not be re-run.
Wrote  : <C:\Users\gusta\Documents\SEP_projects\HW_SW\SEPmonG3\SEPmon\SEPmon.srcs\sources_1\bd\DEMO\DEMO.bd> 
Wrote  : <C:/Users/gusta/Documents/SEP_projects/HW_SW/SEPmonG3/SEPmon/SEPmon.srcs/sources_1/bd/DEMO/ui/bd_58220e03.ui> 
VHDL Output written to : C:/Users/gusta/Documents/SEP_projects/HW_SW/SEPmonG3/SEPmon/SEPmon.srcs/sources_1/bd/DEMO/synth/DEMO.vhd
VHDL Output written to : C:/Users/gusta/Documents/SEP_projects/HW_SW/SEPmonG3/SEPmon/SEPmon.srcs/sources_1/bd/DEMO/sim/DEMO.vhd
VHDL Output written to : C:/Users/gusta/Documents/SEP_projects/HW_SW/SEPmonG3/SEPmon/SEPmon.srcs/sources_1/bd/DEMO/hdl/DEMO_wrapper.vhd
reset_run synth_1_copy_1
WARNING: [Vivado 12-1017] Problems encountered:
1. Failed to delete one or more files in run directory C:/Users/gusta/Documents/SEP_projects/HW_SW/SEPmonG3/SEPmon/SEPmon.runs/synth_1_copy_1

reset_run DEMO_xbar_0_synth_1
WARNING: [Vivado 12-1017] Problems encountered:
1. Failed to delete one or more files in run directory C:/Users/gusta/Documents/SEP_projects/HW_SW/SEPmonG3/SEPmon/SEPmon.runs/DEMO_xbar_0_synth_1

launch_runs impl_2 -to_step write_bitstream -jobs 4
INFO: [BD 41-1662] The design 'DEMO.bd' is already validated. Therefore parameter propagation will not be re-run.
Wrote  : <C:\Users\gusta\Documents\SEP_projects\HW_SW\SEPmonG3\SEPmon\SEPmon.srcs\sources_1\bd\DEMO\DEMO.bd> 
Wrote  : <C:/Users/gusta/Documents/SEP_projects/HW_SW/SEPmonG3/SEPmon/SEPmon.srcs/sources_1/bd/DEMO/ui/bd_58220e03.ui> 
VHDL Output written to : C:/Users/gusta/Documents/SEP_projects/HW_SW/SEPmonG3/SEPmon/SEPmon.srcs/sources_1/bd/DEMO/synth/DEMO.vhd
VHDL Output written to : C:/Users/gusta/Documents/SEP_projects/HW_SW/SEPmonG3/SEPmon/SEPmon.srcs/sources_1/bd/DEMO/sim/DEMO.vhd
VHDL Output written to : C:/Users/gusta/Documents/SEP_projects/HW_SW/SEPmonG3/SEPmon/SEPmon.srcs/sources_1/bd/DEMO/hdl/DEMO_wrapper.vhd
INFO: [BD 41-1029] Generation completed for the IP Integrator block ps7_0_axi_periph/xbar .
WARNING: [IP_Flow 19-4994] Overwriting existing constraint file 'c:/Users/gusta/Documents/SEP_projects/HW_SW/SEPmonG3/SEPmon/SEPmon.srcs/sources_1/bd/DEMO/ip/DEMO_auto_pc_0/DEMO_auto_pc_0_ooc.xdc'
INFO: [BD 41-1029] Generation completed for the IP Integrator block ps7_0_axi_periph/s00_couplers/auto_pc .
INFO: [BD 41-1029] Generation completed for the IP Integrator block axi_gpio_1 .
Exporting to file C:/Users/gusta/Documents/SEP_projects/HW_SW/SEPmonG3/SEPmon/SEPmon.srcs/sources_1/bd/DEMO/hw_handoff/DEMO.hwh
Generated Block Design Tcl file C:/Users/gusta/Documents/SEP_projects/HW_SW/SEPmonG3/SEPmon/SEPmon.srcs/sources_1/bd/DEMO/hw_handoff/DEMO_bd.tcl
Generated Hardware Definition File C:/Users/gusta/Documents/SEP_projects/HW_SW/SEPmonG3/SEPmon/SEPmon.srcs/sources_1/bd/DEMO/synth/DEMO.hwdef
INFO: [IP_Flow 19-4993] Using cached IP synthesis design for IP DEMO_auto_pc_0, cache-ID = f0066fce20473567; cache size = 7.148 MB.
INFO: [IP_Flow 19-4993] Using cached IP synthesis design for IP DEMO_xbar_0, cache-ID = 8ab6a94133334555; cache size = 16.349 MB.
[Sun Jul  7 23:26:32 2024] Launched DEMO_axi_gpio_1_0_synth_1, synth_1_copy_1...
Run output will be captured here:
DEMO_axi_gpio_1_0_synth_1: C:/Users/gusta/Documents/SEP_projects/HW_SW/SEPmonG3/SEPmon/SEPmon.runs/DEMO_axi_gpio_1_0_synth_1/runme.log
synth_1_copy_1: C:/Users/gusta/Documents/SEP_projects/HW_SW/SEPmonG3/SEPmon/SEPmon.runs/synth_1_copy_1/runme.log
[Sun Jul  7 23:26:32 2024] Launched impl_2...
Run output will be captured here: C:/Users/gusta/Documents/SEP_projects/HW_SW/SEPmonG3/SEPmon/SEPmon.runs/impl_2/runme.log
launch_runs: Time (s): cpu = 00:00:05 ; elapsed = 00:00:09 . Memory (MB): peak = 5731.652 ; gain = 0.391
