TRACE::2024-07-07.17:00:39::SCWPlatform::Trying to open the hw design at C:/Users/gusta/Documents/SEP_projects/HW_SW/SEPmonG3/SEPmonG3V3/hw/SEPmonG3V3.xsa
TRACE::2024-07-07.17:00:39::SCWPlatform::DSA given C:/Users/gusta/Documents/SEP_projects/HW_SW/SEPmonG3/SEPmonG3V3/hw/SEPmonG3V3.xsa
TRACE::2024-07-07.17:00:39::SCWPlatform::DSA absoulate path C:/Users/gusta/Documents/SEP_projects/HW_SW/SEPmonG3/SEPmonG3V3/hw/SEPmonG3V3.xsa
TRACE::2024-07-07.17:00:39::SCWPlatform::DSA directory C:/Users/gusta/Documents/SEP_projects/HW_SW/SEPmonG3/SEPmonG3V3/hw
TRACE::2024-07-07.17:00:39::SCWPlatform:: Platform Path C:/Users/gusta/Documents/SEP_projects/HW_SW/SEPmonG3/SEPmonG3V3/hw/SEPmonG3V3.xsa
TRACE::2024-07-07.17:00:39::SCWPlatform:: Unique name xilinx:zybo-z7-10::0.0
TRACE::2024-07-07.17:00:39::SCWPlatform::Do not have an existing db opened. 
TRACE::2024-07-07.17:00:41::SCWPlatform::Opened new HwDB with name DEMO_wrapper_29
TRACE::2024-07-07.17:00:41::SCWWriter::formatted JSON is {
	"platformName":	"SEPmonG3V3",
	"sprVersion":	"2.0",
	"mode":	"gui",
	"dsaType":	"Fixed",
	"platformDesc":	"SEPmonG3V3",
	"platHandOff":	"<platformDir>.xsa",
	"platIntHandOff":	"<platformDir>/hw/SEPmonG3V3.xsa",
	"deviceType":	"zynq",
	"platIsPrebuiltAutogen":	"false",
	"platIsNoBootBsp":	"false",
	"hasFsblMakeHasChanges":	"false",
	"hasPmufwMakeHasChanges":	"false",
	"platPreBuiltFlag":	false,
	"platformSamplesDir":	""
}
TRACE::2024-07-07.17:00:41::SCWWriter::formatted JSON is {
	"platformName":	"SEPmonG3V3",
	"sprVersion":	"2.0",
	"mode":	"gui",
	"dsaType":	"Fixed",
	"platformDesc":	"SEPmonG3V3",
	"platHandOff":	"<platformDir>.xsa",
	"platIntHandOff":	"<platformDir>/hw/SEPmonG3V3.xsa",
	"deviceType":	"zynq",
	"platIsPrebuiltAutogen":	"false",
	"platIsNoBootBsp":	"false",
	"hasFsblMakeHasChanges":	"false",
	"hasPmufwMakeHasChanges":	"false",
	"platPreBuiltFlag":	false,
	"platformSamplesDir":	"",
	"platActiveSys":	"SEPmonG3V3",
	"systems":	[{
			"systemName":	"SEPmonG3V3",
			"systemDesc":	"SEPmonG3V3",
			"sysIsBootAutoGen":	"true",
			"systemDispName":	"SEPmonG3V3"
		}]
}
TRACE::2024-07-07.17:00:41::SCWPlatform::Boot application domains not present, creating them
TRACE::2024-07-07.17:00:41::SCWDomain::checking for install qemu data   : 
TRACE::2024-07-07.17:00:41::SCWDomain:: Using the QEMU Data from install at  : C:/Xilinx/Vitis/2020.1/data/emulation/platforms/zynq/qemu/
TRACE::2024-07-07.17:00:41::SCWDomain:: Using the QEMU args  from install at  : C:/Xilinx/Vitis/2020.1/data/emulation/platforms/zynq/qemu/qemu_args.txt
TRACE::2024-07-07.17:00:41::SCWPlatform::Trying to open the hw design at C:/Users/gusta/Documents/SEP_projects/HW_SW/SEPmonG3/SEPmonG3V3/hw/SEPmonG3V3.xsa
TRACE::2024-07-07.17:00:41::SCWPlatform::DSA given C:/Users/gusta/Documents/SEP_projects/HW_SW/SEPmonG3/SEPmonG3V3/hw/SEPmonG3V3.xsa
TRACE::2024-07-07.17:00:41::SCWPlatform::DSA absoulate path C:/Users/gusta/Documents/SEP_projects/HW_SW/SEPmonG3/SEPmonG3V3/hw/SEPmonG3V3.xsa
TRACE::2024-07-07.17:00:41::SCWPlatform::DSA directory C:/Users/gusta/Documents/SEP_projects/HW_SW/SEPmonG3/SEPmonG3V3/hw
TRACE::2024-07-07.17:00:41::SCWPlatform:: Platform Path C:/Users/gusta/Documents/SEP_projects/HW_SW/SEPmonG3/SEPmonG3V3/hw/SEPmonG3V3.xsa
TRACE::2024-07-07.17:00:41::SCWPlatform:: Unique name xilinx:zybo-z7-10::0.0
TRACE::2024-07-07.17:00:41::SCWPlatform::Trying to set the existing hwdb with name DEMO_wrapper_29
TRACE::2024-07-07.17:00:41::SCWPlatform::Opened existing hwdb DEMO_wrapper_29
TRACE::2024-07-07.17:00:41::SCWPlatform::Found the Hw Db part of the input DSA
TRACE::2024-07-07.17:00:41::SCWPlatform::Trying to open the hw design at C:/Users/gusta/Documents/SEP_projects/HW_SW/SEPmonG3/SEPmonG3V3/hw/SEPmonG3V3.xsa
TRACE::2024-07-07.17:00:41::SCWPlatform::DSA given C:/Users/gusta/Documents/SEP_projects/HW_SW/SEPmonG3/SEPmonG3V3/hw/SEPmonG3V3.xsa
TRACE::2024-07-07.17:00:41::SCWPlatform::DSA absoulate path C:/Users/gusta/Documents/SEP_projects/HW_SW/SEPmonG3/SEPmonG3V3/hw/SEPmonG3V3.xsa
TRACE::2024-07-07.17:00:41::SCWPlatform::DSA directory C:/Users/gusta/Documents/SEP_projects/HW_SW/SEPmonG3/SEPmonG3V3/hw
TRACE::2024-07-07.17:00:41::SCWPlatform:: Platform Path C:/Users/gusta/Documents/SEP_projects/HW_SW/SEPmonG3/SEPmonG3V3/hw/SEPmonG3V3.xsa
TRACE::2024-07-07.17:00:41::SCWPlatform:: Unique name xilinx:zybo-z7-10::0.0
TRACE::2024-07-07.17:00:41::SCWPlatform::Trying to set the existing hwdb with name DEMO_wrapper_29
TRACE::2024-07-07.17:00:41::SCWPlatform::Opened existing hwdb DEMO_wrapper_29
TRACE::2024-07-07.17:00:41::SCWPlatform::Found the Hw Db part of the input DSA
TRACE::2024-07-07.17:00:41::SCWPlatform::Trying to open the hw design at C:/Users/gusta/Documents/SEP_projects/HW_SW/SEPmonG3/SEPmonG3V3/hw/SEPmonG3V3.xsa
TRACE::2024-07-07.17:00:41::SCWPlatform::DSA given C:/Users/gusta/Documents/SEP_projects/HW_SW/SEPmonG3/SEPmonG3V3/hw/SEPmonG3V3.xsa
TRACE::2024-07-07.17:00:41::SCWPlatform::DSA absoulate path C:/Users/gusta/Documents/SEP_projects/HW_SW/SEPmonG3/SEPmonG3V3/hw/SEPmonG3V3.xsa
TRACE::2024-07-07.17:00:41::SCWPlatform::DSA directory C:/Users/gusta/Documents/SEP_projects/HW_SW/SEPmonG3/SEPmonG3V3/hw
TRACE::2024-07-07.17:00:41::SCWPlatform:: Platform Path C:/Users/gusta/Documents/SEP_projects/HW_SW/SEPmonG3/SEPmonG3V3/hw/SEPmonG3V3.xsa
TRACE::2024-07-07.17:00:41::SCWPlatform:: Unique name xilinx:zybo-z7-10::0.0
TRACE::2024-07-07.17:00:41::SCWPlatform::Trying to set the existing hwdb with name DEMO_wrapper_29
TRACE::2024-07-07.17:00:41::SCWPlatform::Opened existing hwdb DEMO_wrapper_29
TRACE::2024-07-07.17:00:41::SCWPlatform::Found the Hw Db part of the input DSA
TRACE::2024-07-07.17:00:41::SCWPlatform::Boot application domain added for zynq_fsbl
TRACE::2024-07-07.17:00:41::SCWPlatform::Generating the sources  .
TRACE::2024-07-07.17:00:41::SCWBDomain::Generating boot domain sources.
TRACE::2024-07-07.17:00:41::SCWBDomain:: Generating the zynq_fsbl Application.
TRACE::2024-07-07.17:00:41::SCWPlatform::Trying to open the hw design at C:/Users/gusta/Documents/SEP_projects/HW_SW/SEPmonG3/SEPmonG3V3/hw/SEPmonG3V3.xsa
TRACE::2024-07-07.17:00:41::SCWPlatform::DSA given C:/Users/gusta/Documents/SEP_projects/HW_SW/SEPmonG3/SEPmonG3V3/hw/SEPmonG3V3.xsa
TRACE::2024-07-07.17:00:41::SCWPlatform::DSA absoulate path C:/Users/gusta/Documents/SEP_projects/HW_SW/SEPmonG3/SEPmonG3V3/hw/SEPmonG3V3.xsa
TRACE::2024-07-07.17:00:41::SCWPlatform::DSA directory C:/Users/gusta/Documents/SEP_projects/HW_SW/SEPmonG3/SEPmonG3V3/hw
TRACE::2024-07-07.17:00:41::SCWPlatform:: Platform Path C:/Users/gusta/Documents/SEP_projects/HW_SW/SEPmonG3/SEPmonG3V3/hw/SEPmonG3V3.xsa
TRACE::2024-07-07.17:00:41::SCWPlatform:: Unique name xilinx:zybo-z7-10::0.0
TRACE::2024-07-07.17:00:41::SCWPlatform::Trying to set the existing hwdb with name DEMO_wrapper_29
TRACE::2024-07-07.17:00:41::SCWPlatform::Opened existing hwdb DEMO_wrapper_29
TRACE::2024-07-07.17:00:41::SCWPlatform::Found the Hw Db part of the input DSA
TRACE::2024-07-07.17:00:41::SCWMssOS::Checking the sw design at  C:/Users/gusta/Documents/SEP_projects/HW_SW/SEPmonG3/SEPmonG3V3/zynq_fsbl/zynq_fsbl_bsp/system.mss
TRACE::2024-07-07.17:00:41::SCWMssOS::DEBUG:  swdes dump  C:/Users/gusta/Documents/SEP_projects/HW_SW/SEPmonG3/SEPmonG3/ps7_cortexa9_0/standalone_domain/bsp/system.mss|system_0||
C:/Users/gusta/Documents/SEP_projects/HW_SW/SEPmonG3/SEPmonG3/zynq_fsbl/zynq_fsbl_bsp/system.mss|system||

TRACE::2024-07-07.17:00:41::SCWMssOS::No sw design opened at  C:/Users/gusta/Documents/SEP_projects/HW_SW/SEPmonG3/SEPmonG3V3/zynq_fsbl/zynq_fsbl_bsp/system.mss
TRACE::2024-07-07.17:00:41::SCWMssOS::mss does not exists at C:/Users/gusta/Documents/SEP_projects/HW_SW/SEPmonG3/SEPmonG3V3/zynq_fsbl/zynq_fsbl_bsp/system.mss
TRACE::2024-07-07.17:00:41::SCWMssOS::Creating sw design at  C:/Users/gusta/Documents/SEP_projects/HW_SW/SEPmonG3/SEPmonG3V3/zynq_fsbl/zynq_fsbl_bsp/system.mss
TRACE::2024-07-07.17:00:41::SCWMssOS::Adding the swdes entry, created swdb C:/Users/gusta/Documents/SEP_projects/HW_SW/SEPmonG3/SEPmonG3V3/zynq_fsbl/zynq_fsbl_bsp/system.mss with des name C:/Users/gusta/Documents/SEP_projects/HW_SW/SEPmonG3/SEPmonG3V3/zynq_fsbl/zynq_fsbl_bsp/system.mss
TRACE::2024-07-07.17:00:41::SCWMssOS::updating the scw layer changes to swdes at   C:/Users/gusta/Documents/SEP_projects/HW_SW/SEPmonG3/SEPmonG3V3/zynq_fsbl/zynq_fsbl_bsp/system.mss
TRACE::2024-07-07.17:00:41::SCWMssOS::Writing mss at C:/Users/gusta/Documents/SEP_projects/HW_SW/SEPmonG3/SEPmonG3V3/zynq_fsbl/zynq_fsbl_bsp/system.mss
TRACE::2024-07-07.17:00:41::SCWMssOS::Completed writing the mss file at C:/Users/gusta/Documents/SEP_projects/HW_SW/SEPmonG3/SEPmonG3V3/zynq_fsbl/zynq_fsbl_bsp
TRACE::2024-07-07.17:00:41::SCWMssOS::Picking up changes from newly written mss file into SCW Layer. 
TRACE::2024-07-07.17:00:41::SCWMssOS::Updated the changes from newly written mss file into SCW Layer. 
TRACE::2024-07-07.17:00:41::SCWBDomain::Completed writing the mss file at C:/Users/gusta/Documents/SEP_projects/HW_SW/SEPmonG3/SEPmonG3V3/zynq_fsbl/zynq_fsbl_bsp
TRACE::2024-07-07.17:00:51::SCWPlatform::Generating sources Done.
TRACE::2024-07-07.17:00:51::SCWPlatform::Trying to open the hw design at C:/Users/gusta/Documents/SEP_projects/HW_SW/SEPmonG3/SEPmonG3V3/hw/SEPmonG3V3.xsa
TRACE::2024-07-07.17:00:51::SCWPlatform::DSA given C:/Users/gusta/Documents/SEP_projects/HW_SW/SEPmonG3/SEPmonG3V3/hw/SEPmonG3V3.xsa
TRACE::2024-07-07.17:00:51::SCWPlatform::DSA absoulate path C:/Users/gusta/Documents/SEP_projects/HW_SW/SEPmonG3/SEPmonG3V3/hw/SEPmonG3V3.xsa
TRACE::2024-07-07.17:00:51::SCWPlatform::DSA directory C:/Users/gusta/Documents/SEP_projects/HW_SW/SEPmonG3/SEPmonG3V3/hw
TRACE::2024-07-07.17:00:51::SCWPlatform:: Platform Path C:/Users/gusta/Documents/SEP_projects/HW_SW/SEPmonG3/SEPmonG3V3/hw/SEPmonG3V3.xsa
TRACE::2024-07-07.17:00:51::SCWPlatform:: Unique name xilinx:zybo-z7-10::0.0
TRACE::2024-07-07.17:00:51::SCWPlatform::Trying to set the existing hwdb with name DEMO_wrapper_29
TRACE::2024-07-07.17:00:51::SCWPlatform::Opened existing hwdb DEMO_wrapper_29
TRACE::2024-07-07.17:00:51::SCWPlatform::Found the Hw Db part of the input DSA
TRACE::2024-07-07.17:00:51::SCWMssOS::Checking the sw design at  C:/Users/gusta/Documents/SEP_projects/HW_SW/SEPmonG3/SEPmonG3V3/zynq_fsbl/zynq_fsbl_bsp/system.mss
TRACE::2024-07-07.17:00:51::SCWMssOS::DEBUG:  swdes dump  C:/Users/gusta/Documents/SEP_projects/HW_SW/SEPmonG3/SEPmonG3/ps7_cortexa9_0/standalone_domain/bsp/system.mss|system_0||
C:/Users/gusta/Documents/SEP_projects/HW_SW/SEPmonG3/SEPmonG3/zynq_fsbl/zynq_fsbl_bsp/system.mss|system||
C:/Users/gusta/Documents/SEP_projects/HW_SW/SEPmonG3/SEPmonG3V3/zynq_fsbl/zynq_fsbl_bsp/system.mss|C:/Users/gusta/Documents/SEP_projects/HW_SW/SEPmonG3/SEPmonG3V3/zynq_fsbl/zynq_fsbl_bsp/system.mss||

KEYINFO::2024-07-07.17:00:51::SCWMssOS::Could not open the swdb for C:/Users/gusta/Documents/SEP_projects/HW_SW/SEPmonG3/SEPmonG3V3/zynq_fsbl/zynq_fsbl_bsp/system.mss
KEYINFO::2024-07-07.17:00:51::SCWMssOS::Could not open the sw design at  C:/Users/gusta/Documents/SEP_projects/HW_SW/SEPmonG3/SEPmonG3V3/zynq_fsbl/zynq_fsbl_bsp/system.mss
ERROR: [Hsi 55-1558] Software Design C:/Users/gusta/Documents/SEP_projects/HW_SW/SEPmonG3/SEPmonG3V3/zynq_fsbl/zynq_fsbl_bsp/system.mss is not found

TRACE::2024-07-07.17:00:51::SCWMssOS::Cleared the swdb table entry
TRACE::2024-07-07.17:00:51::SCWMssOS::No sw design opened at  C:/Users/gusta/Documents/SEP_projects/HW_SW/SEPmonG3/SEPmonG3V3/zynq_fsbl/zynq_fsbl_bsp/system.mss
TRACE::2024-07-07.17:00:51::SCWMssOS::mss exists loading the mss file  C:/Users/gusta/Documents/SEP_projects/HW_SW/SEPmonG3/SEPmonG3V3/zynq_fsbl/zynq_fsbl_bsp/system.mss
TRACE::2024-07-07.17:00:51::SCWMssOS::Opened the sw design from mss  C:/Users/gusta/Documents/SEP_projects/HW_SW/SEPmonG3/SEPmonG3V3/zynq_fsbl/zynq_fsbl_bsp/system.mss
TRACE::2024-07-07.17:00:51::SCWMssOS::Adding the swdes entry C:/Users/gusta/Documents/SEP_projects/HW_SW/SEPmonG3/SEPmonG3V3/zynq_fsbl/zynq_fsbl_bsp/system.mss with des name system_1
TRACE::2024-07-07.17:00:51::SCWMssOS::updating the scw layer about changes
TRACE::2024-07-07.17:00:51::SCWMssOS::Opened the sw design.  C:/Users/gusta/Documents/SEP_projects/HW_SW/SEPmonG3/SEPmonG3V3/zynq_fsbl/zynq_fsbl_bsp/system.mss
TRACE::2024-07-07.17:00:51::SCWMssOS::Saving the mss changes C:/Users/gusta/Documents/SEP_projects/HW_SW/SEPmonG3/SEPmonG3V3/zynq_fsbl/zynq_fsbl_bsp/system.mss
TRACE::2024-07-07.17:00:51::SCWMssOS::Found a swdesign opened with the mssfile.
TRACE::2024-07-07.17:00:51::SCWMssOS::Completed writemss as part of save.
TRACE::2024-07-07.17:00:51::SCWMssOS::Commit changes completed.
TRACE::2024-07-07.17:00:51::SCWPlatform::Trying to open the hw design at C:/Users/gusta/Documents/SEP_projects/HW_SW/SEPmonG3/SEPmonG3V3/hw/SEPmonG3V3.xsa
TRACE::2024-07-07.17:00:51::SCWPlatform::DSA given C:/Users/gusta/Documents/SEP_projects/HW_SW/SEPmonG3/SEPmonG3V3/hw/SEPmonG3V3.xsa
TRACE::2024-07-07.17:00:51::SCWPlatform::DSA absoulate path C:/Users/gusta/Documents/SEP_projects/HW_SW/SEPmonG3/SEPmonG3V3/hw/SEPmonG3V3.xsa
TRACE::2024-07-07.17:00:51::SCWPlatform::DSA directory C:/Users/gusta/Documents/SEP_projects/HW_SW/SEPmonG3/SEPmonG3V3/hw
TRACE::2024-07-07.17:00:51::SCWPlatform:: Platform Path C:/Users/gusta/Documents/SEP_projects/HW_SW/SEPmonG3/SEPmonG3V3/hw/SEPmonG3V3.xsa
TRACE::2024-07-07.17:00:51::SCWPlatform:: Unique name xilinx:zybo-z7-10::0.0
TRACE::2024-07-07.17:00:51::SCWPlatform::Trying to set the existing hwdb with name DEMO_wrapper_29
TRACE::2024-07-07.17:00:51::SCWPlatform::Opened existing hwdb DEMO_wrapper_29
TRACE::2024-07-07.17:00:51::SCWPlatform::Found the Hw Db part of the input DSA
TRACE::2024-07-07.17:00:51::SCWMssOS::Checking the sw design at  C:/Users/gusta/Documents/SEP_projects/HW_SW/SEPmonG3/SEPmonG3V3/zynq_fsbl/zynq_fsbl_bsp/system.mss
TRACE::2024-07-07.17:00:51::SCWMssOS::DEBUG:  swdes dump  C:/Users/gusta/Documents/SEP_projects/HW_SW/SEPmonG3/SEPmonG3/ps7_cortexa9_0/standalone_domain/bsp/system.mss|system_0||
C:/Users/gusta/Documents/SEP_projects/HW_SW/SEPmonG3/SEPmonG3/zynq_fsbl/zynq_fsbl_bsp/system.mss|system||
C:/Users/gusta/Documents/SEP_projects/HW_SW/SEPmonG3/SEPmonG3V3/zynq_fsbl/zynq_fsbl_bsp/system.mss|system_1||

TRACE::2024-07-07.17:00:51::SCWMssOS::Sw design exists and opened at  C:/Users/gusta/Documents/SEP_projects/HW_SW/SEPmonG3/SEPmonG3V3/zynq_fsbl/zynq_fsbl_bsp/system.mss
TRACE::2024-07-07.17:00:51::SCWPlatform::Trying to open the hw design at C:/Users/gusta/Documents/SEP_projects/HW_SW/SEPmonG3/SEPmonG3V3/hw/SEPmonG3V3.xsa
TRACE::2024-07-07.17:00:51::SCWPlatform::DSA given C:/Users/gusta/Documents/SEP_projects/HW_SW/SEPmonG3/SEPmonG3V3/hw/SEPmonG3V3.xsa
TRACE::2024-07-07.17:00:51::SCWPlatform::DSA absoulate path C:/Users/gusta/Documents/SEP_projects/HW_SW/SEPmonG3/SEPmonG3V3/hw/SEPmonG3V3.xsa
TRACE::2024-07-07.17:00:51::SCWPlatform::DSA directory C:/Users/gusta/Documents/SEP_projects/HW_SW/SEPmonG3/SEPmonG3V3/hw
TRACE::2024-07-07.17:00:51::SCWPlatform:: Platform Path C:/Users/gusta/Documents/SEP_projects/HW_SW/SEPmonG3/SEPmonG3V3/hw/SEPmonG3V3.xsa
TRACE::2024-07-07.17:00:51::SCWPlatform:: Unique name xilinx:zybo-z7-10::0.0
TRACE::2024-07-07.17:00:51::SCWPlatform::Trying to set the existing hwdb with name DEMO_wrapper_29
TRACE::2024-07-07.17:00:51::SCWPlatform::Opened existing hwdb DEMO_wrapper_29
TRACE::2024-07-07.17:00:51::SCWPlatform::Found the Hw Db part of the input DSA
TRACE::2024-07-07.17:00:51::SCWMssOS::Checking the sw design at  C:/Users/gusta/Documents/SEP_projects/HW_SW/SEPmonG3/SEPmonG3V3/zynq_fsbl/zynq_fsbl_bsp/system.mss
TRACE::2024-07-07.17:00:51::SCWMssOS::DEBUG:  swdes dump  C:/Users/gusta/Documents/SEP_projects/HW_SW/SEPmonG3/SEPmonG3/ps7_cortexa9_0/standalone_domain/bsp/system.mss|system_0||
C:/Users/gusta/Documents/SEP_projects/HW_SW/SEPmonG3/SEPmonG3/zynq_fsbl/zynq_fsbl_bsp/system.mss|system||
C:/Users/gusta/Documents/SEP_projects/HW_SW/SEPmonG3/SEPmonG3V3/zynq_fsbl/zynq_fsbl_bsp/system.mss|system_1||

TRACE::2024-07-07.17:00:51::SCWMssOS::Sw design exists and opened at  C:/Users/gusta/Documents/SEP_projects/HW_SW/SEPmonG3/SEPmonG3V3/zynq_fsbl/zynq_fsbl_bsp/system.mss
TRACE::2024-07-07.17:00:51::SCWPlatform::Trying to open the hw design at C:/Users/gusta/Documents/SEP_projects/HW_SW/SEPmonG3/SEPmonG3V3/hw/SEPmonG3V3.xsa
TRACE::2024-07-07.17:00:51::SCWPlatform::DSA given C:/Users/gusta/Documents/SEP_projects/HW_SW/SEPmonG3/SEPmonG3V3/hw/SEPmonG3V3.xsa
TRACE::2024-07-07.17:00:51::SCWPlatform::DSA absoulate path C:/Users/gusta/Documents/SEP_projects/HW_SW/SEPmonG3/SEPmonG3V3/hw/SEPmonG3V3.xsa
TRACE::2024-07-07.17:00:51::SCWPlatform::DSA directory C:/Users/gusta/Documents/SEP_projects/HW_SW/SEPmonG3/SEPmonG3V3/hw
TRACE::2024-07-07.17:00:51::SCWPlatform:: Platform Path C:/Users/gusta/Documents/SEP_projects/HW_SW/SEPmonG3/SEPmonG3V3/hw/SEPmonG3V3.xsa
TRACE::2024-07-07.17:00:51::SCWPlatform:: Unique name xilinx:zybo-z7-10::0.0
TRACE::2024-07-07.17:00:51::SCWPlatform::Trying to set the existing hwdb with name DEMO_wrapper_29
TRACE::2024-07-07.17:00:51::SCWPlatform::Opened existing hwdb DEMO_wrapper_29
TRACE::2024-07-07.17:00:51::SCWPlatform::Found the Hw Db part of the input DSA
TRACE::2024-07-07.17:00:51::SCWMssOS::Checking the sw design at  C:/Users/gusta/Documents/SEP_projects/HW_SW/SEPmonG3/SEPmonG3V3/zynq_fsbl/zynq_fsbl_bsp/system.mss
TRACE::2024-07-07.17:00:51::SCWMssOS::DEBUG:  swdes dump  C:/Users/gusta/Documents/SEP_projects/HW_SW/SEPmonG3/SEPmonG3/ps7_cortexa9_0/standalone_domain/bsp/system.mss|system_0||
C:/Users/gusta/Documents/SEP_projects/HW_SW/SEPmonG3/SEPmonG3/zynq_fsbl/zynq_fsbl_bsp/system.mss|system||
C:/Users/gusta/Documents/SEP_projects/HW_SW/SEPmonG3/SEPmonG3V3/zynq_fsbl/zynq_fsbl_bsp/system.mss|system_1||

TRACE::2024-07-07.17:00:51::SCWMssOS::Sw design exists and opened at  C:/Users/gusta/Documents/SEP_projects/HW_SW/SEPmonG3/SEPmonG3V3/zynq_fsbl/zynq_fsbl_bsp/system.mss
TRACE::2024-07-07.17:00:51::SCWWriter::formatted JSON is {
	"platformName":	"SEPmonG3V3",
	"sprVersion":	"2.0",
	"mode":	"gui",
	"dsaType":	"Fixed",
	"platformDesc":	"SEPmonG3V3",
	"platHandOff":	"<platformDir>.xsa",
	"platIntHandOff":	"<platformDir>/hw/SEPmonG3V3.xsa",
	"deviceType":	"zynq",
	"platIsPrebuiltAutogen":	"false",
	"platIsNoBootBsp":	"false",
	"platFsblTarget":	"ps7_cortexa9_0",
	"hasFsblMakeHasChanges":	"false",
	"hasPmufwMakeHasChanges":	"false",
	"fsblExtraCompilerFlags":	"-MMD -MP       -mcpu=cortex-a9 -mfpu=vfpv3 -mfloat-abi=hard ",
	"platPreBuiltFlag":	false,
	"platformSamplesDir":	"",
	"platActiveSys":	"SEPmonG3V3",
	"systems":	[{
			"systemName":	"SEPmonG3V3",
			"systemDesc":	"SEPmonG3V3",
			"sysIsBootAutoGen":	"true",
			"systemDispName":	"SEPmonG3V3",
			"sysActiveDom":	"zynq_fsbl",
			"sysDefaultDom":	"",
			"domains":	[{
					"domainName":	"zynq_fsbl",
					"domainDispName":	"zynq_fsbl",
					"domainDesc":	"FSBL Application BSP - Auto Generated.",
					"processors":	"ps7_cortexa9_0",
					"os":	"standalone",
					"sdxOs":	"standalone",
					"debugEnable":	"",
					"domRuntimes":	["cpp"],
					"swRepo":	"",
					"mssOsVer":	"7.2",
					"mssFile":	"",
					"md5Digest":	"1c3d65b23234dc3ec6f7ff2cc82e7a29",
					"compatibleApp":	"zynq_fsbl",
					"domType":	"bootDomain",
					"appSettings":	{
						"appCompilerFlags":	"",
						"appLinkerFlags":	""
					},
					"addedLibs":	["xilffs:4.3", "xilrsa:1.6"],
					"libOptions":	{
						"libsContainingOptions":	[]
					},
					"prebuiltLibs":	{
						"prebuiltIncPath":	[],
						"prebuiltLibPath":	[]
					},
					"isolation":	{
					}
				}]
		}]
}
TRACE::2024-07-07.17:00:51::SCWDomain::checking for install qemu data   : 
TRACE::2024-07-07.17:00:51::SCWDomain:: Using the QEMU Data from install at  : C:/Xilinx/Vitis/2020.1/data/emulation/platforms/zynq/qemu/
TRACE::2024-07-07.17:00:51::SCWDomain:: Using the QEMU args  from install at  : C:/Xilinx/Vitis/2020.1/data/emulation/platforms/zynq/qemu/qemu_args.txt
TRACE::2024-07-07.17:00:51::SCWPlatform::Trying to open the hw design at C:/Users/gusta/Documents/SEP_projects/HW_SW/SEPmonG3/SEPmonG3V3/hw/SEPmonG3V3.xsa
TRACE::2024-07-07.17:00:51::SCWPlatform::DSA given C:/Users/gusta/Documents/SEP_projects/HW_SW/SEPmonG3/SEPmonG3V3/hw/SEPmonG3V3.xsa
TRACE::2024-07-07.17:00:51::SCWPlatform::DSA absoulate path C:/Users/gusta/Documents/SEP_projects/HW_SW/SEPmonG3/SEPmonG3V3/hw/SEPmonG3V3.xsa
TRACE::2024-07-07.17:00:51::SCWPlatform::DSA directory C:/Users/gusta/Documents/SEP_projects/HW_SW/SEPmonG3/SEPmonG3V3/hw
TRACE::2024-07-07.17:00:51::SCWPlatform:: Platform Path C:/Users/gusta/Documents/SEP_projects/HW_SW/SEPmonG3/SEPmonG3V3/hw/SEPmonG3V3.xsa
TRACE::2024-07-07.17:00:51::SCWPlatform:: Unique name xilinx:zybo-z7-10::0.0
TRACE::2024-07-07.17:00:51::SCWPlatform::Trying to set the existing hwdb with name DEMO_wrapper_29
TRACE::2024-07-07.17:00:51::SCWPlatform::Opened existing hwdb DEMO_wrapper_29
TRACE::2024-07-07.17:00:51::SCWPlatform::Found the Hw Db part of the input DSA
TRACE::2024-07-07.17:00:51::SCWPlatform::Trying to open the hw design at C:/Users/gusta/Documents/SEP_projects/HW_SW/SEPmonG3/SEPmonG3V3/hw/SEPmonG3V3.xsa
TRACE::2024-07-07.17:00:51::SCWPlatform::DSA given C:/Users/gusta/Documents/SEP_projects/HW_SW/SEPmonG3/SEPmonG3V3/hw/SEPmonG3V3.xsa
TRACE::2024-07-07.17:00:51::SCWPlatform::DSA absoulate path C:/Users/gusta/Documents/SEP_projects/HW_SW/SEPmonG3/SEPmonG3V3/hw/SEPmonG3V3.xsa
TRACE::2024-07-07.17:00:51::SCWPlatform::DSA directory C:/Users/gusta/Documents/SEP_projects/HW_SW/SEPmonG3/SEPmonG3V3/hw
TRACE::2024-07-07.17:00:51::SCWPlatform:: Platform Path C:/Users/gusta/Documents/SEP_projects/HW_SW/SEPmonG3/SEPmonG3V3/hw/SEPmonG3V3.xsa
TRACE::2024-07-07.17:00:51::SCWPlatform:: Unique name xilinx:zybo-z7-10::0.0
TRACE::2024-07-07.17:00:51::SCWPlatform::Trying to set the existing hwdb with name DEMO_wrapper_29
TRACE::2024-07-07.17:00:51::SCWPlatform::Opened existing hwdb DEMO_wrapper_29
TRACE::2024-07-07.17:00:51::SCWPlatform::Found the Hw Db part of the input DSA
TRACE::2024-07-07.17:00:51::SCWPlatform::Trying to open the hw design at C:/Users/gusta/Documents/SEP_projects/HW_SW/SEPmonG3/SEPmonG3V3/hw/SEPmonG3V3.xsa
TRACE::2024-07-07.17:00:51::SCWPlatform::DSA given C:/Users/gusta/Documents/SEP_projects/HW_SW/SEPmonG3/SEPmonG3V3/hw/SEPmonG3V3.xsa
TRACE::2024-07-07.17:00:51::SCWPlatform::DSA absoulate path C:/Users/gusta/Documents/SEP_projects/HW_SW/SEPmonG3/SEPmonG3V3/hw/SEPmonG3V3.xsa
TRACE::2024-07-07.17:00:51::SCWPlatform::DSA directory C:/Users/gusta/Documents/SEP_projects/HW_SW/SEPmonG3/SEPmonG3V3/hw
TRACE::2024-07-07.17:00:51::SCWPlatform:: Platform Path C:/Users/gusta/Documents/SEP_projects/HW_SW/SEPmonG3/SEPmonG3V3/hw/SEPmonG3V3.xsa
TRACE::2024-07-07.17:00:51::SCWPlatform:: Unique name xilinx:zybo-z7-10::0.0
TRACE::2024-07-07.17:00:51::SCWPlatform::Trying to set the existing hwdb with name DEMO_wrapper_29
TRACE::2024-07-07.17:00:51::SCWPlatform::Opened existing hwdb DEMO_wrapper_29
TRACE::2024-07-07.17:00:51::SCWPlatform::Found the Hw Db part of the input DSA
TRACE::2024-07-07.17:00:51::SCWMssOS::Checking the sw design at  C:/Users/gusta/Documents/SEP_projects/HW_SW/SEPmonG3/SEPmonG3V3/ps7_cortexa9_0/standalone_domain/bsp/system.mss
TRACE::2024-07-07.17:00:51::SCWMssOS::DEBUG:  swdes dump  C:/Users/gusta/Documents/SEP_projects/HW_SW/SEPmonG3/SEPmonG3/ps7_cortexa9_0/standalone_domain/bsp/system.mss|system_0||
C:/Users/gusta/Documents/SEP_projects/HW_SW/SEPmonG3/SEPmonG3/zynq_fsbl/zynq_fsbl_bsp/system.mss|system||
C:/Users/gusta/Documents/SEP_projects/HW_SW/SEPmonG3/SEPmonG3V3/zynq_fsbl/zynq_fsbl_bsp/system.mss|system_1||

TRACE::2024-07-07.17:00:51::SCWMssOS::No sw design opened at  C:/Users/gusta/Documents/SEP_projects/HW_SW/SEPmonG3/SEPmonG3V3/ps7_cortexa9_0/standalone_domain/bsp/system.mss
TRACE::2024-07-07.17:00:51::SCWMssOS::mss does not exists at C:/Users/gusta/Documents/SEP_projects/HW_SW/SEPmonG3/SEPmonG3V3/ps7_cortexa9_0/standalone_domain/bsp/system.mss
TRACE::2024-07-07.17:00:51::SCWMssOS::Creating sw design at  C:/Users/gusta/Documents/SEP_projects/HW_SW/SEPmonG3/SEPmonG3V3/ps7_cortexa9_0/standalone_domain/bsp/system.mss
TRACE::2024-07-07.17:00:51::SCWMssOS::Adding the swdes entry, created swdb C:/Users/gusta/Documents/SEP_projects/HW_SW/SEPmonG3/SEPmonG3V3/ps7_cortexa9_0/standalone_domain/bsp/system.mss with des name C:/Users/gusta/Documents/SEP_projects/HW_SW/SEPmonG3/SEPmonG3V3/ps7_cortexa9_0/standalone_domain/bsp/system.mss
TRACE::2024-07-07.17:00:51::SCWMssOS::updating the scw layer changes to swdes at   C:/Users/gusta/Documents/SEP_projects/HW_SW/SEPmonG3/SEPmonG3V3/ps7_cortexa9_0/standalone_domain/bsp/system.mss
TRACE::2024-07-07.17:00:51::SCWMssOS::Writing mss at C:/Users/gusta/Documents/SEP_projects/HW_SW/SEPmonG3/SEPmonG3V3/ps7_cortexa9_0/standalone_domain/bsp/system.mss
TRACE::2024-07-07.17:00:51::SCWMssOS::Completed writing the mss file at C:/Users/gusta/Documents/SEP_projects/HW_SW/SEPmonG3/SEPmonG3V3/ps7_cortexa9_0/standalone_domain/bsp
TRACE::2024-07-07.17:00:51::SCWMssOS::Picking up changes from newly written mss file into SCW Layer. 
TRACE::2024-07-07.17:00:51::SCWMssOS::Updated the changes from newly written mss file into SCW Layer. 
TRACE::2024-07-07.17:00:51::SCWMssOS::Completed writing the mss file at C:/Users/gusta/Documents/SEP_projects/HW_SW/SEPmonG3/SEPmonG3V3/ps7_cortexa9_0/standalone_domain/bsp
TRACE::2024-07-07.17:00:51::SCWMssOS::Forcing BSP Sources regeneration.
TRACE::2024-07-07.17:00:52::SCWMssOS::Saving the mss changes C:/Users/gusta/Documents/SEP_projects/HW_SW/SEPmonG3/SEPmonG3V3/zynq_fsbl/zynq_fsbl_bsp/system.mss
TRACE::2024-07-07.17:00:52::SCWMssOS::Found a swdesign opened with the mssfile.
TRACE::2024-07-07.17:00:52::SCWMssOS::Completed writemss as part of save.
TRACE::2024-07-07.17:00:52::SCWMssOS::Commit changes completed.
TRACE::2024-07-07.17:00:52::SCWMssOS::Saving the mss changes C:/Users/gusta/Documents/SEP_projects/HW_SW/SEPmonG3/SEPmonG3V3/ps7_cortexa9_0/standalone_domain/bsp/system.mss
TRACE::2024-07-07.17:00:52::SCWMssOS::Found a swdesign opened with the mssfile.
TRACE::2024-07-07.17:00:52::SCWMssOS::Running validate of swdbs.
KEYINFO::2024-07-07.17:00:52::SCWMssOS::Could not open the swdb for C:/Users/gusta/Documents/SEP_projects/HW_SW/SEPmonG3/SEPmonG3V3/ps7_cortexa9_0/standalone_domain/bsp/system.mss
KEYINFO::2024-07-07.17:00:52::SCWMssOS::Could not open the sw design at  C:/Users/gusta/Documents/SEP_projects/HW_SW/SEPmonG3/SEPmonG3V3/ps7_cortexa9_0/standalone_domain/bsp/system.mss
ERROR: [Hsi 55-1558] Software Design C:/Users/gusta/Documents/SEP_projects/HW_SW/SEPmonG3/SEPmonG3V3/ps7_cortexa9_0/standalone_domain/bsp/system.mss is not found

TRACE::2024-07-07.17:00:52::SCWMssOS::Cleared the swdb table entry
TRACE::2024-07-07.17:00:52::SCWMssOS::Adding the swdes entry, mss present, able to open swdb C:/Users/gusta/Documents/SEP_projects/HW_SW/SEPmonG3/SEPmonG3V3/ps7_cortexa9_0/standalone_domain/bsp/system.mss with des name system_2
TRACE::2024-07-07.17:00:52::SCWMssOS::Writing the mss file completed C:/Users/gusta/Documents/SEP_projects/HW_SW/SEPmonG3/SEPmonG3V3/ps7_cortexa9_0/standalone_domain/bsp/system.mss
TRACE::2024-07-07.17:00:52::SCWMssOS::Commit changes completed.
TRACE::2024-07-07.17:00:52::SCWPlatform::Trying to open the hw design at C:/Users/gusta/Documents/SEP_projects/HW_SW/SEPmonG3/SEPmonG3V3/hw/SEPmonG3V3.xsa
TRACE::2024-07-07.17:00:52::SCWPlatform::DSA given C:/Users/gusta/Documents/SEP_projects/HW_SW/SEPmonG3/SEPmonG3V3/hw/SEPmonG3V3.xsa
TRACE::2024-07-07.17:00:52::SCWPlatform::DSA absoulate path C:/Users/gusta/Documents/SEP_projects/HW_SW/SEPmonG3/SEPmonG3V3/hw/SEPmonG3V3.xsa
TRACE::2024-07-07.17:00:52::SCWPlatform::DSA directory C:/Users/gusta/Documents/SEP_projects/HW_SW/SEPmonG3/SEPmonG3V3/hw
TRACE::2024-07-07.17:00:52::SCWPlatform:: Platform Path C:/Users/gusta/Documents/SEP_projects/HW_SW/SEPmonG3/SEPmonG3V3/hw/SEPmonG3V3.xsa
TRACE::2024-07-07.17:00:52::SCWPlatform:: Unique name xilinx:zybo-z7-10::0.0
TRACE::2024-07-07.17:00:52::SCWPlatform::Trying to set the existing hwdb with name DEMO_wrapper_29
TRACE::2024-07-07.17:00:52::SCWPlatform::Opened existing hwdb DEMO_wrapper_29
TRACE::2024-07-07.17:00:52::SCWPlatform::Found the Hw Db part of the input DSA
TRACE::2024-07-07.17:00:52::SCWMssOS::Checking the sw design at  C:/Users/gusta/Documents/SEP_projects/HW_SW/SEPmonG3/SEPmonG3V3/zynq_fsbl/zynq_fsbl_bsp/system.mss
TRACE::2024-07-07.17:00:52::SCWMssOS::DEBUG:  swdes dump  C:/Users/gusta/Documents/SEP_projects/HW_SW/SEPmonG3/SEPmonG3/ps7_cortexa9_0/standalone_domain/bsp/system.mss|system_0||
C:/Users/gusta/Documents/SEP_projects/HW_SW/SEPmonG3/SEPmonG3/zynq_fsbl/zynq_fsbl_bsp/system.mss|system||
C:/Users/gusta/Documents/SEP_projects/HW_SW/SEPmonG3/SEPmonG3V3/ps7_cortexa9_0/standalone_domain/bsp/system.mss|system_2||
C:/Users/gusta/Documents/SEP_projects/HW_SW/SEPmonG3/SEPmonG3V3/zynq_fsbl/zynq_fsbl_bsp/system.mss|system_1||

TRACE::2024-07-07.17:00:52::SCWMssOS::Sw design exists and opened at  C:/Users/gusta/Documents/SEP_projects/HW_SW/SEPmonG3/SEPmonG3V3/zynq_fsbl/zynq_fsbl_bsp/system.mss
TRACE::2024-07-07.17:00:52::SCWPlatform::Trying to open the hw design at C:/Users/gusta/Documents/SEP_projects/HW_SW/SEPmonG3/SEPmonG3V3/hw/SEPmonG3V3.xsa
TRACE::2024-07-07.17:00:52::SCWPlatform::DSA given C:/Users/gusta/Documents/SEP_projects/HW_SW/SEPmonG3/SEPmonG3V3/hw/SEPmonG3V3.xsa
TRACE::2024-07-07.17:00:52::SCWPlatform::DSA absoulate path C:/Users/gusta/Documents/SEP_projects/HW_SW/SEPmonG3/SEPmonG3V3/hw/SEPmonG3V3.xsa
TRACE::2024-07-07.17:00:52::SCWPlatform::DSA directory C:/Users/gusta/Documents/SEP_projects/HW_SW/SEPmonG3/SEPmonG3V3/hw
TRACE::2024-07-07.17:00:52::SCWPlatform:: Platform Path C:/Users/gusta/Documents/SEP_projects/HW_SW/SEPmonG3/SEPmonG3V3/hw/SEPmonG3V3.xsa
TRACE::2024-07-07.17:00:52::SCWPlatform:: Unique name xilinx:zybo-z7-10::0.0
TRACE::2024-07-07.17:00:52::SCWPlatform::Trying to set the existing hwdb with name DEMO_wrapper_29
TRACE::2024-07-07.17:00:52::SCWPlatform::Opened existing hwdb DEMO_wrapper_29
TRACE::2024-07-07.17:00:52::SCWPlatform::Found the Hw Db part of the input DSA
TRACE::2024-07-07.17:00:52::SCWMssOS::Checking the sw design at  C:/Users/gusta/Documents/SEP_projects/HW_SW/SEPmonG3/SEPmonG3V3/zynq_fsbl/zynq_fsbl_bsp/system.mss
TRACE::2024-07-07.17:00:52::SCWMssOS::DEBUG:  swdes dump  C:/Users/gusta/Documents/SEP_projects/HW_SW/SEPmonG3/SEPmonG3/ps7_cortexa9_0/standalone_domain/bsp/system.mss|system_0||
C:/Users/gusta/Documents/SEP_projects/HW_SW/SEPmonG3/SEPmonG3/zynq_fsbl/zynq_fsbl_bsp/system.mss|system||
C:/Users/gusta/Documents/SEP_projects/HW_SW/SEPmonG3/SEPmonG3V3/ps7_cortexa9_0/standalone_domain/bsp/system.mss|system_2||
C:/Users/gusta/Documents/SEP_projects/HW_SW/SEPmonG3/SEPmonG3V3/zynq_fsbl/zynq_fsbl_bsp/system.mss|system_1||

TRACE::2024-07-07.17:00:52::SCWMssOS::Sw design exists and opened at  C:/Users/gusta/Documents/SEP_projects/HW_SW/SEPmonG3/SEPmonG3V3/zynq_fsbl/zynq_fsbl_bsp/system.mss
TRACE::2024-07-07.17:00:52::SCWPlatform::Trying to open the hw design at C:/Users/gusta/Documents/SEP_projects/HW_SW/SEPmonG3/SEPmonG3V3/hw/SEPmonG3V3.xsa
TRACE::2024-07-07.17:00:52::SCWPlatform::DSA given C:/Users/gusta/Documents/SEP_projects/HW_SW/SEPmonG3/SEPmonG3V3/hw/SEPmonG3V3.xsa
TRACE::2024-07-07.17:00:52::SCWPlatform::DSA absoulate path C:/Users/gusta/Documents/SEP_projects/HW_SW/SEPmonG3/SEPmonG3V3/hw/SEPmonG3V3.xsa
TRACE::2024-07-07.17:00:52::SCWPlatform::DSA directory C:/Users/gusta/Documents/SEP_projects/HW_SW/SEPmonG3/SEPmonG3V3/hw
TRACE::2024-07-07.17:00:52::SCWPlatform:: Platform Path C:/Users/gusta/Documents/SEP_projects/HW_SW/SEPmonG3/SEPmonG3V3/hw/SEPmonG3V3.xsa
TRACE::2024-07-07.17:00:52::SCWPlatform:: Unique name xilinx:zybo-z7-10::0.0
TRACE::2024-07-07.17:00:52::SCWPlatform::Trying to set the existing hwdb with name DEMO_wrapper_29
TRACE::2024-07-07.17:00:52::SCWPlatform::Opened existing hwdb DEMO_wrapper_29
TRACE::2024-07-07.17:00:52::SCWPlatform::Found the Hw Db part of the input DSA
TRACE::2024-07-07.17:00:52::SCWMssOS::Checking the sw design at  C:/Users/gusta/Documents/SEP_projects/HW_SW/SEPmonG3/SEPmonG3V3/zynq_fsbl/zynq_fsbl_bsp/system.mss
TRACE::2024-07-07.17:00:52::SCWMssOS::DEBUG:  swdes dump  C:/Users/gusta/Documents/SEP_projects/HW_SW/SEPmonG3/SEPmonG3/ps7_cortexa9_0/standalone_domain/bsp/system.mss|system_0||
C:/Users/gusta/Documents/SEP_projects/HW_SW/SEPmonG3/SEPmonG3/zynq_fsbl/zynq_fsbl_bsp/system.mss|system||
C:/Users/gusta/Documents/SEP_projects/HW_SW/SEPmonG3/SEPmonG3V3/ps7_cortexa9_0/standalone_domain/bsp/system.mss|system_2||
C:/Users/gusta/Documents/SEP_projects/HW_SW/SEPmonG3/SEPmonG3V3/zynq_fsbl/zynq_fsbl_bsp/system.mss|system_1||

TRACE::2024-07-07.17:00:52::SCWMssOS::Sw design exists and opened at  C:/Users/gusta/Documents/SEP_projects/HW_SW/SEPmonG3/SEPmonG3V3/zynq_fsbl/zynq_fsbl_bsp/system.mss
TRACE::2024-07-07.17:00:52::SCWPlatform::Trying to open the hw design at C:/Users/gusta/Documents/SEP_projects/HW_SW/SEPmonG3/SEPmonG3V3/hw/SEPmonG3V3.xsa
TRACE::2024-07-07.17:00:52::SCWPlatform::DSA given C:/Users/gusta/Documents/SEP_projects/HW_SW/SEPmonG3/SEPmonG3V3/hw/SEPmonG3V3.xsa
TRACE::2024-07-07.17:00:52::SCWPlatform::DSA absoulate path C:/Users/gusta/Documents/SEP_projects/HW_SW/SEPmonG3/SEPmonG3V3/hw/SEPmonG3V3.xsa
TRACE::2024-07-07.17:00:52::SCWPlatform::DSA directory C:/Users/gusta/Documents/SEP_projects/HW_SW/SEPmonG3/SEPmonG3V3/hw
TRACE::2024-07-07.17:00:52::SCWPlatform:: Platform Path C:/Users/gusta/Documents/SEP_projects/HW_SW/SEPmonG3/SEPmonG3V3/hw/SEPmonG3V3.xsa
TRACE::2024-07-07.17:00:52::SCWPlatform:: Unique name xilinx:zybo-z7-10::0.0
TRACE::2024-07-07.17:00:52::SCWPlatform::Trying to set the existing hwdb with name DEMO_wrapper_29
TRACE::2024-07-07.17:00:52::SCWPlatform::Opened existing hwdb DEMO_wrapper_29
TRACE::2024-07-07.17:00:52::SCWPlatform::Found the Hw Db part of the input DSA
TRACE::2024-07-07.17:00:52::SCWMssOS::Checking the sw design at  C:/Users/gusta/Documents/SEP_projects/HW_SW/SEPmonG3/SEPmonG3V3/ps7_cortexa9_0/standalone_domain/bsp/system.mss
TRACE::2024-07-07.17:00:52::SCWMssOS::DEBUG:  swdes dump  C:/Users/gusta/Documents/SEP_projects/HW_SW/SEPmonG3/SEPmonG3/ps7_cortexa9_0/standalone_domain/bsp/system.mss|system_0||
C:/Users/gusta/Documents/SEP_projects/HW_SW/SEPmonG3/SEPmonG3/zynq_fsbl/zynq_fsbl_bsp/system.mss|system||
C:/Users/gusta/Documents/SEP_projects/HW_SW/SEPmonG3/SEPmonG3V3/ps7_cortexa9_0/standalone_domain/bsp/system.mss|system_2||
C:/Users/gusta/Documents/SEP_projects/HW_SW/SEPmonG3/SEPmonG3V3/zynq_fsbl/zynq_fsbl_bsp/system.mss|system_1||

TRACE::2024-07-07.17:00:52::SCWMssOS::Sw design exists and opened at  C:/Users/gusta/Documents/SEP_projects/HW_SW/SEPmonG3/SEPmonG3V3/ps7_cortexa9_0/standalone_domain/bsp/system.mss
TRACE::2024-07-07.17:00:52::SCWPlatform::Trying to open the hw design at C:/Users/gusta/Documents/SEP_projects/HW_SW/SEPmonG3/SEPmonG3V3/hw/SEPmonG3V3.xsa
TRACE::2024-07-07.17:00:52::SCWPlatform::DSA given C:/Users/gusta/Documents/SEP_projects/HW_SW/SEPmonG3/SEPmonG3V3/hw/SEPmonG3V3.xsa
TRACE::2024-07-07.17:00:52::SCWPlatform::DSA absoulate path C:/Users/gusta/Documents/SEP_projects/HW_SW/SEPmonG3/SEPmonG3V3/hw/SEPmonG3V3.xsa
TRACE::2024-07-07.17:00:52::SCWPlatform::DSA directory C:/Users/gusta/Documents/SEP_projects/HW_SW/SEPmonG3/SEPmonG3V3/hw
TRACE::2024-07-07.17:00:52::SCWPlatform:: Platform Path C:/Users/gusta/Documents/SEP_projects/HW_SW/SEPmonG3/SEPmonG3V3/hw/SEPmonG3V3.xsa
TRACE::2024-07-07.17:00:52::SCWPlatform:: Unique name xilinx:zybo-z7-10::0.0
TRACE::2024-07-07.17:00:52::SCWPlatform::Trying to set the existing hwdb with name DEMO_wrapper_29
TRACE::2024-07-07.17:00:52::SCWPlatform::Opened existing hwdb DEMO_wrapper_29
TRACE::2024-07-07.17:00:52::SCWPlatform::Found the Hw Db part of the input DSA
TRACE::2024-07-07.17:00:52::SCWMssOS::Checking the sw design at  C:/Users/gusta/Documents/SEP_projects/HW_SW/SEPmonG3/SEPmonG3V3/ps7_cortexa9_0/standalone_domain/bsp/system.mss
TRACE::2024-07-07.17:00:52::SCWMssOS::DEBUG:  swdes dump  C:/Users/gusta/Documents/SEP_projects/HW_SW/SEPmonG3/SEPmonG3/ps7_cortexa9_0/standalone_domain/bsp/system.mss|system_0||
C:/Users/gusta/Documents/SEP_projects/HW_SW/SEPmonG3/SEPmonG3/zynq_fsbl/zynq_fsbl_bsp/system.mss|system||
C:/Users/gusta/Documents/SEP_projects/HW_SW/SEPmonG3/SEPmonG3V3/ps7_cortexa9_0/standalone_domain/bsp/system.mss|system_2||
C:/Users/gusta/Documents/SEP_projects/HW_SW/SEPmonG3/SEPmonG3V3/zynq_fsbl/zynq_fsbl_bsp/system.mss|system_1||

TRACE::2024-07-07.17:00:52::SCWMssOS::Sw design exists and opened at  C:/Users/gusta/Documents/SEP_projects/HW_SW/SEPmonG3/SEPmonG3V3/ps7_cortexa9_0/standalone_domain/bsp/system.mss
TRACE::2024-07-07.17:00:52::SCWPlatform::Trying to open the hw design at C:/Users/gusta/Documents/SEP_projects/HW_SW/SEPmonG3/SEPmonG3V3/hw/SEPmonG3V3.xsa
TRACE::2024-07-07.17:00:52::SCWPlatform::DSA given C:/Users/gusta/Documents/SEP_projects/HW_SW/SEPmonG3/SEPmonG3V3/hw/SEPmonG3V3.xsa
TRACE::2024-07-07.17:00:52::SCWPlatform::DSA absoulate path C:/Users/gusta/Documents/SEP_projects/HW_SW/SEPmonG3/SEPmonG3V3/hw/SEPmonG3V3.xsa
TRACE::2024-07-07.17:00:52::SCWPlatform::DSA directory C:/Users/gusta/Documents/SEP_projects/HW_SW/SEPmonG3/SEPmonG3V3/hw
TRACE::2024-07-07.17:00:52::SCWPlatform:: Platform Path C:/Users/gusta/Documents/SEP_projects/HW_SW/SEPmonG3/SEPmonG3V3/hw/SEPmonG3V3.xsa
TRACE::2024-07-07.17:00:52::SCWPlatform:: Unique name xilinx:zybo-z7-10::0.0
TRACE::2024-07-07.17:00:52::SCWPlatform::Trying to set the existing hwdb with name DEMO_wrapper_29
TRACE::2024-07-07.17:00:52::SCWPlatform::Opened existing hwdb DEMO_wrapper_29
TRACE::2024-07-07.17:00:52::SCWPlatform::Found the Hw Db part of the input DSA
TRACE::2024-07-07.17:00:52::SCWMssOS::Checking the sw design at  C:/Users/gusta/Documents/SEP_projects/HW_SW/SEPmonG3/SEPmonG3V3/ps7_cortexa9_0/standalone_domain/bsp/system.mss
TRACE::2024-07-07.17:00:52::SCWMssOS::DEBUG:  swdes dump  C:/Users/gusta/Documents/SEP_projects/HW_SW/SEPmonG3/SEPmonG3/ps7_cortexa9_0/standalone_domain/bsp/system.mss|system_0||
C:/Users/gusta/Documents/SEP_projects/HW_SW/SEPmonG3/SEPmonG3/zynq_fsbl/zynq_fsbl_bsp/system.mss|system||
C:/Users/gusta/Documents/SEP_projects/HW_SW/SEPmonG3/SEPmonG3V3/ps7_cortexa9_0/standalone_domain/bsp/system.mss|system_2||
C:/Users/gusta/Documents/SEP_projects/HW_SW/SEPmonG3/SEPmonG3V3/zynq_fsbl/zynq_fsbl_bsp/system.mss|system_1||

TRACE::2024-07-07.17:00:52::SCWMssOS::Sw design exists and opened at  C:/Users/gusta/Documents/SEP_projects/HW_SW/SEPmonG3/SEPmonG3V3/ps7_cortexa9_0/standalone_domain/bsp/system.mss
TRACE::2024-07-07.17:00:52::SCWWriter::formatted JSON is {
	"platformName":	"SEPmonG3V3",
	"sprVersion":	"2.0",
	"mode":	"gui",
	"dsaType":	"Fixed",
	"platformDesc":	"SEPmonG3V3",
	"platHandOff":	"<platformDir>.xsa",
	"platIntHandOff":	"<platformDir>/hw/SEPmonG3V3.xsa",
	"deviceType":	"zynq",
	"platIsPrebuiltAutogen":	"false",
	"platIsNoBootBsp":	"false",
	"platFsblTarget":	"ps7_cortexa9_0",
	"hasFsblMakeHasChanges":	"false",
	"hasPmufwMakeHasChanges":	"false",
	"fsblExtraCompilerFlags":	"-MMD -MP       -mcpu=cortex-a9 -mfpu=vfpv3 -mfloat-abi=hard ",
	"platPreBuiltFlag":	false,
	"platformSamplesDir":	"",
	"platActiveSys":	"SEPmonG3V3",
	"systems":	[{
			"systemName":	"SEPmonG3V3",
			"systemDesc":	"SEPmonG3V3",
			"sysIsBootAutoGen":	"true",
			"systemDispName":	"SEPmonG3V3",
			"sysActiveDom":	"standalone_domain",
			"sysDefaultDom":	"standalone_domain",
			"domains":	[{
					"domainName":	"zynq_fsbl",
					"domainDispName":	"zynq_fsbl",
					"domainDesc":	"FSBL Application BSP - Auto Generated.",
					"processors":	"ps7_cortexa9_0",
					"os":	"standalone",
					"sdxOs":	"standalone",
					"debugEnable":	"",
					"domRuntimes":	["cpp"],
					"swRepo":	"",
					"mssOsVer":	"7.2",
					"mssFile":	"",
					"md5Digest":	"1c3d65b23234dc3ec6f7ff2cc82e7a29",
					"compatibleApp":	"zynq_fsbl",
					"domType":	"bootDomain",
					"appSettings":	{
						"appCompilerFlags":	"",
						"appLinkerFlags":	""
					},
					"addedLibs":	["xilffs:4.3", "xilrsa:1.6"],
					"libOptions":	{
						"libsContainingOptions":	[]
					},
					"prebuiltLibs":	{
						"prebuiltIncPath":	[],
						"prebuiltLibPath":	[]
					},
					"isolation":	{
					}
				}, {
					"domainName":	"standalone_domain",
					"domainDispName":	"standalone_domain",
					"domainDesc":	"standalone_domain",
					"processors":	"ps7_cortexa9_0",
					"os":	"standalone",
					"sdxOs":	"standalone",
					"qemuArgs":	"C:/Xilinx/Vitis/2020.1/data/emulation/platforms/zynq/qemu/qemu_args.txt",
					"qemuData":	"C:/Xilinx/Vitis/2020.1/data/emulation/platforms/zynq/qemu/",
					"debugEnable":	"False",
					"domRuntimes":	["cpp"],
					"swRepo":	"",
					"mssOsVer":	"7.2",
					"mssFile":	"",
					"md5Digest":	"96a2233cbaff12ac4b4b6f28a05a4e23",
					"compatibleApp":	"",
					"domType":	"mssDomain",
					"appSettings":	{
						"appCompilerFlags":	"",
						"appLinkerFlags":	""
					},
					"addedLibs":	[],
					"libOptions":	{
						"libsContainingOptions":	[]
					},
					"prebuiltLibs":	{
						"prebuiltIncPath":	[],
						"prebuiltLibPath":	[]
					},
					"isolation":	{
					}
				}]
		}]
}
LOG::2024-07-07.17:00:52::SCWPlatform::Started generating the artifacts platform SEPmonG3V3
TRACE::2024-07-07.17:00:52::SCWPlatform::Sanity checking of platform is completed
LOG::2024-07-07.17:00:52::SCWPlatform::Started generating the artifacts for system configuration SEPmonG3V3
LOG::2024-07-07.17:00:52::SCWSystem::Checking the domain zynq_fsbl
LOG::2024-07-07.17:00:52::SCWSystem::Doing application build for :  zynq_fsbl
TRACE::2024-07-07.17:00:52::SCWBDomain::Not a forced makefile updation, No changes are present. 
TRACE::2024-07-07.17:00:52::SCWDomain::Skipping the build for domain :  zynq_fsbl
LOG::2024-07-07.17:00:52::SCWSystem::Checking the domain standalone_domain
LOG::2024-07-07.17:00:52::SCWSystem::Not a boot domain 
LOG::2024-07-07.17:00:52::SCWSystem::Started Processing the domain standalone_domain
TRACE::2024-07-07.17:00:52::SCWDomain::Generating domain artifcats
TRACE::2024-07-07.17:00:52::SCWMssOS::Generating standalone artifcats
TRACE::2024-07-07.17:00:52::SCWMssOS::Copying the qemu file from  C:/Xilinx/Vitis/2020.1/data/emulation/platforms/zynq/qemu/qemu_args.txt To C:/Users/gusta/Documents/SEP_projects/HW_SW/SEPmonG3/SEPmonG3V3/export/SEPmonG3V3/sw/SEPmonG3V3/qemu/
TRACE::2024-07-07.17:00:52::SCWMssOS::Copying the qemu file from  C:/Xilinx/Vitis/2020.1/data/emulation/platforms/zynq/qemu/qemu_args.txt To C:/Users/gusta/Documents/SEP_projects/HW_SW/SEPmonG3/SEPmonG3V3/export/SEPmonG3V3/sw/SEPmonG3V3/standalone_domain/qemu/
TRACE::2024-07-07.17:00:52::SCWMssOS:: Copying the user libraries. 
TRACE::2024-07-07.17:00:52::SCWPlatform::Trying to open the hw design at C:/Users/gusta/Documents/SEP_projects/HW_SW/SEPmonG3/SEPmonG3V3/hw/SEPmonG3V3.xsa
TRACE::2024-07-07.17:00:52::SCWPlatform::DSA given C:/Users/gusta/Documents/SEP_projects/HW_SW/SEPmonG3/SEPmonG3V3/hw/SEPmonG3V3.xsa
TRACE::2024-07-07.17:00:52::SCWPlatform::DSA absoulate path C:/Users/gusta/Documents/SEP_projects/HW_SW/SEPmonG3/SEPmonG3V3/hw/SEPmonG3V3.xsa
TRACE::2024-07-07.17:00:52::SCWPlatform::DSA directory C:/Users/gusta/Documents/SEP_projects/HW_SW/SEPmonG3/SEPmonG3V3/hw
TRACE::2024-07-07.17:00:52::SCWPlatform:: Platform Path C:/Users/gusta/Documents/SEP_projects/HW_SW/SEPmonG3/SEPmonG3V3/hw/SEPmonG3V3.xsa
TRACE::2024-07-07.17:00:52::SCWPlatform:: Unique name xilinx:zybo-z7-10::0.0
TRACE::2024-07-07.17:00:52::SCWPlatform::Trying to set the existing hwdb with name DEMO_wrapper_29
TRACE::2024-07-07.17:00:52::SCWPlatform::Opened existing hwdb DEMO_wrapper_29
TRACE::2024-07-07.17:00:52::SCWPlatform::Found the Hw Db part of the input DSA
TRACE::2024-07-07.17:00:52::SCWMssOS::Checking the sw design at  C:/Users/gusta/Documents/SEP_projects/HW_SW/SEPmonG3/SEPmonG3V3/ps7_cortexa9_0/standalone_domain/bsp/system.mss
TRACE::2024-07-07.17:00:52::SCWMssOS::DEBUG:  swdes dump  C:/Users/gusta/Documents/SEP_projects/HW_SW/SEPmonG3/SEPmonG3/ps7_cortexa9_0/standalone_domain/bsp/system.mss|system_0||
C:/Users/gusta/Documents/SEP_projects/HW_SW/SEPmonG3/SEPmonG3/zynq_fsbl/zynq_fsbl_bsp/system.mss|system||
C:/Users/gusta/Documents/SEP_projects/HW_SW/SEPmonG3/SEPmonG3V3/ps7_cortexa9_0/standalone_domain/bsp/system.mss|system_2||
C:/Users/gusta/Documents/SEP_projects/HW_SW/SEPmonG3/SEPmonG3V3/zynq_fsbl/zynq_fsbl_bsp/system.mss|system_1||

TRACE::2024-07-07.17:00:52::SCWMssOS::Sw design exists and opened at  C:/Users/gusta/Documents/SEP_projects/HW_SW/SEPmonG3/SEPmonG3V3/ps7_cortexa9_0/standalone_domain/bsp/system.mss
TRACE::2024-07-07.17:00:52::SCWMssOS::Completed writing the mss file at C:/Users/gusta/Documents/SEP_projects/HW_SW/SEPmonG3/SEPmonG3V3/ps7_cortexa9_0/standalone_domain/bsp
TRACE::2024-07-07.17:00:52::SCWMssOS::Mss edits present, copying mssfile into export location C:/Users/gusta/Documents/SEP_projects/HW_SW/SEPmonG3/SEPmonG3V3/ps7_cortexa9_0/standalone_domain/bsp/system.mss
TRACE::2024-07-07.17:00:52::SCWMssOS::bsp generated is upto date with the mss file. Skipping bsp generation.
TRACE::2024-07-07.17:00:52::SCWMssOS::BSP is already built. skipping the bsp build ... 
TRACE::2024-07-07.17:00:52::SCWDomain::Skipping the build for domain :  standalone_domain
TRACE::2024-07-07.17:00:52::SCWMssOS::skipping the bsp build ... 
TRACE::2024-07-07.17:00:52::SCWMssOS::Copying to export directory.
TRACE::2024-07-07.17:00:52::SCWMssOS:: Checking if to create the Supporting Applications
TRACE::2024-07-07.17:00:52::SCWMssOS:: No Linux domain exists, trying to generate FSBL 
TRACE::2024-07-07.17:00:52::SCWMssOS:: Completed Standalone Artifacts creation 
LOG::2024-07-07.17:00:52::SCWSystem::Completed Processing the domain standalone_domain
LOG::2024-07-07.17:00:52::SCWSystem::Completed Processing the sysconfig SEPmonG3V3
LOG::2024-07-07.17:00:52::SCWPlatform::Completed generating the artifacts for system configuration SEPmonG3V3
TRACE::2024-07-07.17:00:52::SCWPlatform::Started preparing the platform 
TRACE::2024-07-07.17:00:52::SCWSystem::Writing the bif file for system config SEPmonG3V3
TRACE::2024-07-07.17:00:52::SCWSystem::dir created 
TRACE::2024-07-07.17:00:52::SCWSystem::Writing the bif 
TRACE::2024-07-07.17:00:52::SCWPlatform::Started writing the spfm file 
TRACE::2024-07-07.17:00:52::SCWPlatform::Started writing the xpfm file 
TRACE::2024-07-07.17:00:52::SCWPlatform::Completed generating the platform
TRACE::2024-07-07.17:00:52::SCWMssOS::Saving the mss changes C:/Users/gusta/Documents/SEP_projects/HW_SW/SEPmonG3/SEPmonG3V3/zynq_fsbl/zynq_fsbl_bsp/system.mss
TRACE::2024-07-07.17:00:52::SCWMssOS::Found a swdesign opened with the mssfile.
TRACE::2024-07-07.17:00:52::SCWMssOS::Completed writemss as part of save.
TRACE::2024-07-07.17:00:52::SCWMssOS::Commit changes completed.
TRACE::2024-07-07.17:00:52::SCWMssOS::Saving the mss changes C:/Users/gusta/Documents/SEP_projects/HW_SW/SEPmonG3/SEPmonG3V3/ps7_cortexa9_0/standalone_domain/bsp/system.mss
TRACE::2024-07-07.17:00:52::SCWMssOS::Found a swdesign opened with the mssfile.
TRACE::2024-07-07.17:00:53::SCWMssOS::Completed writemss as part of save.
TRACE::2024-07-07.17:00:53::SCWMssOS::Commit changes completed.
TRACE::2024-07-07.17:00:53::SCWPlatform::Trying to open the hw design at C:/Users/gusta/Documents/SEP_projects/HW_SW/SEPmonG3/SEPmonG3V3/hw/SEPmonG3V3.xsa
TRACE::2024-07-07.17:00:53::SCWPlatform::DSA given C:/Users/gusta/Documents/SEP_projects/HW_SW/SEPmonG3/SEPmonG3V3/hw/SEPmonG3V3.xsa
TRACE::2024-07-07.17:00:53::SCWPlatform::DSA absoulate path C:/Users/gusta/Documents/SEP_projects/HW_SW/SEPmonG3/SEPmonG3V3/hw/SEPmonG3V3.xsa
TRACE::2024-07-07.17:00:53::SCWPlatform::DSA directory C:/Users/gusta/Documents/SEP_projects/HW_SW/SEPmonG3/SEPmonG3V3/hw
TRACE::2024-07-07.17:00:53::SCWPlatform:: Platform Path C:/Users/gusta/Documents/SEP_projects/HW_SW/SEPmonG3/SEPmonG3V3/hw/SEPmonG3V3.xsa
TRACE::2024-07-07.17:00:53::SCWPlatform:: Unique name xilinx:zybo-z7-10::0.0
TRACE::2024-07-07.17:00:53::SCWPlatform::Trying to set the existing hwdb with name DEMO_wrapper_29
TRACE::2024-07-07.17:00:53::SCWPlatform::Opened existing hwdb DEMO_wrapper_29
TRACE::2024-07-07.17:00:53::SCWPlatform::Found the Hw Db part of the input DSA
TRACE::2024-07-07.17:00:53::SCWMssOS::Checking the sw design at  C:/Users/gusta/Documents/SEP_projects/HW_SW/SEPmonG3/SEPmonG3V3/zynq_fsbl/zynq_fsbl_bsp/system.mss
TRACE::2024-07-07.17:00:53::SCWMssOS::DEBUG:  swdes dump  C:/Users/gusta/Documents/SEP_projects/HW_SW/SEPmonG3/SEPmonG3/ps7_cortexa9_0/standalone_domain/bsp/system.mss|system_0||
C:/Users/gusta/Documents/SEP_projects/HW_SW/SEPmonG3/SEPmonG3/zynq_fsbl/zynq_fsbl_bsp/system.mss|system||
C:/Users/gusta/Documents/SEP_projects/HW_SW/SEPmonG3/SEPmonG3V3/ps7_cortexa9_0/standalone_domain/bsp/system.mss|system_2||
C:/Users/gusta/Documents/SEP_projects/HW_SW/SEPmonG3/SEPmonG3V3/zynq_fsbl/zynq_fsbl_bsp/system.mss|system_1||

TRACE::2024-07-07.17:00:53::SCWMssOS::Sw design exists and opened at  C:/Users/gusta/Documents/SEP_projects/HW_SW/SEPmonG3/SEPmonG3V3/zynq_fsbl/zynq_fsbl_bsp/system.mss
TRACE::2024-07-07.17:00:53::SCWPlatform::Trying to open the hw design at C:/Users/gusta/Documents/SEP_projects/HW_SW/SEPmonG3/SEPmonG3V3/hw/SEPmonG3V3.xsa
TRACE::2024-07-07.17:00:53::SCWPlatform::DSA given C:/Users/gusta/Documents/SEP_projects/HW_SW/SEPmonG3/SEPmonG3V3/hw/SEPmonG3V3.xsa
TRACE::2024-07-07.17:00:53::SCWPlatform::DSA absoulate path C:/Users/gusta/Documents/SEP_projects/HW_SW/SEPmonG3/SEPmonG3V3/hw/SEPmonG3V3.xsa
TRACE::2024-07-07.17:00:53::SCWPlatform::DSA directory C:/Users/gusta/Documents/SEP_projects/HW_SW/SEPmonG3/SEPmonG3V3/hw
TRACE::2024-07-07.17:00:53::SCWPlatform:: Platform Path C:/Users/gusta/Documents/SEP_projects/HW_SW/SEPmonG3/SEPmonG3V3/hw/SEPmonG3V3.xsa
TRACE::2024-07-07.17:00:53::SCWPlatform:: Unique name xilinx:zybo-z7-10::0.0
TRACE::2024-07-07.17:00:53::SCWPlatform::Trying to set the existing hwdb with name DEMO_wrapper_29
TRACE::2024-07-07.17:00:53::SCWPlatform::Opened existing hwdb DEMO_wrapper_29
TRACE::2024-07-07.17:00:53::SCWPlatform::Found the Hw Db part of the input DSA
TRACE::2024-07-07.17:00:53::SCWMssOS::Checking the sw design at  C:/Users/gusta/Documents/SEP_projects/HW_SW/SEPmonG3/SEPmonG3V3/zynq_fsbl/zynq_fsbl_bsp/system.mss
TRACE::2024-07-07.17:00:53::SCWMssOS::DEBUG:  swdes dump  C:/Users/gusta/Documents/SEP_projects/HW_SW/SEPmonG3/SEPmonG3/ps7_cortexa9_0/standalone_domain/bsp/system.mss|system_0||
C:/Users/gusta/Documents/SEP_projects/HW_SW/SEPmonG3/SEPmonG3/zynq_fsbl/zynq_fsbl_bsp/system.mss|system||
C:/Users/gusta/Documents/SEP_projects/HW_SW/SEPmonG3/SEPmonG3V3/ps7_cortexa9_0/standalone_domain/bsp/system.mss|system_2||
C:/Users/gusta/Documents/SEP_projects/HW_SW/SEPmonG3/SEPmonG3V3/zynq_fsbl/zynq_fsbl_bsp/system.mss|system_1||

TRACE::2024-07-07.17:00:53::SCWMssOS::Sw design exists and opened at  C:/Users/gusta/Documents/SEP_projects/HW_SW/SEPmonG3/SEPmonG3V3/zynq_fsbl/zynq_fsbl_bsp/system.mss
TRACE::2024-07-07.17:00:53::SCWPlatform::Trying to open the hw design at C:/Users/gusta/Documents/SEP_projects/HW_SW/SEPmonG3/SEPmonG3V3/hw/SEPmonG3V3.xsa
TRACE::2024-07-07.17:00:53::SCWPlatform::DSA given C:/Users/gusta/Documents/SEP_projects/HW_SW/SEPmonG3/SEPmonG3V3/hw/SEPmonG3V3.xsa
TRACE::2024-07-07.17:00:53::SCWPlatform::DSA absoulate path C:/Users/gusta/Documents/SEP_projects/HW_SW/SEPmonG3/SEPmonG3V3/hw/SEPmonG3V3.xsa
TRACE::2024-07-07.17:00:53::SCWPlatform::DSA directory C:/Users/gusta/Documents/SEP_projects/HW_SW/SEPmonG3/SEPmonG3V3/hw
TRACE::2024-07-07.17:00:53::SCWPlatform:: Platform Path C:/Users/gusta/Documents/SEP_projects/HW_SW/SEPmonG3/SEPmonG3V3/hw/SEPmonG3V3.xsa
TRACE::2024-07-07.17:00:53::SCWPlatform:: Unique name xilinx:zybo-z7-10::0.0
TRACE::2024-07-07.17:00:53::SCWPlatform::Trying to set the existing hwdb with name DEMO_wrapper_29
TRACE::2024-07-07.17:00:53::SCWPlatform::Opened existing hwdb DEMO_wrapper_29
TRACE::2024-07-07.17:00:53::SCWPlatform::Found the Hw Db part of the input DSA
TRACE::2024-07-07.17:00:53::SCWMssOS::Checking the sw design at  C:/Users/gusta/Documents/SEP_projects/HW_SW/SEPmonG3/SEPmonG3V3/zynq_fsbl/zynq_fsbl_bsp/system.mss
TRACE::2024-07-07.17:00:53::SCWMssOS::DEBUG:  swdes dump  C:/Users/gusta/Documents/SEP_projects/HW_SW/SEPmonG3/SEPmonG3/ps7_cortexa9_0/standalone_domain/bsp/system.mss|system_0||
C:/Users/gusta/Documents/SEP_projects/HW_SW/SEPmonG3/SEPmonG3/zynq_fsbl/zynq_fsbl_bsp/system.mss|system||
C:/Users/gusta/Documents/SEP_projects/HW_SW/SEPmonG3/SEPmonG3V3/ps7_cortexa9_0/standalone_domain/bsp/system.mss|system_2||
C:/Users/gusta/Documents/SEP_projects/HW_SW/SEPmonG3/SEPmonG3V3/zynq_fsbl/zynq_fsbl_bsp/system.mss|system_1||

TRACE::2024-07-07.17:00:53::SCWMssOS::Sw design exists and opened at  C:/Users/gusta/Documents/SEP_projects/HW_SW/SEPmonG3/SEPmonG3V3/zynq_fsbl/zynq_fsbl_bsp/system.mss
TRACE::2024-07-07.17:00:53::SCWPlatform::Trying to open the hw design at C:/Users/gusta/Documents/SEP_projects/HW_SW/SEPmonG3/SEPmonG3V3/hw/SEPmonG3V3.xsa
TRACE::2024-07-07.17:00:53::SCWPlatform::DSA given C:/Users/gusta/Documents/SEP_projects/HW_SW/SEPmonG3/SEPmonG3V3/hw/SEPmonG3V3.xsa
TRACE::2024-07-07.17:00:53::SCWPlatform::DSA absoulate path C:/Users/gusta/Documents/SEP_projects/HW_SW/SEPmonG3/SEPmonG3V3/hw/SEPmonG3V3.xsa
TRACE::2024-07-07.17:00:53::SCWPlatform::DSA directory C:/Users/gusta/Documents/SEP_projects/HW_SW/SEPmonG3/SEPmonG3V3/hw
TRACE::2024-07-07.17:00:53::SCWPlatform:: Platform Path C:/Users/gusta/Documents/SEP_projects/HW_SW/SEPmonG3/SEPmonG3V3/hw/SEPmonG3V3.xsa
TRACE::2024-07-07.17:00:53::SCWPlatform:: Unique name xilinx:zybo-z7-10::0.0
TRACE::2024-07-07.17:00:53::SCWPlatform::Trying to set the existing hwdb with name DEMO_wrapper_29
TRACE::2024-07-07.17:00:53::SCWPlatform::Opened existing hwdb DEMO_wrapper_29
TRACE::2024-07-07.17:00:53::SCWPlatform::Found the Hw Db part of the input DSA
TRACE::2024-07-07.17:00:53::SCWMssOS::Checking the sw design at  C:/Users/gusta/Documents/SEP_projects/HW_SW/SEPmonG3/SEPmonG3V3/ps7_cortexa9_0/standalone_domain/bsp/system.mss
TRACE::2024-07-07.17:00:53::SCWMssOS::DEBUG:  swdes dump  C:/Users/gusta/Documents/SEP_projects/HW_SW/SEPmonG3/SEPmonG3/ps7_cortexa9_0/standalone_domain/bsp/system.mss|system_0||
C:/Users/gusta/Documents/SEP_projects/HW_SW/SEPmonG3/SEPmonG3/zynq_fsbl/zynq_fsbl_bsp/system.mss|system||
C:/Users/gusta/Documents/SEP_projects/HW_SW/SEPmonG3/SEPmonG3V3/ps7_cortexa9_0/standalone_domain/bsp/system.mss|system_2||
C:/Users/gusta/Documents/SEP_projects/HW_SW/SEPmonG3/SEPmonG3V3/zynq_fsbl/zynq_fsbl_bsp/system.mss|system_1||

TRACE::2024-07-07.17:00:53::SCWMssOS::Sw design exists and opened at  C:/Users/gusta/Documents/SEP_projects/HW_SW/SEPmonG3/SEPmonG3V3/ps7_cortexa9_0/standalone_domain/bsp/system.mss
TRACE::2024-07-07.17:00:53::SCWPlatform::Trying to open the hw design at C:/Users/gusta/Documents/SEP_projects/HW_SW/SEPmonG3/SEPmonG3V3/hw/SEPmonG3V3.xsa
TRACE::2024-07-07.17:00:53::SCWPlatform::DSA given C:/Users/gusta/Documents/SEP_projects/HW_SW/SEPmonG3/SEPmonG3V3/hw/SEPmonG3V3.xsa
TRACE::2024-07-07.17:00:53::SCWPlatform::DSA absoulate path C:/Users/gusta/Documents/SEP_projects/HW_SW/SEPmonG3/SEPmonG3V3/hw/SEPmonG3V3.xsa
TRACE::2024-07-07.17:00:53::SCWPlatform::DSA directory C:/Users/gusta/Documents/SEP_projects/HW_SW/SEPmonG3/SEPmonG3V3/hw
TRACE::2024-07-07.17:00:53::SCWPlatform:: Platform Path C:/Users/gusta/Documents/SEP_projects/HW_SW/SEPmonG3/SEPmonG3V3/hw/SEPmonG3V3.xsa
TRACE::2024-07-07.17:00:53::SCWPlatform:: Unique name xilinx:zybo-z7-10::0.0
TRACE::2024-07-07.17:00:53::SCWPlatform::Trying to set the existing hwdb with name DEMO_wrapper_29
TRACE::2024-07-07.17:00:53::SCWPlatform::Opened existing hwdb DEMO_wrapper_29
TRACE::2024-07-07.17:00:53::SCWPlatform::Found the Hw Db part of the input DSA
TRACE::2024-07-07.17:00:53::SCWMssOS::Checking the sw design at  C:/Users/gusta/Documents/SEP_projects/HW_SW/SEPmonG3/SEPmonG3V3/ps7_cortexa9_0/standalone_domain/bsp/system.mss
TRACE::2024-07-07.17:00:53::SCWMssOS::DEBUG:  swdes dump  C:/Users/gusta/Documents/SEP_projects/HW_SW/SEPmonG3/SEPmonG3/ps7_cortexa9_0/standalone_domain/bsp/system.mss|system_0||
C:/Users/gusta/Documents/SEP_projects/HW_SW/SEPmonG3/SEPmonG3/zynq_fsbl/zynq_fsbl_bsp/system.mss|system||
C:/Users/gusta/Documents/SEP_projects/HW_SW/SEPmonG3/SEPmonG3V3/ps7_cortexa9_0/standalone_domain/bsp/system.mss|system_2||
C:/Users/gusta/Documents/SEP_projects/HW_SW/SEPmonG3/SEPmonG3V3/zynq_fsbl/zynq_fsbl_bsp/system.mss|system_1||

TRACE::2024-07-07.17:00:53::SCWMssOS::Sw design exists and opened at  C:/Users/gusta/Documents/SEP_projects/HW_SW/SEPmonG3/SEPmonG3V3/ps7_cortexa9_0/standalone_domain/bsp/system.mss
TRACE::2024-07-07.17:00:53::SCWPlatform::Trying to open the hw design at C:/Users/gusta/Documents/SEP_projects/HW_SW/SEPmonG3/SEPmonG3V3/hw/SEPmonG3V3.xsa
TRACE::2024-07-07.17:00:53::SCWPlatform::DSA given C:/Users/gusta/Documents/SEP_projects/HW_SW/SEPmonG3/SEPmonG3V3/hw/SEPmonG3V3.xsa
TRACE::2024-07-07.17:00:53::SCWPlatform::DSA absoulate path C:/Users/gusta/Documents/SEP_projects/HW_SW/SEPmonG3/SEPmonG3V3/hw/SEPmonG3V3.xsa
TRACE::2024-07-07.17:00:53::SCWPlatform::DSA directory C:/Users/gusta/Documents/SEP_projects/HW_SW/SEPmonG3/SEPmonG3V3/hw
TRACE::2024-07-07.17:00:53::SCWPlatform:: Platform Path C:/Users/gusta/Documents/SEP_projects/HW_SW/SEPmonG3/SEPmonG3V3/hw/SEPmonG3V3.xsa
TRACE::2024-07-07.17:00:53::SCWPlatform:: Unique name xilinx:zybo-z7-10::0.0
TRACE::2024-07-07.17:00:53::SCWPlatform::Trying to set the existing hwdb with name DEMO_wrapper_29
TRACE::2024-07-07.17:00:53::SCWPlatform::Opened existing hwdb DEMO_wrapper_29
TRACE::2024-07-07.17:00:53::SCWPlatform::Found the Hw Db part of the input DSA
TRACE::2024-07-07.17:00:53::SCWMssOS::Checking the sw design at  C:/Users/gusta/Documents/SEP_projects/HW_SW/SEPmonG3/SEPmonG3V3/ps7_cortexa9_0/standalone_domain/bsp/system.mss
TRACE::2024-07-07.17:00:53::SCWMssOS::DEBUG:  swdes dump  C:/Users/gusta/Documents/SEP_projects/HW_SW/SEPmonG3/SEPmonG3/ps7_cortexa9_0/standalone_domain/bsp/system.mss|system_0||
C:/Users/gusta/Documents/SEP_projects/HW_SW/SEPmonG3/SEPmonG3/zynq_fsbl/zynq_fsbl_bsp/system.mss|system||
C:/Users/gusta/Documents/SEP_projects/HW_SW/SEPmonG3/SEPmonG3V3/ps7_cortexa9_0/standalone_domain/bsp/system.mss|system_2||
C:/Users/gusta/Documents/SEP_projects/HW_SW/SEPmonG3/SEPmonG3V3/zynq_fsbl/zynq_fsbl_bsp/system.mss|system_1||

TRACE::2024-07-07.17:00:53::SCWMssOS::Sw design exists and opened at  C:/Users/gusta/Documents/SEP_projects/HW_SW/SEPmonG3/SEPmonG3V3/ps7_cortexa9_0/standalone_domain/bsp/system.mss
TRACE::2024-07-07.17:00:53::SCWWriter::formatted JSON is {
	"platformName":	"SEPmonG3V3",
	"sprVersion":	"2.0",
	"mode":	"gui",
	"dsaType":	"Fixed",
	"platformDesc":	"SEPmonG3V3",
	"platHandOff":	"<platformDir>.xsa",
	"platIntHandOff":	"<platformDir>/hw/SEPmonG3V3.xsa",
	"deviceType":	"zynq",
	"platIsPrebuiltAutogen":	"false",
	"platIsNoBootBsp":	"false",
	"platFsblTarget":	"ps7_cortexa9_0",
	"hasFsblMakeHasChanges":	"false",
	"hasPmufwMakeHasChanges":	"false",
	"fsblExtraCompilerFlags":	"-MMD -MP       -mcpu=cortex-a9 -mfpu=vfpv3 -mfloat-abi=hard ",
	"platPreBuiltFlag":	false,
	"platformSamplesDir":	"",
	"platActiveSys":	"SEPmonG3V3",
	"systems":	[{
			"systemName":	"SEPmonG3V3",
			"systemDesc":	"SEPmonG3V3",
			"sysIsBootAutoGen":	"true",
			"systemDispName":	"SEPmonG3V3",
			"sysActiveDom":	"standalone_domain",
			"sysDefaultDom":	"standalone_domain",
			"domains":	[{
					"domainName":	"zynq_fsbl",
					"domainDispName":	"zynq_fsbl",
					"domainDesc":	"FSBL Application BSP - Auto Generated.",
					"processors":	"ps7_cortexa9_0",
					"os":	"standalone",
					"sdxOs":	"standalone",
					"debugEnable":	"",
					"domRuntimes":	["cpp"],
					"swRepo":	"",
					"mssOsVer":	"7.2",
					"mssFile":	"",
					"md5Digest":	"1c3d65b23234dc3ec6f7ff2cc82e7a29",
					"compatibleApp":	"zynq_fsbl",
					"domType":	"bootDomain",
					"appSettings":	{
						"appCompilerFlags":	"",
						"appLinkerFlags":	""
					},
					"addedLibs":	["xilffs:4.3", "xilrsa:1.6"],
					"libOptions":	{
						"libsContainingOptions":	[]
					},
					"prebuiltLibs":	{
						"prebuiltIncPath":	[],
						"prebuiltLibPath":	[]
					},
					"isolation":	{
					}
				}, {
					"domainName":	"standalone_domain",
					"domainDispName":	"standalone_domain",
					"domainDesc":	"standalone_domain",
					"processors":	"ps7_cortexa9_0",
					"os":	"standalone",
					"sdxOs":	"standalone",
					"qemuArgs":	"C:/Xilinx/Vitis/2020.1/data/emulation/platforms/zynq/qemu/qemu_args.txt",
					"qemuData":	"C:/Xilinx/Vitis/2020.1/data/emulation/platforms/zynq/qemu/",
					"debugEnable":	"False",
					"domRuntimes":	["cpp"],
					"swRepo":	"",
					"mssOsVer":	"7.2",
					"mssFile":	"",
					"md5Digest":	"96a2233cbaff12ac4b4b6f28a05a4e23",
					"compatibleApp":	"",
					"domType":	"mssDomain",
					"appSettings":	{
						"appCompilerFlags":	"",
						"appLinkerFlags":	""
					},
					"addedLibs":	[],
					"libOptions":	{
						"libsContainingOptions":	[]
					},
					"prebuiltLibs":	{
						"prebuiltIncPath":	[],
						"prebuiltLibPath":	[]
					},
					"isolation":	{
					}
				}]
		}]
}
KEYINFO::2024-07-07.17:00:53::SCWPlatform::updated the xpfm file.
TRACE::2024-07-07.17:00:53::SCWPlatform::Trying to open the hw design at C:/Users/gusta/Documents/SEP_projects/HW_SW/SEPmonG3/SEPmonG3V3/hw/SEPmonG3V3.xsa
TRACE::2024-07-07.17:00:53::SCWPlatform::DSA given C:/Users/gusta/Documents/SEP_projects/HW_SW/SEPmonG3/SEPmonG3V3/hw/SEPmonG3V3.xsa
TRACE::2024-07-07.17:00:53::SCWPlatform::DSA absoulate path C:/Users/gusta/Documents/SEP_projects/HW_SW/SEPmonG3/SEPmonG3V3/hw/SEPmonG3V3.xsa
TRACE::2024-07-07.17:00:53::SCWPlatform::DSA directory C:/Users/gusta/Documents/SEP_projects/HW_SW/SEPmonG3/SEPmonG3V3/hw
TRACE::2024-07-07.17:00:53::SCWPlatform:: Platform Path C:/Users/gusta/Documents/SEP_projects/HW_SW/SEPmonG3/SEPmonG3V3/hw/SEPmonG3V3.xsa
TRACE::2024-07-07.17:00:53::SCWPlatform:: Unique name xilinx:zybo-z7-10::0.0
TRACE::2024-07-07.17:00:53::SCWPlatform::Trying to set the existing hwdb with name DEMO_wrapper_29
TRACE::2024-07-07.17:00:53::SCWPlatform::Opened existing hwdb DEMO_wrapper_29
TRACE::2024-07-07.17:00:53::SCWPlatform::Found the Hw Db part of the input DSA
TRACE::2024-07-07.17:00:53::SCWMssOS::Checking the sw design at  C:/Users/gusta/Documents/SEP_projects/HW_SW/SEPmonG3/SEPmonG3V3/ps7_cortexa9_0/standalone_domain/bsp/system.mss
TRACE::2024-07-07.17:00:53::SCWMssOS::DEBUG:  swdes dump  C:/Users/gusta/Documents/SEP_projects/HW_SW/SEPmonG3/SEPmonG3/ps7_cortexa9_0/standalone_domain/bsp/system.mss|system_0||
C:/Users/gusta/Documents/SEP_projects/HW_SW/SEPmonG3/SEPmonG3/zynq_fsbl/zynq_fsbl_bsp/system.mss|system||
C:/Users/gusta/Documents/SEP_projects/HW_SW/SEPmonG3/SEPmonG3V3/ps7_cortexa9_0/standalone_domain/bsp/system.mss|system_2||
C:/Users/gusta/Documents/SEP_projects/HW_SW/SEPmonG3/SEPmonG3V3/zynq_fsbl/zynq_fsbl_bsp/system.mss|system_1||

TRACE::2024-07-07.17:00:53::SCWMssOS::Sw design exists and opened at  C:/Users/gusta/Documents/SEP_projects/HW_SW/SEPmonG3/SEPmonG3V3/ps7_cortexa9_0/standalone_domain/bsp/system.mss
TRACE::2024-07-07.17:00:53::SCWMssOS::Saving the mss changes C:/Users/gusta/Documents/SEP_projects/HW_SW/SEPmonG3/SEPmonG3V3/zynq_fsbl/zynq_fsbl_bsp/system.mss
TRACE::2024-07-07.17:00:53::SCWMssOS::Found a swdesign opened with the mssfile.
TRACE::2024-07-07.17:00:53::SCWMssOS::Completed writemss as part of save.
TRACE::2024-07-07.17:00:53::SCWMssOS::Commit changes completed.
TRACE::2024-07-07.17:00:53::SCWMssOS::Saving the mss changes C:/Users/gusta/Documents/SEP_projects/HW_SW/SEPmonG3/SEPmonG3V3/ps7_cortexa9_0/standalone_domain/bsp/system.mss
TRACE::2024-07-07.17:00:53::SCWMssOS::Found a swdesign opened with the mssfile.
TRACE::2024-07-07.17:00:53::SCWMssOS::Completed writemss as part of save.
TRACE::2024-07-07.17:00:53::SCWMssOS::Commit changes completed.
TRACE::2024-07-07.17:00:53::SCWPlatform::Trying to open the hw design at C:/Users/gusta/Documents/SEP_projects/HW_SW/SEPmonG3/SEPmonG3V3/hw/SEPmonG3V3.xsa
TRACE::2024-07-07.17:00:53::SCWPlatform::DSA given C:/Users/gusta/Documents/SEP_projects/HW_SW/SEPmonG3/SEPmonG3V3/hw/SEPmonG3V3.xsa
TRACE::2024-07-07.17:00:53::SCWPlatform::DSA absoulate path C:/Users/gusta/Documents/SEP_projects/HW_SW/SEPmonG3/SEPmonG3V3/hw/SEPmonG3V3.xsa
TRACE::2024-07-07.17:00:53::SCWPlatform::DSA directory C:/Users/gusta/Documents/SEP_projects/HW_SW/SEPmonG3/SEPmonG3V3/hw
TRACE::2024-07-07.17:00:53::SCWPlatform:: Platform Path C:/Users/gusta/Documents/SEP_projects/HW_SW/SEPmonG3/SEPmonG3V3/hw/SEPmonG3V3.xsa
TRACE::2024-07-07.17:00:53::SCWPlatform:: Unique name xilinx:zybo-z7-10::0.0
TRACE::2024-07-07.17:00:53::SCWPlatform::Trying to set the existing hwdb with name DEMO_wrapper_29
TRACE::2024-07-07.17:00:53::SCWPlatform::Opened existing hwdb DEMO_wrapper_29
TRACE::2024-07-07.17:00:53::SCWPlatform::Found the Hw Db part of the input DSA
TRACE::2024-07-07.17:00:53::SCWMssOS::Checking the sw design at  C:/Users/gusta/Documents/SEP_projects/HW_SW/SEPmonG3/SEPmonG3V3/zynq_fsbl/zynq_fsbl_bsp/system.mss
TRACE::2024-07-07.17:00:53::SCWMssOS::DEBUG:  swdes dump  C:/Users/gusta/Documents/SEP_projects/HW_SW/SEPmonG3/SEPmonG3/ps7_cortexa9_0/standalone_domain/bsp/system.mss|system_0||
C:/Users/gusta/Documents/SEP_projects/HW_SW/SEPmonG3/SEPmonG3/zynq_fsbl/zynq_fsbl_bsp/system.mss|system||
C:/Users/gusta/Documents/SEP_projects/HW_SW/SEPmonG3/SEPmonG3V3/ps7_cortexa9_0/standalone_domain/bsp/system.mss|system_2||
C:/Users/gusta/Documents/SEP_projects/HW_SW/SEPmonG3/SEPmonG3V3/zynq_fsbl/zynq_fsbl_bsp/system.mss|system_1||

TRACE::2024-07-07.17:00:53::SCWMssOS::Sw design exists and opened at  C:/Users/gusta/Documents/SEP_projects/HW_SW/SEPmonG3/SEPmonG3V3/zynq_fsbl/zynq_fsbl_bsp/system.mss
TRACE::2024-07-07.17:00:53::SCWPlatform::Trying to open the hw design at C:/Users/gusta/Documents/SEP_projects/HW_SW/SEPmonG3/SEPmonG3V3/hw/SEPmonG3V3.xsa
TRACE::2024-07-07.17:00:53::SCWPlatform::DSA given C:/Users/gusta/Documents/SEP_projects/HW_SW/SEPmonG3/SEPmonG3V3/hw/SEPmonG3V3.xsa
TRACE::2024-07-07.17:00:53::SCWPlatform::DSA absoulate path C:/Users/gusta/Documents/SEP_projects/HW_SW/SEPmonG3/SEPmonG3V3/hw/SEPmonG3V3.xsa
TRACE::2024-07-07.17:00:53::SCWPlatform::DSA directory C:/Users/gusta/Documents/SEP_projects/HW_SW/SEPmonG3/SEPmonG3V3/hw
TRACE::2024-07-07.17:00:53::SCWPlatform:: Platform Path C:/Users/gusta/Documents/SEP_projects/HW_SW/SEPmonG3/SEPmonG3V3/hw/SEPmonG3V3.xsa
TRACE::2024-07-07.17:00:53::SCWPlatform:: Unique name xilinx:zybo-z7-10::0.0
TRACE::2024-07-07.17:00:53::SCWPlatform::Trying to set the existing hwdb with name DEMO_wrapper_29
TRACE::2024-07-07.17:00:53::SCWPlatform::Opened existing hwdb DEMO_wrapper_29
TRACE::2024-07-07.17:00:53::SCWPlatform::Found the Hw Db part of the input DSA
TRACE::2024-07-07.17:00:53::SCWMssOS::Checking the sw design at  C:/Users/gusta/Documents/SEP_projects/HW_SW/SEPmonG3/SEPmonG3V3/zynq_fsbl/zynq_fsbl_bsp/system.mss
TRACE::2024-07-07.17:00:53::SCWMssOS::DEBUG:  swdes dump  C:/Users/gusta/Documents/SEP_projects/HW_SW/SEPmonG3/SEPmonG3/ps7_cortexa9_0/standalone_domain/bsp/system.mss|system_0||
C:/Users/gusta/Documents/SEP_projects/HW_SW/SEPmonG3/SEPmonG3/zynq_fsbl/zynq_fsbl_bsp/system.mss|system||
C:/Users/gusta/Documents/SEP_projects/HW_SW/SEPmonG3/SEPmonG3V3/ps7_cortexa9_0/standalone_domain/bsp/system.mss|system_2||
C:/Users/gusta/Documents/SEP_projects/HW_SW/SEPmonG3/SEPmonG3V3/zynq_fsbl/zynq_fsbl_bsp/system.mss|system_1||

TRACE::2024-07-07.17:00:53::SCWMssOS::Sw design exists and opened at  C:/Users/gusta/Documents/SEP_projects/HW_SW/SEPmonG3/SEPmonG3V3/zynq_fsbl/zynq_fsbl_bsp/system.mss
TRACE::2024-07-07.17:00:53::SCWPlatform::Trying to open the hw design at C:/Users/gusta/Documents/SEP_projects/HW_SW/SEPmonG3/SEPmonG3V3/hw/SEPmonG3V3.xsa
TRACE::2024-07-07.17:00:53::SCWPlatform::DSA given C:/Users/gusta/Documents/SEP_projects/HW_SW/SEPmonG3/SEPmonG3V3/hw/SEPmonG3V3.xsa
TRACE::2024-07-07.17:00:53::SCWPlatform::DSA absoulate path C:/Users/gusta/Documents/SEP_projects/HW_SW/SEPmonG3/SEPmonG3V3/hw/SEPmonG3V3.xsa
TRACE::2024-07-07.17:00:53::SCWPlatform::DSA directory C:/Users/gusta/Documents/SEP_projects/HW_SW/SEPmonG3/SEPmonG3V3/hw
TRACE::2024-07-07.17:00:53::SCWPlatform:: Platform Path C:/Users/gusta/Documents/SEP_projects/HW_SW/SEPmonG3/SEPmonG3V3/hw/SEPmonG3V3.xsa
TRACE::2024-07-07.17:00:53::SCWPlatform:: Unique name xilinx:zybo-z7-10::0.0
TRACE::2024-07-07.17:00:53::SCWPlatform::Trying to set the existing hwdb with name DEMO_wrapper_29
TRACE::2024-07-07.17:00:53::SCWPlatform::Opened existing hwdb DEMO_wrapper_29
TRACE::2024-07-07.17:00:53::SCWPlatform::Found the Hw Db part of the input DSA
TRACE::2024-07-07.17:00:53::SCWMssOS::Checking the sw design at  C:/Users/gusta/Documents/SEP_projects/HW_SW/SEPmonG3/SEPmonG3V3/zynq_fsbl/zynq_fsbl_bsp/system.mss
TRACE::2024-07-07.17:00:53::SCWMssOS::DEBUG:  swdes dump  C:/Users/gusta/Documents/SEP_projects/HW_SW/SEPmonG3/SEPmonG3/ps7_cortexa9_0/standalone_domain/bsp/system.mss|system_0||
C:/Users/gusta/Documents/SEP_projects/HW_SW/SEPmonG3/SEPmonG3/zynq_fsbl/zynq_fsbl_bsp/system.mss|system||
C:/Users/gusta/Documents/SEP_projects/HW_SW/SEPmonG3/SEPmonG3V3/ps7_cortexa9_0/standalone_domain/bsp/system.mss|system_2||
C:/Users/gusta/Documents/SEP_projects/HW_SW/SEPmonG3/SEPmonG3V3/zynq_fsbl/zynq_fsbl_bsp/system.mss|system_1||

TRACE::2024-07-07.17:00:53::SCWMssOS::Sw design exists and opened at  C:/Users/gusta/Documents/SEP_projects/HW_SW/SEPmonG3/SEPmonG3V3/zynq_fsbl/zynq_fsbl_bsp/system.mss
TRACE::2024-07-07.17:00:53::SCWPlatform::Trying to open the hw design at C:/Users/gusta/Documents/SEP_projects/HW_SW/SEPmonG3/SEPmonG3V3/hw/SEPmonG3V3.xsa
TRACE::2024-07-07.17:00:53::SCWPlatform::DSA given C:/Users/gusta/Documents/SEP_projects/HW_SW/SEPmonG3/SEPmonG3V3/hw/SEPmonG3V3.xsa
TRACE::2024-07-07.17:00:53::SCWPlatform::DSA absoulate path C:/Users/gusta/Documents/SEP_projects/HW_SW/SEPmonG3/SEPmonG3V3/hw/SEPmonG3V3.xsa
TRACE::2024-07-07.17:00:53::SCWPlatform::DSA directory C:/Users/gusta/Documents/SEP_projects/HW_SW/SEPmonG3/SEPmonG3V3/hw
TRACE::2024-07-07.17:00:53::SCWPlatform:: Platform Path C:/Users/gusta/Documents/SEP_projects/HW_SW/SEPmonG3/SEPmonG3V3/hw/SEPmonG3V3.xsa
TRACE::2024-07-07.17:00:53::SCWPlatform:: Unique name xilinx:zybo-z7-10::0.0
TRACE::2024-07-07.17:00:53::SCWPlatform::Trying to set the existing hwdb with name DEMO_wrapper_29
TRACE::2024-07-07.17:00:53::SCWPlatform::Opened existing hwdb DEMO_wrapper_29
TRACE::2024-07-07.17:00:53::SCWPlatform::Found the Hw Db part of the input DSA
TRACE::2024-07-07.17:00:53::SCWMssOS::Checking the sw design at  C:/Users/gusta/Documents/SEP_projects/HW_SW/SEPmonG3/SEPmonG3V3/ps7_cortexa9_0/standalone_domain/bsp/system.mss
TRACE::2024-07-07.17:00:53::SCWMssOS::DEBUG:  swdes dump  C:/Users/gusta/Documents/SEP_projects/HW_SW/SEPmonG3/SEPmonG3/ps7_cortexa9_0/standalone_domain/bsp/system.mss|system_0||
C:/Users/gusta/Documents/SEP_projects/HW_SW/SEPmonG3/SEPmonG3/zynq_fsbl/zynq_fsbl_bsp/system.mss|system||
C:/Users/gusta/Documents/SEP_projects/HW_SW/SEPmonG3/SEPmonG3V3/ps7_cortexa9_0/standalone_domain/bsp/system.mss|system_2||
C:/Users/gusta/Documents/SEP_projects/HW_SW/SEPmonG3/SEPmonG3V3/zynq_fsbl/zynq_fsbl_bsp/system.mss|system_1||

TRACE::2024-07-07.17:00:53::SCWMssOS::Sw design exists and opened at  C:/Users/gusta/Documents/SEP_projects/HW_SW/SEPmonG3/SEPmonG3V3/ps7_cortexa9_0/standalone_domain/bsp/system.mss
TRACE::2024-07-07.17:00:53::SCWPlatform::Trying to open the hw design at C:/Users/gusta/Documents/SEP_projects/HW_SW/SEPmonG3/SEPmonG3V3/hw/SEPmonG3V3.xsa
TRACE::2024-07-07.17:00:53::SCWPlatform::DSA given C:/Users/gusta/Documents/SEP_projects/HW_SW/SEPmonG3/SEPmonG3V3/hw/SEPmonG3V3.xsa
TRACE::2024-07-07.17:00:53::SCWPlatform::DSA absoulate path C:/Users/gusta/Documents/SEP_projects/HW_SW/SEPmonG3/SEPmonG3V3/hw/SEPmonG3V3.xsa
TRACE::2024-07-07.17:00:53::SCWPlatform::DSA directory C:/Users/gusta/Documents/SEP_projects/HW_SW/SEPmonG3/SEPmonG3V3/hw
TRACE::2024-07-07.17:00:53::SCWPlatform:: Platform Path C:/Users/gusta/Documents/SEP_projects/HW_SW/SEPmonG3/SEPmonG3V3/hw/SEPmonG3V3.xsa
TRACE::2024-07-07.17:00:53::SCWPlatform:: Unique name xilinx:zybo-z7-10::0.0
TRACE::2024-07-07.17:00:53::SCWPlatform::Trying to set the existing hwdb with name DEMO_wrapper_29
TRACE::2024-07-07.17:00:53::SCWPlatform::Opened existing hwdb DEMO_wrapper_29
TRACE::2024-07-07.17:00:53::SCWPlatform::Found the Hw Db part of the input DSA
TRACE::2024-07-07.17:00:53::SCWMssOS::Checking the sw design at  C:/Users/gusta/Documents/SEP_projects/HW_SW/SEPmonG3/SEPmonG3V3/ps7_cortexa9_0/standalone_domain/bsp/system.mss
TRACE::2024-07-07.17:00:53::SCWMssOS::DEBUG:  swdes dump  C:/Users/gusta/Documents/SEP_projects/HW_SW/SEPmonG3/SEPmonG3/ps7_cortexa9_0/standalone_domain/bsp/system.mss|system_0||
C:/Users/gusta/Documents/SEP_projects/HW_SW/SEPmonG3/SEPmonG3/zynq_fsbl/zynq_fsbl_bsp/system.mss|system||
C:/Users/gusta/Documents/SEP_projects/HW_SW/SEPmonG3/SEPmonG3V3/ps7_cortexa9_0/standalone_domain/bsp/system.mss|system_2||
C:/Users/gusta/Documents/SEP_projects/HW_SW/SEPmonG3/SEPmonG3V3/zynq_fsbl/zynq_fsbl_bsp/system.mss|system_1||

TRACE::2024-07-07.17:00:53::SCWMssOS::Sw design exists and opened at  C:/Users/gusta/Documents/SEP_projects/HW_SW/SEPmonG3/SEPmonG3V3/ps7_cortexa9_0/standalone_domain/bsp/system.mss
TRACE::2024-07-07.17:00:53::SCWPlatform::Trying to open the hw design at C:/Users/gusta/Documents/SEP_projects/HW_SW/SEPmonG3/SEPmonG3V3/hw/SEPmonG3V3.xsa
TRACE::2024-07-07.17:00:53::SCWPlatform::DSA given C:/Users/gusta/Documents/SEP_projects/HW_SW/SEPmonG3/SEPmonG3V3/hw/SEPmonG3V3.xsa
TRACE::2024-07-07.17:00:53::SCWPlatform::DSA absoulate path C:/Users/gusta/Documents/SEP_projects/HW_SW/SEPmonG3/SEPmonG3V3/hw/SEPmonG3V3.xsa
TRACE::2024-07-07.17:00:53::SCWPlatform::DSA directory C:/Users/gusta/Documents/SEP_projects/HW_SW/SEPmonG3/SEPmonG3V3/hw
TRACE::2024-07-07.17:00:53::SCWPlatform:: Platform Path C:/Users/gusta/Documents/SEP_projects/HW_SW/SEPmonG3/SEPmonG3V3/hw/SEPmonG3V3.xsa
TRACE::2024-07-07.17:00:53::SCWPlatform:: Unique name xilinx:zybo-z7-10::0.0
TRACE::2024-07-07.17:00:53::SCWPlatform::Trying to set the existing hwdb with name DEMO_wrapper_29
TRACE::2024-07-07.17:00:53::SCWPlatform::Opened existing hwdb DEMO_wrapper_29
TRACE::2024-07-07.17:00:53::SCWPlatform::Found the Hw Db part of the input DSA
TRACE::2024-07-07.17:00:53::SCWMssOS::Checking the sw design at  C:/Users/gusta/Documents/SEP_projects/HW_SW/SEPmonG3/SEPmonG3V3/ps7_cortexa9_0/standalone_domain/bsp/system.mss
TRACE::2024-07-07.17:00:53::SCWMssOS::DEBUG:  swdes dump  C:/Users/gusta/Documents/SEP_projects/HW_SW/SEPmonG3/SEPmonG3/ps7_cortexa9_0/standalone_domain/bsp/system.mss|system_0||
C:/Users/gusta/Documents/SEP_projects/HW_SW/SEPmonG3/SEPmonG3/zynq_fsbl/zynq_fsbl_bsp/system.mss|system||
C:/Users/gusta/Documents/SEP_projects/HW_SW/SEPmonG3/SEPmonG3V3/ps7_cortexa9_0/standalone_domain/bsp/system.mss|system_2||
C:/Users/gusta/Documents/SEP_projects/HW_SW/SEPmonG3/SEPmonG3V3/zynq_fsbl/zynq_fsbl_bsp/system.mss|system_1||

TRACE::2024-07-07.17:00:53::SCWMssOS::Sw design exists and opened at  C:/Users/gusta/Documents/SEP_projects/HW_SW/SEPmonG3/SEPmonG3V3/ps7_cortexa9_0/standalone_domain/bsp/system.mss
TRACE::2024-07-07.17:00:53::SCWWriter::formatted JSON is {
	"platformName":	"SEPmonG3V3",
	"sprVersion":	"2.0",
	"mode":	"gui",
	"dsaType":	"Fixed",
	"platformDesc":	"SEPmonG3V3",
	"platHandOff":	"<platformDir>.xsa",
	"platIntHandOff":	"<platformDir>/hw/SEPmonG3V3.xsa",
	"deviceType":	"zynq",
	"platIsPrebuiltAutogen":	"false",
	"platIsNoBootBsp":	"false",
	"platFsblTarget":	"ps7_cortexa9_0",
	"hasFsblMakeHasChanges":	"false",
	"hasPmufwMakeHasChanges":	"false",
	"fsblExtraCompilerFlags":	"-MMD -MP       -mcpu=cortex-a9 -mfpu=vfpv3 -mfloat-abi=hard ",
	"platPreBuiltFlag":	false,
	"platformSamplesDir":	"",
	"platActiveSys":	"SEPmonG3V3",
	"systems":	[{
			"systemName":	"SEPmonG3V3",
			"systemDesc":	"SEPmonG3V3",
			"sysIsBootAutoGen":	"true",
			"systemDispName":	"SEPmonG3V3",
			"sysActiveDom":	"standalone_domain",
			"sysDefaultDom":	"standalone_domain",
			"domains":	[{
					"domainName":	"zynq_fsbl",
					"domainDispName":	"zynq_fsbl",
					"domainDesc":	"FSBL Application BSP - Auto Generated.",
					"processors":	"ps7_cortexa9_0",
					"os":	"standalone",
					"sdxOs":	"standalone",
					"debugEnable":	"",
					"domRuntimes":	["cpp"],
					"swRepo":	"",
					"mssOsVer":	"7.2",
					"mssFile":	"",
					"md5Digest":	"1c3d65b23234dc3ec6f7ff2cc82e7a29",
					"compatibleApp":	"zynq_fsbl",
					"domType":	"bootDomain",
					"appSettings":	{
						"appCompilerFlags":	"",
						"appLinkerFlags":	""
					},
					"addedLibs":	["xilffs:4.3", "xilrsa:1.6"],
					"libOptions":	{
						"libsContainingOptions":	[]
					},
					"prebuiltLibs":	{
						"prebuiltIncPath":	[],
						"prebuiltLibPath":	[]
					},
					"isolation":	{
					}
				}, {
					"domainName":	"standalone_domain",
					"domainDispName":	"standalone_domain",
					"domainDesc":	"standalone_domain",
					"processors":	"ps7_cortexa9_0",
					"os":	"standalone",
					"sdxOs":	"standalone",
					"qemuArgs":	"C:/Xilinx/Vitis/2020.1/data/emulation/platforms/zynq/qemu/qemu_args.txt",
					"qemuData":	"C:/Xilinx/Vitis/2020.1/data/emulation/platforms/zynq/qemu/",
					"debugEnable":	"False",
					"domRuntimes":	["cpp"],
					"swRepo":	"",
					"mssOsVer":	"7.2",
					"mssFile":	"",
					"md5Digest":	"96a2233cbaff12ac4b4b6f28a05a4e23",
					"compatibleApp":	"",
					"domType":	"mssDomain",
					"appSettings":	{
						"appCompilerFlags":	"",
						"appLinkerFlags":	""
					},
					"addedLibs":	[],
					"libOptions":	{
						"libsContainingOptions":	[]
					},
					"prebuiltLibs":	{
						"prebuiltIncPath":	[],
						"prebuiltLibPath":	[]
					},
					"isolation":	{
					}
				}]
		}]
}
TRACE::2024-07-07.17:00:53::SCWPlatform::Trying to open the hw design at C:/Users/gusta/Documents/SEP_projects/HW_SW/SEPmonG3/SEPmonG3V3/hw/SEPmonG3V3.xsa
TRACE::2024-07-07.17:00:53::SCWPlatform::DSA given C:/Users/gusta/Documents/SEP_projects/HW_SW/SEPmonG3/SEPmonG3V3/hw/SEPmonG3V3.xsa
TRACE::2024-07-07.17:00:53::SCWPlatform::DSA absoulate path C:/Users/gusta/Documents/SEP_projects/HW_SW/SEPmonG3/SEPmonG3V3/hw/SEPmonG3V3.xsa
TRACE::2024-07-07.17:00:53::SCWPlatform::DSA directory C:/Users/gusta/Documents/SEP_projects/HW_SW/SEPmonG3/SEPmonG3V3/hw
TRACE::2024-07-07.17:00:53::SCWPlatform:: Platform Path C:/Users/gusta/Documents/SEP_projects/HW_SW/SEPmonG3/SEPmonG3V3/hw/SEPmonG3V3.xsa
TRACE::2024-07-07.17:00:53::SCWPlatform:: Unique name xilinx:zybo-z7-10::0.0
TRACE::2024-07-07.17:00:53::SCWPlatform::Trying to set the existing hwdb with name DEMO_wrapper_29
TRACE::2024-07-07.17:00:53::SCWPlatform::Opened existing hwdb DEMO_wrapper_29
TRACE::2024-07-07.17:00:53::SCWPlatform::Found the Hw Db part of the input DSA
TRACE::2024-07-07.17:00:53::SCWMssOS::Checking the sw design at  C:/Users/gusta/Documents/SEP_projects/HW_SW/SEPmonG3/SEPmonG3V3/ps7_cortexa9_0/standalone_domain/bsp/system.mss
TRACE::2024-07-07.17:00:53::SCWMssOS::DEBUG:  swdes dump  C:/Users/gusta/Documents/SEP_projects/HW_SW/SEPmonG3/SEPmonG3/ps7_cortexa9_0/standalone_domain/bsp/system.mss|system_0||
C:/Users/gusta/Documents/SEP_projects/HW_SW/SEPmonG3/SEPmonG3/zynq_fsbl/zynq_fsbl_bsp/system.mss|system||
C:/Users/gusta/Documents/SEP_projects/HW_SW/SEPmonG3/SEPmonG3V3/ps7_cortexa9_0/standalone_domain/bsp/system.mss|system_2||
C:/Users/gusta/Documents/SEP_projects/HW_SW/SEPmonG3/SEPmonG3V3/zynq_fsbl/zynq_fsbl_bsp/system.mss|system_1||

TRACE::2024-07-07.17:00:53::SCWMssOS::Sw design exists and opened at  C:/Users/gusta/Documents/SEP_projects/HW_SW/SEPmonG3/SEPmonG3V3/ps7_cortexa9_0/standalone_domain/bsp/system.mss
TRACE::2024-07-07.17:00:53::SCWPlatform::Trying to open the hw design at C:/Users/gusta/Documents/SEP_projects/HW_SW/SEPmonG3/SEPmonG3V3/hw/SEPmonG3V3.xsa
TRACE::2024-07-07.17:00:53::SCWPlatform::DSA given C:/Users/gusta/Documents/SEP_projects/HW_SW/SEPmonG3/SEPmonG3V3/hw/SEPmonG3V3.xsa
TRACE::2024-07-07.17:00:53::SCWPlatform::DSA absoulate path C:/Users/gusta/Documents/SEP_projects/HW_SW/SEPmonG3/SEPmonG3V3/hw/SEPmonG3V3.xsa
TRACE::2024-07-07.17:00:53::SCWPlatform::DSA directory C:/Users/gusta/Documents/SEP_projects/HW_SW/SEPmonG3/SEPmonG3V3/hw
TRACE::2024-07-07.17:00:53::SCWPlatform:: Platform Path C:/Users/gusta/Documents/SEP_projects/HW_SW/SEPmonG3/SEPmonG3V3/hw/SEPmonG3V3.xsa
TRACE::2024-07-07.17:00:53::SCWPlatform:: Unique name xilinx:zybo-z7-10::0.0
TRACE::2024-07-07.17:00:53::SCWPlatform::Trying to set the existing hwdb with name DEMO_wrapper_29
TRACE::2024-07-07.17:00:53::SCWPlatform::Opened existing hwdb DEMO_wrapper_29
TRACE::2024-07-07.17:00:53::SCWPlatform::Found the Hw Db part of the input DSA
TRACE::2024-07-07.17:00:53::SCWMssOS::Checking the sw design at  C:/Users/gusta/Documents/SEP_projects/HW_SW/SEPmonG3/SEPmonG3V3/ps7_cortexa9_0/standalone_domain/bsp/system.mss
TRACE::2024-07-07.17:00:53::SCWMssOS::DEBUG:  swdes dump  C:/Users/gusta/Documents/SEP_projects/HW_SW/SEPmonG3/SEPmonG3/ps7_cortexa9_0/standalone_domain/bsp/system.mss|system_0||
C:/Users/gusta/Documents/SEP_projects/HW_SW/SEPmonG3/SEPmonG3/zynq_fsbl/zynq_fsbl_bsp/system.mss|system||
C:/Users/gusta/Documents/SEP_projects/HW_SW/SEPmonG3/SEPmonG3V3/ps7_cortexa9_0/standalone_domain/bsp/system.mss|system_2||
C:/Users/gusta/Documents/SEP_projects/HW_SW/SEPmonG3/SEPmonG3V3/zynq_fsbl/zynq_fsbl_bsp/system.mss|system_1||

TRACE::2024-07-07.17:00:53::SCWMssOS::Sw design exists and opened at  C:/Users/gusta/Documents/SEP_projects/HW_SW/SEPmonG3/SEPmonG3V3/ps7_cortexa9_0/standalone_domain/bsp/system.mss
TRACE::2024-07-07.17:00:53::SCWPlatform::Trying to open the hw design at C:/Users/gusta/Documents/SEP_projects/HW_SW/SEPmonG3/SEPmonG3V3/hw/SEPmonG3V3.xsa
TRACE::2024-07-07.17:00:53::SCWPlatform::DSA given C:/Users/gusta/Documents/SEP_projects/HW_SW/SEPmonG3/SEPmonG3V3/hw/SEPmonG3V3.xsa
TRACE::2024-07-07.17:00:53::SCWPlatform::DSA absoulate path C:/Users/gusta/Documents/SEP_projects/HW_SW/SEPmonG3/SEPmonG3V3/hw/SEPmonG3V3.xsa
TRACE::2024-07-07.17:00:53::SCWPlatform::DSA directory C:/Users/gusta/Documents/SEP_projects/HW_SW/SEPmonG3/SEPmonG3V3/hw
TRACE::2024-07-07.17:00:53::SCWPlatform:: Platform Path C:/Users/gusta/Documents/SEP_projects/HW_SW/SEPmonG3/SEPmonG3V3/hw/SEPmonG3V3.xsa
TRACE::2024-07-07.17:00:53::SCWPlatform:: Unique name xilinx:zybo-z7-10::0.0
TRACE::2024-07-07.17:00:53::SCWPlatform::Trying to set the existing hwdb with name DEMO_wrapper_29
TRACE::2024-07-07.17:00:53::SCWPlatform::Opened existing hwdb DEMO_wrapper_29
TRACE::2024-07-07.17:00:53::SCWPlatform::Found the Hw Db part of the input DSA
TRACE::2024-07-07.17:00:53::SCWMssOS::Checking the sw design at  C:/Users/gusta/Documents/SEP_projects/HW_SW/SEPmonG3/SEPmonG3V3/ps7_cortexa9_0/standalone_domain/bsp/system.mss
TRACE::2024-07-07.17:00:53::SCWMssOS::DEBUG:  swdes dump  C:/Users/gusta/Documents/SEP_projects/HW_SW/SEPmonG3/SEPmonG3/ps7_cortexa9_0/standalone_domain/bsp/system.mss|system_0||
C:/Users/gusta/Documents/SEP_projects/HW_SW/SEPmonG3/SEPmonG3/zynq_fsbl/zynq_fsbl_bsp/system.mss|system||
C:/Users/gusta/Documents/SEP_projects/HW_SW/SEPmonG3/SEPmonG3V3/ps7_cortexa9_0/standalone_domain/bsp/system.mss|system_2||
C:/Users/gusta/Documents/SEP_projects/HW_SW/SEPmonG3/SEPmonG3V3/zynq_fsbl/zynq_fsbl_bsp/system.mss|system_1||

TRACE::2024-07-07.17:00:53::SCWMssOS::Sw design exists and opened at  C:/Users/gusta/Documents/SEP_projects/HW_SW/SEPmonG3/SEPmonG3V3/ps7_cortexa9_0/standalone_domain/bsp/system.mss
TRACE::2024-07-07.17:00:53::SCWMssOS::Saving the mss changes C:/Users/gusta/Documents/SEP_projects/HW_SW/SEPmonG3/SEPmonG3V3/zynq_fsbl/zynq_fsbl_bsp/system.mss
TRACE::2024-07-07.17:00:53::SCWMssOS::Found a swdesign opened with the mssfile.
TRACE::2024-07-07.17:00:53::SCWMssOS::Completed writemss as part of save.
TRACE::2024-07-07.17:00:53::SCWMssOS::Commit changes completed.
TRACE::2024-07-07.17:00:53::SCWMssOS::Saving the mss changes C:/Users/gusta/Documents/SEP_projects/HW_SW/SEPmonG3/SEPmonG3V3/ps7_cortexa9_0/standalone_domain/bsp/system.mss
TRACE::2024-07-07.17:00:53::SCWMssOS::Found a swdesign opened with the mssfile.
TRACE::2024-07-07.17:00:53::SCWMssOS::Completed writemss as part of save.
TRACE::2024-07-07.17:00:53::SCWMssOS::Commit changes completed.
TRACE::2024-07-07.17:00:53::SCWPlatform::Trying to open the hw design at C:/Users/gusta/Documents/SEP_projects/HW_SW/SEPmonG3/SEPmonG3V3/hw/SEPmonG3V3.xsa
TRACE::2024-07-07.17:00:53::SCWPlatform::DSA given C:/Users/gusta/Documents/SEP_projects/HW_SW/SEPmonG3/SEPmonG3V3/hw/SEPmonG3V3.xsa
TRACE::2024-07-07.17:00:53::SCWPlatform::DSA absoulate path C:/Users/gusta/Documents/SEP_projects/HW_SW/SEPmonG3/SEPmonG3V3/hw/SEPmonG3V3.xsa
TRACE::2024-07-07.17:00:53::SCWPlatform::DSA directory C:/Users/gusta/Documents/SEP_projects/HW_SW/SEPmonG3/SEPmonG3V3/hw
TRACE::2024-07-07.17:00:53::SCWPlatform:: Platform Path C:/Users/gusta/Documents/SEP_projects/HW_SW/SEPmonG3/SEPmonG3V3/hw/SEPmonG3V3.xsa
TRACE::2024-07-07.17:00:53::SCWPlatform:: Unique name xilinx:zybo-z7-10::0.0
TRACE::2024-07-07.17:00:53::SCWPlatform::Trying to set the existing hwdb with name DEMO_wrapper_29
TRACE::2024-07-07.17:00:53::SCWPlatform::Opened existing hwdb DEMO_wrapper_29
TRACE::2024-07-07.17:00:53::SCWPlatform::Found the Hw Db part of the input DSA
TRACE::2024-07-07.17:00:53::SCWMssOS::Checking the sw design at  C:/Users/gusta/Documents/SEP_projects/HW_SW/SEPmonG3/SEPmonG3V3/zynq_fsbl/zynq_fsbl_bsp/system.mss
TRACE::2024-07-07.17:00:53::SCWMssOS::DEBUG:  swdes dump  C:/Users/gusta/Documents/SEP_projects/HW_SW/SEPmonG3/SEPmonG3/ps7_cortexa9_0/standalone_domain/bsp/system.mss|system_0||
C:/Users/gusta/Documents/SEP_projects/HW_SW/SEPmonG3/SEPmonG3/zynq_fsbl/zynq_fsbl_bsp/system.mss|system||
C:/Users/gusta/Documents/SEP_projects/HW_SW/SEPmonG3/SEPmonG3V3/ps7_cortexa9_0/standalone_domain/bsp/system.mss|system_2||
C:/Users/gusta/Documents/SEP_projects/HW_SW/SEPmonG3/SEPmonG3V3/zynq_fsbl/zynq_fsbl_bsp/system.mss|system_1||

TRACE::2024-07-07.17:00:53::SCWMssOS::Sw design exists and opened at  C:/Users/gusta/Documents/SEP_projects/HW_SW/SEPmonG3/SEPmonG3V3/zynq_fsbl/zynq_fsbl_bsp/system.mss
TRACE::2024-07-07.17:00:53::SCWPlatform::Trying to open the hw design at C:/Users/gusta/Documents/SEP_projects/HW_SW/SEPmonG3/SEPmonG3V3/hw/SEPmonG3V3.xsa
TRACE::2024-07-07.17:00:53::SCWPlatform::DSA given C:/Users/gusta/Documents/SEP_projects/HW_SW/SEPmonG3/SEPmonG3V3/hw/SEPmonG3V3.xsa
TRACE::2024-07-07.17:00:53::SCWPlatform::DSA absoulate path C:/Users/gusta/Documents/SEP_projects/HW_SW/SEPmonG3/SEPmonG3V3/hw/SEPmonG3V3.xsa
TRACE::2024-07-07.17:00:53::SCWPlatform::DSA directory C:/Users/gusta/Documents/SEP_projects/HW_SW/SEPmonG3/SEPmonG3V3/hw
TRACE::2024-07-07.17:00:53::SCWPlatform:: Platform Path C:/Users/gusta/Documents/SEP_projects/HW_SW/SEPmonG3/SEPmonG3V3/hw/SEPmonG3V3.xsa
TRACE::2024-07-07.17:00:53::SCWPlatform:: Unique name xilinx:zybo-z7-10::0.0
TRACE::2024-07-07.17:00:53::SCWPlatform::Trying to set the existing hwdb with name DEMO_wrapper_29
TRACE::2024-07-07.17:00:53::SCWPlatform::Opened existing hwdb DEMO_wrapper_29
TRACE::2024-07-07.17:00:53::SCWPlatform::Found the Hw Db part of the input DSA
TRACE::2024-07-07.17:00:53::SCWMssOS::Checking the sw design at  C:/Users/gusta/Documents/SEP_projects/HW_SW/SEPmonG3/SEPmonG3V3/zynq_fsbl/zynq_fsbl_bsp/system.mss
TRACE::2024-07-07.17:00:53::SCWMssOS::DEBUG:  swdes dump  C:/Users/gusta/Documents/SEP_projects/HW_SW/SEPmonG3/SEPmonG3/ps7_cortexa9_0/standalone_domain/bsp/system.mss|system_0||
C:/Users/gusta/Documents/SEP_projects/HW_SW/SEPmonG3/SEPmonG3/zynq_fsbl/zynq_fsbl_bsp/system.mss|system||
C:/Users/gusta/Documents/SEP_projects/HW_SW/SEPmonG3/SEPmonG3V3/ps7_cortexa9_0/standalone_domain/bsp/system.mss|system_2||
C:/Users/gusta/Documents/SEP_projects/HW_SW/SEPmonG3/SEPmonG3V3/zynq_fsbl/zynq_fsbl_bsp/system.mss|system_1||

TRACE::2024-07-07.17:00:53::SCWMssOS::Sw design exists and opened at  C:/Users/gusta/Documents/SEP_projects/HW_SW/SEPmonG3/SEPmonG3V3/zynq_fsbl/zynq_fsbl_bsp/system.mss
TRACE::2024-07-07.17:00:53::SCWPlatform::Trying to open the hw design at C:/Users/gusta/Documents/SEP_projects/HW_SW/SEPmonG3/SEPmonG3V3/hw/SEPmonG3V3.xsa
TRACE::2024-07-07.17:00:53::SCWPlatform::DSA given C:/Users/gusta/Documents/SEP_projects/HW_SW/SEPmonG3/SEPmonG3V3/hw/SEPmonG3V3.xsa
TRACE::2024-07-07.17:00:53::SCWPlatform::DSA absoulate path C:/Users/gusta/Documents/SEP_projects/HW_SW/SEPmonG3/SEPmonG3V3/hw/SEPmonG3V3.xsa
TRACE::2024-07-07.17:00:53::SCWPlatform::DSA directory C:/Users/gusta/Documents/SEP_projects/HW_SW/SEPmonG3/SEPmonG3V3/hw
TRACE::2024-07-07.17:00:53::SCWPlatform:: Platform Path C:/Users/gusta/Documents/SEP_projects/HW_SW/SEPmonG3/SEPmonG3V3/hw/SEPmonG3V3.xsa
TRACE::2024-07-07.17:00:53::SCWPlatform:: Unique name xilinx:zybo-z7-10::0.0
TRACE::2024-07-07.17:00:53::SCWPlatform::Trying to set the existing hwdb with name DEMO_wrapper_29
TRACE::2024-07-07.17:00:53::SCWPlatform::Opened existing hwdb DEMO_wrapper_29
TRACE::2024-07-07.17:00:53::SCWPlatform::Found the Hw Db part of the input DSA
TRACE::2024-07-07.17:00:53::SCWMssOS::Checking the sw design at  C:/Users/gusta/Documents/SEP_projects/HW_SW/SEPmonG3/SEPmonG3V3/zynq_fsbl/zynq_fsbl_bsp/system.mss
TRACE::2024-07-07.17:00:53::SCWMssOS::DEBUG:  swdes dump  C:/Users/gusta/Documents/SEP_projects/HW_SW/SEPmonG3/SEPmonG3/ps7_cortexa9_0/standalone_domain/bsp/system.mss|system_0||
C:/Users/gusta/Documents/SEP_projects/HW_SW/SEPmonG3/SEPmonG3/zynq_fsbl/zynq_fsbl_bsp/system.mss|system||
C:/Users/gusta/Documents/SEP_projects/HW_SW/SEPmonG3/SEPmonG3V3/ps7_cortexa9_0/standalone_domain/bsp/system.mss|system_2||
C:/Users/gusta/Documents/SEP_projects/HW_SW/SEPmonG3/SEPmonG3V3/zynq_fsbl/zynq_fsbl_bsp/system.mss|system_1||

TRACE::2024-07-07.17:00:53::SCWMssOS::Sw design exists and opened at  C:/Users/gusta/Documents/SEP_projects/HW_SW/SEPmonG3/SEPmonG3V3/zynq_fsbl/zynq_fsbl_bsp/system.mss
TRACE::2024-07-07.17:00:53::SCWPlatform::Trying to open the hw design at C:/Users/gusta/Documents/SEP_projects/HW_SW/SEPmonG3/SEPmonG3V3/hw/SEPmonG3V3.xsa
TRACE::2024-07-07.17:00:53::SCWPlatform::DSA given C:/Users/gusta/Documents/SEP_projects/HW_SW/SEPmonG3/SEPmonG3V3/hw/SEPmonG3V3.xsa
TRACE::2024-07-07.17:00:53::SCWPlatform::DSA absoulate path C:/Users/gusta/Documents/SEP_projects/HW_SW/SEPmonG3/SEPmonG3V3/hw/SEPmonG3V3.xsa
TRACE::2024-07-07.17:00:53::SCWPlatform::DSA directory C:/Users/gusta/Documents/SEP_projects/HW_SW/SEPmonG3/SEPmonG3V3/hw
TRACE::2024-07-07.17:00:53::SCWPlatform:: Platform Path C:/Users/gusta/Documents/SEP_projects/HW_SW/SEPmonG3/SEPmonG3V3/hw/SEPmonG3V3.xsa
TRACE::2024-07-07.17:00:53::SCWPlatform:: Unique name xilinx:zybo-z7-10::0.0
TRACE::2024-07-07.17:00:53::SCWPlatform::Trying to set the existing hwdb with name DEMO_wrapper_29
TRACE::2024-07-07.17:00:53::SCWPlatform::Opened existing hwdb DEMO_wrapper_29
TRACE::2024-07-07.17:00:53::SCWPlatform::Found the Hw Db part of the input DSA
TRACE::2024-07-07.17:00:53::SCWMssOS::Checking the sw design at  C:/Users/gusta/Documents/SEP_projects/HW_SW/SEPmonG3/SEPmonG3V3/ps7_cortexa9_0/standalone_domain/bsp/system.mss
TRACE::2024-07-07.17:00:53::SCWMssOS::DEBUG:  swdes dump  C:/Users/gusta/Documents/SEP_projects/HW_SW/SEPmonG3/SEPmonG3/ps7_cortexa9_0/standalone_domain/bsp/system.mss|system_0||
C:/Users/gusta/Documents/SEP_projects/HW_SW/SEPmonG3/SEPmonG3/zynq_fsbl/zynq_fsbl_bsp/system.mss|system||
C:/Users/gusta/Documents/SEP_projects/HW_SW/SEPmonG3/SEPmonG3V3/ps7_cortexa9_0/standalone_domain/bsp/system.mss|system_2||
C:/Users/gusta/Documents/SEP_projects/HW_SW/SEPmonG3/SEPmonG3V3/zynq_fsbl/zynq_fsbl_bsp/system.mss|system_1||

TRACE::2024-07-07.17:00:53::SCWMssOS::Sw design exists and opened at  C:/Users/gusta/Documents/SEP_projects/HW_SW/SEPmonG3/SEPmonG3V3/ps7_cortexa9_0/standalone_domain/bsp/system.mss
TRACE::2024-07-07.17:00:53::SCWPlatform::Trying to open the hw design at C:/Users/gusta/Documents/SEP_projects/HW_SW/SEPmonG3/SEPmonG3V3/hw/SEPmonG3V3.xsa
TRACE::2024-07-07.17:00:53::SCWPlatform::DSA given C:/Users/gusta/Documents/SEP_projects/HW_SW/SEPmonG3/SEPmonG3V3/hw/SEPmonG3V3.xsa
TRACE::2024-07-07.17:00:53::SCWPlatform::DSA absoulate path C:/Users/gusta/Documents/SEP_projects/HW_SW/SEPmonG3/SEPmonG3V3/hw/SEPmonG3V3.xsa
TRACE::2024-07-07.17:00:53::SCWPlatform::DSA directory C:/Users/gusta/Documents/SEP_projects/HW_SW/SEPmonG3/SEPmonG3V3/hw
TRACE::2024-07-07.17:00:53::SCWPlatform:: Platform Path C:/Users/gusta/Documents/SEP_projects/HW_SW/SEPmonG3/SEPmonG3V3/hw/SEPmonG3V3.xsa
TRACE::2024-07-07.17:00:53::SCWPlatform:: Unique name xilinx:zybo-z7-10::0.0
TRACE::2024-07-07.17:00:53::SCWPlatform::Trying to set the existing hwdb with name DEMO_wrapper_29
TRACE::2024-07-07.17:00:53::SCWPlatform::Opened existing hwdb DEMO_wrapper_29
TRACE::2024-07-07.17:00:53::SCWPlatform::Found the Hw Db part of the input DSA
TRACE::2024-07-07.17:00:53::SCWMssOS::Checking the sw design at  C:/Users/gusta/Documents/SEP_projects/HW_SW/SEPmonG3/SEPmonG3V3/ps7_cortexa9_0/standalone_domain/bsp/system.mss
TRACE::2024-07-07.17:00:53::SCWMssOS::DEBUG:  swdes dump  C:/Users/gusta/Documents/SEP_projects/HW_SW/SEPmonG3/SEPmonG3/ps7_cortexa9_0/standalone_domain/bsp/system.mss|system_0||
C:/Users/gusta/Documents/SEP_projects/HW_SW/SEPmonG3/SEPmonG3/zynq_fsbl/zynq_fsbl_bsp/system.mss|system||
C:/Users/gusta/Documents/SEP_projects/HW_SW/SEPmonG3/SEPmonG3V3/ps7_cortexa9_0/standalone_domain/bsp/system.mss|system_2||
C:/Users/gusta/Documents/SEP_projects/HW_SW/SEPmonG3/SEPmonG3V3/zynq_fsbl/zynq_fsbl_bsp/system.mss|system_1||

TRACE::2024-07-07.17:00:53::SCWMssOS::Sw design exists and opened at  C:/Users/gusta/Documents/SEP_projects/HW_SW/SEPmonG3/SEPmonG3V3/ps7_cortexa9_0/standalone_domain/bsp/system.mss
TRACE::2024-07-07.17:00:53::SCWPlatform::Trying to open the hw design at C:/Users/gusta/Documents/SEP_projects/HW_SW/SEPmonG3/SEPmonG3V3/hw/SEPmonG3V3.xsa
TRACE::2024-07-07.17:00:53::SCWPlatform::DSA given C:/Users/gusta/Documents/SEP_projects/HW_SW/SEPmonG3/SEPmonG3V3/hw/SEPmonG3V3.xsa
TRACE::2024-07-07.17:00:53::SCWPlatform::DSA absoulate path C:/Users/gusta/Documents/SEP_projects/HW_SW/SEPmonG3/SEPmonG3V3/hw/SEPmonG3V3.xsa
TRACE::2024-07-07.17:00:53::SCWPlatform::DSA directory C:/Users/gusta/Documents/SEP_projects/HW_SW/SEPmonG3/SEPmonG3V3/hw
TRACE::2024-07-07.17:00:53::SCWPlatform:: Platform Path C:/Users/gusta/Documents/SEP_projects/HW_SW/SEPmonG3/SEPmonG3V3/hw/SEPmonG3V3.xsa
TRACE::2024-07-07.17:00:53::SCWPlatform:: Unique name xilinx:zybo-z7-10::0.0
TRACE::2024-07-07.17:00:53::SCWPlatform::Trying to set the existing hwdb with name DEMO_wrapper_29
TRACE::2024-07-07.17:00:53::SCWPlatform::Opened existing hwdb DEMO_wrapper_29
TRACE::2024-07-07.17:00:53::SCWPlatform::Found the Hw Db part of the input DSA
TRACE::2024-07-07.17:00:53::SCWMssOS::Checking the sw design at  C:/Users/gusta/Documents/SEP_projects/HW_SW/SEPmonG3/SEPmonG3V3/ps7_cortexa9_0/standalone_domain/bsp/system.mss
TRACE::2024-07-07.17:00:53::SCWMssOS::DEBUG:  swdes dump  C:/Users/gusta/Documents/SEP_projects/HW_SW/SEPmonG3/SEPmonG3/ps7_cortexa9_0/standalone_domain/bsp/system.mss|system_0||
C:/Users/gusta/Documents/SEP_projects/HW_SW/SEPmonG3/SEPmonG3/zynq_fsbl/zynq_fsbl_bsp/system.mss|system||
C:/Users/gusta/Documents/SEP_projects/HW_SW/SEPmonG3/SEPmonG3V3/ps7_cortexa9_0/standalone_domain/bsp/system.mss|system_2||
C:/Users/gusta/Documents/SEP_projects/HW_SW/SEPmonG3/SEPmonG3V3/zynq_fsbl/zynq_fsbl_bsp/system.mss|system_1||

TRACE::2024-07-07.17:00:53::SCWMssOS::Sw design exists and opened at  C:/Users/gusta/Documents/SEP_projects/HW_SW/SEPmonG3/SEPmonG3V3/ps7_cortexa9_0/standalone_domain/bsp/system.mss
TRACE::2024-07-07.17:00:53::SCWWriter::formatted JSON is {
	"platformName":	"SEPmonG3V3",
	"sprVersion":	"2.0",
	"mode":	"gui",
	"dsaType":	"Fixed",
	"platformDesc":	"SEPmonG3V3",
	"platHandOff":	"<platformDir>.xsa",
	"platIntHandOff":	"<platformDir>/hw/SEPmonG3V3.xsa",
	"deviceType":	"zynq",
	"platIsPrebuiltAutogen":	"false",
	"platIsNoBootBsp":	"false",
	"platFsblTarget":	"ps7_cortexa9_0",
	"hasFsblMakeHasChanges":	"false",
	"hasPmufwMakeHasChanges":	"false",
	"fsblExtraCompilerFlags":	"-MMD -MP       -mcpu=cortex-a9 -mfpu=vfpv3 -mfloat-abi=hard ",
	"platPreBuiltFlag":	false,
	"platformSamplesDir":	"",
	"platActiveSys":	"SEPmonG3V3",
	"systems":	[{
			"systemName":	"SEPmonG3V3",
			"systemDesc":	"SEPmonG3V3",
			"sysIsBootAutoGen":	"true",
			"systemDispName":	"SEPmonG3V3",
			"sysActiveDom":	"standalone_domain",
			"sysDefaultDom":	"standalone_domain",
			"domains":	[{
					"domainName":	"zynq_fsbl",
					"domainDispName":	"zynq_fsbl",
					"domainDesc":	"FSBL Application BSP - Auto Generated.",
					"processors":	"ps7_cortexa9_0",
					"os":	"standalone",
					"sdxOs":	"standalone",
					"debugEnable":	"",
					"domRuntimes":	["cpp"],
					"swRepo":	"",
					"mssOsVer":	"7.2",
					"mssFile":	"",
					"md5Digest":	"1c3d65b23234dc3ec6f7ff2cc82e7a29",
					"compatibleApp":	"zynq_fsbl",
					"domType":	"bootDomain",
					"appSettings":	{
						"appCompilerFlags":	"",
						"appLinkerFlags":	""
					},
					"addedLibs":	["xilffs:4.3", "xilrsa:1.6"],
					"libOptions":	{
						"libsContainingOptions":	[]
					},
					"prebuiltLibs":	{
						"prebuiltIncPath":	[],
						"prebuiltLibPath":	[]
					},
					"isolation":	{
					}
				}, {
					"domainName":	"standalone_domain",
					"domainDispName":	"standalone on ps7_cortexa9_0",
					"domainDesc":	"standalone_domain",
					"processors":	"ps7_cortexa9_0",
					"os":	"standalone",
					"sdxOs":	"standalone",
					"qemuArgs":	"C:/Xilinx/Vitis/2020.1/data/emulation/platforms/zynq/qemu/qemu_args.txt",
					"qemuData":	"C:/Xilinx/Vitis/2020.1/data/emulation/platforms/zynq/qemu/",
					"debugEnable":	"False",
					"domRuntimes":	["cpp"],
					"swRepo":	"",
					"mssOsVer":	"7.2",
					"mssFile":	"",
					"md5Digest":	"96a2233cbaff12ac4b4b6f28a05a4e23",
					"compatibleApp":	"",
					"domType":	"mssDomain",
					"appSettings":	{
						"appCompilerFlags":	"",
						"appLinkerFlags":	""
					},
					"addedLibs":	[],
					"libOptions":	{
						"libsContainingOptions":	[]
					},
					"prebuiltLibs":	{
						"prebuiltIncPath":	[],
						"prebuiltLibPath":	[]
					},
					"isolation":	{
					}
				}]
		}]
}
TRACE::2024-07-07.17:00:53::SCWMssOS::Saving the mss changes C:/Users/gusta/Documents/SEP_projects/HW_SW/SEPmonG3/SEPmonG3V3/zynq_fsbl/zynq_fsbl_bsp/system.mss
TRACE::2024-07-07.17:00:53::SCWMssOS::Found a swdesign opened with the mssfile.
TRACE::2024-07-07.17:00:53::SCWMssOS::Completed writemss as part of save.
TRACE::2024-07-07.17:00:53::SCWMssOS::Commit changes completed.
TRACE::2024-07-07.17:00:53::SCWMssOS::Saving the mss changes C:/Users/gusta/Documents/SEP_projects/HW_SW/SEPmonG3/SEPmonG3V3/ps7_cortexa9_0/standalone_domain/bsp/system.mss
TRACE::2024-07-07.17:00:53::SCWMssOS::Found a swdesign opened with the mssfile.
TRACE::2024-07-07.17:00:53::SCWMssOS::Completed writemss as part of save.
TRACE::2024-07-07.17:00:53::SCWMssOS::Commit changes completed.
TRACE::2024-07-07.17:00:53::SCWPlatform::Trying to open the hw design at C:/Users/gusta/Documents/SEP_projects/HW_SW/SEPmonG3/SEPmonG3V3/hw/SEPmonG3V3.xsa
TRACE::2024-07-07.17:00:53::SCWPlatform::DSA given C:/Users/gusta/Documents/SEP_projects/HW_SW/SEPmonG3/SEPmonG3V3/hw/SEPmonG3V3.xsa
TRACE::2024-07-07.17:00:53::SCWPlatform::DSA absoulate path C:/Users/gusta/Documents/SEP_projects/HW_SW/SEPmonG3/SEPmonG3V3/hw/SEPmonG3V3.xsa
TRACE::2024-07-07.17:00:53::SCWPlatform::DSA directory C:/Users/gusta/Documents/SEP_projects/HW_SW/SEPmonG3/SEPmonG3V3/hw
TRACE::2024-07-07.17:00:53::SCWPlatform:: Platform Path C:/Users/gusta/Documents/SEP_projects/HW_SW/SEPmonG3/SEPmonG3V3/hw/SEPmonG3V3.xsa
TRACE::2024-07-07.17:00:53::SCWPlatform:: Unique name xilinx:zybo-z7-10::0.0
TRACE::2024-07-07.17:00:53::SCWPlatform::Trying to set the existing hwdb with name DEMO_wrapper_29
TRACE::2024-07-07.17:00:53::SCWPlatform::Opened existing hwdb DEMO_wrapper_29
TRACE::2024-07-07.17:00:53::SCWPlatform::Found the Hw Db part of the input DSA
TRACE::2024-07-07.17:00:53::SCWMssOS::Checking the sw design at  C:/Users/gusta/Documents/SEP_projects/HW_SW/SEPmonG3/SEPmonG3V3/zynq_fsbl/zynq_fsbl_bsp/system.mss
TRACE::2024-07-07.17:00:53::SCWMssOS::DEBUG:  swdes dump  C:/Users/gusta/Documents/SEP_projects/HW_SW/SEPmonG3/SEPmonG3/ps7_cortexa9_0/standalone_domain/bsp/system.mss|system_0||
C:/Users/gusta/Documents/SEP_projects/HW_SW/SEPmonG3/SEPmonG3/zynq_fsbl/zynq_fsbl_bsp/system.mss|system||
C:/Users/gusta/Documents/SEP_projects/HW_SW/SEPmonG3/SEPmonG3V3/ps7_cortexa9_0/standalone_domain/bsp/system.mss|system_2||
C:/Users/gusta/Documents/SEP_projects/HW_SW/SEPmonG3/SEPmonG3V3/zynq_fsbl/zynq_fsbl_bsp/system.mss|system_1||

TRACE::2024-07-07.17:00:53::SCWMssOS::Sw design exists and opened at  C:/Users/gusta/Documents/SEP_projects/HW_SW/SEPmonG3/SEPmonG3V3/zynq_fsbl/zynq_fsbl_bsp/system.mss
TRACE::2024-07-07.17:00:53::SCWPlatform::Trying to open the hw design at C:/Users/gusta/Documents/SEP_projects/HW_SW/SEPmonG3/SEPmonG3V3/hw/SEPmonG3V3.xsa
TRACE::2024-07-07.17:00:53::SCWPlatform::DSA given C:/Users/gusta/Documents/SEP_projects/HW_SW/SEPmonG3/SEPmonG3V3/hw/SEPmonG3V3.xsa
TRACE::2024-07-07.17:00:53::SCWPlatform::DSA absoulate path C:/Users/gusta/Documents/SEP_projects/HW_SW/SEPmonG3/SEPmonG3V3/hw/SEPmonG3V3.xsa
TRACE::2024-07-07.17:00:53::SCWPlatform::DSA directory C:/Users/gusta/Documents/SEP_projects/HW_SW/SEPmonG3/SEPmonG3V3/hw
TRACE::2024-07-07.17:00:53::SCWPlatform:: Platform Path C:/Users/gusta/Documents/SEP_projects/HW_SW/SEPmonG3/SEPmonG3V3/hw/SEPmonG3V3.xsa
TRACE::2024-07-07.17:00:53::SCWPlatform:: Unique name xilinx:zybo-z7-10::0.0
TRACE::2024-07-07.17:00:53::SCWPlatform::Trying to set the existing hwdb with name DEMO_wrapper_29
TRACE::2024-07-07.17:00:53::SCWPlatform::Opened existing hwdb DEMO_wrapper_29
TRACE::2024-07-07.17:00:53::SCWPlatform::Found the Hw Db part of the input DSA
TRACE::2024-07-07.17:00:53::SCWMssOS::Checking the sw design at  C:/Users/gusta/Documents/SEP_projects/HW_SW/SEPmonG3/SEPmonG3V3/zynq_fsbl/zynq_fsbl_bsp/system.mss
TRACE::2024-07-07.17:00:53::SCWMssOS::DEBUG:  swdes dump  C:/Users/gusta/Documents/SEP_projects/HW_SW/SEPmonG3/SEPmonG3/ps7_cortexa9_0/standalone_domain/bsp/system.mss|system_0||
C:/Users/gusta/Documents/SEP_projects/HW_SW/SEPmonG3/SEPmonG3/zynq_fsbl/zynq_fsbl_bsp/system.mss|system||
C:/Users/gusta/Documents/SEP_projects/HW_SW/SEPmonG3/SEPmonG3V3/ps7_cortexa9_0/standalone_domain/bsp/system.mss|system_2||
C:/Users/gusta/Documents/SEP_projects/HW_SW/SEPmonG3/SEPmonG3V3/zynq_fsbl/zynq_fsbl_bsp/system.mss|system_1||

TRACE::2024-07-07.17:00:53::SCWMssOS::Sw design exists and opened at  C:/Users/gusta/Documents/SEP_projects/HW_SW/SEPmonG3/SEPmonG3V3/zynq_fsbl/zynq_fsbl_bsp/system.mss
TRACE::2024-07-07.17:00:53::SCWPlatform::Trying to open the hw design at C:/Users/gusta/Documents/SEP_projects/HW_SW/SEPmonG3/SEPmonG3V3/hw/SEPmonG3V3.xsa
TRACE::2024-07-07.17:00:53::SCWPlatform::DSA given C:/Users/gusta/Documents/SEP_projects/HW_SW/SEPmonG3/SEPmonG3V3/hw/SEPmonG3V3.xsa
TRACE::2024-07-07.17:00:53::SCWPlatform::DSA absoulate path C:/Users/gusta/Documents/SEP_projects/HW_SW/SEPmonG3/SEPmonG3V3/hw/SEPmonG3V3.xsa
TRACE::2024-07-07.17:00:53::SCWPlatform::DSA directory C:/Users/gusta/Documents/SEP_projects/HW_SW/SEPmonG3/SEPmonG3V3/hw
TRACE::2024-07-07.17:00:53::SCWPlatform:: Platform Path C:/Users/gusta/Documents/SEP_projects/HW_SW/SEPmonG3/SEPmonG3V3/hw/SEPmonG3V3.xsa
TRACE::2024-07-07.17:00:53::SCWPlatform:: Unique name xilinx:zybo-z7-10::0.0
TRACE::2024-07-07.17:00:53::SCWPlatform::Trying to set the existing hwdb with name DEMO_wrapper_29
TRACE::2024-07-07.17:00:53::SCWPlatform::Opened existing hwdb DEMO_wrapper_29
TRACE::2024-07-07.17:00:53::SCWPlatform::Found the Hw Db part of the input DSA
TRACE::2024-07-07.17:00:53::SCWMssOS::Checking the sw design at  C:/Users/gusta/Documents/SEP_projects/HW_SW/SEPmonG3/SEPmonG3V3/zynq_fsbl/zynq_fsbl_bsp/system.mss
TRACE::2024-07-07.17:00:53::SCWMssOS::DEBUG:  swdes dump  C:/Users/gusta/Documents/SEP_projects/HW_SW/SEPmonG3/SEPmonG3/ps7_cortexa9_0/standalone_domain/bsp/system.mss|system_0||
C:/Users/gusta/Documents/SEP_projects/HW_SW/SEPmonG3/SEPmonG3/zynq_fsbl/zynq_fsbl_bsp/system.mss|system||
C:/Users/gusta/Documents/SEP_projects/HW_SW/SEPmonG3/SEPmonG3V3/ps7_cortexa9_0/standalone_domain/bsp/system.mss|system_2||
C:/Users/gusta/Documents/SEP_projects/HW_SW/SEPmonG3/SEPmonG3V3/zynq_fsbl/zynq_fsbl_bsp/system.mss|system_1||

TRACE::2024-07-07.17:00:53::SCWMssOS::Sw design exists and opened at  C:/Users/gusta/Documents/SEP_projects/HW_SW/SEPmonG3/SEPmonG3V3/zynq_fsbl/zynq_fsbl_bsp/system.mss
TRACE::2024-07-07.17:00:53::SCWPlatform::Trying to open the hw design at C:/Users/gusta/Documents/SEP_projects/HW_SW/SEPmonG3/SEPmonG3V3/hw/SEPmonG3V3.xsa
TRACE::2024-07-07.17:00:53::SCWPlatform::DSA given C:/Users/gusta/Documents/SEP_projects/HW_SW/SEPmonG3/SEPmonG3V3/hw/SEPmonG3V3.xsa
TRACE::2024-07-07.17:00:53::SCWPlatform::DSA absoulate path C:/Users/gusta/Documents/SEP_projects/HW_SW/SEPmonG3/SEPmonG3V3/hw/SEPmonG3V3.xsa
TRACE::2024-07-07.17:00:53::SCWPlatform::DSA directory C:/Users/gusta/Documents/SEP_projects/HW_SW/SEPmonG3/SEPmonG3V3/hw
TRACE::2024-07-07.17:00:53::SCWPlatform:: Platform Path C:/Users/gusta/Documents/SEP_projects/HW_SW/SEPmonG3/SEPmonG3V3/hw/SEPmonG3V3.xsa
TRACE::2024-07-07.17:00:53::SCWPlatform:: Unique name xilinx:zybo-z7-10::0.0
TRACE::2024-07-07.17:00:53::SCWPlatform::Trying to set the existing hwdb with name DEMO_wrapper_29
TRACE::2024-07-07.17:00:53::SCWPlatform::Opened existing hwdb DEMO_wrapper_29
TRACE::2024-07-07.17:00:53::SCWPlatform::Found the Hw Db part of the input DSA
TRACE::2024-07-07.17:00:53::SCWMssOS::Checking the sw design at  C:/Users/gusta/Documents/SEP_projects/HW_SW/SEPmonG3/SEPmonG3V3/ps7_cortexa9_0/standalone_domain/bsp/system.mss
TRACE::2024-07-07.17:00:53::SCWMssOS::DEBUG:  swdes dump  C:/Users/gusta/Documents/SEP_projects/HW_SW/SEPmonG3/SEPmonG3/ps7_cortexa9_0/standalone_domain/bsp/system.mss|system_0||
C:/Users/gusta/Documents/SEP_projects/HW_SW/SEPmonG3/SEPmonG3/zynq_fsbl/zynq_fsbl_bsp/system.mss|system||
C:/Users/gusta/Documents/SEP_projects/HW_SW/SEPmonG3/SEPmonG3V3/ps7_cortexa9_0/standalone_domain/bsp/system.mss|system_2||
C:/Users/gusta/Documents/SEP_projects/HW_SW/SEPmonG3/SEPmonG3V3/zynq_fsbl/zynq_fsbl_bsp/system.mss|system_1||

TRACE::2024-07-07.17:00:53::SCWMssOS::Sw design exists and opened at  C:/Users/gusta/Documents/SEP_projects/HW_SW/SEPmonG3/SEPmonG3V3/ps7_cortexa9_0/standalone_domain/bsp/system.mss
TRACE::2024-07-07.17:00:53::SCWPlatform::Trying to open the hw design at C:/Users/gusta/Documents/SEP_projects/HW_SW/SEPmonG3/SEPmonG3V3/hw/SEPmonG3V3.xsa
TRACE::2024-07-07.17:00:53::SCWPlatform::DSA given C:/Users/gusta/Documents/SEP_projects/HW_SW/SEPmonG3/SEPmonG3V3/hw/SEPmonG3V3.xsa
TRACE::2024-07-07.17:00:53::SCWPlatform::DSA absoulate path C:/Users/gusta/Documents/SEP_projects/HW_SW/SEPmonG3/SEPmonG3V3/hw/SEPmonG3V3.xsa
TRACE::2024-07-07.17:00:53::SCWPlatform::DSA directory C:/Users/gusta/Documents/SEP_projects/HW_SW/SEPmonG3/SEPmonG3V3/hw
TRACE::2024-07-07.17:00:53::SCWPlatform:: Platform Path C:/Users/gusta/Documents/SEP_projects/HW_SW/SEPmonG3/SEPmonG3V3/hw/SEPmonG3V3.xsa
TRACE::2024-07-07.17:00:53::SCWPlatform:: Unique name xilinx:zybo-z7-10::0.0
TRACE::2024-07-07.17:00:53::SCWPlatform::Trying to set the existing hwdb with name DEMO_wrapper_29
TRACE::2024-07-07.17:00:53::SCWPlatform::Opened existing hwdb DEMO_wrapper_29
TRACE::2024-07-07.17:00:53::SCWPlatform::Found the Hw Db part of the input DSA
TRACE::2024-07-07.17:00:53::SCWMssOS::Checking the sw design at  C:/Users/gusta/Documents/SEP_projects/HW_SW/SEPmonG3/SEPmonG3V3/ps7_cortexa9_0/standalone_domain/bsp/system.mss
TRACE::2024-07-07.17:00:53::SCWMssOS::DEBUG:  swdes dump  C:/Users/gusta/Documents/SEP_projects/HW_SW/SEPmonG3/SEPmonG3/ps7_cortexa9_0/standalone_domain/bsp/system.mss|system_0||
C:/Users/gusta/Documents/SEP_projects/HW_SW/SEPmonG3/SEPmonG3/zynq_fsbl/zynq_fsbl_bsp/system.mss|system||
C:/Users/gusta/Documents/SEP_projects/HW_SW/SEPmonG3/SEPmonG3V3/ps7_cortexa9_0/standalone_domain/bsp/system.mss|system_2||
C:/Users/gusta/Documents/SEP_projects/HW_SW/SEPmonG3/SEPmonG3V3/zynq_fsbl/zynq_fsbl_bsp/system.mss|system_1||

TRACE::2024-07-07.17:00:53::SCWMssOS::Sw design exists and opened at  C:/Users/gusta/Documents/SEP_projects/HW_SW/SEPmonG3/SEPmonG3V3/ps7_cortexa9_0/standalone_domain/bsp/system.mss
TRACE::2024-07-07.17:00:53::SCWPlatform::Trying to open the hw design at C:/Users/gusta/Documents/SEP_projects/HW_SW/SEPmonG3/SEPmonG3V3/hw/SEPmonG3V3.xsa
TRACE::2024-07-07.17:00:53::SCWPlatform::DSA given C:/Users/gusta/Documents/SEP_projects/HW_SW/SEPmonG3/SEPmonG3V3/hw/SEPmonG3V3.xsa
TRACE::2024-07-07.17:00:53::SCWPlatform::DSA absoulate path C:/Users/gusta/Documents/SEP_projects/HW_SW/SEPmonG3/SEPmonG3V3/hw/SEPmonG3V3.xsa
TRACE::2024-07-07.17:00:53::SCWPlatform::DSA directory C:/Users/gusta/Documents/SEP_projects/HW_SW/SEPmonG3/SEPmonG3V3/hw
TRACE::2024-07-07.17:00:53::SCWPlatform:: Platform Path C:/Users/gusta/Documents/SEP_projects/HW_SW/SEPmonG3/SEPmonG3V3/hw/SEPmonG3V3.xsa
TRACE::2024-07-07.17:00:53::SCWPlatform:: Unique name xilinx:zybo-z7-10::0.0
TRACE::2024-07-07.17:00:53::SCWPlatform::Trying to set the existing hwdb with name DEMO_wrapper_29
TRACE::2024-07-07.17:00:53::SCWPlatform::Opened existing hwdb DEMO_wrapper_29
TRACE::2024-07-07.17:00:53::SCWPlatform::Found the Hw Db part of the input DSA
TRACE::2024-07-07.17:00:53::SCWMssOS::Checking the sw design at  C:/Users/gusta/Documents/SEP_projects/HW_SW/SEPmonG3/SEPmonG3V3/ps7_cortexa9_0/standalone_domain/bsp/system.mss
TRACE::2024-07-07.17:00:53::SCWMssOS::DEBUG:  swdes dump  C:/Users/gusta/Documents/SEP_projects/HW_SW/SEPmonG3/SEPmonG3/ps7_cortexa9_0/standalone_domain/bsp/system.mss|system_0||
C:/Users/gusta/Documents/SEP_projects/HW_SW/SEPmonG3/SEPmonG3/zynq_fsbl/zynq_fsbl_bsp/system.mss|system||
C:/Users/gusta/Documents/SEP_projects/HW_SW/SEPmonG3/SEPmonG3V3/ps7_cortexa9_0/standalone_domain/bsp/system.mss|system_2||
C:/Users/gusta/Documents/SEP_projects/HW_SW/SEPmonG3/SEPmonG3V3/zynq_fsbl/zynq_fsbl_bsp/system.mss|system_1||

TRACE::2024-07-07.17:00:53::SCWMssOS::Sw design exists and opened at  C:/Users/gusta/Documents/SEP_projects/HW_SW/SEPmonG3/SEPmonG3V3/ps7_cortexa9_0/standalone_domain/bsp/system.mss
TRACE::2024-07-07.17:00:53::SCWWriter::formatted JSON is {
	"platformName":	"SEPmonG3V3",
	"sprVersion":	"2.0",
	"mode":	"gui",
	"dsaType":	"Fixed",
	"platformDesc":	"SEPmonG3V3",
	"platHandOff":	"<platformDir>.xsa",
	"platIntHandOff":	"<platformDir>/hw/SEPmonG3V3.xsa",
	"deviceType":	"zynq",
	"platIsPrebuiltAutogen":	"false",
	"platIsNoBootBsp":	"false",
	"platFsblTarget":	"ps7_cortexa9_0",
	"hasFsblMakeHasChanges":	"false",
	"hasPmufwMakeHasChanges":	"false",
	"fsblExtraCompilerFlags":	"-MMD -MP       -mcpu=cortex-a9 -mfpu=vfpv3 -mfloat-abi=hard ",
	"platPreBuiltFlag":	false,
	"platformSamplesDir":	"",
	"platActiveSys":	"SEPmonG3V3",
	"systems":	[{
			"systemName":	"SEPmonG3V3",
			"systemDesc":	"SEPmonG3V3",
			"sysIsBootAutoGen":	"true",
			"systemDispName":	"SEPmonG3V3",
			"sysActiveDom":	"standalone_domain",
			"sysDefaultDom":	"standalone_domain",
			"domains":	[{
					"domainName":	"zynq_fsbl",
					"domainDispName":	"zynq_fsbl",
					"domainDesc":	"FSBL Application BSP - Auto Generated.",
					"processors":	"ps7_cortexa9_0",
					"os":	"standalone",
					"sdxOs":	"standalone",
					"debugEnable":	"",
					"domRuntimes":	["cpp"],
					"swRepo":	"",
					"mssOsVer":	"7.2",
					"mssFile":	"",
					"md5Digest":	"1c3d65b23234dc3ec6f7ff2cc82e7a29",
					"compatibleApp":	"zynq_fsbl",
					"domType":	"bootDomain",
					"appSettings":	{
						"appCompilerFlags":	"",
						"appLinkerFlags":	""
					},
					"addedLibs":	["xilffs:4.3", "xilrsa:1.6"],
					"libOptions":	{
						"libsContainingOptions":	[]
					},
					"prebuiltLibs":	{
						"prebuiltIncPath":	[],
						"prebuiltLibPath":	[]
					},
					"isolation":	{
					}
				}, {
					"domainName":	"standalone_domain",
					"domainDispName":	"standalone on ps7_cortexa9_0",
					"domainDesc":	"standalone_domain",
					"processors":	"ps7_cortexa9_0",
					"os":	"standalone",
					"sdxOs":	"standalone",
					"qemuArgs":	"C:/Xilinx/Vitis/2020.1/data/emulation/platforms/zynq/qemu/qemu_args.txt",
					"qemuData":	"C:/Xilinx/Vitis/2020.1/data/emulation/platforms/zynq/qemu/",
					"debugEnable":	"False",
					"domRuntimes":	["cpp"],
					"swRepo":	"",
					"mssOsVer":	"7.2",
					"mssFile":	"",
					"md5Digest":	"96a2233cbaff12ac4b4b6f28a05a4e23",
					"compatibleApp":	"",
					"domType":	"mssDomain",
					"appSettings":	{
						"appCompilerFlags":	"",
						"appLinkerFlags":	""
					},
					"addedLibs":	[],
					"libOptions":	{
						"libsContainingOptions":	[]
					},
					"prebuiltLibs":	{
						"prebuiltIncPath":	[],
						"prebuiltLibPath":	[]
					},
					"isolation":	{
					}
				}]
		}]
}
TRACE::2024-07-07.17:00:53::SCWPlatform::Clearing the existing platform
TRACE::2024-07-07.17:00:53::SCWSystem::Clearing the existing sysconfig
TRACE::2024-07-07.17:00:53::SCWBDomain::clearing the fsbl build
TRACE::2024-07-07.17:00:53::SCWMssOS::Removing the swdes entry for  C:/Users/gusta/Documents/SEP_projects/HW_SW/SEPmonG3/SEPmonG3V3/zynq_fsbl/zynq_fsbl_bsp/system.mss
TRACE::2024-07-07.17:00:53::SCWMssOS::Removing the swdes entry for  C:/Users/gusta/Documents/SEP_projects/HW_SW/SEPmonG3/SEPmonG3V3/ps7_cortexa9_0/standalone_domain/bsp/system.mss
TRACE::2024-07-07.17:00:53::SCWSystem::Clearing the domains completed.
TRACE::2024-07-07.17:00:53::SCWPlatform::Clearing the opened hw db.
TRACE::2024-07-07.17:00:53::SCWPlatform::DSA given C:/Users/gusta/Documents/SEP_projects/HW_SW/SEPmonG3/SEPmonG3V3/hw/SEPmonG3V3.xsa
TRACE::2024-07-07.17:00:53::SCWPlatform::DSA absoulate path C:/Users/gusta/Documents/SEP_projects/HW_SW/SEPmonG3/SEPmonG3V3/hw/SEPmonG3V3.xsa
TRACE::2024-07-07.17:00:53::SCWPlatform:: Platform location is C:/Users/gusta/Documents/SEP_projects/HW_SW/SEPmonG3/SEPmonG3V3/hw
TRACE::2024-07-07.17:00:53::SCWPlatform:: Platform Path C:/Users/gusta/Documents/SEP_projects/HW_SW/SEPmonG3/SEPmonG3V3/hw/SEPmonG3V3.xsa
TRACE::2024-07-07.17:00:53::SCWPlatform:: Unique name xilinx:zybo-z7-10::0.0
TRACE::2024-07-07.17:00:53::SCWPlatform::Removing the HwDB with name C:/Users/gusta/Documents/SEP_projects/HW_SW/SEPmonG3/SEPmonG3V3/hw/SEPmonG3V3.xsa
TRACE::2024-07-07.17:00:53::SCWPlatform::Trying to open the hw design at C:/Users/gusta/Documents/SEP_projects/HW_SW/SEPmonG3/SEPmonG3V3/hw/SEPmonG3V3.xsa
TRACE::2024-07-07.17:00:53::SCWPlatform::DSA given C:/Users/gusta/Documents/SEP_projects/HW_SW/SEPmonG3/SEPmonG3V3/hw/SEPmonG3V3.xsa
TRACE::2024-07-07.17:00:53::SCWPlatform::DSA absoulate path C:/Users/gusta/Documents/SEP_projects/HW_SW/SEPmonG3/SEPmonG3V3/hw/SEPmonG3V3.xsa
TRACE::2024-07-07.17:00:53::SCWPlatform::DSA directory C:/Users/gusta/Documents/SEP_projects/HW_SW/SEPmonG3/SEPmonG3V3/hw
TRACE::2024-07-07.17:00:53::SCWPlatform:: Platform Path C:/Users/gusta/Documents/SEP_projects/HW_SW/SEPmonG3/SEPmonG3V3/hw/SEPmonG3V3.xsa
TRACE::2024-07-07.17:00:53::SCWPlatform:: Unique name xilinx:zybo-z7-10::0.0
TRACE::2024-07-07.17:00:53::SCWPlatform::Do not have an existing db opened. 
TRACE::2024-07-07.17:00:55::SCWPlatform::Opened new HwDB with name DEMO_wrapper_30
TRACE::2024-07-07.17:00:55::SCWReader::Active system found as  SEPmonG3V3
TRACE::2024-07-07.17:00:55::SCWReader::Handling sysconfig SEPmonG3V3
TRACE::2024-07-07.17:00:55::SCWDomain::checking for install qemu data   : 
TRACE::2024-07-07.17:00:55::SCWDomain:: Using the QEMU Data from install at  : C:/Xilinx/Vitis/2020.1/data/emulation/platforms/zynq/qemu/
TRACE::2024-07-07.17:00:55::SCWDomain:: Using the QEMU args  from install at  : C:/Xilinx/Vitis/2020.1/data/emulation/platforms/zynq/qemu/qemu_args.txt
TRACE::2024-07-07.17:00:55::SCWPlatform::Trying to open the hw design at C:/Users/gusta/Documents/SEP_projects/HW_SW/SEPmonG3/SEPmonG3V3/hw/SEPmonG3V3.xsa
TRACE::2024-07-07.17:00:55::SCWPlatform::DSA given C:/Users/gusta/Documents/SEP_projects/HW_SW/SEPmonG3/SEPmonG3V3/hw/SEPmonG3V3.xsa
TRACE::2024-07-07.17:00:55::SCWPlatform::DSA absoulate path C:/Users/gusta/Documents/SEP_projects/HW_SW/SEPmonG3/SEPmonG3V3/hw/SEPmonG3V3.xsa
TRACE::2024-07-07.17:00:55::SCWPlatform::DSA directory C:/Users/gusta/Documents/SEP_projects/HW_SW/SEPmonG3/SEPmonG3V3/hw
TRACE::2024-07-07.17:00:55::SCWPlatform:: Platform Path C:/Users/gusta/Documents/SEP_projects/HW_SW/SEPmonG3/SEPmonG3V3/hw/SEPmonG3V3.xsa
TRACE::2024-07-07.17:00:55::SCWPlatform:: Unique name xilinx:zybo-z7-10::0.0
TRACE::2024-07-07.17:00:55::SCWPlatform::Trying to set the existing hwdb with name DEMO_wrapper_30
TRACE::2024-07-07.17:00:55::SCWPlatform::Opened existing hwdb DEMO_wrapper_30
TRACE::2024-07-07.17:00:55::SCWPlatform::Found the Hw Db part of the input DSA
TRACE::2024-07-07.17:00:55::SCWPlatform::Trying to open the hw design at C:/Users/gusta/Documents/SEP_projects/HW_SW/SEPmonG3/SEPmonG3V3/hw/SEPmonG3V3.xsa
TRACE::2024-07-07.17:00:55::SCWPlatform::DSA given C:/Users/gusta/Documents/SEP_projects/HW_SW/SEPmonG3/SEPmonG3V3/hw/SEPmonG3V3.xsa
TRACE::2024-07-07.17:00:55::SCWPlatform::DSA absoulate path C:/Users/gusta/Documents/SEP_projects/HW_SW/SEPmonG3/SEPmonG3V3/hw/SEPmonG3V3.xsa
TRACE::2024-07-07.17:00:55::SCWPlatform::DSA directory C:/Users/gusta/Documents/SEP_projects/HW_SW/SEPmonG3/SEPmonG3V3/hw
TRACE::2024-07-07.17:00:55::SCWPlatform:: Platform Path C:/Users/gusta/Documents/SEP_projects/HW_SW/SEPmonG3/SEPmonG3V3/hw/SEPmonG3V3.xsa
TRACE::2024-07-07.17:00:55::SCWPlatform:: Unique name xilinx:zybo-z7-10::0.0
TRACE::2024-07-07.17:00:55::SCWPlatform::Trying to set the existing hwdb with name DEMO_wrapper_30
TRACE::2024-07-07.17:00:55::SCWPlatform::Opened existing hwdb DEMO_wrapper_30
TRACE::2024-07-07.17:00:55::SCWPlatform::Found the Hw Db part of the input DSA
TRACE::2024-07-07.17:00:55::SCWPlatform::Trying to open the hw design at C:/Users/gusta/Documents/SEP_projects/HW_SW/SEPmonG3/SEPmonG3V3/hw/SEPmonG3V3.xsa
TRACE::2024-07-07.17:00:55::SCWPlatform::DSA given C:/Users/gusta/Documents/SEP_projects/HW_SW/SEPmonG3/SEPmonG3V3/hw/SEPmonG3V3.xsa
TRACE::2024-07-07.17:00:55::SCWPlatform::DSA absoulate path C:/Users/gusta/Documents/SEP_projects/HW_SW/SEPmonG3/SEPmonG3V3/hw/SEPmonG3V3.xsa
TRACE::2024-07-07.17:00:55::SCWPlatform::DSA directory C:/Users/gusta/Documents/SEP_projects/HW_SW/SEPmonG3/SEPmonG3V3/hw
TRACE::2024-07-07.17:00:55::SCWPlatform:: Platform Path C:/Users/gusta/Documents/SEP_projects/HW_SW/SEPmonG3/SEPmonG3V3/hw/SEPmonG3V3.xsa
TRACE::2024-07-07.17:00:55::SCWPlatform:: Unique name xilinx:zybo-z7-10::0.0
TRACE::2024-07-07.17:00:55::SCWPlatform::Trying to set the existing hwdb with name DEMO_wrapper_30
TRACE::2024-07-07.17:00:55::SCWPlatform::Opened existing hwdb DEMO_wrapper_30
TRACE::2024-07-07.17:00:55::SCWPlatform::Found the Hw Db part of the input DSA
TRACE::2024-07-07.17:00:55::SCWReader::Boot application domain added for zynq_fsbl
TRACE::2024-07-07.17:00:55::SCWPlatform::Trying to open the hw design at C:/Users/gusta/Documents/SEP_projects/HW_SW/SEPmonG3/SEPmonG3V3/hw/SEPmonG3V3.xsa
TRACE::2024-07-07.17:00:55::SCWPlatform::DSA given C:/Users/gusta/Documents/SEP_projects/HW_SW/SEPmonG3/SEPmonG3V3/hw/SEPmonG3V3.xsa
TRACE::2024-07-07.17:00:55::SCWPlatform::DSA absoulate path C:/Users/gusta/Documents/SEP_projects/HW_SW/SEPmonG3/SEPmonG3V3/hw/SEPmonG3V3.xsa
TRACE::2024-07-07.17:00:55::SCWPlatform::DSA directory C:/Users/gusta/Documents/SEP_projects/HW_SW/SEPmonG3/SEPmonG3V3/hw
TRACE::2024-07-07.17:00:55::SCWPlatform:: Platform Path C:/Users/gusta/Documents/SEP_projects/HW_SW/SEPmonG3/SEPmonG3V3/hw/SEPmonG3V3.xsa
TRACE::2024-07-07.17:00:55::SCWPlatform:: Unique name xilinx:zybo-z7-10::0.0
TRACE::2024-07-07.17:00:55::SCWPlatform::Trying to set the existing hwdb with name DEMO_wrapper_30
TRACE::2024-07-07.17:00:55::SCWPlatform::Opened existing hwdb DEMO_wrapper_30
TRACE::2024-07-07.17:00:55::SCWPlatform::Found the Hw Db part of the input DSA
TRACE::2024-07-07.17:00:55::SCWMssOS::Checking the sw design at  C:/Users/gusta/Documents/SEP_projects/HW_SW/SEPmonG3/SEPmonG3V3/zynq_fsbl/zynq_fsbl_bsp/system.mss
TRACE::2024-07-07.17:00:55::SCWMssOS::DEBUG:  swdes dump  C:/Users/gusta/Documents/SEP_projects/HW_SW/SEPmonG3/SEPmonG3/ps7_cortexa9_0/standalone_domain/bsp/system.mss|system_0||
C:/Users/gusta/Documents/SEP_projects/HW_SW/SEPmonG3/SEPmonG3/zynq_fsbl/zynq_fsbl_bsp/system.mss|system||

TRACE::2024-07-07.17:00:55::SCWMssOS::No sw design opened at  C:/Users/gusta/Documents/SEP_projects/HW_SW/SEPmonG3/SEPmonG3V3/zynq_fsbl/zynq_fsbl_bsp/system.mss
TRACE::2024-07-07.17:00:55::SCWMssOS::mss exists loading the mss file  C:/Users/gusta/Documents/SEP_projects/HW_SW/SEPmonG3/SEPmonG3V3/zynq_fsbl/zynq_fsbl_bsp/system.mss
TRACE::2024-07-07.17:00:55::SCWMssOS::Opened the sw design from mss  C:/Users/gusta/Documents/SEP_projects/HW_SW/SEPmonG3/SEPmonG3V3/zynq_fsbl/zynq_fsbl_bsp/system.mss
TRACE::2024-07-07.17:00:55::SCWMssOS::Adding the swdes entry C:/Users/gusta/Documents/SEP_projects/HW_SW/SEPmonG3/SEPmonG3V3/zynq_fsbl/zynq_fsbl_bsp/system.mss with des name system_1
TRACE::2024-07-07.17:00:55::SCWMssOS::updating the scw layer about changes
TRACE::2024-07-07.17:00:55::SCWMssOS::Opened the sw design.  C:/Users/gusta/Documents/SEP_projects/HW_SW/SEPmonG3/SEPmonG3V3/zynq_fsbl/zynq_fsbl_bsp/system.mss
TRACE::2024-07-07.17:00:55::SCWPlatform::Trying to open the hw design at C:/Users/gusta/Documents/SEP_projects/HW_SW/SEPmonG3/SEPmonG3V3/hw/SEPmonG3V3.xsa
TRACE::2024-07-07.17:00:55::SCWPlatform::DSA given C:/Users/gusta/Documents/SEP_projects/HW_SW/SEPmonG3/SEPmonG3V3/hw/SEPmonG3V3.xsa
TRACE::2024-07-07.17:00:55::SCWPlatform::DSA absoulate path C:/Users/gusta/Documents/SEP_projects/HW_SW/SEPmonG3/SEPmonG3V3/hw/SEPmonG3V3.xsa
TRACE::2024-07-07.17:00:55::SCWPlatform::DSA directory C:/Users/gusta/Documents/SEP_projects/HW_SW/SEPmonG3/SEPmonG3V3/hw
TRACE::2024-07-07.17:00:55::SCWPlatform:: Platform Path C:/Users/gusta/Documents/SEP_projects/HW_SW/SEPmonG3/SEPmonG3V3/hw/SEPmonG3V3.xsa
TRACE::2024-07-07.17:00:55::SCWPlatform:: Unique name xilinx:zybo-z7-10::0.0
TRACE::2024-07-07.17:00:55::SCWPlatform::Trying to set the existing hwdb with name DEMO_wrapper_30
TRACE::2024-07-07.17:00:55::SCWPlatform::Opened existing hwdb DEMO_wrapper_30
TRACE::2024-07-07.17:00:55::SCWPlatform::Found the Hw Db part of the input DSA
TRACE::2024-07-07.17:00:55::SCWMssOS::Checking the sw design at  C:/Users/gusta/Documents/SEP_projects/HW_SW/SEPmonG3/SEPmonG3V3/zynq_fsbl/zynq_fsbl_bsp/system.mss
TRACE::2024-07-07.17:00:55::SCWMssOS::DEBUG:  swdes dump  C:/Users/gusta/Documents/SEP_projects/HW_SW/SEPmonG3/SEPmonG3/ps7_cortexa9_0/standalone_domain/bsp/system.mss|system_0||
C:/Users/gusta/Documents/SEP_projects/HW_SW/SEPmonG3/SEPmonG3/zynq_fsbl/zynq_fsbl_bsp/system.mss|system||
C:/Users/gusta/Documents/SEP_projects/HW_SW/SEPmonG3/SEPmonG3V3/zynq_fsbl/zynq_fsbl_bsp/system.mss|system_1||

TRACE::2024-07-07.17:00:55::SCWMssOS::Sw design exists and opened at  C:/Users/gusta/Documents/SEP_projects/HW_SW/SEPmonG3/SEPmonG3V3/zynq_fsbl/zynq_fsbl_bsp/system.mss
TRACE::2024-07-07.17:00:55::SCWMssOS:: library already available in sw design:  xilffs:4.3
TRACE::2024-07-07.17:00:55::SCWPlatform::Trying to open the hw design at C:/Users/gusta/Documents/SEP_projects/HW_SW/SEPmonG3/SEPmonG3V3/hw/SEPmonG3V3.xsa
TRACE::2024-07-07.17:00:55::SCWPlatform::DSA given C:/Users/gusta/Documents/SEP_projects/HW_SW/SEPmonG3/SEPmonG3V3/hw/SEPmonG3V3.xsa
TRACE::2024-07-07.17:00:55::SCWPlatform::DSA absoulate path C:/Users/gusta/Documents/SEP_projects/HW_SW/SEPmonG3/SEPmonG3V3/hw/SEPmonG3V3.xsa
TRACE::2024-07-07.17:00:55::SCWPlatform::DSA directory C:/Users/gusta/Documents/SEP_projects/HW_SW/SEPmonG3/SEPmonG3V3/hw
TRACE::2024-07-07.17:00:55::SCWPlatform:: Platform Path C:/Users/gusta/Documents/SEP_projects/HW_SW/SEPmonG3/SEPmonG3V3/hw/SEPmonG3V3.xsa
TRACE::2024-07-07.17:00:55::SCWPlatform:: Unique name xilinx:zybo-z7-10::0.0
TRACE::2024-07-07.17:00:55::SCWPlatform::Trying to set the existing hwdb with name DEMO_wrapper_30
TRACE::2024-07-07.17:00:55::SCWPlatform::Opened existing hwdb DEMO_wrapper_30
TRACE::2024-07-07.17:00:55::SCWPlatform::Found the Hw Db part of the input DSA
TRACE::2024-07-07.17:00:55::SCWMssOS::Checking the sw design at  C:/Users/gusta/Documents/SEP_projects/HW_SW/SEPmonG3/SEPmonG3V3/zynq_fsbl/zynq_fsbl_bsp/system.mss
TRACE::2024-07-07.17:00:55::SCWMssOS::DEBUG:  swdes dump  C:/Users/gusta/Documents/SEP_projects/HW_SW/SEPmonG3/SEPmonG3/ps7_cortexa9_0/standalone_domain/bsp/system.mss|system_0||
C:/Users/gusta/Documents/SEP_projects/HW_SW/SEPmonG3/SEPmonG3/zynq_fsbl/zynq_fsbl_bsp/system.mss|system||
C:/Users/gusta/Documents/SEP_projects/HW_SW/SEPmonG3/SEPmonG3V3/zynq_fsbl/zynq_fsbl_bsp/system.mss|system_1||

TRACE::2024-07-07.17:00:55::SCWMssOS::Sw design exists and opened at  C:/Users/gusta/Documents/SEP_projects/HW_SW/SEPmonG3/SEPmonG3V3/zynq_fsbl/zynq_fsbl_bsp/system.mss
TRACE::2024-07-07.17:00:55::SCWMssOS:: library already available in sw design:  xilrsa:1.6
TRACE::2024-07-07.17:00:55::SCWMssOS::Saving the mss changes C:/Users/gusta/Documents/SEP_projects/HW_SW/SEPmonG3/SEPmonG3V3/zynq_fsbl/zynq_fsbl_bsp/system.mss
TRACE::2024-07-07.17:00:55::SCWMssOS::Found a swdesign opened with the mssfile.
TRACE::2024-07-07.17:00:55::SCWMssOS::Completed writemss as part of save.
TRACE::2024-07-07.17:00:55::SCWMssOS::Commit changes completed.
TRACE::2024-07-07.17:00:55::SCWReader::Adding prebuilt librarypaths as   
TRACE::2024-07-07.17:00:55::SCWReader::Adding prebuilt incpaths  as   
TRACE::2024-07-07.17:00:55::SCWPlatform::Trying to open the hw design at C:/Users/gusta/Documents/SEP_projects/HW_SW/SEPmonG3/SEPmonG3V3/hw/SEPmonG3V3.xsa
TRACE::2024-07-07.17:00:55::SCWPlatform::DSA given C:/Users/gusta/Documents/SEP_projects/HW_SW/SEPmonG3/SEPmonG3V3/hw/SEPmonG3V3.xsa
TRACE::2024-07-07.17:00:55::SCWPlatform::DSA absoulate path C:/Users/gusta/Documents/SEP_projects/HW_SW/SEPmonG3/SEPmonG3V3/hw/SEPmonG3V3.xsa
TRACE::2024-07-07.17:00:55::SCWPlatform::DSA directory C:/Users/gusta/Documents/SEP_projects/HW_SW/SEPmonG3/SEPmonG3V3/hw
TRACE::2024-07-07.17:00:55::SCWPlatform:: Platform Path C:/Users/gusta/Documents/SEP_projects/HW_SW/SEPmonG3/SEPmonG3V3/hw/SEPmonG3V3.xsa
TRACE::2024-07-07.17:00:55::SCWPlatform:: Unique name xilinx:zybo-z7-10::0.0
TRACE::2024-07-07.17:00:55::SCWPlatform::Trying to set the existing hwdb with name DEMO_wrapper_30
TRACE::2024-07-07.17:00:55::SCWPlatform::Opened existing hwdb DEMO_wrapper_30
TRACE::2024-07-07.17:00:55::SCWPlatform::Found the Hw Db part of the input DSA
TRACE::2024-07-07.17:00:55::SCWMssOS::Checking the sw design at  C:/Users/gusta/Documents/SEP_projects/HW_SW/SEPmonG3/SEPmonG3V3/zynq_fsbl/zynq_fsbl_bsp/system.mss
TRACE::2024-07-07.17:00:55::SCWMssOS::DEBUG:  swdes dump  C:/Users/gusta/Documents/SEP_projects/HW_SW/SEPmonG3/SEPmonG3/ps7_cortexa9_0/standalone_domain/bsp/system.mss|system_0||
C:/Users/gusta/Documents/SEP_projects/HW_SW/SEPmonG3/SEPmonG3/zynq_fsbl/zynq_fsbl_bsp/system.mss|system||
C:/Users/gusta/Documents/SEP_projects/HW_SW/SEPmonG3/SEPmonG3V3/zynq_fsbl/zynq_fsbl_bsp/system.mss|system_1||

TRACE::2024-07-07.17:00:55::SCWMssOS::Sw design exists and opened at  C:/Users/gusta/Documents/SEP_projects/HW_SW/SEPmonG3/SEPmonG3V3/zynq_fsbl/zynq_fsbl_bsp/system.mss
TRACE::2024-07-07.17:00:55::SCWReader::No isolation master present  
TRACE::2024-07-07.17:00:55::SCWDomain::checking for install qemu data   : 
TRACE::2024-07-07.17:00:55::SCWDomain:: Using the QEMU Data from install at  : C:/Xilinx/Vitis/2020.1/data/emulation/platforms/zynq/qemu/
TRACE::2024-07-07.17:00:55::SCWDomain:: Using the QEMU args  from install at  : C:/Xilinx/Vitis/2020.1/data/emulation/platforms/zynq/qemu/qemu_args.txt
TRACE::2024-07-07.17:00:55::SCWPlatform::Trying to open the hw design at C:/Users/gusta/Documents/SEP_projects/HW_SW/SEPmonG3/SEPmonG3V3/hw/SEPmonG3V3.xsa
TRACE::2024-07-07.17:00:55::SCWPlatform::DSA given C:/Users/gusta/Documents/SEP_projects/HW_SW/SEPmonG3/SEPmonG3V3/hw/SEPmonG3V3.xsa
TRACE::2024-07-07.17:00:55::SCWPlatform::DSA absoulate path C:/Users/gusta/Documents/SEP_projects/HW_SW/SEPmonG3/SEPmonG3V3/hw/SEPmonG3V3.xsa
TRACE::2024-07-07.17:00:55::SCWPlatform::DSA directory C:/Users/gusta/Documents/SEP_projects/HW_SW/SEPmonG3/SEPmonG3V3/hw
TRACE::2024-07-07.17:00:55::SCWPlatform:: Platform Path C:/Users/gusta/Documents/SEP_projects/HW_SW/SEPmonG3/SEPmonG3V3/hw/SEPmonG3V3.xsa
TRACE::2024-07-07.17:00:55::SCWPlatform:: Unique name xilinx:zybo-z7-10::0.0
TRACE::2024-07-07.17:00:55::SCWPlatform::Trying to set the existing hwdb with name DEMO_wrapper_30
TRACE::2024-07-07.17:00:55::SCWPlatform::Opened existing hwdb DEMO_wrapper_30
TRACE::2024-07-07.17:00:55::SCWPlatform::Found the Hw Db part of the input DSA
TRACE::2024-07-07.17:00:55::SCWPlatform::Trying to open the hw design at C:/Users/gusta/Documents/SEP_projects/HW_SW/SEPmonG3/SEPmonG3V3/hw/SEPmonG3V3.xsa
TRACE::2024-07-07.17:00:55::SCWPlatform::DSA given C:/Users/gusta/Documents/SEP_projects/HW_SW/SEPmonG3/SEPmonG3V3/hw/SEPmonG3V3.xsa
TRACE::2024-07-07.17:00:55::SCWPlatform::DSA absoulate path C:/Users/gusta/Documents/SEP_projects/HW_SW/SEPmonG3/SEPmonG3V3/hw/SEPmonG3V3.xsa
TRACE::2024-07-07.17:00:55::SCWPlatform::DSA directory C:/Users/gusta/Documents/SEP_projects/HW_SW/SEPmonG3/SEPmonG3V3/hw
TRACE::2024-07-07.17:00:55::SCWPlatform:: Platform Path C:/Users/gusta/Documents/SEP_projects/HW_SW/SEPmonG3/SEPmonG3V3/hw/SEPmonG3V3.xsa
TRACE::2024-07-07.17:00:55::SCWPlatform:: Unique name xilinx:zybo-z7-10::0.0
TRACE::2024-07-07.17:00:55::SCWPlatform::Trying to set the existing hwdb with name DEMO_wrapper_30
TRACE::2024-07-07.17:00:55::SCWPlatform::Opened existing hwdb DEMO_wrapper_30
TRACE::2024-07-07.17:00:55::SCWPlatform::Found the Hw Db part of the input DSA
TRACE::2024-07-07.17:00:55::SCWPlatform::Trying to open the hw design at C:/Users/gusta/Documents/SEP_projects/HW_SW/SEPmonG3/SEPmonG3V3/hw/SEPmonG3V3.xsa
TRACE::2024-07-07.17:00:55::SCWPlatform::DSA given C:/Users/gusta/Documents/SEP_projects/HW_SW/SEPmonG3/SEPmonG3V3/hw/SEPmonG3V3.xsa
TRACE::2024-07-07.17:00:55::SCWPlatform::DSA absoulate path C:/Users/gusta/Documents/SEP_projects/HW_SW/SEPmonG3/SEPmonG3V3/hw/SEPmonG3V3.xsa
TRACE::2024-07-07.17:00:55::SCWPlatform::DSA directory C:/Users/gusta/Documents/SEP_projects/HW_SW/SEPmonG3/SEPmonG3V3/hw
TRACE::2024-07-07.17:00:55::SCWPlatform:: Platform Path C:/Users/gusta/Documents/SEP_projects/HW_SW/SEPmonG3/SEPmonG3V3/hw/SEPmonG3V3.xsa
TRACE::2024-07-07.17:00:55::SCWPlatform:: Unique name xilinx:zybo-z7-10::0.0
TRACE::2024-07-07.17:00:55::SCWPlatform::Trying to set the existing hwdb with name DEMO_wrapper_30
TRACE::2024-07-07.17:00:55::SCWPlatform::Opened existing hwdb DEMO_wrapper_30
TRACE::2024-07-07.17:00:55::SCWPlatform::Found the Hw Db part of the input DSA
TRACE::2024-07-07.17:00:55::SCWMssOS::Checking the sw design at  C:/Users/gusta/Documents/SEP_projects/HW_SW/SEPmonG3/SEPmonG3V3/ps7_cortexa9_0/standalone_domain/bsp/system.mss
TRACE::2024-07-07.17:00:55::SCWMssOS::DEBUG:  swdes dump  C:/Users/gusta/Documents/SEP_projects/HW_SW/SEPmonG3/SEPmonG3/ps7_cortexa9_0/standalone_domain/bsp/system.mss|system_0||
C:/Users/gusta/Documents/SEP_projects/HW_SW/SEPmonG3/SEPmonG3/zynq_fsbl/zynq_fsbl_bsp/system.mss|system||
C:/Users/gusta/Documents/SEP_projects/HW_SW/SEPmonG3/SEPmonG3V3/zynq_fsbl/zynq_fsbl_bsp/system.mss|system_1||

TRACE::2024-07-07.17:00:55::SCWMssOS::No sw design opened at  C:/Users/gusta/Documents/SEP_projects/HW_SW/SEPmonG3/SEPmonG3V3/ps7_cortexa9_0/standalone_domain/bsp/system.mss
TRACE::2024-07-07.17:00:55::SCWMssOS::mss exists loading the mss file  C:/Users/gusta/Documents/SEP_projects/HW_SW/SEPmonG3/SEPmonG3V3/ps7_cortexa9_0/standalone_domain/bsp/system.mss
TRACE::2024-07-07.17:00:55::SCWMssOS::Opened the sw design from mss  C:/Users/gusta/Documents/SEP_projects/HW_SW/SEPmonG3/SEPmonG3V3/ps7_cortexa9_0/standalone_domain/bsp/system.mss
TRACE::2024-07-07.17:00:55::SCWMssOS::Adding the swdes entry C:/Users/gusta/Documents/SEP_projects/HW_SW/SEPmonG3/SEPmonG3V3/ps7_cortexa9_0/standalone_domain/bsp/system.mss with des name system_2
TRACE::2024-07-07.17:00:55::SCWMssOS::updating the scw layer about changes
TRACE::2024-07-07.17:00:55::SCWMssOS::Opened the sw design.  C:/Users/gusta/Documents/SEP_projects/HW_SW/SEPmonG3/SEPmonG3V3/ps7_cortexa9_0/standalone_domain/bsp/system.mss
TRACE::2024-07-07.17:00:55::SCWMssOS::Saving the mss changes C:/Users/gusta/Documents/SEP_projects/HW_SW/SEPmonG3/SEPmonG3V3/ps7_cortexa9_0/standalone_domain/bsp/system.mss
TRACE::2024-07-07.17:00:55::SCWMssOS::Found a swdesign opened with the mssfile.
TRACE::2024-07-07.17:00:55::SCWMssOS::Completed writemss as part of save.
TRACE::2024-07-07.17:00:55::SCWMssOS::Commit changes completed.
TRACE::2024-07-07.17:00:55::SCWReader::Adding prebuilt librarypaths as   
TRACE::2024-07-07.17:00:55::SCWReader::Adding prebuilt incpaths  as   
TRACE::2024-07-07.17:00:55::SCWPlatform::Trying to open the hw design at C:/Users/gusta/Documents/SEP_projects/HW_SW/SEPmonG3/SEPmonG3V3/hw/SEPmonG3V3.xsa
TRACE::2024-07-07.17:00:55::SCWPlatform::DSA given C:/Users/gusta/Documents/SEP_projects/HW_SW/SEPmonG3/SEPmonG3V3/hw/SEPmonG3V3.xsa
TRACE::2024-07-07.17:00:55::SCWPlatform::DSA absoulate path C:/Users/gusta/Documents/SEP_projects/HW_SW/SEPmonG3/SEPmonG3V3/hw/SEPmonG3V3.xsa
TRACE::2024-07-07.17:00:55::SCWPlatform::DSA directory C:/Users/gusta/Documents/SEP_projects/HW_SW/SEPmonG3/SEPmonG3V3/hw
TRACE::2024-07-07.17:00:55::SCWPlatform:: Platform Path C:/Users/gusta/Documents/SEP_projects/HW_SW/SEPmonG3/SEPmonG3V3/hw/SEPmonG3V3.xsa
TRACE::2024-07-07.17:00:55::SCWPlatform:: Unique name xilinx:zybo-z7-10::0.0
TRACE::2024-07-07.17:00:55::SCWPlatform::Trying to set the existing hwdb with name DEMO_wrapper_30
TRACE::2024-07-07.17:00:55::SCWPlatform::Opened existing hwdb DEMO_wrapper_30
TRACE::2024-07-07.17:00:55::SCWPlatform::Found the Hw Db part of the input DSA
TRACE::2024-07-07.17:00:55::SCWMssOS::Checking the sw design at  C:/Users/gusta/Documents/SEP_projects/HW_SW/SEPmonG3/SEPmonG3V3/ps7_cortexa9_0/standalone_domain/bsp/system.mss
TRACE::2024-07-07.17:00:55::SCWMssOS::DEBUG:  swdes dump  C:/Users/gusta/Documents/SEP_projects/HW_SW/SEPmonG3/SEPmonG3/ps7_cortexa9_0/standalone_domain/bsp/system.mss|system_0||
C:/Users/gusta/Documents/SEP_projects/HW_SW/SEPmonG3/SEPmonG3/zynq_fsbl/zynq_fsbl_bsp/system.mss|system||
C:/Users/gusta/Documents/SEP_projects/HW_SW/SEPmonG3/SEPmonG3V3/ps7_cortexa9_0/standalone_domain/bsp/system.mss|system_2||
C:/Users/gusta/Documents/SEP_projects/HW_SW/SEPmonG3/SEPmonG3V3/zynq_fsbl/zynq_fsbl_bsp/system.mss|system_1||

TRACE::2024-07-07.17:00:55::SCWMssOS::Sw design exists and opened at  C:/Users/gusta/Documents/SEP_projects/HW_SW/SEPmonG3/SEPmonG3V3/ps7_cortexa9_0/standalone_domain/bsp/system.mss
TRACE::2024-07-07.17:00:55::SCWReader::No isolation master present  
LOG::2024-07-07.17:01:06::SCWPlatform::Started generating the artifacts platform SEPmonG3V3
TRACE::2024-07-07.17:01:06::SCWPlatform::Sanity checking of platform is completed
LOG::2024-07-07.17:01:06::SCWPlatform::Started generating the artifacts for system configuration SEPmonG3V3
LOG::2024-07-07.17:01:06::SCWSystem::Checking the domain zynq_fsbl
LOG::2024-07-07.17:01:06::SCWSystem::Doing application build for :  zynq_fsbl
TRACE::2024-07-07.17:01:06::SCWBDomain::Not a forced makefile updation, No changes are present. 
TRACE::2024-07-07.17:01:06::SCWDomain::Building the domain as part of full build :  zynq_fsbl
TRACE::2024-07-07.17:01:06::SCWPlatform::Trying to open the hw design at C:/Users/gusta/Documents/SEP_projects/HW_SW/SEPmonG3/SEPmonG3V3/hw/SEPmonG3V3.xsa
TRACE::2024-07-07.17:01:06::SCWPlatform::DSA given C:/Users/gusta/Documents/SEP_projects/HW_SW/SEPmonG3/SEPmonG3V3/hw/SEPmonG3V3.xsa
TRACE::2024-07-07.17:01:06::SCWPlatform::DSA absoulate path C:/Users/gusta/Documents/SEP_projects/HW_SW/SEPmonG3/SEPmonG3V3/hw/SEPmonG3V3.xsa
TRACE::2024-07-07.17:01:06::SCWPlatform::DSA directory C:/Users/gusta/Documents/SEP_projects/HW_SW/SEPmonG3/SEPmonG3V3/hw
TRACE::2024-07-07.17:01:06::SCWPlatform:: Platform Path C:/Users/gusta/Documents/SEP_projects/HW_SW/SEPmonG3/SEPmonG3V3/hw/SEPmonG3V3.xsa
TRACE::2024-07-07.17:01:06::SCWPlatform:: Unique name xilinx:zybo-z7-10::0.0
TRACE::2024-07-07.17:01:06::SCWPlatform::Trying to set the existing hwdb with name DEMO_wrapper_30
TRACE::2024-07-07.17:01:06::SCWPlatform::Opened existing hwdb DEMO_wrapper_30
TRACE::2024-07-07.17:01:06::SCWPlatform::Found the Hw Db part of the input DSA
TRACE::2024-07-07.17:01:06::SCWMssOS::Checking the sw design at  C:/Users/gusta/Documents/SEP_projects/HW_SW/SEPmonG3/SEPmonG3V3/zynq_fsbl/zynq_fsbl_bsp/system.mss
TRACE::2024-07-07.17:01:06::SCWMssOS::DEBUG:  swdes dump  C:/Users/gusta/Documents/SEP_projects/HW_SW/SEPmonG3/SEPmonG3/ps7_cortexa9_0/standalone_domain/bsp/system.mss|system_0||
C:/Users/gusta/Documents/SEP_projects/HW_SW/SEPmonG3/SEPmonG3/zynq_fsbl/zynq_fsbl_bsp/system.mss|system||
C:/Users/gusta/Documents/SEP_projects/HW_SW/SEPmonG3/SEPmonG3V3/ps7_cortexa9_0/standalone_domain/bsp/system.mss|system_2||
C:/Users/gusta/Documents/SEP_projects/HW_SW/SEPmonG3/SEPmonG3V3/zynq_fsbl/zynq_fsbl_bsp/system.mss|system_1||

TRACE::2024-07-07.17:01:06::SCWMssOS::Sw design exists and opened at  C:/Users/gusta/Documents/SEP_projects/HW_SW/SEPmonG3/SEPmonG3V3/zynq_fsbl/zynq_fsbl_bsp/system.mss
TRACE::2024-07-07.17:01:06::SCWBDomain::Completed writing the mss file at C:/Users/gusta/Documents/SEP_projects/HW_SW/SEPmonG3/SEPmonG3V3/zynq_fsbl/zynq_fsbl_bsp
TRACE::2024-07-07.17:01:06::SCWBDomain::bsp generated is upto date with the mss file. Skipping bsp generation.
TRACE::2024-07-07.17:01:06::SCWBDomain::Not a forced makefile updation, No changes are present. 
TRACE::2024-07-07.17:01:06::SCWBDomain::System Command Ran  C:&  cd  C:/Users/gusta/Documents/SEP_projects/HW_SW/SEPmonG3/SEPmonG3V3/zynq_fsbl & make 
TRACE::2024-07-07.17:01:06::SCWBDomain::make -C zynq_fsbl_bsp

TRACE::2024-07-07.17:01:06::SCWBDomain::make[1]: Entering directory 'C:/Users/gusta/Documents/SEP_projects/HW_SW/SEPmonG3/SEPmonG3V3/zynq_fsbl/zynq_fsbl_bsp'

TRACE::2024-07-07.17:01:06::SCWBDomain::"Running Make include in ps7_cortexa9_0/libsrc/coresightps_dcc_v1_7/src"

TRACE::2024-07-07.17:01:06::SCWBDomain::make -C ps7_cortexa9_0/libsrc/coresightps_dcc_v1_7/src -s include  "SHELL=CMD" "COMPILER=arm-none-eabi-gcc" "ASSEMBLER=arm-none
TRACE::2024-07-07.17:01:06::SCWBDomain::-eabi-as" "ARCHIVER=arm-none-eabi-ar" "COMPILER_FLAGS=  -O2 -c" "EXTRA_COMPILER_FLAGS=-mcpu=cortex-a9 -mfpu=vfpv3 -mfloat-abi=h
TRACE::2024-07-07.17:01:06::SCWBDomain::ard -nostartfiles -g -Wall -Wextra"

TRACE::2024-07-07.17:01:06::SCWBDomain::make[2]: Entering directory 'C:/Users/gusta/Documents/SEP_projects/HW_SW/SEPmonG3/SEPmonG3V3/zynq_fsbl/zynq_fsbl_bsp/ps7_cortex
TRACE::2024-07-07.17:01:06::SCWBDomain::a9_0/libsrc/coresightps_dcc_v1_7/src'

TRACE::2024-07-07.17:01:06::SCWBDomain::make[2]: Leaving directory 'C:/Users/gusta/Documents/SEP_projects/HW_SW/SEPmonG3/SEPmonG3V3/zynq_fsbl/zynq_fsbl_bsp/ps7_cortexa
TRACE::2024-07-07.17:01:06::SCWBDomain::9_0/libsrc/coresightps_dcc_v1_7/src'

TRACE::2024-07-07.17:01:06::SCWBDomain::"Running Make include in ps7_cortexa9_0/libsrc/cpu_cortexa9_v2_9/src"

TRACE::2024-07-07.17:01:06::SCWBDomain::make -C ps7_cortexa9_0/libsrc/cpu_cortexa9_v2_9/src -s include  "SHELL=CMD" "COMPILER=arm-none-eabi-gcc" "ASSEMBLER=arm-none-ea
TRACE::2024-07-07.17:01:06::SCWBDomain::bi-as" "ARCHIVER=arm-none-eabi-ar" "COMPILER_FLAGS=  -O2 -c" "EXTRA_COMPILER_FLAGS=-mcpu=cortex-a9 -mfpu=vfpv3 -mfloat-abi=hard
TRACE::2024-07-07.17:01:06::SCWBDomain:: -nostartfiles -g -Wall -Wextra"

TRACE::2024-07-07.17:01:06::SCWBDomain::make[2]: Entering directory 'C:/Users/gusta/Documents/SEP_projects/HW_SW/SEPmonG3/SEPmonG3V3/zynq_fsbl/zynq_fsbl_bsp/ps7_cortex
TRACE::2024-07-07.17:01:06::SCWBDomain::a9_0/libsrc/cpu_cortexa9_v2_9/src'

TRACE::2024-07-07.17:01:06::SCWBDomain::make[2]: Leaving directory 'C:/Users/gusta/Documents/SEP_projects/HW_SW/SEPmonG3/SEPmonG3V3/zynq_fsbl/zynq_fsbl_bsp/ps7_cortexa
TRACE::2024-07-07.17:01:06::SCWBDomain::9_0/libsrc/cpu_cortexa9_v2_9/src'

TRACE::2024-07-07.17:01:06::SCWBDomain::"Running Make include in ps7_cortexa9_0/libsrc/ddrps_v1_1/src"

TRACE::2024-07-07.17:01:06::SCWBDomain::make -C ps7_cortexa9_0/libsrc/ddrps_v1_1/src -s include  "SHELL=CMD" "COMPILER=arm-none-eabi-gcc" "ASSEMBLER=arm-none-eabi-as" 
TRACE::2024-07-07.17:01:06::SCWBDomain::"ARCHIVER=arm-none-eabi-ar" "COMPILER_FLAGS=  -O2 -c" "EXTRA_COMPILER_FLAGS=-mcpu=cortex-a9 -mfpu=vfpv3 -mfloat-abi=hard -nosta
TRACE::2024-07-07.17:01:06::SCWBDomain::rtfiles -g -Wall -Wextra"

TRACE::2024-07-07.17:01:07::SCWBDomain::make[2]: Entering directory 'C:/Users/gusta/Documents/SEP_projects/HW_SW/SEPmonG3/SEPmonG3V3/zynq_fsbl/zynq_fsbl_bsp/ps7_cortex
TRACE::2024-07-07.17:01:07::SCWBDomain::a9_0/libsrc/ddrps_v1_1/src'

TRACE::2024-07-07.17:01:07::SCWBDomain::make[2]: Leaving directory 'C:/Users/gusta/Documents/SEP_projects/HW_SW/SEPmonG3/SEPmonG3V3/zynq_fsbl/zynq_fsbl_bsp/ps7_cortexa
TRACE::2024-07-07.17:01:07::SCWBDomain::9_0/libsrc/ddrps_v1_1/src'

TRACE::2024-07-07.17:01:07::SCWBDomain::"Running Make include in ps7_cortexa9_0/libsrc/devcfg_v3_6/src"

TRACE::2024-07-07.17:01:07::SCWBDomain::make -C ps7_cortexa9_0/libsrc/devcfg_v3_6/src -s include  "SHELL=CMD" "COMPILER=arm-none-eabi-gcc" "ASSEMBLER=arm-none-eabi-as"
TRACE::2024-07-07.17:01:07::SCWBDomain:: "ARCHIVER=arm-none-eabi-ar" "COMPILER_FLAGS=  -O2 -c" "EXTRA_COMPILER_FLAGS=-mcpu=cortex-a9 -mfpu=vfpv3 -mfloat-abi=hard -nost
TRACE::2024-07-07.17:01:07::SCWBDomain::artfiles -g -Wall -Wextra"

TRACE::2024-07-07.17:01:07::SCWBDomain::make[2]: Entering directory 'C:/Users/gusta/Documents/SEP_projects/HW_SW/SEPmonG3/SEPmonG3V3/zynq_fsbl/zynq_fsbl_bsp/ps7_cortex
TRACE::2024-07-07.17:01:07::SCWBDomain::a9_0/libsrc/devcfg_v3_6/src'

TRACE::2024-07-07.17:01:07::SCWBDomain::make[2]: Leaving directory 'C:/Users/gusta/Documents/SEP_projects/HW_SW/SEPmonG3/SEPmonG3V3/zynq_fsbl/zynq_fsbl_bsp/ps7_cortexa
TRACE::2024-07-07.17:01:07::SCWBDomain::9_0/libsrc/devcfg_v3_6/src'

TRACE::2024-07-07.17:01:07::SCWBDomain::"Running Make include in ps7_cortexa9_0/libsrc/dmaps_v2_6/src"

TRACE::2024-07-07.17:01:07::SCWBDomain::make -C ps7_cortexa9_0/libsrc/dmaps_v2_6/src -s include  "SHELL=CMD" "COMPILER=arm-none-eabi-gcc" "ASSEMBLER=arm-none-eabi-as" 
TRACE::2024-07-07.17:01:07::SCWBDomain::"ARCHIVER=arm-none-eabi-ar" "COMPILER_FLAGS=  -O2 -c" "EXTRA_COMPILER_FLAGS=-mcpu=cortex-a9 -mfpu=vfpv3 -mfloat-abi=hard -nosta
TRACE::2024-07-07.17:01:07::SCWBDomain::rtfiles -g -Wall -Wextra"

TRACE::2024-07-07.17:01:07::SCWBDomain::make[2]: Entering directory 'C:/Users/gusta/Documents/SEP_projects/HW_SW/SEPmonG3/SEPmonG3V3/zynq_fsbl/zynq_fsbl_bsp/ps7_cortex
TRACE::2024-07-07.17:01:07::SCWBDomain::a9_0/libsrc/dmaps_v2_6/src'

TRACE::2024-07-07.17:01:07::SCWBDomain::make[2]: Leaving directory 'C:/Users/gusta/Documents/SEP_projects/HW_SW/SEPmonG3/SEPmonG3V3/zynq_fsbl/zynq_fsbl_bsp/ps7_cortexa
TRACE::2024-07-07.17:01:07::SCWBDomain::9_0/libsrc/dmaps_v2_6/src'

TRACE::2024-07-07.17:01:07::SCWBDomain::"Running Make include in ps7_cortexa9_0/libsrc/emacps_v3_11/src"

TRACE::2024-07-07.17:01:07::SCWBDomain::make -C ps7_cortexa9_0/libsrc/emacps_v3_11/src -s include  "SHELL=CMD" "COMPILER=arm-none-eabi-gcc" "ASSEMBLER=arm-none-eabi-as
TRACE::2024-07-07.17:01:07::SCWBDomain::" "ARCHIVER=arm-none-eabi-ar" "COMPILER_FLAGS=  -O2 -c" "EXTRA_COMPILER_FLAGS=-mcpu=cortex-a9 -mfpu=vfpv3 -mfloat-abi=hard -nos
TRACE::2024-07-07.17:01:07::SCWBDomain::tartfiles -g -Wall -Wextra"

TRACE::2024-07-07.17:01:07::SCWBDomain::make[2]: Entering directory 'C:/Users/gusta/Documents/SEP_projects/HW_SW/SEPmonG3/SEPmonG3V3/zynq_fsbl/zynq_fsbl_bsp/ps7_cortex
TRACE::2024-07-07.17:01:07::SCWBDomain::a9_0/libsrc/emacps_v3_11/src'

TRACE::2024-07-07.17:01:07::SCWBDomain::make[2]: Leaving directory 'C:/Users/gusta/Documents/SEP_projects/HW_SW/SEPmonG3/SEPmonG3V3/zynq_fsbl/zynq_fsbl_bsp/ps7_cortexa
TRACE::2024-07-07.17:01:07::SCWBDomain::9_0/libsrc/emacps_v3_11/src'

TRACE::2024-07-07.17:01:07::SCWBDomain::"Running Make include in ps7_cortexa9_0/libsrc/gpiops_v3_7/src"

TRACE::2024-07-07.17:01:07::SCWBDomain::make -C ps7_cortexa9_0/libsrc/gpiops_v3_7/src -s include  "SHELL=CMD" "COMPILER=arm-none-eabi-gcc" "ASSEMBLER=arm-none-eabi-as"
TRACE::2024-07-07.17:01:07::SCWBDomain:: "ARCHIVER=arm-none-eabi-ar" "COMPILER_FLAGS=  -O2 -c" "EXTRA_COMPILER_FLAGS=-mcpu=cortex-a9 -mfpu=vfpv3 -mfloat-abi=hard -nost
TRACE::2024-07-07.17:01:07::SCWBDomain::artfiles -g -Wall -Wextra"

TRACE::2024-07-07.17:01:07::SCWBDomain::make[2]: Entering directory 'C:/Users/gusta/Documents/SEP_projects/HW_SW/SEPmonG3/SEPmonG3V3/zynq_fsbl/zynq_fsbl_bsp/ps7_cortex
TRACE::2024-07-07.17:01:07::SCWBDomain::a9_0/libsrc/gpiops_v3_7/src'

TRACE::2024-07-07.17:01:07::SCWBDomain::make[2]: Leaving directory 'C:/Users/gusta/Documents/SEP_projects/HW_SW/SEPmonG3/SEPmonG3V3/zynq_fsbl/zynq_fsbl_bsp/ps7_cortexa
TRACE::2024-07-07.17:01:07::SCWBDomain::9_0/libsrc/gpiops_v3_7/src'

TRACE::2024-07-07.17:01:07::SCWBDomain::"Running Make include in ps7_cortexa9_0/libsrc/gpio_v4_6/src"

TRACE::2024-07-07.17:01:07::SCWBDomain::make -C ps7_cortexa9_0/libsrc/gpio_v4_6/src -s include  "SHELL=CMD" "COMPILER=arm-none-eabi-gcc" "ASSEMBLER=arm-none-eabi-as" "
TRACE::2024-07-07.17:01:07::SCWBDomain::ARCHIVER=arm-none-eabi-ar" "COMPILER_FLAGS=  -O2 -c" "EXTRA_COMPILER_FLAGS=-mcpu=cortex-a9 -mfpu=vfpv3 -mfloat-abi=hard -nostar
TRACE::2024-07-07.17:01:07::SCWBDomain::tfiles -g -Wall -Wextra"

TRACE::2024-07-07.17:01:07::SCWBDomain::make[2]: Entering directory 'C:/Users/gusta/Documents/SEP_projects/HW_SW/SEPmonG3/SEPmonG3V3/zynq_fsbl/zynq_fsbl_bsp/ps7_cortex
TRACE::2024-07-07.17:01:07::SCWBDomain::a9_0/libsrc/gpio_v4_6/src'

TRACE::2024-07-07.17:01:07::SCWBDomain::make[2]: Leaving directory 'C:/Users/gusta/Documents/SEP_projects/HW_SW/SEPmonG3/SEPmonG3V3/zynq_fsbl/zynq_fsbl_bsp/ps7_cortexa
TRACE::2024-07-07.17:01:07::SCWBDomain::9_0/libsrc/gpio_v4_6/src'

TRACE::2024-07-07.17:01:07::SCWBDomain::"Running Make include in ps7_cortexa9_0/libsrc/iic_v3_6/src"

TRACE::2024-07-07.17:01:07::SCWBDomain::make -C ps7_cortexa9_0/libsrc/iic_v3_6/src -s include  "SHELL=CMD" "COMPILER=arm-none-eabi-gcc" "ASSEMBLER=arm-none-eabi-as" "A
TRACE::2024-07-07.17:01:07::SCWBDomain::RCHIVER=arm-none-eabi-ar" "COMPILER_FLAGS=  -O2 -c" "EXTRA_COMPILER_FLAGS=-mcpu=cortex-a9 -mfpu=vfpv3 -mfloat-abi=hard -nostart
TRACE::2024-07-07.17:01:07::SCWBDomain::files -g -Wall -Wextra"

TRACE::2024-07-07.17:01:07::SCWBDomain::make[2]: Entering directory 'C:/Users/gusta/Documents/SEP_projects/HW_SW/SEPmonG3/SEPmonG3V3/zynq_fsbl/zynq_fsbl_bsp/ps7_cortex
TRACE::2024-07-07.17:01:07::SCWBDomain::a9_0/libsrc/iic_v3_6/src'

TRACE::2024-07-07.17:01:07::SCWBDomain::make[2]: Leaving directory 'C:/Users/gusta/Documents/SEP_projects/HW_SW/SEPmonG3/SEPmonG3V3/zynq_fsbl/zynq_fsbl_bsp/ps7_cortexa
TRACE::2024-07-07.17:01:07::SCWBDomain::9_0/libsrc/iic_v3_6/src'

TRACE::2024-07-07.17:01:07::SCWBDomain::"Running Make include in ps7_cortexa9_0/libsrc/qspips_v3_7/src"

TRACE::2024-07-07.17:01:07::SCWBDomain::make -C ps7_cortexa9_0/libsrc/qspips_v3_7/src -s include  "SHELL=CMD" "COMPILER=arm-none-eabi-gcc" "ASSEMBLER=arm-none-eabi-as"
TRACE::2024-07-07.17:01:07::SCWBDomain:: "ARCHIVER=arm-none-eabi-ar" "COMPILER_FLAGS=  -O2 -c" "EXTRA_COMPILER_FLAGS=-mcpu=cortex-a9 -mfpu=vfpv3 -mfloat-abi=hard -nost
TRACE::2024-07-07.17:01:07::SCWBDomain::artfiles -g -Wall -Wextra"

TRACE::2024-07-07.17:01:07::SCWBDomain::make[2]: Entering directory 'C:/Users/gusta/Documents/SEP_projects/HW_SW/SEPmonG3/SEPmonG3V3/zynq_fsbl/zynq_fsbl_bsp/ps7_cortex
TRACE::2024-07-07.17:01:07::SCWBDomain::a9_0/libsrc/qspips_v3_7/src'

TRACE::2024-07-07.17:01:07::SCWBDomain::make[2]: Leaving directory 'C:/Users/gusta/Documents/SEP_projects/HW_SW/SEPmonG3/SEPmonG3V3/zynq_fsbl/zynq_fsbl_bsp/ps7_cortexa
TRACE::2024-07-07.17:01:07::SCWBDomain::9_0/libsrc/qspips_v3_7/src'

TRACE::2024-07-07.17:01:07::SCWBDomain::"Running Make include in ps7_cortexa9_0/libsrc/scugic_v4_2/src"

TRACE::2024-07-07.17:01:07::SCWBDomain::make -C ps7_cortexa9_0/libsrc/scugic_v4_2/src -s include  "SHELL=CMD" "COMPILER=arm-none-eabi-gcc" "ASSEMBLER=arm-none-eabi-as"
TRACE::2024-07-07.17:01:07::SCWBDomain:: "ARCHIVER=arm-none-eabi-ar" "COMPILER_FLAGS=  -O2 -c" "EXTRA_COMPILER_FLAGS=-mcpu=cortex-a9 -mfpu=vfpv3 -mfloat-abi=hard -nost
TRACE::2024-07-07.17:01:07::SCWBDomain::artfiles -g -Wall -Wextra"

TRACE::2024-07-07.17:01:07::SCWBDomain::make[2]: Entering directory 'C:/Users/gusta/Documents/SEP_projects/HW_SW/SEPmonG3/SEPmonG3V3/zynq_fsbl/zynq_fsbl_bsp/ps7_cortex
TRACE::2024-07-07.17:01:07::SCWBDomain::a9_0/libsrc/scugic_v4_2/src'

TRACE::2024-07-07.17:01:07::SCWBDomain::make[2]: Leaving directory 'C:/Users/gusta/Documents/SEP_projects/HW_SW/SEPmonG3/SEPmonG3V3/zynq_fsbl/zynq_fsbl_bsp/ps7_cortexa
TRACE::2024-07-07.17:01:07::SCWBDomain::9_0/libsrc/scugic_v4_2/src'

TRACE::2024-07-07.17:01:07::SCWBDomain::"Running Make include in ps7_cortexa9_0/libsrc/scutimer_v2_2/src"

TRACE::2024-07-07.17:01:07::SCWBDomain::make -C ps7_cortexa9_0/libsrc/scutimer_v2_2/src -s include  "SHELL=CMD" "COMPILER=arm-none-eabi-gcc" "ASSEMBLER=arm-none-eabi-a
TRACE::2024-07-07.17:01:07::SCWBDomain::s" "ARCHIVER=arm-none-eabi-ar" "COMPILER_FLAGS=  -O2 -c" "EXTRA_COMPILER_FLAGS=-mcpu=cortex-a9 -mfpu=vfpv3 -mfloat-abi=hard -no
TRACE::2024-07-07.17:01:07::SCWBDomain::startfiles -g -Wall -Wextra"

TRACE::2024-07-07.17:01:08::SCWBDomain::make[2]: Entering directory 'C:/Users/gusta/Documents/SEP_projects/HW_SW/SEPmonG3/SEPmonG3V3/zynq_fsbl/zynq_fsbl_bsp/ps7_cortex
TRACE::2024-07-07.17:01:08::SCWBDomain::a9_0/libsrc/scutimer_v2_2/src'

TRACE::2024-07-07.17:01:08::SCWBDomain::make[2]: Leaving directory 'C:/Users/gusta/Documents/SEP_projects/HW_SW/SEPmonG3/SEPmonG3V3/zynq_fsbl/zynq_fsbl_bsp/ps7_cortexa
TRACE::2024-07-07.17:01:08::SCWBDomain::9_0/libsrc/scutimer_v2_2/src'

TRACE::2024-07-07.17:01:08::SCWBDomain::"Running Make include in ps7_cortexa9_0/libsrc/scuwdt_v2_2/src"

TRACE::2024-07-07.17:01:08::SCWBDomain::make -C ps7_cortexa9_0/libsrc/scuwdt_v2_2/src -s include  "SHELL=CMD" "COMPILER=arm-none-eabi-gcc" "ASSEMBLER=arm-none-eabi-as"
TRACE::2024-07-07.17:01:08::SCWBDomain:: "ARCHIVER=arm-none-eabi-ar" "COMPILER_FLAGS=  -O2 -c" "EXTRA_COMPILER_FLAGS=-mcpu=cortex-a9 -mfpu=vfpv3 -mfloat-abi=hard -nost
TRACE::2024-07-07.17:01:08::SCWBDomain::artfiles -g -Wall -Wextra"

TRACE::2024-07-07.17:01:08::SCWBDomain::make[2]: Entering directory 'C:/Users/gusta/Documents/SEP_projects/HW_SW/SEPmonG3/SEPmonG3V3/zynq_fsbl/zynq_fsbl_bsp/ps7_cortex
TRACE::2024-07-07.17:01:08::SCWBDomain::a9_0/libsrc/scuwdt_v2_2/src'

TRACE::2024-07-07.17:01:08::SCWBDomain::make[2]: Leaving directory 'C:/Users/gusta/Documents/SEP_projects/HW_SW/SEPmonG3/SEPmonG3V3/zynq_fsbl/zynq_fsbl_bsp/ps7_cortexa
TRACE::2024-07-07.17:01:08::SCWBDomain::9_0/libsrc/scuwdt_v2_2/src'

TRACE::2024-07-07.17:01:08::SCWBDomain::"Running Make include in ps7_cortexa9_0/libsrc/sdps_v3_9/src"

TRACE::2024-07-07.17:01:08::SCWBDomain::make -C ps7_cortexa9_0/libsrc/sdps_v3_9/src -s include  "SHELL=CMD" "COMPILER=arm-none-eabi-gcc" "ASSEMBLER=arm-none-eabi-as" "
TRACE::2024-07-07.17:01:08::SCWBDomain::ARCHIVER=arm-none-eabi-ar" "COMPILER_FLAGS=  -O2 -c" "EXTRA_COMPILER_FLAGS=-mcpu=cortex-a9 -mfpu=vfpv3 -mfloat-abi=hard -nostar
TRACE::2024-07-07.17:01:08::SCWBDomain::tfiles -g -Wall -Wextra"

TRACE::2024-07-07.17:01:08::SCWBDomain::make[2]: Entering directory 'C:/Users/gusta/Documents/SEP_projects/HW_SW/SEPmonG3/SEPmonG3V3/zynq_fsbl/zynq_fsbl_bsp/ps7_cortex
TRACE::2024-07-07.17:01:08::SCWBDomain::a9_0/libsrc/sdps_v3_9/src'

TRACE::2024-07-07.17:01:08::SCWBDomain::make[2]: Leaving directory 'C:/Users/gusta/Documents/SEP_projects/HW_SW/SEPmonG3/SEPmonG3V3/zynq_fsbl/zynq_fsbl_bsp/ps7_cortexa
TRACE::2024-07-07.17:01:08::SCWBDomain::9_0/libsrc/sdps_v3_9/src'

TRACE::2024-07-07.17:01:08::SCWBDomain::"Running Make include in ps7_cortexa9_0/libsrc/spi_v4_6/src"

TRACE::2024-07-07.17:01:08::SCWBDomain::make -C ps7_cortexa9_0/libsrc/spi_v4_6/src -s include  "SHELL=CMD" "COMPILER=arm-none-eabi-gcc" "ASSEMBLER=arm-none-eabi-as" "A
TRACE::2024-07-07.17:01:08::SCWBDomain::RCHIVER=arm-none-eabi-ar" "COMPILER_FLAGS=  -O2 -c" "EXTRA_COMPILER_FLAGS=-mcpu=cortex-a9 -mfpu=vfpv3 -mfloat-abi=hard -nostart
TRACE::2024-07-07.17:01:08::SCWBDomain::files -g -Wall -Wextra"

TRACE::2024-07-07.17:01:08::SCWBDomain::make[2]: Entering directory 'C:/Users/gusta/Documents/SEP_projects/HW_SW/SEPmonG3/SEPmonG3V3/zynq_fsbl/zynq_fsbl_bsp/ps7_cortex
TRACE::2024-07-07.17:01:08::SCWBDomain::a9_0/libsrc/spi_v4_6/src'

TRACE::2024-07-07.17:01:08::SCWBDomain::make[2]: Leaving directory 'C:/Users/gusta/Documents/SEP_projects/HW_SW/SEPmonG3/SEPmonG3V3/zynq_fsbl/zynq_fsbl_bsp/ps7_cortexa
TRACE::2024-07-07.17:01:08::SCWBDomain::9_0/libsrc/spi_v4_6/src'

TRACE::2024-07-07.17:01:08::SCWBDomain::"Running Make include in ps7_cortexa9_0/libsrc/standalone_v7_2/src"

TRACE::2024-07-07.17:01:08::SCWBDomain::make -C ps7_cortexa9_0/libsrc/standalone_v7_2/src -s include  "SHELL=CMD" "COMPILER=arm-none-eabi-gcc" "ASSEMBLER=arm-none-eabi
TRACE::2024-07-07.17:01:08::SCWBDomain::-as" "ARCHIVER=arm-none-eabi-ar" "COMPILER_FLAGS=  -O2 -c" "EXTRA_COMPILER_FLAGS=-mcpu=cortex-a9 -mfpu=vfpv3 -mfloat-abi=hard -
TRACE::2024-07-07.17:01:08::SCWBDomain::nostartfiles -g -Wall -Wextra"

TRACE::2024-07-07.17:01:08::SCWBDomain::make[2]: Entering directory 'C:/Users/gusta/Documents/SEP_projects/HW_SW/SEPmonG3/SEPmonG3V3/zynq_fsbl/zynq_fsbl_bsp/ps7_cortex
TRACE::2024-07-07.17:01:08::SCWBDomain::a9_0/libsrc/standalone_v7_2/src'

TRACE::2024-07-07.17:01:08::SCWBDomain::make[3]: Entering directory 'C:/Users/gusta/Documents/SEP_projects/HW_SW/SEPmonG3/SEPmonG3V3/zynq_fsbl/zynq_fsbl_bsp/ps7_cortex
TRACE::2024-07-07.17:01:08::SCWBDomain::a9_0/libsrc/standalone_v7_2/src/profile'

TRACE::2024-07-07.17:01:09::SCWBDomain::make[3]: Leaving directory 'C:/Users/gusta/Documents/SEP_projects/HW_SW/SEPmonG3/SEPmonG3V3/zynq_fsbl/zynq_fsbl_bsp/ps7_cortexa
TRACE::2024-07-07.17:01:09::SCWBDomain::9_0/libsrc/standalone_v7_2/src/profile'

TRACE::2024-07-07.17:01:09::SCWBDomain::make[2]: Leaving directory 'C:/Users/gusta/Documents/SEP_projects/HW_SW/SEPmonG3/SEPmonG3V3/zynq_fsbl/zynq_fsbl_bsp/ps7_cortexa
TRACE::2024-07-07.17:01:09::SCWBDomain::9_0/libsrc/standalone_v7_2/src'

TRACE::2024-07-07.17:01:09::SCWBDomain::"Running Make include in ps7_cortexa9_0/libsrc/tmrctr_v4_6/src"

TRACE::2024-07-07.17:01:09::SCWBDomain::make -C ps7_cortexa9_0/libsrc/tmrctr_v4_6/src -s include  "SHELL=CMD" "COMPILER=arm-none-eabi-gcc" "ASSEMBLER=arm-none-eabi-as"
TRACE::2024-07-07.17:01:09::SCWBDomain:: "ARCHIVER=arm-none-eabi-ar" "COMPILER_FLAGS=  -O2 -c" "EXTRA_COMPILER_FLAGS=-mcpu=cortex-a9 -mfpu=vfpv3 -mfloat-abi=hard -nost
TRACE::2024-07-07.17:01:09::SCWBDomain::artfiles -g -Wall -Wextra"

TRACE::2024-07-07.17:01:09::SCWBDomain::make[2]: Entering directory 'C:/Users/gusta/Documents/SEP_projects/HW_SW/SEPmonG3/SEPmonG3V3/zynq_fsbl/zynq_fsbl_bsp/ps7_cortex
TRACE::2024-07-07.17:01:09::SCWBDomain::a9_0/libsrc/tmrctr_v4_6/src'

TRACE::2024-07-07.17:01:09::SCWBDomain::make[2]: Leaving directory 'C:/Users/gusta/Documents/SEP_projects/HW_SW/SEPmonG3/SEPmonG3V3/zynq_fsbl/zynq_fsbl_bsp/ps7_cortexa
TRACE::2024-07-07.17:01:09::SCWBDomain::9_0/libsrc/tmrctr_v4_6/src'

TRACE::2024-07-07.17:01:09::SCWBDomain::"Running Make include in ps7_cortexa9_0/libsrc/uartps_v3_9/src"

TRACE::2024-07-07.17:01:09::SCWBDomain::make -C ps7_cortexa9_0/libsrc/uartps_v3_9/src -s include  "SHELL=CMD" "COMPILER=arm-none-eabi-gcc" "ASSEMBLER=arm-none-eabi-as"
TRACE::2024-07-07.17:01:09::SCWBDomain:: "ARCHIVER=arm-none-eabi-ar" "COMPILER_FLAGS=  -O2 -c" "EXTRA_COMPILER_FLAGS=-mcpu=cortex-a9 -mfpu=vfpv3 -mfloat-abi=hard -nost
TRACE::2024-07-07.17:01:09::SCWBDomain::artfiles -g -Wall -Wextra"

TRACE::2024-07-07.17:01:09::SCWBDomain::make[2]: Entering directory 'C:/Users/gusta/Documents/SEP_projects/HW_SW/SEPmonG3/SEPmonG3V3/zynq_fsbl/zynq_fsbl_bsp/ps7_cortex
TRACE::2024-07-07.17:01:09::SCWBDomain::a9_0/libsrc/uartps_v3_9/src'

TRACE::2024-07-07.17:01:09::SCWBDomain::make[2]: Leaving directory 'C:/Users/gusta/Documents/SEP_projects/HW_SW/SEPmonG3/SEPmonG3V3/zynq_fsbl/zynq_fsbl_bsp/ps7_cortexa
TRACE::2024-07-07.17:01:09::SCWBDomain::9_0/libsrc/uartps_v3_9/src'

TRACE::2024-07-07.17:01:09::SCWBDomain::"Running Make include in ps7_cortexa9_0/libsrc/usbps_v2_5/src"

TRACE::2024-07-07.17:01:09::SCWBDomain::make -C ps7_cortexa9_0/libsrc/usbps_v2_5/src -s include  "SHELL=CMD" "COMPILER=arm-none-eabi-gcc" "ASSEMBLER=arm-none-eabi-as" 
TRACE::2024-07-07.17:01:09::SCWBDomain::"ARCHIVER=arm-none-eabi-ar" "COMPILER_FLAGS=  -O2 -c" "EXTRA_COMPILER_FLAGS=-mcpu=cortex-a9 -mfpu=vfpv3 -mfloat-abi=hard -nosta
TRACE::2024-07-07.17:01:09::SCWBDomain::rtfiles -g -Wall -Wextra"

TRACE::2024-07-07.17:01:09::SCWBDomain::make[2]: Entering directory 'C:/Users/gusta/Documents/SEP_projects/HW_SW/SEPmonG3/SEPmonG3V3/zynq_fsbl/zynq_fsbl_bsp/ps7_cortex
TRACE::2024-07-07.17:01:09::SCWBDomain::a9_0/libsrc/usbps_v2_5/src'

TRACE::2024-07-07.17:01:09::SCWBDomain::make[2]: Leaving directory 'C:/Users/gusta/Documents/SEP_projects/HW_SW/SEPmonG3/SEPmonG3V3/zynq_fsbl/zynq_fsbl_bsp/ps7_cortexa
TRACE::2024-07-07.17:01:09::SCWBDomain::9_0/libsrc/usbps_v2_5/src'

TRACE::2024-07-07.17:01:09::SCWBDomain::"Running Make include in ps7_cortexa9_0/libsrc/xadcps_v2_4/src"

TRACE::2024-07-07.17:01:09::SCWBDomain::make -C ps7_cortexa9_0/libsrc/xadcps_v2_4/src -s include  "SHELL=CMD" "COMPILER=arm-none-eabi-gcc" "ASSEMBLER=arm-none-eabi-as"
TRACE::2024-07-07.17:01:09::SCWBDomain:: "ARCHIVER=arm-none-eabi-ar" "COMPILER_FLAGS=  -O2 -c" "EXTRA_COMPILER_FLAGS=-mcpu=cortex-a9 -mfpu=vfpv3 -mfloat-abi=hard -nost
TRACE::2024-07-07.17:01:09::SCWBDomain::artfiles -g -Wall -Wextra"

TRACE::2024-07-07.17:01:09::SCWBDomain::make[2]: Entering directory 'C:/Users/gusta/Documents/SEP_projects/HW_SW/SEPmonG3/SEPmonG3V3/zynq_fsbl/zynq_fsbl_bsp/ps7_cortex
TRACE::2024-07-07.17:01:09::SCWBDomain::a9_0/libsrc/xadcps_v2_4/src'

TRACE::2024-07-07.17:01:09::SCWBDomain::make[2]: Leaving directory 'C:/Users/gusta/Documents/SEP_projects/HW_SW/SEPmonG3/SEPmonG3V3/zynq_fsbl/zynq_fsbl_bsp/ps7_cortexa
TRACE::2024-07-07.17:01:09::SCWBDomain::9_0/libsrc/xadcps_v2_4/src'

TRACE::2024-07-07.17:01:09::SCWBDomain::"Running Make include in ps7_cortexa9_0/libsrc/xilffs_v4_3/src"

TRACE::2024-07-07.17:01:09::SCWBDomain::make -C ps7_cortexa9_0/libsrc/xilffs_v4_3/src -s include  "SHELL=CMD" "COMPILER=arm-none-eabi-gcc" "ASSEMBLER=arm-none-eabi-as"
TRACE::2024-07-07.17:01:09::SCWBDomain:: "ARCHIVER=arm-none-eabi-ar" "COMPILER_FLAGS=  -O2 -c" "EXTRA_COMPILER_FLAGS=-mcpu=cortex-a9 -mfpu=vfpv3 -mfloat-abi=hard -nost
TRACE::2024-07-07.17:01:09::SCWBDomain::artfiles -g -Wall -Wextra"

TRACE::2024-07-07.17:01:09::SCWBDomain::make[2]: Entering directory 'C:/Users/gusta/Documents/SEP_projects/HW_SW/SEPmonG3/SEPmonG3V3/zynq_fsbl/zynq_fsbl_bsp/ps7_cortex
TRACE::2024-07-07.17:01:09::SCWBDomain::a9_0/libsrc/xilffs_v4_3/src'

TRACE::2024-07-07.17:01:09::SCWBDomain::make[2]: Leaving directory 'C:/Users/gusta/Documents/SEP_projects/HW_SW/SEPmonG3/SEPmonG3V3/zynq_fsbl/zynq_fsbl_bsp/ps7_cortexa
TRACE::2024-07-07.17:01:09::SCWBDomain::9_0/libsrc/xilffs_v4_3/src'

TRACE::2024-07-07.17:01:09::SCWBDomain::"Running Make include in ps7_cortexa9_0/libsrc/xilrsa_v1_6/src"

TRACE::2024-07-07.17:01:09::SCWBDomain::make -C ps7_cortexa9_0/libsrc/xilrsa_v1_6/src -s include  "SHELL=CMD" "COMPILER=arm-none-eabi-gcc" "ASSEMBLER=arm-none-eabi-as"
TRACE::2024-07-07.17:01:09::SCWBDomain:: "ARCHIVER=arm-none-eabi-ar" "COMPILER_FLAGS=  -O2 -c" "EXTRA_COMPILER_FLAGS=-mcpu=cortex-a9 -mfpu=vfpv3 -mfloat-abi=hard -nost
TRACE::2024-07-07.17:01:09::SCWBDomain::artfiles -g -Wall -Wextra"

TRACE::2024-07-07.17:01:09::SCWBDomain::make[2]: Entering directory 'C:/Users/gusta/Documents/SEP_projects/HW_SW/SEPmonG3/SEPmonG3V3/zynq_fsbl/zynq_fsbl_bsp/ps7_cortex
TRACE::2024-07-07.17:01:09::SCWBDomain::a9_0/libsrc/xilrsa_v1_6/src'

TRACE::2024-07-07.17:01:09::SCWBDomain::make[2]: Leaving directory 'C:/Users/gusta/Documents/SEP_projects/HW_SW/SEPmonG3/SEPmonG3V3/zynq_fsbl/zynq_fsbl_bsp/ps7_cortexa
TRACE::2024-07-07.17:01:09::SCWBDomain::9_0/libsrc/xilrsa_v1_6/src'

TRACE::2024-07-07.17:01:09::SCWBDomain::"Running Make libs in ps7_cortexa9_0/libsrc/coresightps_dcc_v1_7/src"

TRACE::2024-07-07.17:01:09::SCWBDomain::make -C ps7_cortexa9_0/libsrc/coresightps_dcc_v1_7/src -s libs  "SHELL=CMD" "COMPILER=arm-none-eabi-gcc" "ASSEMBLER=arm-none-ea
TRACE::2024-07-07.17:01:09::SCWBDomain::bi-as" "ARCHIVER=arm-none-eabi-ar" "COMPILER_FLAGS=  -O2 -c" "EXTRA_COMPILER_FLAGS=-mcpu=cortex-a9 -mfpu=vfpv3 -mfloat-abi=hard
TRACE::2024-07-07.17:01:09::SCWBDomain:: -nostartfiles -g -Wall -Wextra"

TRACE::2024-07-07.17:01:09::SCWBDomain::make[2]: Entering directory 'C:/Users/gusta/Documents/SEP_projects/HW_SW/SEPmonG3/SEPmonG3V3/zynq_fsbl/zynq_fsbl_bsp/ps7_cortex
TRACE::2024-07-07.17:01:09::SCWBDomain::a9_0/libsrc/coresightps_dcc_v1_7/src'

TRACE::2024-07-07.17:01:09::SCWBDomain::"Compiling coresightps_dcc"

TRACE::2024-07-07.17:01:10::SCWBDomain::make[2]: Leaving directory 'C:/Users/gusta/Documents/SEP_projects/HW_SW/SEPmonG3/SEPmonG3V3/zynq_fsbl/zynq_fsbl_bsp/ps7_cortexa
TRACE::2024-07-07.17:01:10::SCWBDomain::9_0/libsrc/coresightps_dcc_v1_7/src'

TRACE::2024-07-07.17:01:10::SCWBDomain::"Running Make libs in ps7_cortexa9_0/libsrc/cpu_cortexa9_v2_9/src"

TRACE::2024-07-07.17:01:10::SCWBDomain::make -C ps7_cortexa9_0/libsrc/cpu_cortexa9_v2_9/src -s libs  "SHELL=CMD" "COMPILER=arm-none-eabi-gcc" "ASSEMBLER=arm-none-eabi-
TRACE::2024-07-07.17:01:10::SCWBDomain::as" "ARCHIVER=arm-none-eabi-ar" "COMPILER_FLAGS=  -O2 -c" "EXTRA_COMPILER_FLAGS=-mcpu=cortex-a9 -mfpu=vfpv3 -mfloat-abi=hard -n
TRACE::2024-07-07.17:01:10::SCWBDomain::ostartfiles -g -Wall -Wextra"

TRACE::2024-07-07.17:01:10::SCWBDomain::make[2]: Entering directory 'C:/Users/gusta/Documents/SEP_projects/HW_SW/SEPmonG3/SEPmonG3V3/zynq_fsbl/zynq_fsbl_bsp/ps7_cortex
TRACE::2024-07-07.17:01:10::SCWBDomain::a9_0/libsrc/cpu_cortexa9_v2_9/src'

TRACE::2024-07-07.17:01:10::SCWBDomain::"Compiling cpu_cortexa9"

TRACE::2024-07-07.17:01:10::SCWBDomain::make[2]: Leaving directory 'C:/Users/gusta/Documents/SEP_projects/HW_SW/SEPmonG3/SEPmonG3V3/zynq_fsbl/zynq_fsbl_bsp/ps7_cortexa
TRACE::2024-07-07.17:01:10::SCWBDomain::9_0/libsrc/cpu_cortexa9_v2_9/src'

TRACE::2024-07-07.17:01:10::SCWBDomain::"Running Make libs in ps7_cortexa9_0/libsrc/ddrps_v1_1/src"

TRACE::2024-07-07.17:01:10::SCWBDomain::make -C ps7_cortexa9_0/libsrc/ddrps_v1_1/src -s libs  "SHELL=CMD" "COMPILER=arm-none-eabi-gcc" "ASSEMBLER=arm-none-eabi-as" "AR
TRACE::2024-07-07.17:01:10::SCWBDomain::CHIVER=arm-none-eabi-ar" "COMPILER_FLAGS=  -O2 -c" "EXTRA_COMPILER_FLAGS=-mcpu=cortex-a9 -mfpu=vfpv3 -mfloat-abi=hard -nostartf
TRACE::2024-07-07.17:01:10::SCWBDomain::iles -g -Wall -Wextra"

TRACE::2024-07-07.17:01:10::SCWBDomain::make[2]: Entering directory 'C:/Users/gusta/Documents/SEP_projects/HW_SW/SEPmonG3/SEPmonG3V3/zynq_fsbl/zynq_fsbl_bsp/ps7_cortex
TRACE::2024-07-07.17:01:10::SCWBDomain::a9_0/libsrc/ddrps_v1_1/src'

TRACE::2024-07-07.17:01:10::SCWBDomain::"Compiling ddrps"

TRACE::2024-07-07.17:01:10::SCWBDomain::make[2]: Leaving directory 'C:/Users/gusta/Documents/SEP_projects/HW_SW/SEPmonG3/SEPmonG3V3/zynq_fsbl/zynq_fsbl_bsp/ps7_cortexa
TRACE::2024-07-07.17:01:10::SCWBDomain::9_0/libsrc/ddrps_v1_1/src'

TRACE::2024-07-07.17:01:10::SCWBDomain::"Running Make libs in ps7_cortexa9_0/libsrc/devcfg_v3_6/src"

TRACE::2024-07-07.17:01:10::SCWBDomain::make -C ps7_cortexa9_0/libsrc/devcfg_v3_6/src -s libs  "SHELL=CMD" "COMPILER=arm-none-eabi-gcc" "ASSEMBLER=arm-none-eabi-as" "A
TRACE::2024-07-07.17:01:10::SCWBDomain::RCHIVER=arm-none-eabi-ar" "COMPILER_FLAGS=  -O2 -c" "EXTRA_COMPILER_FLAGS=-mcpu=cortex-a9 -mfpu=vfpv3 -mfloat-abi=hard -nostart
TRACE::2024-07-07.17:01:10::SCWBDomain::files -g -Wall -Wextra"

TRACE::2024-07-07.17:01:10::SCWBDomain::make[2]: Entering directory 'C:/Users/gusta/Documents/SEP_projects/HW_SW/SEPmonG3/SEPmonG3V3/zynq_fsbl/zynq_fsbl_bsp/ps7_cortex
TRACE::2024-07-07.17:01:10::SCWBDomain::a9_0/libsrc/devcfg_v3_6/src'

TRACE::2024-07-07.17:01:10::SCWBDomain::"Compiling devcfg"

TRACE::2024-07-07.17:01:11::SCWBDomain::make[2]: Leaving directory 'C:/Users/gusta/Documents/SEP_projects/HW_SW/SEPmonG3/SEPmonG3V3/zynq_fsbl/zynq_fsbl_bsp/ps7_cortexa
TRACE::2024-07-07.17:01:11::SCWBDomain::9_0/libsrc/devcfg_v3_6/src'

TRACE::2024-07-07.17:01:11::SCWBDomain::"Running Make libs in ps7_cortexa9_0/libsrc/dmaps_v2_6/src"

TRACE::2024-07-07.17:01:11::SCWBDomain::make -C ps7_cortexa9_0/libsrc/dmaps_v2_6/src -s libs  "SHELL=CMD" "COMPILER=arm-none-eabi-gcc" "ASSEMBLER=arm-none-eabi-as" "AR
TRACE::2024-07-07.17:01:11::SCWBDomain::CHIVER=arm-none-eabi-ar" "COMPILER_FLAGS=  -O2 -c" "EXTRA_COMPILER_FLAGS=-mcpu=cortex-a9 -mfpu=vfpv3 -mfloat-abi=hard -nostartf
TRACE::2024-07-07.17:01:11::SCWBDomain::iles -g -Wall -Wextra"

TRACE::2024-07-07.17:01:11::SCWBDomain::make[2]: Entering directory 'C:/Users/gusta/Documents/SEP_projects/HW_SW/SEPmonG3/SEPmonG3V3/zynq_fsbl/zynq_fsbl_bsp/ps7_cortex
TRACE::2024-07-07.17:01:11::SCWBDomain::a9_0/libsrc/dmaps_v2_6/src'

TRACE::2024-07-07.17:01:11::SCWBDomain::"Compiling dmaps"

TRACE::2024-07-07.17:01:11::SCWBDomain::make[2]: Leaving directory 'C:/Users/gusta/Documents/SEP_projects/HW_SW/SEPmonG3/SEPmonG3V3/zynq_fsbl/zynq_fsbl_bsp/ps7_cortexa
TRACE::2024-07-07.17:01:11::SCWBDomain::9_0/libsrc/dmaps_v2_6/src'

TRACE::2024-07-07.17:01:12::SCWBDomain::"Running Make libs in ps7_cortexa9_0/libsrc/emacps_v3_11/src"

TRACE::2024-07-07.17:01:12::SCWBDomain::make -C ps7_cortexa9_0/libsrc/emacps_v3_11/src -s libs  "SHELL=CMD" "COMPILER=arm-none-eabi-gcc" "ASSEMBLER=arm-none-eabi-as" "
TRACE::2024-07-07.17:01:12::SCWBDomain::ARCHIVER=arm-none-eabi-ar" "COMPILER_FLAGS=  -O2 -c" "EXTRA_COMPILER_FLAGS=-mcpu=cortex-a9 -mfpu=vfpv3 -mfloat-abi=hard -nostar
TRACE::2024-07-07.17:01:12::SCWBDomain::tfiles -g -Wall -Wextra"

TRACE::2024-07-07.17:01:12::SCWBDomain::make[2]: Entering directory 'C:/Users/gusta/Documents/SEP_projects/HW_SW/SEPmonG3/SEPmonG3V3/zynq_fsbl/zynq_fsbl_bsp/ps7_cortex
TRACE::2024-07-07.17:01:12::SCWBDomain::a9_0/libsrc/emacps_v3_11/src'

TRACE::2024-07-07.17:01:12::SCWBDomain::"Compiling emacps"

TRACE::2024-07-07.17:01:13::SCWBDomain::make[2]: Leaving directory 'C:/Users/gusta/Documents/SEP_projects/HW_SW/SEPmonG3/SEPmonG3V3/zynq_fsbl/zynq_fsbl_bsp/ps7_cortexa
TRACE::2024-07-07.17:01:13::SCWBDomain::9_0/libsrc/emacps_v3_11/src'

TRACE::2024-07-07.17:01:13::SCWBDomain::"Running Make libs in ps7_cortexa9_0/libsrc/gpiops_v3_7/src"

TRACE::2024-07-07.17:01:13::SCWBDomain::make -C ps7_cortexa9_0/libsrc/gpiops_v3_7/src -s libs  "SHELL=CMD" "COMPILER=arm-none-eabi-gcc" "ASSEMBLER=arm-none-eabi-as" "A
TRACE::2024-07-07.17:01:13::SCWBDomain::RCHIVER=arm-none-eabi-ar" "COMPILER_FLAGS=  -O2 -c" "EXTRA_COMPILER_FLAGS=-mcpu=cortex-a9 -mfpu=vfpv3 -mfloat-abi=hard -nostart
TRACE::2024-07-07.17:01:13::SCWBDomain::files -g -Wall -Wextra"

TRACE::2024-07-07.17:01:13::SCWBDomain::make[2]: Entering directory 'C:/Users/gusta/Documents/SEP_projects/HW_SW/SEPmonG3/SEPmonG3V3/zynq_fsbl/zynq_fsbl_bsp/ps7_cortex
TRACE::2024-07-07.17:01:13::SCWBDomain::a9_0/libsrc/gpiops_v3_7/src'

TRACE::2024-07-07.17:01:13::SCWBDomain::"Compiling gpiops"

TRACE::2024-07-07.17:01:13::SCWBDomain::make[2]: Leaving directory 'C:/Users/gusta/Documents/SEP_projects/HW_SW/SEPmonG3/SEPmonG3V3/zynq_fsbl/zynq_fsbl_bsp/ps7_cortexa
TRACE::2024-07-07.17:01:13::SCWBDomain::9_0/libsrc/gpiops_v3_7/src'

TRACE::2024-07-07.17:01:14::SCWBDomain::"Running Make libs in ps7_cortexa9_0/libsrc/gpio_v4_6/src"

TRACE::2024-07-07.17:01:14::SCWBDomain::make -C ps7_cortexa9_0/libsrc/gpio_v4_6/src -s libs  "SHELL=CMD" "COMPILER=arm-none-eabi-gcc" "ASSEMBLER=arm-none-eabi-as" "ARC
TRACE::2024-07-07.17:01:14::SCWBDomain::HIVER=arm-none-eabi-ar" "COMPILER_FLAGS=  -O2 -c" "EXTRA_COMPILER_FLAGS=-mcpu=cortex-a9 -mfpu=vfpv3 -mfloat-abi=hard -nostartfi
TRACE::2024-07-07.17:01:14::SCWBDomain::les -g -Wall -Wextra"

TRACE::2024-07-07.17:01:14::SCWBDomain::make[2]: Entering directory 'C:/Users/gusta/Documents/SEP_projects/HW_SW/SEPmonG3/SEPmonG3V3/zynq_fsbl/zynq_fsbl_bsp/ps7_cortex
TRACE::2024-07-07.17:01:14::SCWBDomain::a9_0/libsrc/gpio_v4_6/src'

TRACE::2024-07-07.17:01:14::SCWBDomain::"Compiling gpio"

TRACE::2024-07-07.17:01:14::SCWBDomain::make[2]: Leaving directory 'C:/Users/gusta/Documents/SEP_projects/HW_SW/SEPmonG3/SEPmonG3V3/zynq_fsbl/zynq_fsbl_bsp/ps7_cortexa
TRACE::2024-07-07.17:01:14::SCWBDomain::9_0/libsrc/gpio_v4_6/src'

TRACE::2024-07-07.17:01:14::SCWBDomain::"Running Make libs in ps7_cortexa9_0/libsrc/iic_v3_6/src"

TRACE::2024-07-07.17:01:14::SCWBDomain::make -C ps7_cortexa9_0/libsrc/iic_v3_6/src -s libs  "SHELL=CMD" "COMPILER=arm-none-eabi-gcc" "ASSEMBLER=arm-none-eabi-as" "ARCH
TRACE::2024-07-07.17:01:14::SCWBDomain::IVER=arm-none-eabi-ar" "COMPILER_FLAGS=  -O2 -c" "EXTRA_COMPILER_FLAGS=-mcpu=cortex-a9 -mfpu=vfpv3 -mfloat-abi=hard -nostartfil
TRACE::2024-07-07.17:01:14::SCWBDomain::es -g -Wall -Wextra"

TRACE::2024-07-07.17:01:14::SCWBDomain::make[2]: Entering directory 'C:/Users/gusta/Documents/SEP_projects/HW_SW/SEPmonG3/SEPmonG3V3/zynq_fsbl/zynq_fsbl_bsp/ps7_cortex
TRACE::2024-07-07.17:01:14::SCWBDomain::a9_0/libsrc/iic_v3_6/src'

TRACE::2024-07-07.17:01:14::SCWBDomain::"Compiling iic"

TRACE::2024-07-07.17:01:16::SCWBDomain::make[2]: Leaving directory 'C:/Users/gusta/Documents/SEP_projects/HW_SW/SEPmonG3/SEPmonG3V3/zynq_fsbl/zynq_fsbl_bsp/ps7_cortexa
TRACE::2024-07-07.17:01:16::SCWBDomain::9_0/libsrc/iic_v3_6/src'

TRACE::2024-07-07.17:01:16::SCWBDomain::"Running Make libs in ps7_cortexa9_0/libsrc/qspips_v3_7/src"

TRACE::2024-07-07.17:01:16::SCWBDomain::make -C ps7_cortexa9_0/libsrc/qspips_v3_7/src -s libs  "SHELL=CMD" "COMPILER=arm-none-eabi-gcc" "ASSEMBLER=arm-none-eabi-as" "A
TRACE::2024-07-07.17:01:16::SCWBDomain::RCHIVER=arm-none-eabi-ar" "COMPILER_FLAGS=  -O2 -c" "EXTRA_COMPILER_FLAGS=-mcpu=cortex-a9 -mfpu=vfpv3 -mfloat-abi=hard -nostart
TRACE::2024-07-07.17:01:16::SCWBDomain::files -g -Wall -Wextra"

TRACE::2024-07-07.17:01:16::SCWBDomain::make[2]: Entering directory 'C:/Users/gusta/Documents/SEP_projects/HW_SW/SEPmonG3/SEPmonG3V3/zynq_fsbl/zynq_fsbl_bsp/ps7_cortex
TRACE::2024-07-07.17:01:16::SCWBDomain::a9_0/libsrc/qspips_v3_7/src'

TRACE::2024-07-07.17:01:16::SCWBDomain::"Compiling qspips"

TRACE::2024-07-07.17:01:17::SCWBDomain::make[2]: Leaving directory 'C:/Users/gusta/Documents/SEP_projects/HW_SW/SEPmonG3/SEPmonG3V3/zynq_fsbl/zynq_fsbl_bsp/ps7_cortexa
TRACE::2024-07-07.17:01:17::SCWBDomain::9_0/libsrc/qspips_v3_7/src'

TRACE::2024-07-07.17:01:17::SCWBDomain::"Running Make libs in ps7_cortexa9_0/libsrc/scugic_v4_2/src"

TRACE::2024-07-07.17:01:17::SCWBDomain::make -C ps7_cortexa9_0/libsrc/scugic_v4_2/src -s libs  "SHELL=CMD" "COMPILER=arm-none-eabi-gcc" "ASSEMBLER=arm-none-eabi-as" "A
TRACE::2024-07-07.17:01:17::SCWBDomain::RCHIVER=arm-none-eabi-ar" "COMPILER_FLAGS=  -O2 -c" "EXTRA_COMPILER_FLAGS=-mcpu=cortex-a9 -mfpu=vfpv3 -mfloat-abi=hard -nostart
TRACE::2024-07-07.17:01:17::SCWBDomain::files -g -Wall -Wextra"

TRACE::2024-07-07.17:01:17::SCWBDomain::make[2]: Entering directory 'C:/Users/gusta/Documents/SEP_projects/HW_SW/SEPmonG3/SEPmonG3V3/zynq_fsbl/zynq_fsbl_bsp/ps7_cortex
TRACE::2024-07-07.17:01:17::SCWBDomain::a9_0/libsrc/scugic_v4_2/src'

TRACE::2024-07-07.17:01:17::SCWBDomain::"Compiling scugic"

TRACE::2024-07-07.17:01:18::SCWBDomain::make[2]: Leaving directory 'C:/Users/gusta/Documents/SEP_projects/HW_SW/SEPmonG3/SEPmonG3V3/zynq_fsbl/zynq_fsbl_bsp/ps7_cortexa
TRACE::2024-07-07.17:01:18::SCWBDomain::9_0/libsrc/scugic_v4_2/src'

TRACE::2024-07-07.17:01:18::SCWBDomain::"Running Make libs in ps7_cortexa9_0/libsrc/scutimer_v2_2/src"

TRACE::2024-07-07.17:01:18::SCWBDomain::make -C ps7_cortexa9_0/libsrc/scutimer_v2_2/src -s libs  "SHELL=CMD" "COMPILER=arm-none-eabi-gcc" "ASSEMBLER=arm-none-eabi-as" 
TRACE::2024-07-07.17:01:18::SCWBDomain::"ARCHIVER=arm-none-eabi-ar" "COMPILER_FLAGS=  -O2 -c" "EXTRA_COMPILER_FLAGS=-mcpu=cortex-a9 -mfpu=vfpv3 -mfloat-abi=hard -nosta
TRACE::2024-07-07.17:01:18::SCWBDomain::rtfiles -g -Wall -Wextra"

TRACE::2024-07-07.17:01:18::SCWBDomain::make[2]: Entering directory 'C:/Users/gusta/Documents/SEP_projects/HW_SW/SEPmonG3/SEPmonG3V3/zynq_fsbl/zynq_fsbl_bsp/ps7_cortex
TRACE::2024-07-07.17:01:18::SCWBDomain::a9_0/libsrc/scutimer_v2_2/src'

TRACE::2024-07-07.17:01:18::SCWBDomain::"Compiling scutimer"

TRACE::2024-07-07.17:01:18::SCWBDomain::make[2]: Leaving directory 'C:/Users/gusta/Documents/SEP_projects/HW_SW/SEPmonG3/SEPmonG3V3/zynq_fsbl/zynq_fsbl_bsp/ps7_cortexa
TRACE::2024-07-07.17:01:18::SCWBDomain::9_0/libsrc/scutimer_v2_2/src'

TRACE::2024-07-07.17:01:18::SCWBDomain::"Running Make libs in ps7_cortexa9_0/libsrc/scuwdt_v2_2/src"

TRACE::2024-07-07.17:01:18::SCWBDomain::make -C ps7_cortexa9_0/libsrc/scuwdt_v2_2/src -s libs  "SHELL=CMD" "COMPILER=arm-none-eabi-gcc" "ASSEMBLER=arm-none-eabi-as" "A
TRACE::2024-07-07.17:01:18::SCWBDomain::RCHIVER=arm-none-eabi-ar" "COMPILER_FLAGS=  -O2 -c" "EXTRA_COMPILER_FLAGS=-mcpu=cortex-a9 -mfpu=vfpv3 -mfloat-abi=hard -nostart
TRACE::2024-07-07.17:01:18::SCWBDomain::files -g -Wall -Wextra"

TRACE::2024-07-07.17:01:18::SCWBDomain::make[2]: Entering directory 'C:/Users/gusta/Documents/SEP_projects/HW_SW/SEPmonG3/SEPmonG3V3/zynq_fsbl/zynq_fsbl_bsp/ps7_cortex
TRACE::2024-07-07.17:01:18::SCWBDomain::a9_0/libsrc/scuwdt_v2_2/src'

TRACE::2024-07-07.17:01:18::SCWBDomain::"Compiling scuwdt"

TRACE::2024-07-07.17:01:19::SCWBDomain::make[2]: Leaving directory 'C:/Users/gusta/Documents/SEP_projects/HW_SW/SEPmonG3/SEPmonG3V3/zynq_fsbl/zynq_fsbl_bsp/ps7_cortexa
TRACE::2024-07-07.17:01:19::SCWBDomain::9_0/libsrc/scuwdt_v2_2/src'

TRACE::2024-07-07.17:01:19::SCWBDomain::"Running Make libs in ps7_cortexa9_0/libsrc/sdps_v3_9/src"

TRACE::2024-07-07.17:01:19::SCWBDomain::make -C ps7_cortexa9_0/libsrc/sdps_v3_9/src -s libs  "SHELL=CMD" "COMPILER=arm-none-eabi-gcc" "ASSEMBLER=arm-none-eabi-as" "ARC
TRACE::2024-07-07.17:01:19::SCWBDomain::HIVER=arm-none-eabi-ar" "COMPILER_FLAGS=  -O2 -c" "EXTRA_COMPILER_FLAGS=-mcpu=cortex-a9 -mfpu=vfpv3 -mfloat-abi=hard -nostartfi
TRACE::2024-07-07.17:01:19::SCWBDomain::les -g -Wall -Wextra"

TRACE::2024-07-07.17:01:19::SCWBDomain::make[2]: Entering directory 'C:/Users/gusta/Documents/SEP_projects/HW_SW/SEPmonG3/SEPmonG3V3/zynq_fsbl/zynq_fsbl_bsp/ps7_cortex
TRACE::2024-07-07.17:01:19::SCWBDomain::a9_0/libsrc/sdps_v3_9/src'

TRACE::2024-07-07.17:01:19::SCWBDomain::"Compiling sdps"

TRACE::2024-07-07.17:01:20::SCWBDomain::make[2]: Leaving directory 'C:/Users/gusta/Documents/SEP_projects/HW_SW/SEPmonG3/SEPmonG3V3/zynq_fsbl/zynq_fsbl_bsp/ps7_cortexa
TRACE::2024-07-07.17:01:20::SCWBDomain::9_0/libsrc/sdps_v3_9/src'

TRACE::2024-07-07.17:01:20::SCWBDomain::"Running Make libs in ps7_cortexa9_0/libsrc/spi_v4_6/src"

TRACE::2024-07-07.17:01:20::SCWBDomain::make -C ps7_cortexa9_0/libsrc/spi_v4_6/src -s libs  "SHELL=CMD" "COMPILER=arm-none-eabi-gcc" "ASSEMBLER=arm-none-eabi-as" "ARCH
TRACE::2024-07-07.17:01:20::SCWBDomain::IVER=arm-none-eabi-ar" "COMPILER_FLAGS=  -O2 -c" "EXTRA_COMPILER_FLAGS=-mcpu=cortex-a9 -mfpu=vfpv3 -mfloat-abi=hard -nostartfil
TRACE::2024-07-07.17:01:20::SCWBDomain::es -g -Wall -Wextra"

TRACE::2024-07-07.17:01:20::SCWBDomain::make[2]: Entering directory 'C:/Users/gusta/Documents/SEP_projects/HW_SW/SEPmonG3/SEPmonG3V3/zynq_fsbl/zynq_fsbl_bsp/ps7_cortex
TRACE::2024-07-07.17:01:20::SCWBDomain::a9_0/libsrc/spi_v4_6/src'

TRACE::2024-07-07.17:01:20::SCWBDomain::"Compiling spi"

TRACE::2024-07-07.17:01:21::SCWBDomain::make[2]: Leaving directory 'C:/Users/gusta/Documents/SEP_projects/HW_SW/SEPmonG3/SEPmonG3V3/zynq_fsbl/zynq_fsbl_bsp/ps7_cortexa
TRACE::2024-07-07.17:01:21::SCWBDomain::9_0/libsrc/spi_v4_6/src'

TRACE::2024-07-07.17:01:21::SCWBDomain::"Running Make libs in ps7_cortexa9_0/libsrc/standalone_v7_2/src"

TRACE::2024-07-07.17:01:21::SCWBDomain::make -C ps7_cortexa9_0/libsrc/standalone_v7_2/src -s libs  "SHELL=CMD" "COMPILER=arm-none-eabi-gcc" "ASSEMBLER=arm-none-eabi-as
TRACE::2024-07-07.17:01:21::SCWBDomain::" "ARCHIVER=arm-none-eabi-ar" "COMPILER_FLAGS=  -O2 -c" "EXTRA_COMPILER_FLAGS=-mcpu=cortex-a9 -mfpu=vfpv3 -mfloat-abi=hard -nos
TRACE::2024-07-07.17:01:21::SCWBDomain::tartfiles -g -Wall -Wextra"

TRACE::2024-07-07.17:01:21::SCWBDomain::make[2]: Entering directory 'C:/Users/gusta/Documents/SEP_projects/HW_SW/SEPmonG3/SEPmonG3V3/zynq_fsbl/zynq_fsbl_bsp/ps7_cortex
TRACE::2024-07-07.17:01:21::SCWBDomain::a9_0/libsrc/standalone_v7_2/src'

TRACE::2024-07-07.17:01:21::SCWBDomain::"Compiling standalone"

TRACE::2024-07-07.17:01:24::SCWBDomain::make[3]: Entering directory 'C:/Users/gusta/Documents/SEP_projects/HW_SW/SEPmonG3/SEPmonG3V3/zynq_fsbl/zynq_fsbl_bsp/ps7_cortex
TRACE::2024-07-07.17:01:24::SCWBDomain::a9_0/libsrc/standalone_v7_2/src/profile'

TRACE::2024-07-07.17:01:24::SCWBDomain::make[3]: Leaving directory 'C:/Users/gusta/Documents/SEP_projects/HW_SW/SEPmonG3/SEPmonG3V3/zynq_fsbl/zynq_fsbl_bsp/ps7_cortexa
TRACE::2024-07-07.17:01:24::SCWBDomain::9_0/libsrc/standalone_v7_2/src/profile'

TRACE::2024-07-07.17:01:24::SCWBDomain::make[2]: Leaving directory 'C:/Users/gusta/Documents/SEP_projects/HW_SW/SEPmonG3/SEPmonG3V3/zynq_fsbl/zynq_fsbl_bsp/ps7_cortexa
TRACE::2024-07-07.17:01:24::SCWBDomain::9_0/libsrc/standalone_v7_2/src'

TRACE::2024-07-07.17:01:24::SCWBDomain::"Running Make libs in ps7_cortexa9_0/libsrc/tmrctr_v4_6/src"

TRACE::2024-07-07.17:01:24::SCWBDomain::make -C ps7_cortexa9_0/libsrc/tmrctr_v4_6/src -s libs  "SHELL=CMD" "COMPILER=arm-none-eabi-gcc" "ASSEMBLER=arm-none-eabi-as" "A
TRACE::2024-07-07.17:01:24::SCWBDomain::RCHIVER=arm-none-eabi-ar" "COMPILER_FLAGS=  -O2 -c" "EXTRA_COMPILER_FLAGS=-mcpu=cortex-a9 -mfpu=vfpv3 -mfloat-abi=hard -nostart
TRACE::2024-07-07.17:01:24::SCWBDomain::files -g -Wall -Wextra"

TRACE::2024-07-07.17:01:24::SCWBDomain::make[2]: Entering directory 'C:/Users/gusta/Documents/SEP_projects/HW_SW/SEPmonG3/SEPmonG3V3/zynq_fsbl/zynq_fsbl_bsp/ps7_cortex
TRACE::2024-07-07.17:01:24::SCWBDomain::a9_0/libsrc/tmrctr_v4_6/src'

TRACE::2024-07-07.17:01:24::SCWBDomain::"Compiling tmrctr"

TRACE::2024-07-07.17:01:25::SCWBDomain::make[2]: Leaving directory 'C:/Users/gusta/Documents/SEP_projects/HW_SW/SEPmonG3/SEPmonG3V3/zynq_fsbl/zynq_fsbl_bsp/ps7_cortexa
TRACE::2024-07-07.17:01:25::SCWBDomain::9_0/libsrc/tmrctr_v4_6/src'

TRACE::2024-07-07.17:01:25::SCWBDomain::"Running Make libs in ps7_cortexa9_0/libsrc/uartps_v3_9/src"

TRACE::2024-07-07.17:01:25::SCWBDomain::make -C ps7_cortexa9_0/libsrc/uartps_v3_9/src -s libs  "SHELL=CMD" "COMPILER=arm-none-eabi-gcc" "ASSEMBLER=arm-none-eabi-as" "A
TRACE::2024-07-07.17:01:25::SCWBDomain::RCHIVER=arm-none-eabi-ar" "COMPILER_FLAGS=  -O2 -c" "EXTRA_COMPILER_FLAGS=-mcpu=cortex-a9 -mfpu=vfpv3 -mfloat-abi=hard -nostart
TRACE::2024-07-07.17:01:25::SCWBDomain::files -g -Wall -Wextra"

TRACE::2024-07-07.17:01:25::SCWBDomain::make[2]: Entering directory 'C:/Users/gusta/Documents/SEP_projects/HW_SW/SEPmonG3/SEPmonG3V3/zynq_fsbl/zynq_fsbl_bsp/ps7_cortex
TRACE::2024-07-07.17:01:25::SCWBDomain::a9_0/libsrc/uartps_v3_9/src'

TRACE::2024-07-07.17:01:25::SCWBDomain::"Compiling uartps"

TRACE::2024-07-07.17:01:26::SCWBDomain::make[2]: Leaving directory 'C:/Users/gusta/Documents/SEP_projects/HW_SW/SEPmonG3/SEPmonG3V3/zynq_fsbl/zynq_fsbl_bsp/ps7_cortexa
TRACE::2024-07-07.17:01:26::SCWBDomain::9_0/libsrc/uartps_v3_9/src'

TRACE::2024-07-07.17:01:26::SCWBDomain::"Running Make libs in ps7_cortexa9_0/libsrc/usbps_v2_5/src"

TRACE::2024-07-07.17:01:26::SCWBDomain::make -C ps7_cortexa9_0/libsrc/usbps_v2_5/src -s libs  "SHELL=CMD" "COMPILER=arm-none-eabi-gcc" "ASSEMBLER=arm-none-eabi-as" "AR
TRACE::2024-07-07.17:01:26::SCWBDomain::CHIVER=arm-none-eabi-ar" "COMPILER_FLAGS=  -O2 -c" "EXTRA_COMPILER_FLAGS=-mcpu=cortex-a9 -mfpu=vfpv3 -mfloat-abi=hard -nostartf
TRACE::2024-07-07.17:01:26::SCWBDomain::iles -g -Wall -Wextra"

TRACE::2024-07-07.17:01:26::SCWBDomain::make[2]: Entering directory 'C:/Users/gusta/Documents/SEP_projects/HW_SW/SEPmonG3/SEPmonG3V3/zynq_fsbl/zynq_fsbl_bsp/ps7_cortex
TRACE::2024-07-07.17:01:26::SCWBDomain::a9_0/libsrc/usbps_v2_5/src'

TRACE::2024-07-07.17:01:26::SCWBDomain::"Compiling usbps"

TRACE::2024-07-07.17:01:27::SCWBDomain::make[2]: Leaving directory 'C:/Users/gusta/Documents/SEP_projects/HW_SW/SEPmonG3/SEPmonG3V3/zynq_fsbl/zynq_fsbl_bsp/ps7_cortexa
TRACE::2024-07-07.17:01:27::SCWBDomain::9_0/libsrc/usbps_v2_5/src'

TRACE::2024-07-07.17:01:27::SCWBDomain::"Running Make libs in ps7_cortexa9_0/libsrc/xadcps_v2_4/src"

TRACE::2024-07-07.17:01:27::SCWBDomain::make -C ps7_cortexa9_0/libsrc/xadcps_v2_4/src -s libs  "SHELL=CMD" "COMPILER=arm-none-eabi-gcc" "ASSEMBLER=arm-none-eabi-as" "A
TRACE::2024-07-07.17:01:27::SCWBDomain::RCHIVER=arm-none-eabi-ar" "COMPILER_FLAGS=  -O2 -c" "EXTRA_COMPILER_FLAGS=-mcpu=cortex-a9 -mfpu=vfpv3 -mfloat-abi=hard -nostart
TRACE::2024-07-07.17:01:27::SCWBDomain::files -g -Wall -Wextra"

TRACE::2024-07-07.17:01:27::SCWBDomain::make[2]: Entering directory 'C:/Users/gusta/Documents/SEP_projects/HW_SW/SEPmonG3/SEPmonG3V3/zynq_fsbl/zynq_fsbl_bsp/ps7_cortex
TRACE::2024-07-07.17:01:27::SCWBDomain::a9_0/libsrc/xadcps_v2_4/src'

TRACE::2024-07-07.17:01:27::SCWBDomain::"Compiling xadcps"

TRACE::2024-07-07.17:01:28::SCWBDomain::make[2]: Leaving directory 'C:/Users/gusta/Documents/SEP_projects/HW_SW/SEPmonG3/SEPmonG3V3/zynq_fsbl/zynq_fsbl_bsp/ps7_cortexa
TRACE::2024-07-07.17:01:28::SCWBDomain::9_0/libsrc/xadcps_v2_4/src'

TRACE::2024-07-07.17:01:28::SCWBDomain::"Running Make libs in ps7_cortexa9_0/libsrc/xilffs_v4_3/src"

TRACE::2024-07-07.17:01:28::SCWBDomain::make -C ps7_cortexa9_0/libsrc/xilffs_v4_3/src -s libs  "SHELL=CMD" "COMPILER=arm-none-eabi-gcc" "ASSEMBLER=arm-none-eabi-as" "A
TRACE::2024-07-07.17:01:28::SCWBDomain::RCHIVER=arm-none-eabi-ar" "COMPILER_FLAGS=  -O2 -c" "EXTRA_COMPILER_FLAGS=-mcpu=cortex-a9 -mfpu=vfpv3 -mfloat-abi=hard -nostart
TRACE::2024-07-07.17:01:28::SCWBDomain::files -g -Wall -Wextra"

TRACE::2024-07-07.17:01:28::SCWBDomain::make[2]: Entering directory 'C:/Users/gusta/Documents/SEP_projects/HW_SW/SEPmonG3/SEPmonG3V3/zynq_fsbl/zynq_fsbl_bsp/ps7_cortex
TRACE::2024-07-07.17:01:28::SCWBDomain::a9_0/libsrc/xilffs_v4_3/src'

TRACE::2024-07-07.17:01:28::SCWBDomain::"Compiling XilFFs Library"

TRACE::2024-07-07.17:01:29::SCWBDomain::make[2]: Leaving directory 'C:/Users/gusta/Documents/SEP_projects/HW_SW/SEPmonG3/SEPmonG3V3/zynq_fsbl/zynq_fsbl_bsp/ps7_cortexa
TRACE::2024-07-07.17:01:29::SCWBDomain::9_0/libsrc/xilffs_v4_3/src'

TRACE::2024-07-07.17:01:29::SCWBDomain::"Running Make libs in ps7_cortexa9_0/libsrc/xilrsa_v1_6/src"

TRACE::2024-07-07.17:01:29::SCWBDomain::make -C ps7_cortexa9_0/libsrc/xilrsa_v1_6/src -s libs  "SHELL=CMD" "COMPILER=arm-none-eabi-gcc" "ASSEMBLER=arm-none-eabi-as" "A
TRACE::2024-07-07.17:01:29::SCWBDomain::RCHIVER=arm-none-eabi-ar" "COMPILER_FLAGS=  -O2 -c" "EXTRA_COMPILER_FLAGS=-mcpu=cortex-a9 -mfpu=vfpv3 -mfloat-abi=hard -nostart
TRACE::2024-07-07.17:01:29::SCWBDomain::files -g -Wall -Wextra"

TRACE::2024-07-07.17:01:29::SCWBDomain::make[2]: Entering directory 'C:/Users/gusta/Documents/SEP_projects/HW_SW/SEPmonG3/SEPmonG3V3/zynq_fsbl/zynq_fsbl_bsp/ps7_cortex
TRACE::2024-07-07.17:01:29::SCWBDomain::a9_0/libsrc/xilrsa_v1_6/src'

TRACE::2024-07-07.17:01:29::SCWBDomain::make[2]: Leaving directory 'C:/Users/gusta/Documents/SEP_projects/HW_SW/SEPmonG3/SEPmonG3V3/zynq_fsbl/zynq_fsbl_bsp/ps7_cortexa
TRACE::2024-07-07.17:01:29::SCWBDomain::9_0/libsrc/xilrsa_v1_6/src'

TRACE::2024-07-07.17:01:29::SCWBDomain::'Finished building libraries'

TRACE::2024-07-07.17:01:29::SCWBDomain::make[1]: Leaving directory 'C:/Users/gusta/Documents/SEP_projects/HW_SW/SEPmonG3/SEPmonG3V3/zynq_fsbl/zynq_fsbl_bsp'

TRACE::2024-07-07.17:01:29::SCWBDomain::arm-none-eabi-gcc -MMD -MP       -mcpu=cortex-a9 -mfpu=vfpv3 -mfloat-abi=hard   -O2 -c -c sd.c -o sd.o -Izynq_fsbl_bsp/ps7_cort
TRACE::2024-07-07.17:01:29::SCWBDomain::exa9_0/include -I.

TRACE::2024-07-07.17:01:29::SCWBDomain::arm-none-eabi-gcc -MMD -MP       -mcpu=cortex-a9 -mfpu=vfpv3 -mfloat-abi=hard   -O2 -c -c nand.c -o nand.o -Izynq_fsbl_bsp/ps7_
TRACE::2024-07-07.17:01:29::SCWBDomain::cortexa9_0/include -I.

TRACE::2024-07-07.17:01:29::SCWBDomain::arm-none-eabi-gcc -MMD -MP       -mcpu=cortex-a9 -mfpu=vfpv3 -mfloat-abi=hard   -O2 -c -c nor.c -o nor.o -Izynq_fsbl_bsp/ps7_co
TRACE::2024-07-07.17:01:29::SCWBDomain::rtexa9_0/include -I.

TRACE::2024-07-07.17:01:30::SCWBDomain::arm-none-eabi-gcc -MMD -MP       -mcpu=cortex-a9 -mfpu=vfpv3 -mfloat-abi=hard   -O2 -c -c image_mover.c -o image_mover.o -Izynq
TRACE::2024-07-07.17:01:30::SCWBDomain::_fsbl_bsp/ps7_cortexa9_0/include -I.

TRACE::2024-07-07.17:01:30::SCWBDomain::arm-none-eabi-gcc -MMD -MP       -mcpu=cortex-a9 -mfpu=vfpv3 -mfloat-abi=hard   -O2 -c -c md5.c -o md5.o -Izynq_fsbl_bsp/ps7_co
TRACE::2024-07-07.17:01:30::SCWBDomain::rtexa9_0/include -I.

TRACE::2024-07-07.17:01:30::SCWBDomain::arm-none-eabi-gcc -MMD -MP       -mcpu=cortex-a9 -mfpu=vfpv3 -mfloat-abi=hard   -O2 -c -c fsbl_hooks.c -o fsbl_hooks.o -Izynq_f
TRACE::2024-07-07.17:01:30::SCWBDomain::sbl_bsp/ps7_cortexa9_0/include -I.

TRACE::2024-07-07.17:01:30::SCWBDomain::arm-none-eabi-gcc -MMD -MP       -mcpu=cortex-a9 -mfpu=vfpv3 -mfloat-abi=hard   -O2 -c -c main.c -o main.o -Izynq_fsbl_bsp/ps7_
TRACE::2024-07-07.17:01:30::SCWBDomain::cortexa9_0/include -I.

TRACE::2024-07-07.17:01:30::SCWBDomain::arm-none-eabi-gcc -MMD -MP       -mcpu=cortex-a9 -mfpu=vfpv3 -mfloat-abi=hard   -O2 -c -c rsa.c -o rsa.o -Izynq_fsbl_bsp/ps7_co
TRACE::2024-07-07.17:01:30::SCWBDomain::rtexa9_0/include -I.

TRACE::2024-07-07.17:01:30::SCWBDomain::arm-none-eabi-gcc -MMD -MP       -mcpu=cortex-a9 -mfpu=vfpv3 -mfloat-abi=hard   -O2 -c -c qspi.c -o qspi.o -Izynq_fsbl_bsp/ps7_
TRACE::2024-07-07.17:01:30::SCWBDomain::cortexa9_0/include -I.

TRACE::2024-07-07.17:01:30::SCWBDomain::arm-none-eabi-gcc -MMD -MP       -mcpu=cortex-a9 -mfpu=vfpv3 -mfloat-abi=hard   -O2 -c -c ps7_init.c -o ps7_init.o -Izynq_fsbl_
TRACE::2024-07-07.17:01:30::SCWBDomain::bsp/ps7_cortexa9_0/include -I.

TRACE::2024-07-07.17:01:31::SCWBDomain::arm-none-eabi-gcc -MMD -MP       -mcpu=cortex-a9 -mfpu=vfpv3 -mfloat-abi=hard   -O2 -c -c pcap.c -o pcap.o -Izynq_fsbl_bsp/ps7_
TRACE::2024-07-07.17:01:31::SCWBDomain::cortexa9_0/include -I.

TRACE::2024-07-07.17:01:31::SCWBDomain::arm-none-eabi-gcc -MMD -MP       -mcpu=cortex-a9 -mfpu=vfpv3 -mfloat-abi=hard   -O2 -c -c fsbl_handoff.S -o fsbl_handoff.o -Izy
TRACE::2024-07-07.17:01:31::SCWBDomain::nq_fsbl_bsp/ps7_cortexa9_0/include -I.

TRACE::2024-07-07.17:01:31::SCWBDomain::arm-none-eabi-gcc -o executable.elf  sd.o  nand.o  nor.o  image_mover.o  md5.o  fsbl_hooks.o  main.o  rsa.o  qspi.o  ps7_init.o
TRACE::2024-07-07.17:01:31::SCWBDomain::  pcap.o  fsbl_handoff.o -MMD -MP       -mcpu=cortex-a9 -mfpu=vfpv3 -mfloat-abi=hard   -mcpu=cortex-a9 -mfpu=vfpv3 -mfloat-abi=
TRACE::2024-07-07.17:01:31::SCWBDomain::hard -Wl,-build-id=none -specs=Xilinx.spec  -lrsa -Wl,--start-group,-lxil,-lgcc,-lc,--end-group -Wl,--start-group,-lxilffs,-lxi
TRACE::2024-07-07.17:01:31::SCWBDomain::l,-lgcc,-lc,--end-group -Wl,--start-group,-lrsa,-lxil,-lgcc,-lc,--end-group                                            -Wl,--gc
TRACE::2024-07-07.17:01:31::SCWBDomain::-sections -Lzynq_fsbl_bsp/ps7_cortexa9_0/lib -L./ -Tlscript.ld

LOG::2024-07-07.17:01:31::SCWSystem::Checking the domain standalone_domain
LOG::2024-07-07.17:01:31::SCWSystem::Not a boot domain 
LOG::2024-07-07.17:01:31::SCWSystem::Started Processing the domain standalone_domain
TRACE::2024-07-07.17:01:31::SCWDomain::Generating domain artifcats
TRACE::2024-07-07.17:01:31::SCWMssOS::Generating standalone artifcats
TRACE::2024-07-07.17:01:31::SCWMssOS::Copying the qemu file from  C:/Xilinx/Vitis/2020.1/data/emulation/platforms/zynq/qemu/qemu_args.txt To C:/Users/gusta/Documents/SEP_projects/HW_SW/SEPmonG3/SEPmonG3V3/export/SEPmonG3V3/sw/SEPmonG3V3/qemu/
TRACE::2024-07-07.17:01:31::SCWMssOS::Copying the qemu file from  C:/Xilinx/Vitis/2020.1/data/emulation/platforms/zynq/qemu/qemu_args.txt To C:/Users/gusta/Documents/SEP_projects/HW_SW/SEPmonG3/SEPmonG3V3/export/SEPmonG3V3/sw/SEPmonG3V3/standalone_domain/qemu/
TRACE::2024-07-07.17:01:31::SCWMssOS:: Copying the user libraries. 
TRACE::2024-07-07.17:01:31::SCWPlatform::Trying to open the hw design at C:/Users/gusta/Documents/SEP_projects/HW_SW/SEPmonG3/SEPmonG3V3/hw/SEPmonG3V3.xsa
TRACE::2024-07-07.17:01:31::SCWPlatform::DSA given C:/Users/gusta/Documents/SEP_projects/HW_SW/SEPmonG3/SEPmonG3V3/hw/SEPmonG3V3.xsa
TRACE::2024-07-07.17:01:31::SCWPlatform::DSA absoulate path C:/Users/gusta/Documents/SEP_projects/HW_SW/SEPmonG3/SEPmonG3V3/hw/SEPmonG3V3.xsa
TRACE::2024-07-07.17:01:31::SCWPlatform::DSA directory C:/Users/gusta/Documents/SEP_projects/HW_SW/SEPmonG3/SEPmonG3V3/hw
TRACE::2024-07-07.17:01:31::SCWPlatform:: Platform Path C:/Users/gusta/Documents/SEP_projects/HW_SW/SEPmonG3/SEPmonG3V3/hw/SEPmonG3V3.xsa
TRACE::2024-07-07.17:01:31::SCWPlatform:: Unique name xilinx:zybo-z7-10::0.0
TRACE::2024-07-07.17:01:31::SCWPlatform::Trying to set the existing hwdb with name DEMO_wrapper_30
TRACE::2024-07-07.17:01:31::SCWPlatform::Opened existing hwdb DEMO_wrapper_30
TRACE::2024-07-07.17:01:31::SCWPlatform::Found the Hw Db part of the input DSA
TRACE::2024-07-07.17:01:31::SCWMssOS::Checking the sw design at  C:/Users/gusta/Documents/SEP_projects/HW_SW/SEPmonG3/SEPmonG3V3/ps7_cortexa9_0/standalone_domain/bsp/system.mss
TRACE::2024-07-07.17:01:31::SCWMssOS::DEBUG:  swdes dump  C:/Users/gusta/Documents/SEP_projects/HW_SW/SEPmonG3/SEPmonG3/ps7_cortexa9_0/standalone_domain/bsp/system.mss|system_0||
C:/Users/gusta/Documents/SEP_projects/HW_SW/SEPmonG3/SEPmonG3/zynq_fsbl/zynq_fsbl_bsp/system.mss|system||
C:/Users/gusta/Documents/SEP_projects/HW_SW/SEPmonG3/SEPmonG3V3/ps7_cortexa9_0/standalone_domain/bsp/system.mss|system_2||
C:/Users/gusta/Documents/SEP_projects/HW_SW/SEPmonG3/SEPmonG3V3/zynq_fsbl/zynq_fsbl_bsp/system.mss|system_1||

TRACE::2024-07-07.17:01:31::SCWMssOS::Sw design exists and opened at  C:/Users/gusta/Documents/SEP_projects/HW_SW/SEPmonG3/SEPmonG3V3/ps7_cortexa9_0/standalone_domain/bsp/system.mss
TRACE::2024-07-07.17:01:31::SCWMssOS::Completed writing the mss file at C:/Users/gusta/Documents/SEP_projects/HW_SW/SEPmonG3/SEPmonG3V3/ps7_cortexa9_0/standalone_domain/bsp
TRACE::2024-07-07.17:01:31::SCWMssOS::Mss edits present, copying mssfile into export location C:/Users/gusta/Documents/SEP_projects/HW_SW/SEPmonG3/SEPmonG3V3/ps7_cortexa9_0/standalone_domain/bsp/system.mss
TRACE::2024-07-07.17:01:31::SCWMssOS::bsp generated is upto date with the mss file. Skipping bsp generation.
TRACE::2024-07-07.17:01:31::SCWMssOS::BSP is already built. skipping the bsp build ... 
TRACE::2024-07-07.17:01:31::SCWDomain::Building the domain as part of full build :  standalone_domain
TRACE::2024-07-07.17:01:31::SCWMssOS::doing bsp build ... 
TRACE::2024-07-07.17:01:31::SCWMssOS::System Command Ran  C: & cd  C:/Users/gusta/Documents/SEP_projects/HW_SW/SEPmonG3/SEPmonG3V3/ps7_cortexa9_0/standalone_domain/bsp & make 
TRACE::2024-07-07.17:01:31::SCWMssOS::"Running Make include in ps7_cortexa9_0/libsrc/coresightps_dcc_v1_7/src"

TRACE::2024-07-07.17:01:31::SCWMssOS::make -C ps7_cortexa9_0/libsrc/coresightps_dcc_v1_7/src -s include  "SHELL=CMD" "COMPILER=arm-none-eabi-gcc" "ASSEMBLER=arm-none
TRACE::2024-07-07.17:01:31::SCWMssOS::-eabi-as" "ARCHIVER=arm-none-eabi-ar" "COMPILER_FLAGS=  -O2 -c" "EXTRA_COMPILER_FLAGS=-mcpu=cortex-a9 -mfpu=vfpv3 -mfloat-abi=h
TRACE::2024-07-07.17:01:31::SCWMssOS::ard -nostartfiles -g -Wall -Wextra"

TRACE::2024-07-07.17:01:31::SCWMssOS::"Running Make include in ps7_cortexa9_0/libsrc/cpu_cortexa9_v2_9/src"

TRACE::2024-07-07.17:01:31::SCWMssOS::make -C ps7_cortexa9_0/libsrc/cpu_cortexa9_v2_9/src -s include  "SHELL=CMD" "COMPILER=arm-none-eabi-gcc" "ASSEMBLER=arm-none-ea
TRACE::2024-07-07.17:01:31::SCWMssOS::bi-as" "ARCHIVER=arm-none-eabi-ar" "COMPILER_FLAGS=  -O2 -c" "EXTRA_COMPILER_FLAGS=-mcpu=cortex-a9 -mfpu=vfpv3 -mfloat-abi=hard
TRACE::2024-07-07.17:01:31::SCWMssOS:: -nostartfiles -g -Wall -Wextra"

TRACE::2024-07-07.17:01:31::SCWMssOS::"Running Make include in ps7_cortexa9_0/libsrc/ddrps_v1_1/src"

TRACE::2024-07-07.17:01:31::SCWMssOS::make -C ps7_cortexa9_0/libsrc/ddrps_v1_1/src -s include  "SHELL=CMD" "COMPILER=arm-none-eabi-gcc" "ASSEMBLER=arm-none-eabi-as" 
TRACE::2024-07-07.17:01:31::SCWMssOS::"ARCHIVER=arm-none-eabi-ar" "COMPILER_FLAGS=  -O2 -c" "EXTRA_COMPILER_FLAGS=-mcpu=cortex-a9 -mfpu=vfpv3 -mfloat-abi=hard -nosta
TRACE::2024-07-07.17:01:31::SCWMssOS::rtfiles -g -Wall -Wextra"

TRACE::2024-07-07.17:01:31::SCWMssOS::"Running Make include in ps7_cortexa9_0/libsrc/devcfg_v3_6/src"

TRACE::2024-07-07.17:01:31::SCWMssOS::make -C ps7_cortexa9_0/libsrc/devcfg_v3_6/src -s include  "SHELL=CMD" "COMPILER=arm-none-eabi-gcc" "ASSEMBLER=arm-none-eabi-as"
TRACE::2024-07-07.17:01:31::SCWMssOS:: "ARCHIVER=arm-none-eabi-ar" "COMPILER_FLAGS=  -O2 -c" "EXTRA_COMPILER_FLAGS=-mcpu=cortex-a9 -mfpu=vfpv3 -mfloat-abi=hard -nost
TRACE::2024-07-07.17:01:31::SCWMssOS::artfiles -g -Wall -Wextra"

TRACE::2024-07-07.17:01:31::SCWMssOS::"Running Make include in ps7_cortexa9_0/libsrc/dmaps_v2_6/src"

TRACE::2024-07-07.17:01:31::SCWMssOS::make -C ps7_cortexa9_0/libsrc/dmaps_v2_6/src -s include  "SHELL=CMD" "COMPILER=arm-none-eabi-gcc" "ASSEMBLER=arm-none-eabi-as" 
TRACE::2024-07-07.17:01:31::SCWMssOS::"ARCHIVER=arm-none-eabi-ar" "COMPILER_FLAGS=  -O2 -c" "EXTRA_COMPILER_FLAGS=-mcpu=cortex-a9 -mfpu=vfpv3 -mfloat-abi=hard -nosta
TRACE::2024-07-07.17:01:31::SCWMssOS::rtfiles -g -Wall -Wextra"

TRACE::2024-07-07.17:01:31::SCWMssOS::"Running Make include in ps7_cortexa9_0/libsrc/emacps_v3_11/src"

TRACE::2024-07-07.17:01:31::SCWMssOS::make -C ps7_cortexa9_0/libsrc/emacps_v3_11/src -s include  "SHELL=CMD" "COMPILER=arm-none-eabi-gcc" "ASSEMBLER=arm-none-eabi-as
TRACE::2024-07-07.17:01:31::SCWMssOS::" "ARCHIVER=arm-none-eabi-ar" "COMPILER_FLAGS=  -O2 -c" "EXTRA_COMPILER_FLAGS=-mcpu=cortex-a9 -mfpu=vfpv3 -mfloat-abi=hard -nos
TRACE::2024-07-07.17:01:31::SCWMssOS::tartfiles -g -Wall -Wextra"

TRACE::2024-07-07.17:01:31::SCWMssOS::"Running Make include in ps7_cortexa9_0/libsrc/gpiops_v3_7/src"

TRACE::2024-07-07.17:01:31::SCWMssOS::make -C ps7_cortexa9_0/libsrc/gpiops_v3_7/src -s include  "SHELL=CMD" "COMPILER=arm-none-eabi-gcc" "ASSEMBLER=arm-none-eabi-as"
TRACE::2024-07-07.17:01:31::SCWMssOS:: "ARCHIVER=arm-none-eabi-ar" "COMPILER_FLAGS=  -O2 -c" "EXTRA_COMPILER_FLAGS=-mcpu=cortex-a9 -mfpu=vfpv3 -mfloat-abi=hard -nost
TRACE::2024-07-07.17:01:31::SCWMssOS::artfiles -g -Wall -Wextra"

TRACE::2024-07-07.17:01:32::SCWMssOS::"Running Make include in ps7_cortexa9_0/libsrc/gpio_v4_6/src"

TRACE::2024-07-07.17:01:32::SCWMssOS::make -C ps7_cortexa9_0/libsrc/gpio_v4_6/src -s include  "SHELL=CMD" "COMPILER=arm-none-eabi-gcc" "ASSEMBLER=arm-none-eabi-as" "
TRACE::2024-07-07.17:01:32::SCWMssOS::ARCHIVER=arm-none-eabi-ar" "COMPILER_FLAGS=  -O2 -c" "EXTRA_COMPILER_FLAGS=-mcpu=cortex-a9 -mfpu=vfpv3 -mfloat-abi=hard -nostar
TRACE::2024-07-07.17:01:32::SCWMssOS::tfiles -g -Wall -Wextra"

TRACE::2024-07-07.17:01:32::SCWMssOS::"Running Make include in ps7_cortexa9_0/libsrc/iic_v3_6/src"

TRACE::2024-07-07.17:01:32::SCWMssOS::make -C ps7_cortexa9_0/libsrc/iic_v3_6/src -s include  "SHELL=CMD" "COMPILER=arm-none-eabi-gcc" "ASSEMBLER=arm-none-eabi-as" "A
TRACE::2024-07-07.17:01:32::SCWMssOS::RCHIVER=arm-none-eabi-ar" "COMPILER_FLAGS=  -O2 -c" "EXTRA_COMPILER_FLAGS=-mcpu=cortex-a9 -mfpu=vfpv3 -mfloat-abi=hard -nostart
TRACE::2024-07-07.17:01:32::SCWMssOS::files -g -Wall -Wextra"

TRACE::2024-07-07.17:01:32::SCWMssOS::"Running Make include in ps7_cortexa9_0/libsrc/qspips_v3_7/src"

TRACE::2024-07-07.17:01:32::SCWMssOS::make -C ps7_cortexa9_0/libsrc/qspips_v3_7/src -s include  "SHELL=CMD" "COMPILER=arm-none-eabi-gcc" "ASSEMBLER=arm-none-eabi-as"
TRACE::2024-07-07.17:01:32::SCWMssOS:: "ARCHIVER=arm-none-eabi-ar" "COMPILER_FLAGS=  -O2 -c" "EXTRA_COMPILER_FLAGS=-mcpu=cortex-a9 -mfpu=vfpv3 -mfloat-abi=hard -nost
TRACE::2024-07-07.17:01:32::SCWMssOS::artfiles -g -Wall -Wextra"

TRACE::2024-07-07.17:01:32::SCWMssOS::"Running Make include in ps7_cortexa9_0/libsrc/scugic_v4_2/src"

TRACE::2024-07-07.17:01:32::SCWMssOS::make -C ps7_cortexa9_0/libsrc/scugic_v4_2/src -s include  "SHELL=CMD" "COMPILER=arm-none-eabi-gcc" "ASSEMBLER=arm-none-eabi-as"
TRACE::2024-07-07.17:01:32::SCWMssOS:: "ARCHIVER=arm-none-eabi-ar" "COMPILER_FLAGS=  -O2 -c" "EXTRA_COMPILER_FLAGS=-mcpu=cortex-a9 -mfpu=vfpv3 -mfloat-abi=hard -nost
TRACE::2024-07-07.17:01:32::SCWMssOS::artfiles -g -Wall -Wextra"

TRACE::2024-07-07.17:01:32::SCWMssOS::"Running Make include in ps7_cortexa9_0/libsrc/scutimer_v2_2/src"

TRACE::2024-07-07.17:01:32::SCWMssOS::make -C ps7_cortexa9_0/libsrc/scutimer_v2_2/src -s include  "SHELL=CMD" "COMPILER=arm-none-eabi-gcc" "ASSEMBLER=arm-none-eabi-a
TRACE::2024-07-07.17:01:32::SCWMssOS::s" "ARCHIVER=arm-none-eabi-ar" "COMPILER_FLAGS=  -O2 -c" "EXTRA_COMPILER_FLAGS=-mcpu=cortex-a9 -mfpu=vfpv3 -mfloat-abi=hard -no
TRACE::2024-07-07.17:01:32::SCWMssOS::startfiles -g -Wall -Wextra"

TRACE::2024-07-07.17:01:32::SCWMssOS::"Running Make include in ps7_cortexa9_0/libsrc/scuwdt_v2_2/src"

TRACE::2024-07-07.17:01:32::SCWMssOS::make -C ps7_cortexa9_0/libsrc/scuwdt_v2_2/src -s include  "SHELL=CMD" "COMPILER=arm-none-eabi-gcc" "ASSEMBLER=arm-none-eabi-as"
TRACE::2024-07-07.17:01:32::SCWMssOS:: "ARCHIVER=arm-none-eabi-ar" "COMPILER_FLAGS=  -O2 -c" "EXTRA_COMPILER_FLAGS=-mcpu=cortex-a9 -mfpu=vfpv3 -mfloat-abi=hard -nost
TRACE::2024-07-07.17:01:32::SCWMssOS::artfiles -g -Wall -Wextra"

TRACE::2024-07-07.17:01:32::SCWMssOS::"Running Make include in ps7_cortexa9_0/libsrc/sdps_v3_9/src"

TRACE::2024-07-07.17:01:32::SCWMssOS::make -C ps7_cortexa9_0/libsrc/sdps_v3_9/src -s include  "SHELL=CMD" "COMPILER=arm-none-eabi-gcc" "ASSEMBLER=arm-none-eabi-as" "
TRACE::2024-07-07.17:01:32::SCWMssOS::ARCHIVER=arm-none-eabi-ar" "COMPILER_FLAGS=  -O2 -c" "EXTRA_COMPILER_FLAGS=-mcpu=cortex-a9 -mfpu=vfpv3 -mfloat-abi=hard -nostar
TRACE::2024-07-07.17:01:32::SCWMssOS::tfiles -g -Wall -Wextra"

TRACE::2024-07-07.17:01:32::SCWMssOS::"Running Make include in ps7_cortexa9_0/libsrc/spi_v4_6/src"

TRACE::2024-07-07.17:01:32::SCWMssOS::make -C ps7_cortexa9_0/libsrc/spi_v4_6/src -s include  "SHELL=CMD" "COMPILER=arm-none-eabi-gcc" "ASSEMBLER=arm-none-eabi-as" "A
TRACE::2024-07-07.17:01:32::SCWMssOS::RCHIVER=arm-none-eabi-ar" "COMPILER_FLAGS=  -O2 -c" "EXTRA_COMPILER_FLAGS=-mcpu=cortex-a9 -mfpu=vfpv3 -mfloat-abi=hard -nostart
TRACE::2024-07-07.17:01:32::SCWMssOS::files -g -Wall -Wextra"

TRACE::2024-07-07.17:01:32::SCWMssOS::"Running Make include in ps7_cortexa9_0/libsrc/standalone_v7_2/src"

TRACE::2024-07-07.17:01:32::SCWMssOS::make -C ps7_cortexa9_0/libsrc/standalone_v7_2/src -s include  "SHELL=CMD" "COMPILER=arm-none-eabi-gcc" "ASSEMBLER=arm-none-eabi
TRACE::2024-07-07.17:01:32::SCWMssOS::-as" "ARCHIVER=arm-none-eabi-ar" "COMPILER_FLAGS=  -O2 -c" "EXTRA_COMPILER_FLAGS=-mcpu=cortex-a9 -mfpu=vfpv3 -mfloat-abi=hard -
TRACE::2024-07-07.17:01:32::SCWMssOS::nostartfiles -g -Wall -Wextra"

TRACE::2024-07-07.17:01:33::SCWMssOS::"Running Make include in ps7_cortexa9_0/libsrc/tmrctr_v4_6/src"

TRACE::2024-07-07.17:01:33::SCWMssOS::make -C ps7_cortexa9_0/libsrc/tmrctr_v4_6/src -s include  "SHELL=CMD" "COMPILER=arm-none-eabi-gcc" "ASSEMBLER=arm-none-eabi-as"
TRACE::2024-07-07.17:01:33::SCWMssOS:: "ARCHIVER=arm-none-eabi-ar" "COMPILER_FLAGS=  -O2 -c" "EXTRA_COMPILER_FLAGS=-mcpu=cortex-a9 -mfpu=vfpv3 -mfloat-abi=hard -nost
TRACE::2024-07-07.17:01:33::SCWMssOS::artfiles -g -Wall -Wextra"

TRACE::2024-07-07.17:01:33::SCWMssOS::"Running Make include in ps7_cortexa9_0/libsrc/uartps_v3_9/src"

TRACE::2024-07-07.17:01:33::SCWMssOS::make -C ps7_cortexa9_0/libsrc/uartps_v3_9/src -s include  "SHELL=CMD" "COMPILER=arm-none-eabi-gcc" "ASSEMBLER=arm-none-eabi-as"
TRACE::2024-07-07.17:01:33::SCWMssOS:: "ARCHIVER=arm-none-eabi-ar" "COMPILER_FLAGS=  -O2 -c" "EXTRA_COMPILER_FLAGS=-mcpu=cortex-a9 -mfpu=vfpv3 -mfloat-abi=hard -nost
TRACE::2024-07-07.17:01:33::SCWMssOS::artfiles -g -Wall -Wextra"

TRACE::2024-07-07.17:01:33::SCWMssOS::"Running Make include in ps7_cortexa9_0/libsrc/usbps_v2_5/src"

TRACE::2024-07-07.17:01:33::SCWMssOS::make -C ps7_cortexa9_0/libsrc/usbps_v2_5/src -s include  "SHELL=CMD" "COMPILER=arm-none-eabi-gcc" "ASSEMBLER=arm-none-eabi-as" 
TRACE::2024-07-07.17:01:33::SCWMssOS::"ARCHIVER=arm-none-eabi-ar" "COMPILER_FLAGS=  -O2 -c" "EXTRA_COMPILER_FLAGS=-mcpu=cortex-a9 -mfpu=vfpv3 -mfloat-abi=hard -nosta
TRACE::2024-07-07.17:01:33::SCWMssOS::rtfiles -g -Wall -Wextra"

TRACE::2024-07-07.17:01:33::SCWMssOS::"Running Make include in ps7_cortexa9_0/libsrc/xadcps_v2_4/src"

TRACE::2024-07-07.17:01:33::SCWMssOS::make -C ps7_cortexa9_0/libsrc/xadcps_v2_4/src -s include  "SHELL=CMD" "COMPILER=arm-none-eabi-gcc" "ASSEMBLER=arm-none-eabi-as"
TRACE::2024-07-07.17:01:33::SCWMssOS:: "ARCHIVER=arm-none-eabi-ar" "COMPILER_FLAGS=  -O2 -c" "EXTRA_COMPILER_FLAGS=-mcpu=cortex-a9 -mfpu=vfpv3 -mfloat-abi=hard -nost
TRACE::2024-07-07.17:01:33::SCWMssOS::artfiles -g -Wall -Wextra"

TRACE::2024-07-07.17:01:33::SCWMssOS::"Running Make libs in ps7_cortexa9_0/libsrc/coresightps_dcc_v1_7/src"

TRACE::2024-07-07.17:01:33::SCWMssOS::make -C ps7_cortexa9_0/libsrc/coresightps_dcc_v1_7/src -s libs  "SHELL=CMD" "COMPILER=arm-none-eabi-gcc" "ASSEMBLER=arm-none-ea
TRACE::2024-07-07.17:01:33::SCWMssOS::bi-as" "ARCHIVER=arm-none-eabi-ar" "COMPILER_FLAGS=  -O2 -c" "EXTRA_COMPILER_FLAGS=-mcpu=cortex-a9 -mfpu=vfpv3 -mfloat-abi=hard
TRACE::2024-07-07.17:01:33::SCWMssOS:: -nostartfiles -g -Wall -Wextra"

TRACE::2024-07-07.17:01:33::SCWMssOS::"Compiling coresightps_dcc"

TRACE::2024-07-07.17:01:33::SCWMssOS::"Running Make libs in ps7_cortexa9_0/libsrc/cpu_cortexa9_v2_9/src"

TRACE::2024-07-07.17:01:33::SCWMssOS::make -C ps7_cortexa9_0/libsrc/cpu_cortexa9_v2_9/src -s libs  "SHELL=CMD" "COMPILER=arm-none-eabi-gcc" "ASSEMBLER=arm-none-eabi-
TRACE::2024-07-07.17:01:33::SCWMssOS::as" "ARCHIVER=arm-none-eabi-ar" "COMPILER_FLAGS=  -O2 -c" "EXTRA_COMPILER_FLAGS=-mcpu=cortex-a9 -mfpu=vfpv3 -mfloat-abi=hard -n
TRACE::2024-07-07.17:01:33::SCWMssOS::ostartfiles -g -Wall -Wextra"

TRACE::2024-07-07.17:01:33::SCWMssOS::"Compiling cpu_cortexa9"

TRACE::2024-07-07.17:01:33::SCWMssOS::"Running Make libs in ps7_cortexa9_0/libsrc/ddrps_v1_1/src"

TRACE::2024-07-07.17:01:33::SCWMssOS::make -C ps7_cortexa9_0/libsrc/ddrps_v1_1/src -s libs  "SHELL=CMD" "COMPILER=arm-none-eabi-gcc" "ASSEMBLER=arm-none-eabi-as" "AR
TRACE::2024-07-07.17:01:33::SCWMssOS::CHIVER=arm-none-eabi-ar" "COMPILER_FLAGS=  -O2 -c" "EXTRA_COMPILER_FLAGS=-mcpu=cortex-a9 -mfpu=vfpv3 -mfloat-abi=hard -nostartf
TRACE::2024-07-07.17:01:33::SCWMssOS::iles -g -Wall -Wextra"

TRACE::2024-07-07.17:01:33::SCWMssOS::"Compiling ddrps"

TRACE::2024-07-07.17:01:33::SCWMssOS::"Running Make libs in ps7_cortexa9_0/libsrc/devcfg_v3_6/src"

TRACE::2024-07-07.17:01:33::SCWMssOS::make -C ps7_cortexa9_0/libsrc/devcfg_v3_6/src -s libs  "SHELL=CMD" "COMPILER=arm-none-eabi-gcc" "ASSEMBLER=arm-none-eabi-as" "A
TRACE::2024-07-07.17:01:33::SCWMssOS::RCHIVER=arm-none-eabi-ar" "COMPILER_FLAGS=  -O2 -c" "EXTRA_COMPILER_FLAGS=-mcpu=cortex-a9 -mfpu=vfpv3 -mfloat-abi=hard -nostart
TRACE::2024-07-07.17:01:33::SCWMssOS::files -g -Wall -Wextra"

TRACE::2024-07-07.17:01:34::SCWMssOS::"Compiling devcfg"

TRACE::2024-07-07.17:01:34::SCWMssOS::"Running Make libs in ps7_cortexa9_0/libsrc/dmaps_v2_6/src"

TRACE::2024-07-07.17:01:34::SCWMssOS::make -C ps7_cortexa9_0/libsrc/dmaps_v2_6/src -s libs  "SHELL=CMD" "COMPILER=arm-none-eabi-gcc" "ASSEMBLER=arm-none-eabi-as" "AR
TRACE::2024-07-07.17:01:34::SCWMssOS::CHIVER=arm-none-eabi-ar" "COMPILER_FLAGS=  -O2 -c" "EXTRA_COMPILER_FLAGS=-mcpu=cortex-a9 -mfpu=vfpv3 -mfloat-abi=hard -nostartf
TRACE::2024-07-07.17:01:34::SCWMssOS::iles -g -Wall -Wextra"

TRACE::2024-07-07.17:01:34::SCWMssOS::"Compiling dmaps"

TRACE::2024-07-07.17:01:35::SCWMssOS::"Running Make libs in ps7_cortexa9_0/libsrc/emacps_v3_11/src"

TRACE::2024-07-07.17:01:35::SCWMssOS::make -C ps7_cortexa9_0/libsrc/emacps_v3_11/src -s libs  "SHELL=CMD" "COMPILER=arm-none-eabi-gcc" "ASSEMBLER=arm-none-eabi-as" "
TRACE::2024-07-07.17:01:35::SCWMssOS::ARCHIVER=arm-none-eabi-ar" "COMPILER_FLAGS=  -O2 -c" "EXTRA_COMPILER_FLAGS=-mcpu=cortex-a9 -mfpu=vfpv3 -mfloat-abi=hard -nostar
TRACE::2024-07-07.17:01:35::SCWMssOS::tfiles -g -Wall -Wextra"

TRACE::2024-07-07.17:01:35::SCWMssOS::"Compiling emacps"

TRACE::2024-07-07.17:01:36::SCWMssOS::"Running Make libs in ps7_cortexa9_0/libsrc/gpiops_v3_7/src"

TRACE::2024-07-07.17:01:36::SCWMssOS::make -C ps7_cortexa9_0/libsrc/gpiops_v3_7/src -s libs  "SHELL=CMD" "COMPILER=arm-none-eabi-gcc" "ASSEMBLER=arm-none-eabi-as" "A
TRACE::2024-07-07.17:01:36::SCWMssOS::RCHIVER=arm-none-eabi-ar" "COMPILER_FLAGS=  -O2 -c" "EXTRA_COMPILER_FLAGS=-mcpu=cortex-a9 -mfpu=vfpv3 -mfloat-abi=hard -nostart
TRACE::2024-07-07.17:01:36::SCWMssOS::files -g -Wall -Wextra"

TRACE::2024-07-07.17:01:36::SCWMssOS::"Compiling gpiops"

TRACE::2024-07-07.17:01:37::SCWMssOS::"Running Make libs in ps7_cortexa9_0/libsrc/gpio_v4_6/src"

TRACE::2024-07-07.17:01:37::SCWMssOS::make -C ps7_cortexa9_0/libsrc/gpio_v4_6/src -s libs  "SHELL=CMD" "COMPILER=arm-none-eabi-gcc" "ASSEMBLER=arm-none-eabi-as" "ARC
TRACE::2024-07-07.17:01:37::SCWMssOS::HIVER=arm-none-eabi-ar" "COMPILER_FLAGS=  -O2 -c" "EXTRA_COMPILER_FLAGS=-mcpu=cortex-a9 -mfpu=vfpv3 -mfloat-abi=hard -nostartfi
TRACE::2024-07-07.17:01:37::SCWMssOS::les -g -Wall -Wextra"

TRACE::2024-07-07.17:01:37::SCWMssOS::"Compiling gpio"

TRACE::2024-07-07.17:01:38::SCWMssOS::"Running Make libs in ps7_cortexa9_0/libsrc/iic_v3_6/src"

TRACE::2024-07-07.17:01:38::SCWMssOS::make -C ps7_cortexa9_0/libsrc/iic_v3_6/src -s libs  "SHELL=CMD" "COMPILER=arm-none-eabi-gcc" "ASSEMBLER=arm-none-eabi-as" "ARCH
TRACE::2024-07-07.17:01:38::SCWMssOS::IVER=arm-none-eabi-ar" "COMPILER_FLAGS=  -O2 -c" "EXTRA_COMPILER_FLAGS=-mcpu=cortex-a9 -mfpu=vfpv3 -mfloat-abi=hard -nostartfil
TRACE::2024-07-07.17:01:38::SCWMssOS::es -g -Wall -Wextra"

TRACE::2024-07-07.17:01:38::SCWMssOS::"Compiling iic"

TRACE::2024-07-07.17:01:39::SCWMssOS::"Running Make libs in ps7_cortexa9_0/libsrc/qspips_v3_7/src"

TRACE::2024-07-07.17:01:39::SCWMssOS::make -C ps7_cortexa9_0/libsrc/qspips_v3_7/src -s libs  "SHELL=CMD" "COMPILER=arm-none-eabi-gcc" "ASSEMBLER=arm-none-eabi-as" "A
TRACE::2024-07-07.17:01:39::SCWMssOS::RCHIVER=arm-none-eabi-ar" "COMPILER_FLAGS=  -O2 -c" "EXTRA_COMPILER_FLAGS=-mcpu=cortex-a9 -mfpu=vfpv3 -mfloat-abi=hard -nostart
TRACE::2024-07-07.17:01:39::SCWMssOS::files -g -Wall -Wextra"

TRACE::2024-07-07.17:01:39::SCWMssOS::"Compiling qspips"

TRACE::2024-07-07.17:01:40::SCWMssOS::"Running Make libs in ps7_cortexa9_0/libsrc/scugic_v4_2/src"

TRACE::2024-07-07.17:01:40::SCWMssOS::make -C ps7_cortexa9_0/libsrc/scugic_v4_2/src -s libs  "SHELL=CMD" "COMPILER=arm-none-eabi-gcc" "ASSEMBLER=arm-none-eabi-as" "A
TRACE::2024-07-07.17:01:40::SCWMssOS::RCHIVER=arm-none-eabi-ar" "COMPILER_FLAGS=  -O2 -c" "EXTRA_COMPILER_FLAGS=-mcpu=cortex-a9 -mfpu=vfpv3 -mfloat-abi=hard -nostart
TRACE::2024-07-07.17:01:40::SCWMssOS::files -g -Wall -Wextra"

TRACE::2024-07-07.17:01:40::SCWMssOS::"Compiling scugic"

TRACE::2024-07-07.17:01:41::SCWMssOS::"Running Make libs in ps7_cortexa9_0/libsrc/scutimer_v2_2/src"

TRACE::2024-07-07.17:01:41::SCWMssOS::make -C ps7_cortexa9_0/libsrc/scutimer_v2_2/src -s libs  "SHELL=CMD" "COMPILER=arm-none-eabi-gcc" "ASSEMBLER=arm-none-eabi-as" 
TRACE::2024-07-07.17:01:41::SCWMssOS::"ARCHIVER=arm-none-eabi-ar" "COMPILER_FLAGS=  -O2 -c" "EXTRA_COMPILER_FLAGS=-mcpu=cortex-a9 -mfpu=vfpv3 -mfloat-abi=hard -nosta
TRACE::2024-07-07.17:01:41::SCWMssOS::rtfiles -g -Wall -Wextra"

TRACE::2024-07-07.17:01:41::SCWMssOS::"Compiling scutimer"

TRACE::2024-07-07.17:01:42::SCWMssOS::"Running Make libs in ps7_cortexa9_0/libsrc/scuwdt_v2_2/src"

TRACE::2024-07-07.17:01:42::SCWMssOS::make -C ps7_cortexa9_0/libsrc/scuwdt_v2_2/src -s libs  "SHELL=CMD" "COMPILER=arm-none-eabi-gcc" "ASSEMBLER=arm-none-eabi-as" "A
TRACE::2024-07-07.17:01:42::SCWMssOS::RCHIVER=arm-none-eabi-ar" "COMPILER_FLAGS=  -O2 -c" "EXTRA_COMPILER_FLAGS=-mcpu=cortex-a9 -mfpu=vfpv3 -mfloat-abi=hard -nostart
TRACE::2024-07-07.17:01:42::SCWMssOS::files -g -Wall -Wextra"

TRACE::2024-07-07.17:01:42::SCWMssOS::"Compiling scuwdt"

TRACE::2024-07-07.17:01:42::SCWMssOS::"Running Make libs in ps7_cortexa9_0/libsrc/sdps_v3_9/src"

TRACE::2024-07-07.17:01:42::SCWMssOS::make -C ps7_cortexa9_0/libsrc/sdps_v3_9/src -s libs  "SHELL=CMD" "COMPILER=arm-none-eabi-gcc" "ASSEMBLER=arm-none-eabi-as" "ARC
TRACE::2024-07-07.17:01:42::SCWMssOS::HIVER=arm-none-eabi-ar" "COMPILER_FLAGS=  -O2 -c" "EXTRA_COMPILER_FLAGS=-mcpu=cortex-a9 -mfpu=vfpv3 -mfloat-abi=hard -nostartfi
TRACE::2024-07-07.17:01:42::SCWMssOS::les -g -Wall -Wextra"

TRACE::2024-07-07.17:01:42::SCWMssOS::"Compiling sdps"

TRACE::2024-07-07.17:01:43::SCWMssOS::"Running Make libs in ps7_cortexa9_0/libsrc/spi_v4_6/src"

TRACE::2024-07-07.17:01:43::SCWMssOS::make -C ps7_cortexa9_0/libsrc/spi_v4_6/src -s libs  "SHELL=CMD" "COMPILER=arm-none-eabi-gcc" "ASSEMBLER=arm-none-eabi-as" "ARCH
TRACE::2024-07-07.17:01:43::SCWMssOS::IVER=arm-none-eabi-ar" "COMPILER_FLAGS=  -O2 -c" "EXTRA_COMPILER_FLAGS=-mcpu=cortex-a9 -mfpu=vfpv3 -mfloat-abi=hard -nostartfil
TRACE::2024-07-07.17:01:43::SCWMssOS::es -g -Wall -Wextra"

TRACE::2024-07-07.17:01:43::SCWMssOS::"Compiling spi"

TRACE::2024-07-07.17:01:44::SCWMssOS::"Running Make libs in ps7_cortexa9_0/libsrc/standalone_v7_2/src"

TRACE::2024-07-07.17:01:44::SCWMssOS::make -C ps7_cortexa9_0/libsrc/standalone_v7_2/src -s libs  "SHELL=CMD" "COMPILER=arm-none-eabi-gcc" "ASSEMBLER=arm-none-eabi-as
TRACE::2024-07-07.17:01:44::SCWMssOS::" "ARCHIVER=arm-none-eabi-ar" "COMPILER_FLAGS=  -O2 -c" "EXTRA_COMPILER_FLAGS=-mcpu=cortex-a9 -mfpu=vfpv3 -mfloat-abi=hard -nos
TRACE::2024-07-07.17:01:44::SCWMssOS::tartfiles -g -Wall -Wextra"

TRACE::2024-07-07.17:01:44::SCWMssOS::"Compiling standalone"

TRACE::2024-07-07.17:01:47::SCWMssOS::"Running Make libs in ps7_cortexa9_0/libsrc/tmrctr_v4_6/src"

TRACE::2024-07-07.17:01:47::SCWMssOS::make -C ps7_cortexa9_0/libsrc/tmrctr_v4_6/src -s libs  "SHELL=CMD" "COMPILER=arm-none-eabi-gcc" "ASSEMBLER=arm-none-eabi-as" "A
TRACE::2024-07-07.17:01:47::SCWMssOS::RCHIVER=arm-none-eabi-ar" "COMPILER_FLAGS=  -O2 -c" "EXTRA_COMPILER_FLAGS=-mcpu=cortex-a9 -mfpu=vfpv3 -mfloat-abi=hard -nostart
TRACE::2024-07-07.17:01:47::SCWMssOS::files -g -Wall -Wextra"

TRACE::2024-07-07.17:01:47::SCWMssOS::"Compiling tmrctr"

TRACE::2024-07-07.17:01:48::SCWMssOS::"Running Make libs in ps7_cortexa9_0/libsrc/uartps_v3_9/src"

TRACE::2024-07-07.17:01:48::SCWMssOS::make -C ps7_cortexa9_0/libsrc/uartps_v3_9/src -s libs  "SHELL=CMD" "COMPILER=arm-none-eabi-gcc" "ASSEMBLER=arm-none-eabi-as" "A
TRACE::2024-07-07.17:01:48::SCWMssOS::RCHIVER=arm-none-eabi-ar" "COMPILER_FLAGS=  -O2 -c" "EXTRA_COMPILER_FLAGS=-mcpu=cortex-a9 -mfpu=vfpv3 -mfloat-abi=hard -nostart
TRACE::2024-07-07.17:01:48::SCWMssOS::files -g -Wall -Wextra"

TRACE::2024-07-07.17:01:49::SCWMssOS::"Compiling uartps"

TRACE::2024-07-07.17:01:50::SCWMssOS::"Running Make libs in ps7_cortexa9_0/libsrc/usbps_v2_5/src"

TRACE::2024-07-07.17:01:50::SCWMssOS::make -C ps7_cortexa9_0/libsrc/usbps_v2_5/src -s libs  "SHELL=CMD" "COMPILER=arm-none-eabi-gcc" "ASSEMBLER=arm-none-eabi-as" "AR
TRACE::2024-07-07.17:01:50::SCWMssOS::CHIVER=arm-none-eabi-ar" "COMPILER_FLAGS=  -O2 -c" "EXTRA_COMPILER_FLAGS=-mcpu=cortex-a9 -mfpu=vfpv3 -mfloat-abi=hard -nostartf
TRACE::2024-07-07.17:01:50::SCWMssOS::iles -g -Wall -Wextra"

TRACE::2024-07-07.17:01:50::SCWMssOS::"Compiling usbps"

TRACE::2024-07-07.17:01:51::SCWMssOS::"Running Make libs in ps7_cortexa9_0/libsrc/xadcps_v2_4/src"

TRACE::2024-07-07.17:01:51::SCWMssOS::make -C ps7_cortexa9_0/libsrc/xadcps_v2_4/src -s libs  "SHELL=CMD" "COMPILER=arm-none-eabi-gcc" "ASSEMBLER=arm-none-eabi-as" "A
TRACE::2024-07-07.17:01:51::SCWMssOS::RCHIVER=arm-none-eabi-ar" "COMPILER_FLAGS=  -O2 -c" "EXTRA_COMPILER_FLAGS=-mcpu=cortex-a9 -mfpu=vfpv3 -mfloat-abi=hard -nostart
TRACE::2024-07-07.17:01:51::SCWMssOS::files -g -Wall -Wextra"

TRACE::2024-07-07.17:01:51::SCWMssOS::"Compiling xadcps"

TRACE::2024-07-07.17:01:52::SCWMssOS::'Finished building libraries'

TRACE::2024-07-07.17:01:52::SCWMssOS::Copying to export directory.
TRACE::2024-07-07.17:01:52::SCWMssOS:: Checking if to create the Supporting Applications
TRACE::2024-07-07.17:01:52::SCWMssOS:: No Linux domain exists, trying to generate FSBL 
LOG::2024-07-07.17:01:52::SCWSystem::Completed Processing the domain standalone_domain
LOG::2024-07-07.17:01:52::SCWSystem::Completed Processing the sysconfig SEPmonG3V3
LOG::2024-07-07.17:01:52::SCWPlatform::Completed generating the artifacts for system configuration SEPmonG3V3
TRACE::2024-07-07.17:01:52::SCWPlatform::Started preparing the platform 
TRACE::2024-07-07.17:01:52::SCWSystem::Writing the bif file for system config SEPmonG3V3
TRACE::2024-07-07.17:01:52::SCWSystem::dir created 
TRACE::2024-07-07.17:01:52::SCWSystem::Writing the bif 
TRACE::2024-07-07.17:01:52::SCWPlatform::Started writing the spfm file 
TRACE::2024-07-07.17:01:52::SCWPlatform::Started writing the xpfm file 
TRACE::2024-07-07.17:01:52::SCWPlatform::Completed generating the platform
TRACE::2024-07-07.17:01:52::SCWMssOS::Saving the mss changes C:/Users/gusta/Documents/SEP_projects/HW_SW/SEPmonG3/SEPmonG3V3/zynq_fsbl/zynq_fsbl_bsp/system.mss
TRACE::2024-07-07.17:01:52::SCWMssOS::Found a swdesign opened with the mssfile.
TRACE::2024-07-07.17:01:52::SCWMssOS::Completed writemss as part of save.
TRACE::2024-07-07.17:01:52::SCWMssOS::Commit changes completed.
TRACE::2024-07-07.17:01:52::SCWMssOS::Saving the mss changes C:/Users/gusta/Documents/SEP_projects/HW_SW/SEPmonG3/SEPmonG3V3/ps7_cortexa9_0/standalone_domain/bsp/system.mss
TRACE::2024-07-07.17:01:52::SCWMssOS::Found a swdesign opened with the mssfile.
TRACE::2024-07-07.17:01:52::SCWMssOS::Completed writemss as part of save.
TRACE::2024-07-07.17:01:52::SCWMssOS::Commit changes completed.
TRACE::2024-07-07.17:01:52::SCWPlatform::Trying to open the hw design at C:/Users/gusta/Documents/SEP_projects/HW_SW/SEPmonG3/SEPmonG3V3/hw/SEPmonG3V3.xsa
TRACE::2024-07-07.17:01:52::SCWPlatform::DSA given C:/Users/gusta/Documents/SEP_projects/HW_SW/SEPmonG3/SEPmonG3V3/hw/SEPmonG3V3.xsa
TRACE::2024-07-07.17:01:52::SCWPlatform::DSA absoulate path C:/Users/gusta/Documents/SEP_projects/HW_SW/SEPmonG3/SEPmonG3V3/hw/SEPmonG3V3.xsa
TRACE::2024-07-07.17:01:52::SCWPlatform::DSA directory C:/Users/gusta/Documents/SEP_projects/HW_SW/SEPmonG3/SEPmonG3V3/hw
TRACE::2024-07-07.17:01:52::SCWPlatform:: Platform Path C:/Users/gusta/Documents/SEP_projects/HW_SW/SEPmonG3/SEPmonG3V3/hw/SEPmonG3V3.xsa
TRACE::2024-07-07.17:01:52::SCWPlatform:: Unique name xilinx:zybo-z7-10::0.0
TRACE::2024-07-07.17:01:52::SCWPlatform::Trying to set the existing hwdb with name DEMO_wrapper_30
TRACE::2024-07-07.17:01:52::SCWPlatform::Opened existing hwdb DEMO_wrapper_30
TRACE::2024-07-07.17:01:52::SCWPlatform::Found the Hw Db part of the input DSA
TRACE::2024-07-07.17:01:52::SCWMssOS::Checking the sw design at  C:/Users/gusta/Documents/SEP_projects/HW_SW/SEPmonG3/SEPmonG3V3/zynq_fsbl/zynq_fsbl_bsp/system.mss
TRACE::2024-07-07.17:01:52::SCWMssOS::DEBUG:  swdes dump  C:/Users/gusta/Documents/SEP_projects/HW_SW/SEPmonG3/SEPmonG3/ps7_cortexa9_0/standalone_domain/bsp/system.mss|system_0||
C:/Users/gusta/Documents/SEP_projects/HW_SW/SEPmonG3/SEPmonG3/zynq_fsbl/zynq_fsbl_bsp/system.mss|system||
C:/Users/gusta/Documents/SEP_projects/HW_SW/SEPmonG3/SEPmonG3V3/ps7_cortexa9_0/standalone_domain/bsp/system.mss|system_2||
C:/Users/gusta/Documents/SEP_projects/HW_SW/SEPmonG3/SEPmonG3V3/zynq_fsbl/zynq_fsbl_bsp/system.mss|system_1||

TRACE::2024-07-07.17:01:52::SCWMssOS::Sw design exists and opened at  C:/Users/gusta/Documents/SEP_projects/HW_SW/SEPmonG3/SEPmonG3V3/zynq_fsbl/zynq_fsbl_bsp/system.mss
TRACE::2024-07-07.17:01:52::SCWPlatform::Trying to open the hw design at C:/Users/gusta/Documents/SEP_projects/HW_SW/SEPmonG3/SEPmonG3V3/hw/SEPmonG3V3.xsa
TRACE::2024-07-07.17:01:52::SCWPlatform::DSA given C:/Users/gusta/Documents/SEP_projects/HW_SW/SEPmonG3/SEPmonG3V3/hw/SEPmonG3V3.xsa
TRACE::2024-07-07.17:01:52::SCWPlatform::DSA absoulate path C:/Users/gusta/Documents/SEP_projects/HW_SW/SEPmonG3/SEPmonG3V3/hw/SEPmonG3V3.xsa
TRACE::2024-07-07.17:01:52::SCWPlatform::DSA directory C:/Users/gusta/Documents/SEP_projects/HW_SW/SEPmonG3/SEPmonG3V3/hw
TRACE::2024-07-07.17:01:52::SCWPlatform:: Platform Path C:/Users/gusta/Documents/SEP_projects/HW_SW/SEPmonG3/SEPmonG3V3/hw/SEPmonG3V3.xsa
TRACE::2024-07-07.17:01:52::SCWPlatform:: Unique name xilinx:zybo-z7-10::0.0
TRACE::2024-07-07.17:01:52::SCWPlatform::Trying to set the existing hwdb with name DEMO_wrapper_30
TRACE::2024-07-07.17:01:52::SCWPlatform::Opened existing hwdb DEMO_wrapper_30
TRACE::2024-07-07.17:01:52::SCWPlatform::Found the Hw Db part of the input DSA
TRACE::2024-07-07.17:01:52::SCWMssOS::Checking the sw design at  C:/Users/gusta/Documents/SEP_projects/HW_SW/SEPmonG3/SEPmonG3V3/ps7_cortexa9_0/standalone_domain/bsp/system.mss
TRACE::2024-07-07.17:01:52::SCWMssOS::DEBUG:  swdes dump  C:/Users/gusta/Documents/SEP_projects/HW_SW/SEPmonG3/SEPmonG3/ps7_cortexa9_0/standalone_domain/bsp/system.mss|system_0||
C:/Users/gusta/Documents/SEP_projects/HW_SW/SEPmonG3/SEPmonG3/zynq_fsbl/zynq_fsbl_bsp/system.mss|system||
C:/Users/gusta/Documents/SEP_projects/HW_SW/SEPmonG3/SEPmonG3V3/ps7_cortexa9_0/standalone_domain/bsp/system.mss|system_2||
C:/Users/gusta/Documents/SEP_projects/HW_SW/SEPmonG3/SEPmonG3V3/zynq_fsbl/zynq_fsbl_bsp/system.mss|system_1||

TRACE::2024-07-07.17:01:52::SCWMssOS::Sw design exists and opened at  C:/Users/gusta/Documents/SEP_projects/HW_SW/SEPmonG3/SEPmonG3V3/ps7_cortexa9_0/standalone_domain/bsp/system.mss
TRACE::2024-07-07.17:01:52::SCWWriter::formatted JSON is {
	"platformName":	"SEPmonG3V3",
	"sprVersion":	"2.0",
	"mode":	"gui",
	"dsaType":	"Fixed",
	"platformDesc":	"SEPmonG3V3",
	"platHandOff":	"<platformDir>.xsa",
	"platIntHandOff":	"<platformDir>/hw/SEPmonG3V3.xsa",
	"deviceType":	"zynq",
	"platIsPrebuiltAutogen":	"false",
	"platIsNoBootBsp":	"false",
	"hasFsblMakeHasChanges":	"false",
	"hasPmufwMakeHasChanges":	"false",
	"fsblExtraCompilerFlags":	"-MMD -MP       -mcpu=cortex-a9 -mfpu=vfpv3 -mfloat-abi=hard ",
	"platPreBuiltFlag":	false,
	"platformSamplesDir":	"",
	"platActiveSys":	"SEPmonG3V3",
	"systems":	[{
			"systemName":	"SEPmonG3V3",
			"systemDesc":	"SEPmonG3V3",
			"sysIsBootAutoGen":	"true",
			"systemDispName":	"SEPmonG3V3",
			"sysActiveDom":	"standalone_domain",
			"sysDefaultDom":	"standalone_domain",
			"domains":	[{
					"domainName":	"zynq_fsbl",
					"domainDispName":	"zynq_fsbl",
					"domainDesc":	"FSBL Application BSP - Auto Generated.",
					"processors":	"ps7_cortexa9_0",
					"os":	"standalone",
					"sdxOs":	"standalone",
					"debugEnable":	"",
					"domRuntimes":	["cpp"],
					"swRepo":	"",
					"mssOsVer":	"7.2",
					"mssFile":	"",
					"md5Digest":	"1c3d65b23234dc3ec6f7ff2cc82e7a29",
					"compatibleApp":	"zynq_fsbl",
					"domType":	"bootDomain",
					"appSettings":	{
						"appCompilerFlags":	"",
						"appLinkerFlags":	""
					},
					"addedLibs":	["xilffs:4.3", "xilrsa:1.6"],
					"libOptions":	{
						"libsContainingOptions":	[]
					},
					"prebuiltLibs":	{
						"prebuiltIncPath":	[],
						"prebuiltLibPath":	[]
					},
					"isolation":	{
					}
				}, {
					"domainName":	"standalone_domain",
					"domainDispName":	"standalone on ps7_cortexa9_0",
					"domainDesc":	"standalone_domain",
					"processors":	"ps7_cortexa9_0",
					"os":	"standalone",
					"sdxOs":	"standalone",
					"qemuArgs":	"C:/Xilinx/Vitis/2020.1/data/emulation/platforms/zynq/qemu/qemu_args.txt",
					"qemuData":	"C:/Xilinx/Vitis/2020.1/data/emulation/platforms/zynq/qemu/",
					"debugEnable":	"False",
					"domRuntimes":	["cpp"],
					"swRepo":	"",
					"mssOsVer":	"7.2",
					"mssFile":	"",
					"md5Digest":	"96a2233cbaff12ac4b4b6f28a05a4e23",
					"compatibleApp":	"",
					"domType":	"mssDomain",
					"appSettings":	{
						"appCompilerFlags":	"",
						"appLinkerFlags":	""
					},
					"addedLibs":	[],
					"libOptions":	{
						"libsContainingOptions":	[]
					},
					"prebuiltLibs":	{
						"prebuiltIncPath":	[],
						"prebuiltLibPath":	[]
					},
					"isolation":	{
					}
				}]
		}]
}
KEYINFO::2024-07-07.17:01:52::SCWPlatform::updated the xpfm file.
TRACE::2024-07-07.17:01:52::SCWPlatform::Trying to open the hw design at C:/Users/gusta/Documents/SEP_projects/HW_SW/SEPmonG3/SEPmonG3V3/hw/SEPmonG3V3.xsa
TRACE::2024-07-07.17:01:52::SCWPlatform::DSA given C:/Users/gusta/Documents/SEP_projects/HW_SW/SEPmonG3/SEPmonG3V3/hw/SEPmonG3V3.xsa
TRACE::2024-07-07.17:01:52::SCWPlatform::DSA absoulate path C:/Users/gusta/Documents/SEP_projects/HW_SW/SEPmonG3/SEPmonG3V3/hw/SEPmonG3V3.xsa
TRACE::2024-07-07.17:01:52::SCWPlatform::DSA directory C:/Users/gusta/Documents/SEP_projects/HW_SW/SEPmonG3/SEPmonG3V3/hw
TRACE::2024-07-07.17:01:52::SCWPlatform:: Platform Path C:/Users/gusta/Documents/SEP_projects/HW_SW/SEPmonG3/SEPmonG3V3/hw/SEPmonG3V3.xsa
TRACE::2024-07-07.17:01:52::SCWPlatform:: Unique name xilinx:zybo-z7-10::0.0
TRACE::2024-07-07.17:01:52::SCWPlatform::Trying to set the existing hwdb with name DEMO_wrapper_30
TRACE::2024-07-07.17:01:52::SCWPlatform::Opened existing hwdb DEMO_wrapper_30
TRACE::2024-07-07.17:01:52::SCWPlatform::Found the Hw Db part of the input DSA
TRACE::2024-07-07.17:01:52::SCWMssOS::Checking the sw design at  C:/Users/gusta/Documents/SEP_projects/HW_SW/SEPmonG3/SEPmonG3V3/ps7_cortexa9_0/standalone_domain/bsp/system.mss
TRACE::2024-07-07.17:01:52::SCWMssOS::DEBUG:  swdes dump  C:/Users/gusta/Documents/SEP_projects/HW_SW/SEPmonG3/SEPmonG3/ps7_cortexa9_0/standalone_domain/bsp/system.mss|system_0||
C:/Users/gusta/Documents/SEP_projects/HW_SW/SEPmonG3/SEPmonG3/zynq_fsbl/zynq_fsbl_bsp/system.mss|system||
C:/Users/gusta/Documents/SEP_projects/HW_SW/SEPmonG3/SEPmonG3V3/ps7_cortexa9_0/standalone_domain/bsp/system.mss|system_2||
C:/Users/gusta/Documents/SEP_projects/HW_SW/SEPmonG3/SEPmonG3V3/zynq_fsbl/zynq_fsbl_bsp/system.mss|system_1||

TRACE::2024-07-07.17:01:52::SCWMssOS::Sw design exists and opened at  C:/Users/gusta/Documents/SEP_projects/HW_SW/SEPmonG3/SEPmonG3V3/ps7_cortexa9_0/standalone_domain/bsp/system.mss
TRACE::2024-07-07.17:32:46::SCWPlatform::Trying to open the hw design at C:/Users/gusta/Documents/SEP_projects/HW_SW/SEPmonG3/SEPmonG3V3/hw/SEPmonG3V3.xsa
TRACE::2024-07-07.17:32:46::SCWPlatform::DSA given C:/Users/gusta/Documents/SEP_projects/HW_SW/SEPmonG3/SEPmonG3V3/hw/SEPmonG3V3.xsa
TRACE::2024-07-07.17:32:46::SCWPlatform::DSA absoulate path C:/Users/gusta/Documents/SEP_projects/HW_SW/SEPmonG3/SEPmonG3V3/hw/SEPmonG3V3.xsa
TRACE::2024-07-07.17:32:46::SCWPlatform::DSA directory C:/Users/gusta/Documents/SEP_projects/HW_SW/SEPmonG3/SEPmonG3V3/hw
TRACE::2024-07-07.17:32:46::SCWPlatform:: Platform Path C:/Users/gusta/Documents/SEP_projects/HW_SW/SEPmonG3/SEPmonG3V3/hw/SEPmonG3V3.xsa
TRACE::2024-07-07.17:32:46::SCWPlatform:: Unique name xilinx:zybo-z7-10::0.0
TRACE::2024-07-07.17:32:46::SCWPlatform::Trying to set the existing hwdb with name DEMO_wrapper_30
TRACE::2024-07-07.17:32:46::SCWPlatform::Opened existing hwdb DEMO_wrapper_30
TRACE::2024-07-07.17:32:46::SCWPlatform::Found the Hw Db part of the input DSA
TRACE::2024-07-07.17:32:46::SCWPlatform::DSA given C:/Users/gusta/Documents/SEP_projects/HW_SW/SEPmonG3/SEPmonG3V3/tempdsa/SEPmonG3V4.xsa
TRACE::2024-07-07.17:32:46::SCWPlatform::DSA absoulate path C:/Users/gusta/Documents/SEP_projects/HW_SW/SEPmonG3/SEPmonG3V3/tempdsa/SEPmonG3V4.xsa
TRACE::2024-07-07.17:32:46::SCWPlatform:: Platform location is C:/Users/gusta/Documents/SEP_projects/HW_SW/SEPmonG3/SEPmonG3V3/tempdsa
TRACE::2024-07-07.17:32:46::SCWPlatform:: Platform Path C:/Users/gusta/Documents/SEP_projects/HW_SW/SEPmonG3/SEPmonG3V3/tempdsa/SEPmonG3V4.xsa
TRACE::2024-07-07.17:32:46::SCWPlatform:: Unique name xilinx:zybo-z7-10::0.0
TRACE::2024-07-07.17:32:48::SCWPlatform::Found the Hw Db part of the input DSA
TRACE::2024-07-07.17:32:48::SCWMssOS::Doing hw sync for the mss in domain: zynq_fsbl
TRACE::2024-07-07.17:32:48::SCWPlatform::Trying to open the hw design at C:/Users/gusta/Documents/SEP_projects/HW_SW/SEPmonG3/SEPmonG3V3/hw/SEPmonG3V3.xsa
TRACE::2024-07-07.17:32:48::SCWPlatform::DSA given C:/Users/gusta/Documents/SEP_projects/HW_SW/SEPmonG3/SEPmonG3V3/hw/SEPmonG3V3.xsa
TRACE::2024-07-07.17:32:48::SCWPlatform::DSA absoulate path C:/Users/gusta/Documents/SEP_projects/HW_SW/SEPmonG3/SEPmonG3V3/hw/SEPmonG3V3.xsa
TRACE::2024-07-07.17:32:48::SCWPlatform::DSA directory C:/Users/gusta/Documents/SEP_projects/HW_SW/SEPmonG3/SEPmonG3V3/hw
TRACE::2024-07-07.17:32:48::SCWPlatform:: Platform Path C:/Users/gusta/Documents/SEP_projects/HW_SW/SEPmonG3/SEPmonG3V3/hw/SEPmonG3V3.xsa
TRACE::2024-07-07.17:32:48::SCWPlatform:: Unique name xilinx:zybo-z7-10::0.0
TRACE::2024-07-07.17:32:48::SCWPlatform::Trying to set the existing hwdb with name DEMO_wrapper_30
TRACE::2024-07-07.17:32:48::SCWPlatform::Opened existing hwdb DEMO_wrapper_30
TRACE::2024-07-07.17:32:48::SCWPlatform::Found the Hw Db part of the input DSA
TRACE::2024-07-07.17:32:48::SCWPlatform::Trying to open the hw design at C:/Users/gusta/Documents/SEP_projects/HW_SW/SEPmonG3/SEPmonG3V3/hw/SEPmonG3V3.xsa
TRACE::2024-07-07.17:32:48::SCWPlatform::DSA given C:/Users/gusta/Documents/SEP_projects/HW_SW/SEPmonG3/SEPmonG3V3/hw/SEPmonG3V3.xsa
TRACE::2024-07-07.17:32:48::SCWPlatform::DSA absoulate path C:/Users/gusta/Documents/SEP_projects/HW_SW/SEPmonG3/SEPmonG3V3/hw/SEPmonG3V3.xsa
TRACE::2024-07-07.17:32:48::SCWPlatform::DSA directory C:/Users/gusta/Documents/SEP_projects/HW_SW/SEPmonG3/SEPmonG3V3/hw
TRACE::2024-07-07.17:32:48::SCWPlatform:: Platform Path C:/Users/gusta/Documents/SEP_projects/HW_SW/SEPmonG3/SEPmonG3V3/hw/SEPmonG3V3.xsa
TRACE::2024-07-07.17:32:48::SCWPlatform:: Unique name xilinx:zybo-z7-10::0.0
TRACE::2024-07-07.17:32:48::SCWPlatform::Trying to set the existing hwdb with name DEMO_wrapper_30
TRACE::2024-07-07.17:32:48::SCWPlatform::Opened existing hwdb DEMO_wrapper_30
TRACE::2024-07-07.17:32:48::SCWPlatform::Found the Hw Db part of the input DSA
TRACE::2024-07-07.17:32:48::SCWMssOS::Checking the sw design at  C:/Users/gusta/Documents/SEP_projects/HW_SW/SEPmonG3/SEPmonG3V3/zynq_fsbl/zynq_fsbl_bsp/system.mss
TRACE::2024-07-07.17:32:48::SCWMssOS::DEBUG:  swdes dump  C:/Users/gusta/Documents/SEP_projects/HW_SW/SEPmonG3/SEPmonG3/ps7_cortexa9_0/standalone_domain/bsp/system.mss|system_0||
C:/Users/gusta/Documents/SEP_projects/HW_SW/SEPmonG3/SEPmonG3/zynq_fsbl/zynq_fsbl_bsp/system.mss|system||
C:/Users/gusta/Documents/SEP_projects/HW_SW/SEPmonG3/SEPmonG3V3/ps7_cortexa9_0/standalone_domain/bsp/system.mss|system_2||
C:/Users/gusta/Documents/SEP_projects/HW_SW/SEPmonG3/SEPmonG3V3/zynq_fsbl/zynq_fsbl_bsp/system.mss|system_1||

TRACE::2024-07-07.17:32:48::SCWMssOS::Sw design exists and opened at  C:/Users/gusta/Documents/SEP_projects/HW_SW/SEPmonG3/SEPmonG3V3/zynq_fsbl/zynq_fsbl_bsp/system.mss
TRACE::2024-07-07.17:32:48::SCWPlatform::Trying to open the hw design at C:/Users/gusta/Documents/SEP_projects/HW_SW/SEPmonG3/SEPmonG3V3/tempdsa/SEPmonG3V4.xsa
TRACE::2024-07-07.17:32:48::SCWPlatform::DSA given C:/Users/gusta/Documents/SEP_projects/HW_SW/SEPmonG3/SEPmonG3V3/tempdsa/SEPmonG3V4.xsa
TRACE::2024-07-07.17:32:48::SCWPlatform::DSA absoulate path C:/Users/gusta/Documents/SEP_projects/HW_SW/SEPmonG3/SEPmonG3V3/tempdsa/SEPmonG3V4.xsa
TRACE::2024-07-07.17:32:48::SCWPlatform::DSA directory C:/Users/gusta/Documents/SEP_projects/HW_SW/SEPmonG3/SEPmonG3V3/tempdsa
TRACE::2024-07-07.17:32:48::SCWPlatform:: Platform Path C:/Users/gusta/Documents/SEP_projects/HW_SW/SEPmonG3/SEPmonG3V3/tempdsa/SEPmonG3V4.xsa
TRACE::2024-07-07.17:32:48::SCWPlatform:: Unique name xilinx:zybo-z7-10::0.0
TRACE::2024-07-07.17:32:48::SCWPlatform::update - Opened existing hwdb DEMO_wrapper_33
TRACE::2024-07-07.17:32:48::SCWPlatform::Found the Hw Db part of the input DSA
TRACE::2024-07-07.17:32:48::SCWMssOS::Doing hw sync for the mss in domain: standalone_domain
TRACE::2024-07-07.17:32:48::SCWPlatform::Trying to open the hw design at C:/Users/gusta/Documents/SEP_projects/HW_SW/SEPmonG3/SEPmonG3V3/hw/SEPmonG3V3.xsa
TRACE::2024-07-07.17:32:48::SCWPlatform::DSA given C:/Users/gusta/Documents/SEP_projects/HW_SW/SEPmonG3/SEPmonG3V3/hw/SEPmonG3V3.xsa
TRACE::2024-07-07.17:32:48::SCWPlatform::DSA absoulate path C:/Users/gusta/Documents/SEP_projects/HW_SW/SEPmonG3/SEPmonG3V3/hw/SEPmonG3V3.xsa
TRACE::2024-07-07.17:32:48::SCWPlatform::DSA directory C:/Users/gusta/Documents/SEP_projects/HW_SW/SEPmonG3/SEPmonG3V3/hw
TRACE::2024-07-07.17:32:48::SCWPlatform:: Platform Path C:/Users/gusta/Documents/SEP_projects/HW_SW/SEPmonG3/SEPmonG3V3/hw/SEPmonG3V3.xsa
TRACE::2024-07-07.17:32:48::SCWPlatform:: Unique name xilinx:zybo-z7-10::0.0
TRACE::2024-07-07.17:32:48::SCWPlatform::Trying to set the existing hwdb with name DEMO_wrapper_30
TRACE::2024-07-07.17:32:48::SCWPlatform::Opened existing hwdb DEMO_wrapper_30
TRACE::2024-07-07.17:32:48::SCWPlatform::Found the Hw Db part of the input DSA
TRACE::2024-07-07.17:32:48::SCWPlatform::Trying to open the hw design at C:/Users/gusta/Documents/SEP_projects/HW_SW/SEPmonG3/SEPmonG3V3/hw/SEPmonG3V3.xsa
TRACE::2024-07-07.17:32:48::SCWPlatform::DSA given C:/Users/gusta/Documents/SEP_projects/HW_SW/SEPmonG3/SEPmonG3V3/hw/SEPmonG3V3.xsa
TRACE::2024-07-07.17:32:48::SCWPlatform::DSA absoulate path C:/Users/gusta/Documents/SEP_projects/HW_SW/SEPmonG3/SEPmonG3V3/hw/SEPmonG3V3.xsa
TRACE::2024-07-07.17:32:48::SCWPlatform::DSA directory C:/Users/gusta/Documents/SEP_projects/HW_SW/SEPmonG3/SEPmonG3V3/hw
TRACE::2024-07-07.17:32:48::SCWPlatform:: Platform Path C:/Users/gusta/Documents/SEP_projects/HW_SW/SEPmonG3/SEPmonG3V3/hw/SEPmonG3V3.xsa
TRACE::2024-07-07.17:32:48::SCWPlatform:: Unique name xilinx:zybo-z7-10::0.0
TRACE::2024-07-07.17:32:48::SCWPlatform::Trying to set the existing hwdb with name DEMO_wrapper_30
TRACE::2024-07-07.17:32:48::SCWPlatform::Opened existing hwdb DEMO_wrapper_30
TRACE::2024-07-07.17:32:48::SCWPlatform::Found the Hw Db part of the input DSA
TRACE::2024-07-07.17:32:48::SCWMssOS::Checking the sw design at  C:/Users/gusta/Documents/SEP_projects/HW_SW/SEPmonG3/SEPmonG3V3/ps7_cortexa9_0/standalone_domain/bsp/system.mss
TRACE::2024-07-07.17:32:48::SCWMssOS::DEBUG:  swdes dump  C:/Users/gusta/Documents/SEP_projects/HW_SW/SEPmonG3/SEPmonG3/ps7_cortexa9_0/standalone_domain/bsp/system.mss|system_0||
C:/Users/gusta/Documents/SEP_projects/HW_SW/SEPmonG3/SEPmonG3/zynq_fsbl/zynq_fsbl_bsp/system.mss|system||
C:/Users/gusta/Documents/SEP_projects/HW_SW/SEPmonG3/SEPmonG3V3/ps7_cortexa9_0/standalone_domain/bsp/system.mss|system_2||
C:/Users/gusta/Documents/SEP_projects/HW_SW/SEPmonG3/SEPmonG3V3/zynq_fsbl/zynq_fsbl_bsp/system.mss|system_1||

TRACE::2024-07-07.17:32:48::SCWMssOS::Sw design exists and opened at  C:/Users/gusta/Documents/SEP_projects/HW_SW/SEPmonG3/SEPmonG3V3/ps7_cortexa9_0/standalone_domain/bsp/system.mss
TRACE::2024-07-07.17:32:48::SCWPlatform::Trying to open the hw design at C:/Users/gusta/Documents/SEP_projects/HW_SW/SEPmonG3/SEPmonG3V3/tempdsa/SEPmonG3V4.xsa
TRACE::2024-07-07.17:32:48::SCWPlatform::DSA given C:/Users/gusta/Documents/SEP_projects/HW_SW/SEPmonG3/SEPmonG3V3/tempdsa/SEPmonG3V4.xsa
TRACE::2024-07-07.17:32:48::SCWPlatform::DSA absoulate path C:/Users/gusta/Documents/SEP_projects/HW_SW/SEPmonG3/SEPmonG3V3/tempdsa/SEPmonG3V4.xsa
TRACE::2024-07-07.17:32:48::SCWPlatform::DSA directory C:/Users/gusta/Documents/SEP_projects/HW_SW/SEPmonG3/SEPmonG3V3/tempdsa
TRACE::2024-07-07.17:32:48::SCWPlatform:: Platform Path C:/Users/gusta/Documents/SEP_projects/HW_SW/SEPmonG3/SEPmonG3V3/tempdsa/SEPmonG3V4.xsa
TRACE::2024-07-07.17:32:48::SCWPlatform:: Unique name xilinx:zybo-z7-10::0.0
TRACE::2024-07-07.17:32:48::SCWPlatform::update - Opened existing hwdb DEMO_wrapper_33
TRACE::2024-07-07.17:32:48::SCWPlatform::Found the Hw Db part of the input DSA
TRACE::2024-07-07.17:32:48::SCWMssOS::Saving the mss changes C:/Users/gusta/Documents/SEP_projects/HW_SW/SEPmonG3/SEPmonG3V3/zynq_fsbl/zynq_fsbl_bsp/system.mss
TRACE::2024-07-07.17:32:48::SCWMssOS::Found a swdesign opened with the mssfile.
TRACE::2024-07-07.17:32:48::SCWMssOS::Completed writemss as part of save.
TRACE::2024-07-07.17:32:48::SCWMssOS::Commit changes completed.
TRACE::2024-07-07.17:32:48::SCWMssOS::Completed hw sync for the mss in domain: zynq_fsbl
TRACE::2024-07-07.17:32:48::SCWMssOS::Removing the swdes entry for  C:/Users/gusta/Documents/SEP_projects/HW_SW/SEPmonG3/SEPmonG3V3/zynq_fsbl/zynq_fsbl_bsp/system.mss
TRACE::2024-07-07.17:32:48::SCWMssOS::Saving the mss changes C:/Users/gusta/Documents/SEP_projects/HW_SW/SEPmonG3/SEPmonG3V3/ps7_cortexa9_0/standalone_domain/bsp/system.mss
TRACE::2024-07-07.17:32:48::SCWMssOS::Found a swdesign opened with the mssfile.
TRACE::2024-07-07.17:32:48::SCWMssOS::Completed writemss as part of save.
TRACE::2024-07-07.17:32:48::SCWMssOS::Commit changes completed.
TRACE::2024-07-07.17:32:48::SCWMssOS::Completed hw sync for the mss in domain: standalone_domain
TRACE::2024-07-07.17:32:48::SCWMssOS::Removing the swdes entry for  C:/Users/gusta/Documents/SEP_projects/HW_SW/SEPmonG3/SEPmonG3V3/ps7_cortexa9_0/standalone_domain/bsp/system.mss
TRACE::2024-07-07.17:32:48::SCWPlatform::Trying to open the hw design at C:/Users/gusta/Documents/SEP_projects/HW_SW/SEPmonG3/SEPmonG3V3/hw/SEPmonG3V4.xsa
TRACE::2024-07-07.17:32:48::SCWPlatform::DSA given C:/Users/gusta/Documents/SEP_projects/HW_SW/SEPmonG3/SEPmonG3V3/hw/SEPmonG3V4.xsa
TRACE::2024-07-07.17:32:48::SCWPlatform::DSA absoulate path C:/Users/gusta/Documents/SEP_projects/HW_SW/SEPmonG3/SEPmonG3V3/hw/SEPmonG3V4.xsa
TRACE::2024-07-07.17:32:48::SCWPlatform::DSA directory C:/Users/gusta/Documents/SEP_projects/HW_SW/SEPmonG3/SEPmonG3V3/hw
TRACE::2024-07-07.17:32:48::SCWPlatform:: Platform Path C:/Users/gusta/Documents/SEP_projects/HW_SW/SEPmonG3/SEPmonG3V3/hw/SEPmonG3V4.xsa
TRACE::2024-07-07.17:32:48::SCWPlatform:: Unique name xilinx:zybo-z7-10::0.0
TRACE::2024-07-07.17:32:48::SCWPlatform::Do not have an existing db opened. 
TRACE::2024-07-07.17:32:50::SCWPlatform::Opened new HwDB with name DEMO_wrapper_34
TRACE::2024-07-07.17:32:50::SCWPlatform::Trying to open the hw design at C:/Users/gusta/Documents/SEP_projects/HW_SW/SEPmonG3/SEPmonG3V3/hw/SEPmonG3V4.xsa
TRACE::2024-07-07.17:32:50::SCWPlatform::DSA given C:/Users/gusta/Documents/SEP_projects/HW_SW/SEPmonG3/SEPmonG3V3/hw/SEPmonG3V4.xsa
TRACE::2024-07-07.17:32:50::SCWPlatform::DSA absoulate path C:/Users/gusta/Documents/SEP_projects/HW_SW/SEPmonG3/SEPmonG3V3/hw/SEPmonG3V4.xsa
TRACE::2024-07-07.17:32:50::SCWPlatform::DSA directory C:/Users/gusta/Documents/SEP_projects/HW_SW/SEPmonG3/SEPmonG3V3/hw
TRACE::2024-07-07.17:32:50::SCWPlatform:: Platform Path C:/Users/gusta/Documents/SEP_projects/HW_SW/SEPmonG3/SEPmonG3V3/hw/SEPmonG3V4.xsa
TRACE::2024-07-07.17:32:50::SCWPlatform:: Unique name xilinx:zybo-z7-10::0.0
TRACE::2024-07-07.17:32:50::SCWPlatform::Trying to set the existing hwdb with name DEMO_wrapper_34
TRACE::2024-07-07.17:32:50::SCWPlatform::Opened existing hwdb DEMO_wrapper_34
TRACE::2024-07-07.17:32:50::SCWPlatform::Found the Hw Db part of the input DSA
TRACE::2024-07-07.17:32:50::SCWMssOS::Checking the sw design at  C:/Users/gusta/Documents/SEP_projects/HW_SW/SEPmonG3/SEPmonG3V3/zynq_fsbl/zynq_fsbl_bsp/system.mss
TRACE::2024-07-07.17:32:50::SCWMssOS::DEBUG:  swdes dump  C:/Users/gusta/Documents/SEP_projects/HW_SW/SEPmonG3/SEPmonG3/ps7_cortexa9_0/standalone_domain/bsp/system.mss|system_0||
C:/Users/gusta/Documents/SEP_projects/HW_SW/SEPmonG3/SEPmonG3/zynq_fsbl/zynq_fsbl_bsp/system.mss|system||

TRACE::2024-07-07.17:32:50::SCWMssOS::No sw design opened at  C:/Users/gusta/Documents/SEP_projects/HW_SW/SEPmonG3/SEPmonG3V3/zynq_fsbl/zynq_fsbl_bsp/system.mss
TRACE::2024-07-07.17:32:50::SCWMssOS::mss exists loading the mss file  C:/Users/gusta/Documents/SEP_projects/HW_SW/SEPmonG3/SEPmonG3V3/zynq_fsbl/zynq_fsbl_bsp/system.mss
TRACE::2024-07-07.17:32:50::SCWMssOS::Opened the sw design from mss  C:/Users/gusta/Documents/SEP_projects/HW_SW/SEPmonG3/SEPmonG3V3/zynq_fsbl/zynq_fsbl_bsp/system.mss
TRACE::2024-07-07.17:32:50::SCWMssOS::Adding the swdes entry C:/Users/gusta/Documents/SEP_projects/HW_SW/SEPmonG3/SEPmonG3V3/zynq_fsbl/zynq_fsbl_bsp/system.mss with des name system_1
TRACE::2024-07-07.17:32:50::SCWMssOS::updating the scw layer about changes
TRACE::2024-07-07.17:32:50::SCWMssOS::Opened the sw design.  C:/Users/gusta/Documents/SEP_projects/HW_SW/SEPmonG3/SEPmonG3V3/zynq_fsbl/zynq_fsbl_bsp/system.mss
TRACE::2024-07-07.17:32:50::SCWMssOS::Saving the mss changes C:/Users/gusta/Documents/SEP_projects/HW_SW/SEPmonG3/SEPmonG3V3/zynq_fsbl/zynq_fsbl_bsp/system.mss
TRACE::2024-07-07.17:32:50::SCWMssOS::Found a swdesign opened with the mssfile.
TRACE::2024-07-07.17:32:50::SCWMssOS::Completed writemss as part of save.
TRACE::2024-07-07.17:32:50::SCWMssOS::Commit changes completed.
TRACE::2024-07-07.17:32:50::SCWMssOS::Saving the mss changes C:/Users/gusta/Documents/SEP_projects/HW_SW/SEPmonG3/SEPmonG3V3/ps7_cortexa9_0/standalone_domain/bsp/system.mss
TRACE::2024-07-07.17:32:50::SCWMssOS::Adding the swdes entry, mss present, able to open swdb C:/Users/gusta/Documents/SEP_projects/HW_SW/SEPmonG3/SEPmonG3V3/ps7_cortexa9_0/standalone_domain/bsp/system.mss with des name system_2
TRACE::2024-07-07.17:32:50::SCWMssOS::Writing the mss file completed C:/Users/gusta/Documents/SEP_projects/HW_SW/SEPmonG3/SEPmonG3V3/ps7_cortexa9_0/standalone_domain/bsp/system.mss
TRACE::2024-07-07.17:32:50::SCWMssOS::Commit changes completed.
TRACE::2024-07-07.17:32:50::SCWPlatform::Trying to open the hw design at C:/Users/gusta/Documents/SEP_projects/HW_SW/SEPmonG3/SEPmonG3V3/hw/SEPmonG3V4.xsa
TRACE::2024-07-07.17:32:50::SCWPlatform::DSA given C:/Users/gusta/Documents/SEP_projects/HW_SW/SEPmonG3/SEPmonG3V3/hw/SEPmonG3V4.xsa
TRACE::2024-07-07.17:32:50::SCWPlatform::DSA absoulate path C:/Users/gusta/Documents/SEP_projects/HW_SW/SEPmonG3/SEPmonG3V3/hw/SEPmonG3V4.xsa
TRACE::2024-07-07.17:32:50::SCWPlatform::DSA directory C:/Users/gusta/Documents/SEP_projects/HW_SW/SEPmonG3/SEPmonG3V3/hw
TRACE::2024-07-07.17:32:50::SCWPlatform:: Platform Path C:/Users/gusta/Documents/SEP_projects/HW_SW/SEPmonG3/SEPmonG3V3/hw/SEPmonG3V4.xsa
TRACE::2024-07-07.17:32:50::SCWPlatform:: Unique name xilinx:zybo-z7-10::0.0
TRACE::2024-07-07.17:32:50::SCWPlatform::Trying to set the existing hwdb with name DEMO_wrapper_34
TRACE::2024-07-07.17:32:50::SCWPlatform::Opened existing hwdb DEMO_wrapper_34
TRACE::2024-07-07.17:32:50::SCWPlatform::Found the Hw Db part of the input DSA
TRACE::2024-07-07.17:32:50::SCWMssOS::Checking the sw design at  C:/Users/gusta/Documents/SEP_projects/HW_SW/SEPmonG3/SEPmonG3V3/zynq_fsbl/zynq_fsbl_bsp/system.mss
TRACE::2024-07-07.17:32:50::SCWMssOS::DEBUG:  swdes dump  C:/Users/gusta/Documents/SEP_projects/HW_SW/SEPmonG3/SEPmonG3/ps7_cortexa9_0/standalone_domain/bsp/system.mss|system_0||
C:/Users/gusta/Documents/SEP_projects/HW_SW/SEPmonG3/SEPmonG3/zynq_fsbl/zynq_fsbl_bsp/system.mss|system||
C:/Users/gusta/Documents/SEP_projects/HW_SW/SEPmonG3/SEPmonG3V3/ps7_cortexa9_0/standalone_domain/bsp/system.mss|system_2||
C:/Users/gusta/Documents/SEP_projects/HW_SW/SEPmonG3/SEPmonG3V3/zynq_fsbl/zynq_fsbl_bsp/system.mss|system_1||

TRACE::2024-07-07.17:32:50::SCWMssOS::Sw design exists and opened at  C:/Users/gusta/Documents/SEP_projects/HW_SW/SEPmonG3/SEPmonG3V3/zynq_fsbl/zynq_fsbl_bsp/system.mss
TRACE::2024-07-07.17:32:50::SCWPlatform::Trying to open the hw design at C:/Users/gusta/Documents/SEP_projects/HW_SW/SEPmonG3/SEPmonG3V3/hw/SEPmonG3V4.xsa
TRACE::2024-07-07.17:32:50::SCWPlatform::DSA given C:/Users/gusta/Documents/SEP_projects/HW_SW/SEPmonG3/SEPmonG3V3/hw/SEPmonG3V4.xsa
TRACE::2024-07-07.17:32:50::SCWPlatform::DSA absoulate path C:/Users/gusta/Documents/SEP_projects/HW_SW/SEPmonG3/SEPmonG3V3/hw/SEPmonG3V4.xsa
TRACE::2024-07-07.17:32:50::SCWPlatform::DSA directory C:/Users/gusta/Documents/SEP_projects/HW_SW/SEPmonG3/SEPmonG3V3/hw
TRACE::2024-07-07.17:32:50::SCWPlatform:: Platform Path C:/Users/gusta/Documents/SEP_projects/HW_SW/SEPmonG3/SEPmonG3V3/hw/SEPmonG3V4.xsa
TRACE::2024-07-07.17:32:50::SCWPlatform:: Unique name xilinx:zybo-z7-10::0.0
TRACE::2024-07-07.17:32:50::SCWPlatform::Trying to set the existing hwdb with name DEMO_wrapper_34
TRACE::2024-07-07.17:32:50::SCWPlatform::Opened existing hwdb DEMO_wrapper_34
TRACE::2024-07-07.17:32:50::SCWPlatform::Found the Hw Db part of the input DSA
TRACE::2024-07-07.17:32:50::SCWMssOS::Checking the sw design at  C:/Users/gusta/Documents/SEP_projects/HW_SW/SEPmonG3/SEPmonG3V3/ps7_cortexa9_0/standalone_domain/bsp/system.mss
TRACE::2024-07-07.17:32:50::SCWMssOS::DEBUG:  swdes dump  C:/Users/gusta/Documents/SEP_projects/HW_SW/SEPmonG3/SEPmonG3/ps7_cortexa9_0/standalone_domain/bsp/system.mss|system_0||
C:/Users/gusta/Documents/SEP_projects/HW_SW/SEPmonG3/SEPmonG3/zynq_fsbl/zynq_fsbl_bsp/system.mss|system||
C:/Users/gusta/Documents/SEP_projects/HW_SW/SEPmonG3/SEPmonG3V3/ps7_cortexa9_0/standalone_domain/bsp/system.mss|system_2||
C:/Users/gusta/Documents/SEP_projects/HW_SW/SEPmonG3/SEPmonG3V3/zynq_fsbl/zynq_fsbl_bsp/system.mss|system_1||

TRACE::2024-07-07.17:32:50::SCWMssOS::Sw design exists and opened at  C:/Users/gusta/Documents/SEP_projects/HW_SW/SEPmonG3/SEPmonG3V3/ps7_cortexa9_0/standalone_domain/bsp/system.mss
TRACE::2024-07-07.17:32:50::SCWWriter::formatted JSON is {
	"platformName":	"SEPmonG3V3",
	"sprVersion":	"2.0",
	"mode":	"gui",
	"dsaType":	"Fixed",
	"platformDesc":	"SEPmonG3V3",
	"platHandOff":	"C:/Users/gusta/Documents/SEP_projects/HW_SW/SEPmonG3/SEPmon/SEPmonG3V4.xsa",
	"platIntHandOff":	"<platformDir>/hw/SEPmonG3V4.xsa",
	"deviceType":	"zynq",
	"platIsPrebuiltAutogen":	"false",
	"platIsNoBootBsp":	"false",
	"hasFsblMakeHasChanges":	"false",
	"hasPmufwMakeHasChanges":	"false",
	"fsblExtraCompilerFlags":	"-MMD -MP       -mcpu=cortex-a9 -mfpu=vfpv3 -mfloat-abi=hard ",
	"platPreBuiltFlag":	false,
	"platformSamplesDir":	"",
	"platActiveSys":	"SEPmonG3V3",
	"systems":	[{
			"systemName":	"SEPmonG3V3",
			"systemDesc":	"SEPmonG3V3",
			"sysIsBootAutoGen":	"true",
			"systemDispName":	"SEPmonG3V3",
			"sysActiveDom":	"standalone_domain",
			"sysDefaultDom":	"standalone_domain",
			"domains":	[{
					"domainName":	"zynq_fsbl",
					"domainDispName":	"zynq_fsbl",
					"domainDesc":	"FSBL Application BSP - Auto Generated.",
					"processors":	"ps7_cortexa9_0",
					"os":	"standalone",
					"sdxOs":	"standalone",
					"debugEnable":	"",
					"domRuntimes":	["cpp"],
					"swRepo":	"",
					"mssOsVer":	"7.2",
					"mssFile":	"",
					"md5Digest":	"1c3d65b23234dc3ec6f7ff2cc82e7a29",
					"compatibleApp":	"zynq_fsbl",
					"domType":	"bootDomain",
					"appSettings":	{
						"appCompilerFlags":	"",
						"appLinkerFlags":	""
					},
					"addedLibs":	["xilffs:4.3", "xilrsa:1.6"],
					"libOptions":	{
						"libsContainingOptions":	[]
					},
					"prebuiltLibs":	{
						"prebuiltIncPath":	[],
						"prebuiltLibPath":	[]
					},
					"isolation":	{
					}
				}, {
					"domainName":	"standalone_domain",
					"domainDispName":	"standalone on ps7_cortexa9_0",
					"domainDesc":	"standalone_domain",
					"processors":	"ps7_cortexa9_0",
					"os":	"standalone",
					"sdxOs":	"standalone",
					"qemuArgs":	"C:/Xilinx/Vitis/2020.1/data/emulation/platforms/zynq/qemu/qemu_args.txt",
					"qemuData":	"C:/Xilinx/Vitis/2020.1/data/emulation/platforms/zynq/qemu/",
					"debugEnable":	"False",
					"domRuntimes":	["cpp"],
					"swRepo":	"",
					"mssOsVer":	"7.2",
					"mssFile":	"",
					"md5Digest":	"96a2233cbaff12ac4b4b6f28a05a4e23",
					"compatibleApp":	"",
					"domType":	"mssDomain",
					"appSettings":	{
						"appCompilerFlags":	"",
						"appLinkerFlags":	""
					},
					"addedLibs":	[],
					"libOptions":	{
						"libsContainingOptions":	[]
					},
					"prebuiltLibs":	{
						"prebuiltIncPath":	[],
						"prebuiltLibPath":	[]
					},
					"isolation":	{
					}
				}]
		}]
}
TRACE::2024-07-07.17:32:51::SCWPlatform::Clearing the existing platform
TRACE::2024-07-07.17:32:51::SCWSystem::Clearing the existing sysconfig
TRACE::2024-07-07.17:32:51::SCWBDomain::clearing the fsbl build
TRACE::2024-07-07.17:32:51::SCWMssOS::Removing the swdes entry for  C:/Users/gusta/Documents/SEP_projects/HW_SW/SEPmonG3/SEPmonG3V3/zynq_fsbl/zynq_fsbl_bsp/system.mss
TRACE::2024-07-07.17:32:51::SCWMssOS::Removing the swdes entry for  C:/Users/gusta/Documents/SEP_projects/HW_SW/SEPmonG3/SEPmonG3V3/ps7_cortexa9_0/standalone_domain/bsp/system.mss
TRACE::2024-07-07.17:32:51::SCWSystem::Clearing the domains completed.
TRACE::2024-07-07.17:32:51::SCWPlatform::Clearing the opened hw db.
TRACE::2024-07-07.17:32:51::SCWPlatform::DSA given C:/Users/gusta/Documents/SEP_projects/HW_SW/SEPmonG3/SEPmonG3V3/hw/SEPmonG3V4.xsa
TRACE::2024-07-07.17:32:51::SCWPlatform::DSA absoulate path C:/Users/gusta/Documents/SEP_projects/HW_SW/SEPmonG3/SEPmonG3V3/hw/SEPmonG3V4.xsa
TRACE::2024-07-07.17:32:51::SCWPlatform:: Platform location is C:/Users/gusta/Documents/SEP_projects/HW_SW/SEPmonG3/SEPmonG3V3/hw
TRACE::2024-07-07.17:32:51::SCWPlatform:: Platform Path C:/Users/gusta/Documents/SEP_projects/HW_SW/SEPmonG3/SEPmonG3V3/hw/SEPmonG3V4.xsa
TRACE::2024-07-07.17:32:51::SCWPlatform:: Unique name xilinx:zybo-z7-10::0.0
TRACE::2024-07-07.17:32:51::SCWPlatform::Removing the HwDB with name C:/Users/gusta/Documents/SEP_projects/HW_SW/SEPmonG3/SEPmonG3V3/hw/SEPmonG3V4.xsa
TRACE::2024-07-07.17:32:51::SCWPlatform::Trying to open the hw design at C:/Users/gusta/Documents/SEP_projects/HW_SW/SEPmonG3/SEPmonG3V3/hw/SEPmonG3V4.xsa
TRACE::2024-07-07.17:32:51::SCWPlatform::DSA given C:/Users/gusta/Documents/SEP_projects/HW_SW/SEPmonG3/SEPmonG3V3/hw/SEPmonG3V4.xsa
TRACE::2024-07-07.17:32:51::SCWPlatform::DSA absoulate path C:/Users/gusta/Documents/SEP_projects/HW_SW/SEPmonG3/SEPmonG3V3/hw/SEPmonG3V4.xsa
TRACE::2024-07-07.17:32:51::SCWPlatform::DSA directory C:/Users/gusta/Documents/SEP_projects/HW_SW/SEPmonG3/SEPmonG3V3/hw
TRACE::2024-07-07.17:32:51::SCWPlatform:: Platform Path C:/Users/gusta/Documents/SEP_projects/HW_SW/SEPmonG3/SEPmonG3V3/hw/SEPmonG3V4.xsa
TRACE::2024-07-07.17:32:51::SCWPlatform:: Unique name xilinx:zybo-z7-10::0.0
TRACE::2024-07-07.17:32:51::SCWPlatform::Do not have an existing db opened. 
TRACE::2024-07-07.17:32:53::SCWPlatform::Opened new HwDB with name DEMO_wrapper_35
TRACE::2024-07-07.17:32:53::SCWReader::Active system found as  SEPmonG3V3
TRACE::2024-07-07.17:32:53::SCWReader::Handling sysconfig SEPmonG3V3
TRACE::2024-07-07.17:32:53::SCWDomain::checking for install qemu data   : 
TRACE::2024-07-07.17:32:53::SCWDomain:: Using the QEMU Data from install at  : C:/Xilinx/Vitis/2020.1/data/emulation/platforms/zynq/qemu/
TRACE::2024-07-07.17:32:53::SCWDomain:: Using the QEMU args  from install at  : C:/Xilinx/Vitis/2020.1/data/emulation/platforms/zynq/qemu/qemu_args.txt
TRACE::2024-07-07.17:32:53::SCWPlatform::Trying to open the hw design at C:/Users/gusta/Documents/SEP_projects/HW_SW/SEPmonG3/SEPmonG3V3/hw/SEPmonG3V4.xsa
TRACE::2024-07-07.17:32:53::SCWPlatform::DSA given C:/Users/gusta/Documents/SEP_projects/HW_SW/SEPmonG3/SEPmonG3V3/hw/SEPmonG3V4.xsa
TRACE::2024-07-07.17:32:53::SCWPlatform::DSA absoulate path C:/Users/gusta/Documents/SEP_projects/HW_SW/SEPmonG3/SEPmonG3V3/hw/SEPmonG3V4.xsa
TRACE::2024-07-07.17:32:53::SCWPlatform::DSA directory C:/Users/gusta/Documents/SEP_projects/HW_SW/SEPmonG3/SEPmonG3V3/hw
TRACE::2024-07-07.17:32:53::SCWPlatform:: Platform Path C:/Users/gusta/Documents/SEP_projects/HW_SW/SEPmonG3/SEPmonG3V3/hw/SEPmonG3V4.xsa
TRACE::2024-07-07.17:32:53::SCWPlatform:: Unique name xilinx:zybo-z7-10::0.0
TRACE::2024-07-07.17:32:53::SCWPlatform::Trying to set the existing hwdb with name DEMO_wrapper_35
TRACE::2024-07-07.17:32:53::SCWPlatform::Opened existing hwdb DEMO_wrapper_35
TRACE::2024-07-07.17:32:53::SCWPlatform::Found the Hw Db part of the input DSA
TRACE::2024-07-07.17:32:53::SCWPlatform::Trying to open the hw design at C:/Users/gusta/Documents/SEP_projects/HW_SW/SEPmonG3/SEPmonG3V3/hw/SEPmonG3V4.xsa
TRACE::2024-07-07.17:32:53::SCWPlatform::DSA given C:/Users/gusta/Documents/SEP_projects/HW_SW/SEPmonG3/SEPmonG3V3/hw/SEPmonG3V4.xsa
TRACE::2024-07-07.17:32:53::SCWPlatform::DSA absoulate path C:/Users/gusta/Documents/SEP_projects/HW_SW/SEPmonG3/SEPmonG3V3/hw/SEPmonG3V4.xsa
TRACE::2024-07-07.17:32:53::SCWPlatform::DSA directory C:/Users/gusta/Documents/SEP_projects/HW_SW/SEPmonG3/SEPmonG3V3/hw
TRACE::2024-07-07.17:32:53::SCWPlatform:: Platform Path C:/Users/gusta/Documents/SEP_projects/HW_SW/SEPmonG3/SEPmonG3V3/hw/SEPmonG3V4.xsa
TRACE::2024-07-07.17:32:53::SCWPlatform:: Unique name xilinx:zybo-z7-10::0.0
TRACE::2024-07-07.17:32:53::SCWPlatform::Trying to set the existing hwdb with name DEMO_wrapper_35
TRACE::2024-07-07.17:32:53::SCWPlatform::Opened existing hwdb DEMO_wrapper_35
TRACE::2024-07-07.17:32:53::SCWPlatform::Found the Hw Db part of the input DSA
TRACE::2024-07-07.17:32:53::SCWPlatform::Trying to open the hw design at C:/Users/gusta/Documents/SEP_projects/HW_SW/SEPmonG3/SEPmonG3V3/hw/SEPmonG3V4.xsa
TRACE::2024-07-07.17:32:53::SCWPlatform::DSA given C:/Users/gusta/Documents/SEP_projects/HW_SW/SEPmonG3/SEPmonG3V3/hw/SEPmonG3V4.xsa
TRACE::2024-07-07.17:32:53::SCWPlatform::DSA absoulate path C:/Users/gusta/Documents/SEP_projects/HW_SW/SEPmonG3/SEPmonG3V3/hw/SEPmonG3V4.xsa
TRACE::2024-07-07.17:32:53::SCWPlatform::DSA directory C:/Users/gusta/Documents/SEP_projects/HW_SW/SEPmonG3/SEPmonG3V3/hw
TRACE::2024-07-07.17:32:53::SCWPlatform:: Platform Path C:/Users/gusta/Documents/SEP_projects/HW_SW/SEPmonG3/SEPmonG3V3/hw/SEPmonG3V4.xsa
TRACE::2024-07-07.17:32:53::SCWPlatform:: Unique name xilinx:zybo-z7-10::0.0
TRACE::2024-07-07.17:32:53::SCWPlatform::Trying to set the existing hwdb with name DEMO_wrapper_35
TRACE::2024-07-07.17:32:53::SCWPlatform::Opened existing hwdb DEMO_wrapper_35
TRACE::2024-07-07.17:32:53::SCWPlatform::Found the Hw Db part of the input DSA
TRACE::2024-07-07.17:32:53::SCWReader::Boot application domain added for zynq_fsbl
TRACE::2024-07-07.17:32:53::SCWPlatform::Trying to open the hw design at C:/Users/gusta/Documents/SEP_projects/HW_SW/SEPmonG3/SEPmonG3V3/hw/SEPmonG3V4.xsa
TRACE::2024-07-07.17:32:53::SCWPlatform::DSA given C:/Users/gusta/Documents/SEP_projects/HW_SW/SEPmonG3/SEPmonG3V3/hw/SEPmonG3V4.xsa
TRACE::2024-07-07.17:32:53::SCWPlatform::DSA absoulate path C:/Users/gusta/Documents/SEP_projects/HW_SW/SEPmonG3/SEPmonG3V3/hw/SEPmonG3V4.xsa
TRACE::2024-07-07.17:32:53::SCWPlatform::DSA directory C:/Users/gusta/Documents/SEP_projects/HW_SW/SEPmonG3/SEPmonG3V3/hw
TRACE::2024-07-07.17:32:53::SCWPlatform:: Platform Path C:/Users/gusta/Documents/SEP_projects/HW_SW/SEPmonG3/SEPmonG3V3/hw/SEPmonG3V4.xsa
TRACE::2024-07-07.17:32:53::SCWPlatform:: Unique name xilinx:zybo-z7-10::0.0
TRACE::2024-07-07.17:32:53::SCWPlatform::Trying to set the existing hwdb with name DEMO_wrapper_35
TRACE::2024-07-07.17:32:53::SCWPlatform::Opened existing hwdb DEMO_wrapper_35
TRACE::2024-07-07.17:32:53::SCWPlatform::Found the Hw Db part of the input DSA
TRACE::2024-07-07.17:32:53::SCWMssOS::Checking the sw design at  C:/Users/gusta/Documents/SEP_projects/HW_SW/SEPmonG3/SEPmonG3V3/zynq_fsbl/zynq_fsbl_bsp/system.mss
TRACE::2024-07-07.17:32:53::SCWMssOS::DEBUG:  swdes dump  C:/Users/gusta/Documents/SEP_projects/HW_SW/SEPmonG3/SEPmonG3/ps7_cortexa9_0/standalone_domain/bsp/system.mss|system_0||
C:/Users/gusta/Documents/SEP_projects/HW_SW/SEPmonG3/SEPmonG3/zynq_fsbl/zynq_fsbl_bsp/system.mss|system||

TRACE::2024-07-07.17:32:53::SCWMssOS::No sw design opened at  C:/Users/gusta/Documents/SEP_projects/HW_SW/SEPmonG3/SEPmonG3V3/zynq_fsbl/zynq_fsbl_bsp/system.mss
TRACE::2024-07-07.17:32:53::SCWMssOS::mss exists loading the mss file  C:/Users/gusta/Documents/SEP_projects/HW_SW/SEPmonG3/SEPmonG3V3/zynq_fsbl/zynq_fsbl_bsp/system.mss
TRACE::2024-07-07.17:32:53::SCWMssOS::Opened the sw design from mss  C:/Users/gusta/Documents/SEP_projects/HW_SW/SEPmonG3/SEPmonG3V3/zynq_fsbl/zynq_fsbl_bsp/system.mss
TRACE::2024-07-07.17:32:53::SCWMssOS::Adding the swdes entry C:/Users/gusta/Documents/SEP_projects/HW_SW/SEPmonG3/SEPmonG3V3/zynq_fsbl/zynq_fsbl_bsp/system.mss with des name system_1
TRACE::2024-07-07.17:32:53::SCWMssOS::updating the scw layer about changes
TRACE::2024-07-07.17:32:54::SCWMssOS::Opened the sw design.  C:/Users/gusta/Documents/SEP_projects/HW_SW/SEPmonG3/SEPmonG3V3/zynq_fsbl/zynq_fsbl_bsp/system.mss
TRACE::2024-07-07.17:32:54::SCWPlatform::Trying to open the hw design at C:/Users/gusta/Documents/SEP_projects/HW_SW/SEPmonG3/SEPmonG3V3/hw/SEPmonG3V4.xsa
TRACE::2024-07-07.17:32:54::SCWPlatform::DSA given C:/Users/gusta/Documents/SEP_projects/HW_SW/SEPmonG3/SEPmonG3V3/hw/SEPmonG3V4.xsa
TRACE::2024-07-07.17:32:54::SCWPlatform::DSA absoulate path C:/Users/gusta/Documents/SEP_projects/HW_SW/SEPmonG3/SEPmonG3V3/hw/SEPmonG3V4.xsa
TRACE::2024-07-07.17:32:54::SCWPlatform::DSA directory C:/Users/gusta/Documents/SEP_projects/HW_SW/SEPmonG3/SEPmonG3V3/hw
TRACE::2024-07-07.17:32:54::SCWPlatform:: Platform Path C:/Users/gusta/Documents/SEP_projects/HW_SW/SEPmonG3/SEPmonG3V3/hw/SEPmonG3V4.xsa
TRACE::2024-07-07.17:32:54::SCWPlatform:: Unique name xilinx:zybo-z7-10::0.0
TRACE::2024-07-07.17:32:54::SCWPlatform::Trying to set the existing hwdb with name DEMO_wrapper_35
TRACE::2024-07-07.17:32:54::SCWPlatform::Opened existing hwdb DEMO_wrapper_35
TRACE::2024-07-07.17:32:54::SCWPlatform::Found the Hw Db part of the input DSA
TRACE::2024-07-07.17:32:54::SCWMssOS::Checking the sw design at  C:/Users/gusta/Documents/SEP_projects/HW_SW/SEPmonG3/SEPmonG3V3/zynq_fsbl/zynq_fsbl_bsp/system.mss
TRACE::2024-07-07.17:32:54::SCWMssOS::DEBUG:  swdes dump  C:/Users/gusta/Documents/SEP_projects/HW_SW/SEPmonG3/SEPmonG3/ps7_cortexa9_0/standalone_domain/bsp/system.mss|system_0||
C:/Users/gusta/Documents/SEP_projects/HW_SW/SEPmonG3/SEPmonG3/zynq_fsbl/zynq_fsbl_bsp/system.mss|system||
C:/Users/gusta/Documents/SEP_projects/HW_SW/SEPmonG3/SEPmonG3V3/zynq_fsbl/zynq_fsbl_bsp/system.mss|system_1||

TRACE::2024-07-07.17:32:54::SCWMssOS::Sw design exists and opened at  C:/Users/gusta/Documents/SEP_projects/HW_SW/SEPmonG3/SEPmonG3V3/zynq_fsbl/zynq_fsbl_bsp/system.mss
TRACE::2024-07-07.17:32:54::SCWMssOS:: library already available in sw design:  xilffs:4.3
TRACE::2024-07-07.17:32:54::SCWPlatform::Trying to open the hw design at C:/Users/gusta/Documents/SEP_projects/HW_SW/SEPmonG3/SEPmonG3V3/hw/SEPmonG3V4.xsa
TRACE::2024-07-07.17:32:54::SCWPlatform::DSA given C:/Users/gusta/Documents/SEP_projects/HW_SW/SEPmonG3/SEPmonG3V3/hw/SEPmonG3V4.xsa
TRACE::2024-07-07.17:32:54::SCWPlatform::DSA absoulate path C:/Users/gusta/Documents/SEP_projects/HW_SW/SEPmonG3/SEPmonG3V3/hw/SEPmonG3V4.xsa
TRACE::2024-07-07.17:32:54::SCWPlatform::DSA directory C:/Users/gusta/Documents/SEP_projects/HW_SW/SEPmonG3/SEPmonG3V3/hw
TRACE::2024-07-07.17:32:54::SCWPlatform:: Platform Path C:/Users/gusta/Documents/SEP_projects/HW_SW/SEPmonG3/SEPmonG3V3/hw/SEPmonG3V4.xsa
TRACE::2024-07-07.17:32:54::SCWPlatform:: Unique name xilinx:zybo-z7-10::0.0
TRACE::2024-07-07.17:32:54::SCWPlatform::Trying to set the existing hwdb with name DEMO_wrapper_35
TRACE::2024-07-07.17:32:54::SCWPlatform::Opened existing hwdb DEMO_wrapper_35
TRACE::2024-07-07.17:32:54::SCWPlatform::Found the Hw Db part of the input DSA
TRACE::2024-07-07.17:32:54::SCWMssOS::Checking the sw design at  C:/Users/gusta/Documents/SEP_projects/HW_SW/SEPmonG3/SEPmonG3V3/zynq_fsbl/zynq_fsbl_bsp/system.mss
TRACE::2024-07-07.17:32:54::SCWMssOS::DEBUG:  swdes dump  C:/Users/gusta/Documents/SEP_projects/HW_SW/SEPmonG3/SEPmonG3/ps7_cortexa9_0/standalone_domain/bsp/system.mss|system_0||
C:/Users/gusta/Documents/SEP_projects/HW_SW/SEPmonG3/SEPmonG3/zynq_fsbl/zynq_fsbl_bsp/system.mss|system||
C:/Users/gusta/Documents/SEP_projects/HW_SW/SEPmonG3/SEPmonG3V3/zynq_fsbl/zynq_fsbl_bsp/system.mss|system_1||

TRACE::2024-07-07.17:32:54::SCWMssOS::Sw design exists and opened at  C:/Users/gusta/Documents/SEP_projects/HW_SW/SEPmonG3/SEPmonG3V3/zynq_fsbl/zynq_fsbl_bsp/system.mss
TRACE::2024-07-07.17:32:54::SCWMssOS:: library already available in sw design:  xilrsa:1.6
TRACE::2024-07-07.17:32:54::SCWMssOS::Saving the mss changes C:/Users/gusta/Documents/SEP_projects/HW_SW/SEPmonG3/SEPmonG3V3/zynq_fsbl/zynq_fsbl_bsp/system.mss
TRACE::2024-07-07.17:32:54::SCWMssOS::Found a swdesign opened with the mssfile.
TRACE::2024-07-07.17:32:54::SCWMssOS::Completed writemss as part of save.
TRACE::2024-07-07.17:32:54::SCWMssOS::Commit changes completed.
TRACE::2024-07-07.17:32:54::SCWReader::Adding prebuilt librarypaths as   
TRACE::2024-07-07.17:32:54::SCWReader::Adding prebuilt incpaths  as   
TRACE::2024-07-07.17:32:54::SCWPlatform::Trying to open the hw design at C:/Users/gusta/Documents/SEP_projects/HW_SW/SEPmonG3/SEPmonG3V3/hw/SEPmonG3V4.xsa
TRACE::2024-07-07.17:32:54::SCWPlatform::DSA given C:/Users/gusta/Documents/SEP_projects/HW_SW/SEPmonG3/SEPmonG3V3/hw/SEPmonG3V4.xsa
TRACE::2024-07-07.17:32:54::SCWPlatform::DSA absoulate path C:/Users/gusta/Documents/SEP_projects/HW_SW/SEPmonG3/SEPmonG3V3/hw/SEPmonG3V4.xsa
TRACE::2024-07-07.17:32:54::SCWPlatform::DSA directory C:/Users/gusta/Documents/SEP_projects/HW_SW/SEPmonG3/SEPmonG3V3/hw
TRACE::2024-07-07.17:32:54::SCWPlatform:: Platform Path C:/Users/gusta/Documents/SEP_projects/HW_SW/SEPmonG3/SEPmonG3V3/hw/SEPmonG3V4.xsa
TRACE::2024-07-07.17:32:54::SCWPlatform:: Unique name xilinx:zybo-z7-10::0.0
TRACE::2024-07-07.17:32:54::SCWPlatform::Trying to set the existing hwdb with name DEMO_wrapper_35
TRACE::2024-07-07.17:32:54::SCWPlatform::Opened existing hwdb DEMO_wrapper_35
TRACE::2024-07-07.17:32:54::SCWPlatform::Found the Hw Db part of the input DSA
TRACE::2024-07-07.17:32:54::SCWMssOS::Checking the sw design at  C:/Users/gusta/Documents/SEP_projects/HW_SW/SEPmonG3/SEPmonG3V3/zynq_fsbl/zynq_fsbl_bsp/system.mss
TRACE::2024-07-07.17:32:54::SCWMssOS::DEBUG:  swdes dump  C:/Users/gusta/Documents/SEP_projects/HW_SW/SEPmonG3/SEPmonG3/ps7_cortexa9_0/standalone_domain/bsp/system.mss|system_0||
C:/Users/gusta/Documents/SEP_projects/HW_SW/SEPmonG3/SEPmonG3/zynq_fsbl/zynq_fsbl_bsp/system.mss|system||
C:/Users/gusta/Documents/SEP_projects/HW_SW/SEPmonG3/SEPmonG3V3/zynq_fsbl/zynq_fsbl_bsp/system.mss|system_1||

TRACE::2024-07-07.17:32:54::SCWMssOS::Sw design exists and opened at  C:/Users/gusta/Documents/SEP_projects/HW_SW/SEPmonG3/SEPmonG3V3/zynq_fsbl/zynq_fsbl_bsp/system.mss
TRACE::2024-07-07.17:32:54::SCWReader::No isolation master present  
TRACE::2024-07-07.17:32:54::SCWDomain::checking for install qemu data   : 
TRACE::2024-07-07.17:32:54::SCWDomain:: Using the QEMU Data from install at  : C:/Xilinx/Vitis/2020.1/data/emulation/platforms/zynq/qemu/
TRACE::2024-07-07.17:32:54::SCWDomain:: Using the QEMU args  from install at  : C:/Xilinx/Vitis/2020.1/data/emulation/platforms/zynq/qemu/qemu_args.txt
TRACE::2024-07-07.17:32:54::SCWPlatform::Trying to open the hw design at C:/Users/gusta/Documents/SEP_projects/HW_SW/SEPmonG3/SEPmonG3V3/hw/SEPmonG3V4.xsa
TRACE::2024-07-07.17:32:54::SCWPlatform::DSA given C:/Users/gusta/Documents/SEP_projects/HW_SW/SEPmonG3/SEPmonG3V3/hw/SEPmonG3V4.xsa
TRACE::2024-07-07.17:32:54::SCWPlatform::DSA absoulate path C:/Users/gusta/Documents/SEP_projects/HW_SW/SEPmonG3/SEPmonG3V3/hw/SEPmonG3V4.xsa
TRACE::2024-07-07.17:32:54::SCWPlatform::DSA directory C:/Users/gusta/Documents/SEP_projects/HW_SW/SEPmonG3/SEPmonG3V3/hw
TRACE::2024-07-07.17:32:54::SCWPlatform:: Platform Path C:/Users/gusta/Documents/SEP_projects/HW_SW/SEPmonG3/SEPmonG3V3/hw/SEPmonG3V4.xsa
TRACE::2024-07-07.17:32:54::SCWPlatform:: Unique name xilinx:zybo-z7-10::0.0
TRACE::2024-07-07.17:32:54::SCWPlatform::Trying to set the existing hwdb with name DEMO_wrapper_35
TRACE::2024-07-07.17:32:54::SCWPlatform::Opened existing hwdb DEMO_wrapper_35
TRACE::2024-07-07.17:32:54::SCWPlatform::Found the Hw Db part of the input DSA
TRACE::2024-07-07.17:32:54::SCWPlatform::Trying to open the hw design at C:/Users/gusta/Documents/SEP_projects/HW_SW/SEPmonG3/SEPmonG3V3/hw/SEPmonG3V4.xsa
TRACE::2024-07-07.17:32:54::SCWPlatform::DSA given C:/Users/gusta/Documents/SEP_projects/HW_SW/SEPmonG3/SEPmonG3V3/hw/SEPmonG3V4.xsa
TRACE::2024-07-07.17:32:54::SCWPlatform::DSA absoulate path C:/Users/gusta/Documents/SEP_projects/HW_SW/SEPmonG3/SEPmonG3V3/hw/SEPmonG3V4.xsa
TRACE::2024-07-07.17:32:54::SCWPlatform::DSA directory C:/Users/gusta/Documents/SEP_projects/HW_SW/SEPmonG3/SEPmonG3V3/hw
TRACE::2024-07-07.17:32:54::SCWPlatform:: Platform Path C:/Users/gusta/Documents/SEP_projects/HW_SW/SEPmonG3/SEPmonG3V3/hw/SEPmonG3V4.xsa
TRACE::2024-07-07.17:32:54::SCWPlatform:: Unique name xilinx:zybo-z7-10::0.0
TRACE::2024-07-07.17:32:54::SCWPlatform::Trying to set the existing hwdb with name DEMO_wrapper_35
TRACE::2024-07-07.17:32:54::SCWPlatform::Opened existing hwdb DEMO_wrapper_35
TRACE::2024-07-07.17:32:54::SCWPlatform::Found the Hw Db part of the input DSA
TRACE::2024-07-07.17:32:54::SCWPlatform::Trying to open the hw design at C:/Users/gusta/Documents/SEP_projects/HW_SW/SEPmonG3/SEPmonG3V3/hw/SEPmonG3V4.xsa
TRACE::2024-07-07.17:32:54::SCWPlatform::DSA given C:/Users/gusta/Documents/SEP_projects/HW_SW/SEPmonG3/SEPmonG3V3/hw/SEPmonG3V4.xsa
TRACE::2024-07-07.17:32:54::SCWPlatform::DSA absoulate path C:/Users/gusta/Documents/SEP_projects/HW_SW/SEPmonG3/SEPmonG3V3/hw/SEPmonG3V4.xsa
TRACE::2024-07-07.17:32:54::SCWPlatform::DSA directory C:/Users/gusta/Documents/SEP_projects/HW_SW/SEPmonG3/SEPmonG3V3/hw
TRACE::2024-07-07.17:32:54::SCWPlatform:: Platform Path C:/Users/gusta/Documents/SEP_projects/HW_SW/SEPmonG3/SEPmonG3V3/hw/SEPmonG3V4.xsa
TRACE::2024-07-07.17:32:54::SCWPlatform:: Unique name xilinx:zybo-z7-10::0.0
TRACE::2024-07-07.17:32:54::SCWPlatform::Trying to set the existing hwdb with name DEMO_wrapper_35
TRACE::2024-07-07.17:32:54::SCWPlatform::Opened existing hwdb DEMO_wrapper_35
TRACE::2024-07-07.17:32:54::SCWPlatform::Found the Hw Db part of the input DSA
TRACE::2024-07-07.17:32:54::SCWMssOS::Checking the sw design at  C:/Users/gusta/Documents/SEP_projects/HW_SW/SEPmonG3/SEPmonG3V3/ps7_cortexa9_0/standalone_domain/bsp/system.mss
TRACE::2024-07-07.17:32:54::SCWMssOS::DEBUG:  swdes dump  C:/Users/gusta/Documents/SEP_projects/HW_SW/SEPmonG3/SEPmonG3/ps7_cortexa9_0/standalone_domain/bsp/system.mss|system_0||
C:/Users/gusta/Documents/SEP_projects/HW_SW/SEPmonG3/SEPmonG3/zynq_fsbl/zynq_fsbl_bsp/system.mss|system||
C:/Users/gusta/Documents/SEP_projects/HW_SW/SEPmonG3/SEPmonG3V3/zynq_fsbl/zynq_fsbl_bsp/system.mss|system_1||

TRACE::2024-07-07.17:32:54::SCWMssOS::No sw design opened at  C:/Users/gusta/Documents/SEP_projects/HW_SW/SEPmonG3/SEPmonG3V3/ps7_cortexa9_0/standalone_domain/bsp/system.mss
TRACE::2024-07-07.17:32:54::SCWMssOS::mss exists loading the mss file  C:/Users/gusta/Documents/SEP_projects/HW_SW/SEPmonG3/SEPmonG3V3/ps7_cortexa9_0/standalone_domain/bsp/system.mss
TRACE::2024-07-07.17:32:54::SCWMssOS::Opened the sw design from mss  C:/Users/gusta/Documents/SEP_projects/HW_SW/SEPmonG3/SEPmonG3V3/ps7_cortexa9_0/standalone_domain/bsp/system.mss
TRACE::2024-07-07.17:32:54::SCWMssOS::Adding the swdes entry C:/Users/gusta/Documents/SEP_projects/HW_SW/SEPmonG3/SEPmonG3V3/ps7_cortexa9_0/standalone_domain/bsp/system.mss with des name system_2
TRACE::2024-07-07.17:32:54::SCWMssOS::updating the scw layer about changes
TRACE::2024-07-07.17:32:54::SCWMssOS::Opened the sw design.  C:/Users/gusta/Documents/SEP_projects/HW_SW/SEPmonG3/SEPmonG3V3/ps7_cortexa9_0/standalone_domain/bsp/system.mss
TRACE::2024-07-07.17:32:54::SCWMssOS::Saving the mss changes C:/Users/gusta/Documents/SEP_projects/HW_SW/SEPmonG3/SEPmonG3V3/ps7_cortexa9_0/standalone_domain/bsp/system.mss
TRACE::2024-07-07.17:32:54::SCWMssOS::Found a swdesign opened with the mssfile.
TRACE::2024-07-07.17:32:54::SCWMssOS::Completed writemss as part of save.
TRACE::2024-07-07.17:32:54::SCWMssOS::Commit changes completed.
TRACE::2024-07-07.17:32:54::SCWReader::Adding prebuilt librarypaths as   
TRACE::2024-07-07.17:32:54::SCWReader::Adding prebuilt incpaths  as   
TRACE::2024-07-07.17:32:54::SCWPlatform::Trying to open the hw design at C:/Users/gusta/Documents/SEP_projects/HW_SW/SEPmonG3/SEPmonG3V3/hw/SEPmonG3V4.xsa
TRACE::2024-07-07.17:32:54::SCWPlatform::DSA given C:/Users/gusta/Documents/SEP_projects/HW_SW/SEPmonG3/SEPmonG3V3/hw/SEPmonG3V4.xsa
TRACE::2024-07-07.17:32:54::SCWPlatform::DSA absoulate path C:/Users/gusta/Documents/SEP_projects/HW_SW/SEPmonG3/SEPmonG3V3/hw/SEPmonG3V4.xsa
TRACE::2024-07-07.17:32:54::SCWPlatform::DSA directory C:/Users/gusta/Documents/SEP_projects/HW_SW/SEPmonG3/SEPmonG3V3/hw
TRACE::2024-07-07.17:32:54::SCWPlatform:: Platform Path C:/Users/gusta/Documents/SEP_projects/HW_SW/SEPmonG3/SEPmonG3V3/hw/SEPmonG3V4.xsa
TRACE::2024-07-07.17:32:54::SCWPlatform:: Unique name xilinx:zybo-z7-10::0.0
TRACE::2024-07-07.17:32:54::SCWPlatform::Trying to set the existing hwdb with name DEMO_wrapper_35
TRACE::2024-07-07.17:32:54::SCWPlatform::Opened existing hwdb DEMO_wrapper_35
TRACE::2024-07-07.17:32:54::SCWPlatform::Found the Hw Db part of the input DSA
TRACE::2024-07-07.17:32:54::SCWMssOS::Checking the sw design at  C:/Users/gusta/Documents/SEP_projects/HW_SW/SEPmonG3/SEPmonG3V3/ps7_cortexa9_0/standalone_domain/bsp/system.mss
TRACE::2024-07-07.17:32:54::SCWMssOS::DEBUG:  swdes dump  C:/Users/gusta/Documents/SEP_projects/HW_SW/SEPmonG3/SEPmonG3/ps7_cortexa9_0/standalone_domain/bsp/system.mss|system_0||
C:/Users/gusta/Documents/SEP_projects/HW_SW/SEPmonG3/SEPmonG3/zynq_fsbl/zynq_fsbl_bsp/system.mss|system||
C:/Users/gusta/Documents/SEP_projects/HW_SW/SEPmonG3/SEPmonG3V3/ps7_cortexa9_0/standalone_domain/bsp/system.mss|system_2||
C:/Users/gusta/Documents/SEP_projects/HW_SW/SEPmonG3/SEPmonG3V3/zynq_fsbl/zynq_fsbl_bsp/system.mss|system_1||

TRACE::2024-07-07.17:32:54::SCWMssOS::Sw design exists and opened at  C:/Users/gusta/Documents/SEP_projects/HW_SW/SEPmonG3/SEPmonG3V3/ps7_cortexa9_0/standalone_domain/bsp/system.mss
TRACE::2024-07-07.17:32:54::SCWReader::No isolation master present  
LOG::2024-07-07.17:33:06::SCWPlatform::Started generating the artifacts platform SEPmonG3V3
TRACE::2024-07-07.17:33:06::SCWPlatform::Sanity checking of platform is completed
LOG::2024-07-07.17:33:06::SCWPlatform::Started generating the artifacts for system configuration SEPmonG3V3
LOG::2024-07-07.17:33:06::SCWSystem::Checking the domain zynq_fsbl
LOG::2024-07-07.17:33:06::SCWSystem::Doing application build for :  zynq_fsbl
TRACE::2024-07-07.17:33:06::SCWBDomain::Not a forced makefile updation, No changes are present. 
TRACE::2024-07-07.17:33:06::SCWDomain::Skipping the build for domain :  zynq_fsbl
LOG::2024-07-07.17:33:06::SCWSystem::Checking the domain standalone_domain
LOG::2024-07-07.17:33:06::SCWSystem::Not a boot domain 
LOG::2024-07-07.17:33:06::SCWSystem::Started Processing the domain standalone_domain
TRACE::2024-07-07.17:33:06::SCWDomain::Generating domain artifcats
TRACE::2024-07-07.17:33:06::SCWMssOS::Generating standalone artifcats
TRACE::2024-07-07.17:33:06::SCWMssOS::Copying the qemu file from  C:/Xilinx/Vitis/2020.1/data/emulation/platforms/zynq/qemu/qemu_args.txt To C:/Users/gusta/Documents/SEP_projects/HW_SW/SEPmonG3/SEPmonG3V3/export/SEPmonG3V3/sw/SEPmonG3V3/qemu/
TRACE::2024-07-07.17:33:06::SCWMssOS::Copying the qemu file from  C:/Xilinx/Vitis/2020.1/data/emulation/platforms/zynq/qemu/qemu_args.txt To C:/Users/gusta/Documents/SEP_projects/HW_SW/SEPmonG3/SEPmonG3V3/export/SEPmonG3V3/sw/SEPmonG3V3/standalone_domain/qemu/
TRACE::2024-07-07.17:33:06::SCWMssOS:: Copying the user libraries. 
TRACE::2024-07-07.17:33:06::SCWPlatform::Trying to open the hw design at C:/Users/gusta/Documents/SEP_projects/HW_SW/SEPmonG3/SEPmonG3V3/hw/SEPmonG3V4.xsa
TRACE::2024-07-07.17:33:06::SCWPlatform::DSA given C:/Users/gusta/Documents/SEP_projects/HW_SW/SEPmonG3/SEPmonG3V3/hw/SEPmonG3V4.xsa
TRACE::2024-07-07.17:33:06::SCWPlatform::DSA absoulate path C:/Users/gusta/Documents/SEP_projects/HW_SW/SEPmonG3/SEPmonG3V3/hw/SEPmonG3V4.xsa
TRACE::2024-07-07.17:33:06::SCWPlatform::DSA directory C:/Users/gusta/Documents/SEP_projects/HW_SW/SEPmonG3/SEPmonG3V3/hw
TRACE::2024-07-07.17:33:06::SCWPlatform:: Platform Path C:/Users/gusta/Documents/SEP_projects/HW_SW/SEPmonG3/SEPmonG3V3/hw/SEPmonG3V4.xsa
TRACE::2024-07-07.17:33:06::SCWPlatform:: Unique name xilinx:zybo-z7-10::0.0
TRACE::2024-07-07.17:33:06::SCWPlatform::Trying to set the existing hwdb with name DEMO_wrapper_35
TRACE::2024-07-07.17:33:06::SCWPlatform::Opened existing hwdb DEMO_wrapper_35
TRACE::2024-07-07.17:33:06::SCWPlatform::Found the Hw Db part of the input DSA
TRACE::2024-07-07.17:33:06::SCWMssOS::Checking the sw design at  C:/Users/gusta/Documents/SEP_projects/HW_SW/SEPmonG3/SEPmonG3V3/ps7_cortexa9_0/standalone_domain/bsp/system.mss
TRACE::2024-07-07.17:33:06::SCWMssOS::DEBUG:  swdes dump  C:/Users/gusta/Documents/SEP_projects/HW_SW/SEPmonG3/SEPmonG3/ps7_cortexa9_0/standalone_domain/bsp/system.mss|system_0||
C:/Users/gusta/Documents/SEP_projects/HW_SW/SEPmonG3/SEPmonG3/zynq_fsbl/zynq_fsbl_bsp/system.mss|system||
C:/Users/gusta/Documents/SEP_projects/HW_SW/SEPmonG3/SEPmonG3V3/ps7_cortexa9_0/standalone_domain/bsp/system.mss|system_2||
C:/Users/gusta/Documents/SEP_projects/HW_SW/SEPmonG3/SEPmonG3V3/zynq_fsbl/zynq_fsbl_bsp/system.mss|system_1||

TRACE::2024-07-07.17:33:06::SCWMssOS::Sw design exists and opened at  C:/Users/gusta/Documents/SEP_projects/HW_SW/SEPmonG3/SEPmonG3V3/ps7_cortexa9_0/standalone_domain/bsp/system.mss
TRACE::2024-07-07.17:33:06::SCWMssOS::Completed writing the mss file at C:/Users/gusta/Documents/SEP_projects/HW_SW/SEPmonG3/SEPmonG3V3/ps7_cortexa9_0/standalone_domain/bsp
TRACE::2024-07-07.17:33:06::SCWMssOS::Mss edits present, copying mssfile into export location C:/Users/gusta/Documents/SEP_projects/HW_SW/SEPmonG3/SEPmonG3V3/ps7_cortexa9_0/standalone_domain/bsp/system.mss
TRACE::2024-07-07.17:33:06::SCWMssOS::bsp generated is upto date with the mss file. Skipping bsp generation.
TRACE::2024-07-07.17:33:06::SCWMssOS::BSP is already built. skipping the bsp build ... 
TRACE::2024-07-07.17:33:06::SCWDomain::Skipping the build for domain :  standalone_domain
TRACE::2024-07-07.17:33:06::SCWMssOS::skipping the bsp build ... 
TRACE::2024-07-07.17:33:06::SCWMssOS::Copying to export directory.
TRACE::2024-07-07.17:33:06::SCWMssOS:: Checking if to create the Supporting Applications
TRACE::2024-07-07.17:33:06::SCWMssOS:: No Linux domain exists, trying to generate FSBL 
LOG::2024-07-07.17:33:06::SCWSystem::Completed Processing the domain standalone_domain
LOG::2024-07-07.17:33:06::SCWSystem::Completed Processing the sysconfig SEPmonG3V3
LOG::2024-07-07.17:33:06::SCWPlatform::Completed generating the artifacts for system configuration SEPmonG3V3
TRACE::2024-07-07.17:33:06::SCWPlatform::Started preparing the platform 
TRACE::2024-07-07.17:33:06::SCWSystem::Writing the bif file for system config SEPmonG3V3
TRACE::2024-07-07.17:33:06::SCWSystem::dir created 
TRACE::2024-07-07.17:33:06::SCWSystem::Writing the bif 
TRACE::2024-07-07.17:33:06::SCWPlatform::Started writing the spfm file 
TRACE::2024-07-07.17:33:06::SCWPlatform::Started writing the xpfm file 
TRACE::2024-07-07.17:33:06::SCWPlatform::Completed generating the platform
TRACE::2024-07-07.17:33:06::SCWMssOS::Saving the mss changes C:/Users/gusta/Documents/SEP_projects/HW_SW/SEPmonG3/SEPmonG3V3/zynq_fsbl/zynq_fsbl_bsp/system.mss
TRACE::2024-07-07.17:33:06::SCWMssOS::Found a swdesign opened with the mssfile.
TRACE::2024-07-07.17:33:06::SCWMssOS::Completed writemss as part of save.
TRACE::2024-07-07.17:33:06::SCWMssOS::Commit changes completed.
TRACE::2024-07-07.17:33:06::SCWMssOS::Saving the mss changes C:/Users/gusta/Documents/SEP_projects/HW_SW/SEPmonG3/SEPmonG3V3/ps7_cortexa9_0/standalone_domain/bsp/system.mss
TRACE::2024-07-07.17:33:06::SCWMssOS::Found a swdesign opened with the mssfile.
TRACE::2024-07-07.17:33:06::SCWMssOS::Completed writemss as part of save.
TRACE::2024-07-07.17:33:06::SCWMssOS::Commit changes completed.
TRACE::2024-07-07.17:33:06::SCWPlatform::Trying to open the hw design at C:/Users/gusta/Documents/SEP_projects/HW_SW/SEPmonG3/SEPmonG3V3/hw/SEPmonG3V4.xsa
TRACE::2024-07-07.17:33:06::SCWPlatform::DSA given C:/Users/gusta/Documents/SEP_projects/HW_SW/SEPmonG3/SEPmonG3V3/hw/SEPmonG3V4.xsa
TRACE::2024-07-07.17:33:06::SCWPlatform::DSA absoulate path C:/Users/gusta/Documents/SEP_projects/HW_SW/SEPmonG3/SEPmonG3V3/hw/SEPmonG3V4.xsa
TRACE::2024-07-07.17:33:06::SCWPlatform::DSA directory C:/Users/gusta/Documents/SEP_projects/HW_SW/SEPmonG3/SEPmonG3V3/hw
TRACE::2024-07-07.17:33:06::SCWPlatform:: Platform Path C:/Users/gusta/Documents/SEP_projects/HW_SW/SEPmonG3/SEPmonG3V3/hw/SEPmonG3V4.xsa
TRACE::2024-07-07.17:33:06::SCWPlatform:: Unique name xilinx:zybo-z7-10::0.0
TRACE::2024-07-07.17:33:06::SCWPlatform::Trying to set the existing hwdb with name DEMO_wrapper_35
TRACE::2024-07-07.17:33:06::SCWPlatform::Opened existing hwdb DEMO_wrapper_35
TRACE::2024-07-07.17:33:06::SCWPlatform::Found the Hw Db part of the input DSA
TRACE::2024-07-07.17:33:06::SCWMssOS::Checking the sw design at  C:/Users/gusta/Documents/SEP_projects/HW_SW/SEPmonG3/SEPmonG3V3/zynq_fsbl/zynq_fsbl_bsp/system.mss
TRACE::2024-07-07.17:33:06::SCWMssOS::DEBUG:  swdes dump  C:/Users/gusta/Documents/SEP_projects/HW_SW/SEPmonG3/SEPmonG3/ps7_cortexa9_0/standalone_domain/bsp/system.mss|system_0||
C:/Users/gusta/Documents/SEP_projects/HW_SW/SEPmonG3/SEPmonG3/zynq_fsbl/zynq_fsbl_bsp/system.mss|system||
C:/Users/gusta/Documents/SEP_projects/HW_SW/SEPmonG3/SEPmonG3V3/ps7_cortexa9_0/standalone_domain/bsp/system.mss|system_2||
C:/Users/gusta/Documents/SEP_projects/HW_SW/SEPmonG3/SEPmonG3V3/zynq_fsbl/zynq_fsbl_bsp/system.mss|system_1||

TRACE::2024-07-07.17:33:06::SCWMssOS::Sw design exists and opened at  C:/Users/gusta/Documents/SEP_projects/HW_SW/SEPmonG3/SEPmonG3V3/zynq_fsbl/zynq_fsbl_bsp/system.mss
TRACE::2024-07-07.17:33:06::SCWPlatform::Trying to open the hw design at C:/Users/gusta/Documents/SEP_projects/HW_SW/SEPmonG3/SEPmonG3V3/hw/SEPmonG3V4.xsa
TRACE::2024-07-07.17:33:06::SCWPlatform::DSA given C:/Users/gusta/Documents/SEP_projects/HW_SW/SEPmonG3/SEPmonG3V3/hw/SEPmonG3V4.xsa
TRACE::2024-07-07.17:33:06::SCWPlatform::DSA absoulate path C:/Users/gusta/Documents/SEP_projects/HW_SW/SEPmonG3/SEPmonG3V3/hw/SEPmonG3V4.xsa
TRACE::2024-07-07.17:33:06::SCWPlatform::DSA directory C:/Users/gusta/Documents/SEP_projects/HW_SW/SEPmonG3/SEPmonG3V3/hw
TRACE::2024-07-07.17:33:06::SCWPlatform:: Platform Path C:/Users/gusta/Documents/SEP_projects/HW_SW/SEPmonG3/SEPmonG3V3/hw/SEPmonG3V4.xsa
TRACE::2024-07-07.17:33:06::SCWPlatform:: Unique name xilinx:zybo-z7-10::0.0
TRACE::2024-07-07.17:33:06::SCWPlatform::Trying to set the existing hwdb with name DEMO_wrapper_35
TRACE::2024-07-07.17:33:06::SCWPlatform::Opened existing hwdb DEMO_wrapper_35
TRACE::2024-07-07.17:33:06::SCWPlatform::Found the Hw Db part of the input DSA
TRACE::2024-07-07.17:33:06::SCWMssOS::Checking the sw design at  C:/Users/gusta/Documents/SEP_projects/HW_SW/SEPmonG3/SEPmonG3V3/ps7_cortexa9_0/standalone_domain/bsp/system.mss
TRACE::2024-07-07.17:33:06::SCWMssOS::DEBUG:  swdes dump  C:/Users/gusta/Documents/SEP_projects/HW_SW/SEPmonG3/SEPmonG3/ps7_cortexa9_0/standalone_domain/bsp/system.mss|system_0||
C:/Users/gusta/Documents/SEP_projects/HW_SW/SEPmonG3/SEPmonG3/zynq_fsbl/zynq_fsbl_bsp/system.mss|system||
C:/Users/gusta/Documents/SEP_projects/HW_SW/SEPmonG3/SEPmonG3V3/ps7_cortexa9_0/standalone_domain/bsp/system.mss|system_2||
C:/Users/gusta/Documents/SEP_projects/HW_SW/SEPmonG3/SEPmonG3V3/zynq_fsbl/zynq_fsbl_bsp/system.mss|system_1||

TRACE::2024-07-07.17:33:06::SCWMssOS::Sw design exists and opened at  C:/Users/gusta/Documents/SEP_projects/HW_SW/SEPmonG3/SEPmonG3V3/ps7_cortexa9_0/standalone_domain/bsp/system.mss
TRACE::2024-07-07.17:33:06::SCWWriter::formatted JSON is {
	"platformName":	"SEPmonG3V3",
	"sprVersion":	"2.0",
	"mode":	"gui",
	"dsaType":	"Fixed",
	"platformDesc":	"SEPmonG3V3",
	"platHandOff":	"C:/Users/gusta/Documents/SEP_projects/HW_SW/SEPmonG3/SEPmon/SEPmonG3V4.xsa",
	"platIntHandOff":	"<platformDir>/hw/SEPmonG3V4.xsa",
	"deviceType":	"zynq",
	"platIsPrebuiltAutogen":	"false",
	"platIsNoBootBsp":	"false",
	"hasFsblMakeHasChanges":	"false",
	"hasPmufwMakeHasChanges":	"false",
	"fsblExtraCompilerFlags":	"-MMD -MP       -mcpu=cortex-a9 -mfpu=vfpv3 -mfloat-abi=hard ",
	"platPreBuiltFlag":	false,
	"platformSamplesDir":	"",
	"platActiveSys":	"SEPmonG3V3",
	"systems":	[{
			"systemName":	"SEPmonG3V3",
			"systemDesc":	"SEPmonG3V3",
			"sysIsBootAutoGen":	"true",
			"systemDispName":	"SEPmonG3V3",
			"sysActiveDom":	"standalone_domain",
			"sysDefaultDom":	"standalone_domain",
			"domains":	[{
					"domainName":	"zynq_fsbl",
					"domainDispName":	"zynq_fsbl",
					"domainDesc":	"FSBL Application BSP - Auto Generated.",
					"processors":	"ps7_cortexa9_0",
					"os":	"standalone",
					"sdxOs":	"standalone",
					"debugEnable":	"",
					"domRuntimes":	["cpp"],
					"swRepo":	"",
					"mssOsVer":	"7.2",
					"mssFile":	"",
					"md5Digest":	"1c3d65b23234dc3ec6f7ff2cc82e7a29",
					"compatibleApp":	"zynq_fsbl",
					"domType":	"bootDomain",
					"appSettings":	{
						"appCompilerFlags":	"",
						"appLinkerFlags":	""
					},
					"addedLibs":	["xilffs:4.3", "xilrsa:1.6"],
					"libOptions":	{
						"libsContainingOptions":	[]
					},
					"prebuiltLibs":	{
						"prebuiltIncPath":	[],
						"prebuiltLibPath":	[]
					},
					"isolation":	{
					}
				}, {
					"domainName":	"standalone_domain",
					"domainDispName":	"standalone on ps7_cortexa9_0",
					"domainDesc":	"standalone_domain",
					"processors":	"ps7_cortexa9_0",
					"os":	"standalone",
					"sdxOs":	"standalone",
					"qemuArgs":	"C:/Xilinx/Vitis/2020.1/data/emulation/platforms/zynq/qemu/qemu_args.txt",
					"qemuData":	"C:/Xilinx/Vitis/2020.1/data/emulation/platforms/zynq/qemu/",
					"debugEnable":	"False",
					"domRuntimes":	["cpp"],
					"swRepo":	"",
					"mssOsVer":	"7.2",
					"mssFile":	"",
					"md5Digest":	"96a2233cbaff12ac4b4b6f28a05a4e23",
					"compatibleApp":	"",
					"domType":	"mssDomain",
					"appSettings":	{
						"appCompilerFlags":	"",
						"appLinkerFlags":	""
					},
					"addedLibs":	[],
					"libOptions":	{
						"libsContainingOptions":	[]
					},
					"prebuiltLibs":	{
						"prebuiltIncPath":	[],
						"prebuiltLibPath":	[]
					},
					"isolation":	{
					}
				}]
		}]
}
KEYINFO::2024-07-07.17:33:06::SCWPlatform::updated the xpfm file.
TRACE::2024-07-07.17:33:06::SCWPlatform::Trying to open the hw design at C:/Users/gusta/Documents/SEP_projects/HW_SW/SEPmonG3/SEPmonG3V3/hw/SEPmonG3V4.xsa
TRACE::2024-07-07.17:33:06::SCWPlatform::DSA given C:/Users/gusta/Documents/SEP_projects/HW_SW/SEPmonG3/SEPmonG3V3/hw/SEPmonG3V4.xsa
TRACE::2024-07-07.17:33:06::SCWPlatform::DSA absoulate path C:/Users/gusta/Documents/SEP_projects/HW_SW/SEPmonG3/SEPmonG3V3/hw/SEPmonG3V4.xsa
TRACE::2024-07-07.17:33:06::SCWPlatform::DSA directory C:/Users/gusta/Documents/SEP_projects/HW_SW/SEPmonG3/SEPmonG3V3/hw
TRACE::2024-07-07.17:33:06::SCWPlatform:: Platform Path C:/Users/gusta/Documents/SEP_projects/HW_SW/SEPmonG3/SEPmonG3V3/hw/SEPmonG3V4.xsa
TRACE::2024-07-07.17:33:06::SCWPlatform:: Unique name xilinx:zybo-z7-10::0.0
TRACE::2024-07-07.17:33:06::SCWPlatform::Trying to set the existing hwdb with name DEMO_wrapper_35
TRACE::2024-07-07.17:33:06::SCWPlatform::Opened existing hwdb DEMO_wrapper_35
TRACE::2024-07-07.17:33:06::SCWPlatform::Found the Hw Db part of the input DSA
TRACE::2024-07-07.17:33:06::SCWMssOS::Checking the sw design at  C:/Users/gusta/Documents/SEP_projects/HW_SW/SEPmonG3/SEPmonG3V3/ps7_cortexa9_0/standalone_domain/bsp/system.mss
TRACE::2024-07-07.17:33:06::SCWMssOS::DEBUG:  swdes dump  C:/Users/gusta/Documents/SEP_projects/HW_SW/SEPmonG3/SEPmonG3/ps7_cortexa9_0/standalone_domain/bsp/system.mss|system_0||
C:/Users/gusta/Documents/SEP_projects/HW_SW/SEPmonG3/SEPmonG3/zynq_fsbl/zynq_fsbl_bsp/system.mss|system||
C:/Users/gusta/Documents/SEP_projects/HW_SW/SEPmonG3/SEPmonG3V3/ps7_cortexa9_0/standalone_domain/bsp/system.mss|system_2||
C:/Users/gusta/Documents/SEP_projects/HW_SW/SEPmonG3/SEPmonG3V3/zynq_fsbl/zynq_fsbl_bsp/system.mss|system_1||

TRACE::2024-07-07.17:33:06::SCWMssOS::Sw design exists and opened at  C:/Users/gusta/Documents/SEP_projects/HW_SW/SEPmonG3/SEPmonG3V3/ps7_cortexa9_0/standalone_domain/bsp/system.mss
TRACE::2024-07-07.17:45:32::SCWPlatform::Trying to open the hw design at C:/Users/gusta/Documents/SEP_projects/HW_SW/SEPmonG3/SEPmonG3V3/hw/SEPmonG3V4.xsa
TRACE::2024-07-07.17:45:32::SCWPlatform::DSA given C:/Users/gusta/Documents/SEP_projects/HW_SW/SEPmonG3/SEPmonG3V3/hw/SEPmonG3V4.xsa
TRACE::2024-07-07.17:45:32::SCWPlatform::DSA absoulate path C:/Users/gusta/Documents/SEP_projects/HW_SW/SEPmonG3/SEPmonG3V3/hw/SEPmonG3V4.xsa
TRACE::2024-07-07.17:45:32::SCWPlatform::DSA directory C:/Users/gusta/Documents/SEP_projects/HW_SW/SEPmonG3/SEPmonG3V3/hw
TRACE::2024-07-07.17:45:32::SCWPlatform:: Platform Path C:/Users/gusta/Documents/SEP_projects/HW_SW/SEPmonG3/SEPmonG3V3/hw/SEPmonG3V4.xsa
TRACE::2024-07-07.17:45:32::SCWPlatform:: Unique name xilinx:zybo-z7-10::0.0
TRACE::2024-07-07.17:45:32::SCWPlatform::Trying to set the existing hwdb with name DEMO_wrapper_35
TRACE::2024-07-07.17:45:32::SCWPlatform::Opened existing hwdb DEMO_wrapper_35
TRACE::2024-07-07.17:45:32::SCWPlatform::Found the Hw Db part of the input DSA
TRACE::2024-07-07.17:45:32::SCWPlatform::DSA given C:/Users/gusta/Documents/SEP_projects/HW_SW/SEPmonG3/SEPmonG3V3/tempdsa/SEPmonG3V5.xsa
TRACE::2024-07-07.17:45:32::SCWPlatform::DSA absoulate path C:/Users/gusta/Documents/SEP_projects/HW_SW/SEPmonG3/SEPmonG3V3/tempdsa/SEPmonG3V5.xsa
TRACE::2024-07-07.17:45:32::SCWPlatform:: Platform location is C:/Users/gusta/Documents/SEP_projects/HW_SW/SEPmonG3/SEPmonG3V3/tempdsa
TRACE::2024-07-07.17:45:32::SCWPlatform:: Platform Path C:/Users/gusta/Documents/SEP_projects/HW_SW/SEPmonG3/SEPmonG3V3/tempdsa/SEPmonG3V5.xsa
TRACE::2024-07-07.17:45:32::SCWPlatform:: Unique name xilinx:zybo-z7-10::0.0
TRACE::2024-07-07.17:45:35::SCWPlatform::Found the Hw Db part of the input DSA
TRACE::2024-07-07.17:45:35::SCWMssOS::Doing hw sync for the mss in domain: zynq_fsbl
TRACE::2024-07-07.17:45:35::SCWPlatform::Trying to open the hw design at C:/Users/gusta/Documents/SEP_projects/HW_SW/SEPmonG3/SEPmonG3V3/hw/SEPmonG3V4.xsa
TRACE::2024-07-07.17:45:35::SCWPlatform::DSA given C:/Users/gusta/Documents/SEP_projects/HW_SW/SEPmonG3/SEPmonG3V3/hw/SEPmonG3V4.xsa
TRACE::2024-07-07.17:45:35::SCWPlatform::DSA absoulate path C:/Users/gusta/Documents/SEP_projects/HW_SW/SEPmonG3/SEPmonG3V3/hw/SEPmonG3V4.xsa
TRACE::2024-07-07.17:45:35::SCWPlatform::DSA directory C:/Users/gusta/Documents/SEP_projects/HW_SW/SEPmonG3/SEPmonG3V3/hw
TRACE::2024-07-07.17:45:35::SCWPlatform:: Platform Path C:/Users/gusta/Documents/SEP_projects/HW_SW/SEPmonG3/SEPmonG3V3/hw/SEPmonG3V4.xsa
TRACE::2024-07-07.17:45:35::SCWPlatform:: Unique name xilinx:zybo-z7-10::0.0
TRACE::2024-07-07.17:45:35::SCWPlatform::Trying to set the existing hwdb with name DEMO_wrapper_35
TRACE::2024-07-07.17:45:35::SCWPlatform::Opened existing hwdb DEMO_wrapper_35
TRACE::2024-07-07.17:45:35::SCWPlatform::Found the Hw Db part of the input DSA
TRACE::2024-07-07.17:45:35::SCWPlatform::Trying to open the hw design at C:/Users/gusta/Documents/SEP_projects/HW_SW/SEPmonG3/SEPmonG3V3/hw/SEPmonG3V4.xsa
TRACE::2024-07-07.17:45:35::SCWPlatform::DSA given C:/Users/gusta/Documents/SEP_projects/HW_SW/SEPmonG3/SEPmonG3V3/hw/SEPmonG3V4.xsa
TRACE::2024-07-07.17:45:35::SCWPlatform::DSA absoulate path C:/Users/gusta/Documents/SEP_projects/HW_SW/SEPmonG3/SEPmonG3V3/hw/SEPmonG3V4.xsa
TRACE::2024-07-07.17:45:35::SCWPlatform::DSA directory C:/Users/gusta/Documents/SEP_projects/HW_SW/SEPmonG3/SEPmonG3V3/hw
TRACE::2024-07-07.17:45:35::SCWPlatform:: Platform Path C:/Users/gusta/Documents/SEP_projects/HW_SW/SEPmonG3/SEPmonG3V3/hw/SEPmonG3V4.xsa
TRACE::2024-07-07.17:45:35::SCWPlatform:: Unique name xilinx:zybo-z7-10::0.0
TRACE::2024-07-07.17:45:35::SCWPlatform::Trying to set the existing hwdb with name DEMO_wrapper_35
TRACE::2024-07-07.17:45:35::SCWPlatform::Opened existing hwdb DEMO_wrapper_35
TRACE::2024-07-07.17:45:35::SCWPlatform::Found the Hw Db part of the input DSA
TRACE::2024-07-07.17:45:35::SCWMssOS::Checking the sw design at  C:/Users/gusta/Documents/SEP_projects/HW_SW/SEPmonG3/SEPmonG3V3/zynq_fsbl/zynq_fsbl_bsp/system.mss
TRACE::2024-07-07.17:45:35::SCWMssOS::DEBUG:  swdes dump  C:/Users/gusta/Documents/SEP_projects/HW_SW/SEPmonG3/SEPmonG3/ps7_cortexa9_0/standalone_domain/bsp/system.mss|system_0||
C:/Users/gusta/Documents/SEP_projects/HW_SW/SEPmonG3/SEPmonG3/zynq_fsbl/zynq_fsbl_bsp/system.mss|system||
C:/Users/gusta/Documents/SEP_projects/HW_SW/SEPmonG3/SEPmonG3V3/ps7_cortexa9_0/standalone_domain/bsp/system.mss|system_2||
C:/Users/gusta/Documents/SEP_projects/HW_SW/SEPmonG3/SEPmonG3V3/zynq_fsbl/zynq_fsbl_bsp/system.mss|system_1||

TRACE::2024-07-07.17:45:35::SCWMssOS::Sw design exists and opened at  C:/Users/gusta/Documents/SEP_projects/HW_SW/SEPmonG3/SEPmonG3V3/zynq_fsbl/zynq_fsbl_bsp/system.mss
TRACE::2024-07-07.17:45:35::SCWPlatform::Trying to open the hw design at C:/Users/gusta/Documents/SEP_projects/HW_SW/SEPmonG3/SEPmonG3V3/tempdsa/SEPmonG3V5.xsa
TRACE::2024-07-07.17:45:35::SCWPlatform::DSA given C:/Users/gusta/Documents/SEP_projects/HW_SW/SEPmonG3/SEPmonG3V3/tempdsa/SEPmonG3V5.xsa
TRACE::2024-07-07.17:45:35::SCWPlatform::DSA absoulate path C:/Users/gusta/Documents/SEP_projects/HW_SW/SEPmonG3/SEPmonG3V3/tempdsa/SEPmonG3V5.xsa
TRACE::2024-07-07.17:45:35::SCWPlatform::DSA directory C:/Users/gusta/Documents/SEP_projects/HW_SW/SEPmonG3/SEPmonG3V3/tempdsa
TRACE::2024-07-07.17:45:35::SCWPlatform:: Platform Path C:/Users/gusta/Documents/SEP_projects/HW_SW/SEPmonG3/SEPmonG3V3/tempdsa/SEPmonG3V5.xsa
TRACE::2024-07-07.17:45:35::SCWPlatform:: Unique name xilinx:zybo-z7-10::0.0
TRACE::2024-07-07.17:45:35::SCWPlatform::update - Opened existing hwdb DEMO_wrapper_40
TRACE::2024-07-07.17:45:35::SCWPlatform::Found the Hw Db part of the input DSA
TRACE::2024-07-07.17:45:35::SCWMssOS::Doing hw sync for the mss in domain: standalone_domain
TRACE::2024-07-07.17:45:35::SCWPlatform::Trying to open the hw design at C:/Users/gusta/Documents/SEP_projects/HW_SW/SEPmonG3/SEPmonG3V3/hw/SEPmonG3V4.xsa
TRACE::2024-07-07.17:45:35::SCWPlatform::DSA given C:/Users/gusta/Documents/SEP_projects/HW_SW/SEPmonG3/SEPmonG3V3/hw/SEPmonG3V4.xsa
TRACE::2024-07-07.17:45:35::SCWPlatform::DSA absoulate path C:/Users/gusta/Documents/SEP_projects/HW_SW/SEPmonG3/SEPmonG3V3/hw/SEPmonG3V4.xsa
TRACE::2024-07-07.17:45:35::SCWPlatform::DSA directory C:/Users/gusta/Documents/SEP_projects/HW_SW/SEPmonG3/SEPmonG3V3/hw
TRACE::2024-07-07.17:45:35::SCWPlatform:: Platform Path C:/Users/gusta/Documents/SEP_projects/HW_SW/SEPmonG3/SEPmonG3V3/hw/SEPmonG3V4.xsa
TRACE::2024-07-07.17:45:35::SCWPlatform:: Unique name xilinx:zybo-z7-10::0.0
TRACE::2024-07-07.17:45:35::SCWPlatform::Trying to set the existing hwdb with name DEMO_wrapper_35
TRACE::2024-07-07.17:45:35::SCWPlatform::Opened existing hwdb DEMO_wrapper_35
TRACE::2024-07-07.17:45:35::SCWPlatform::Found the Hw Db part of the input DSA
TRACE::2024-07-07.17:45:35::SCWPlatform::Trying to open the hw design at C:/Users/gusta/Documents/SEP_projects/HW_SW/SEPmonG3/SEPmonG3V3/hw/SEPmonG3V4.xsa
TRACE::2024-07-07.17:45:35::SCWPlatform::DSA given C:/Users/gusta/Documents/SEP_projects/HW_SW/SEPmonG3/SEPmonG3V3/hw/SEPmonG3V4.xsa
TRACE::2024-07-07.17:45:35::SCWPlatform::DSA absoulate path C:/Users/gusta/Documents/SEP_projects/HW_SW/SEPmonG3/SEPmonG3V3/hw/SEPmonG3V4.xsa
TRACE::2024-07-07.17:45:35::SCWPlatform::DSA directory C:/Users/gusta/Documents/SEP_projects/HW_SW/SEPmonG3/SEPmonG3V3/hw
TRACE::2024-07-07.17:45:35::SCWPlatform:: Platform Path C:/Users/gusta/Documents/SEP_projects/HW_SW/SEPmonG3/SEPmonG3V3/hw/SEPmonG3V4.xsa
TRACE::2024-07-07.17:45:35::SCWPlatform:: Unique name xilinx:zybo-z7-10::0.0
TRACE::2024-07-07.17:45:35::SCWPlatform::Trying to set the existing hwdb with name DEMO_wrapper_35
TRACE::2024-07-07.17:45:35::SCWPlatform::Opened existing hwdb DEMO_wrapper_35
TRACE::2024-07-07.17:45:35::SCWPlatform::Found the Hw Db part of the input DSA
TRACE::2024-07-07.17:45:35::SCWMssOS::Checking the sw design at  C:/Users/gusta/Documents/SEP_projects/HW_SW/SEPmonG3/SEPmonG3V3/ps7_cortexa9_0/standalone_domain/bsp/system.mss
TRACE::2024-07-07.17:45:35::SCWMssOS::DEBUG:  swdes dump  C:/Users/gusta/Documents/SEP_projects/HW_SW/SEPmonG3/SEPmonG3/ps7_cortexa9_0/standalone_domain/bsp/system.mss|system_0||
C:/Users/gusta/Documents/SEP_projects/HW_SW/SEPmonG3/SEPmonG3/zynq_fsbl/zynq_fsbl_bsp/system.mss|system||
C:/Users/gusta/Documents/SEP_projects/HW_SW/SEPmonG3/SEPmonG3V3/ps7_cortexa9_0/standalone_domain/bsp/system.mss|system_2||
C:/Users/gusta/Documents/SEP_projects/HW_SW/SEPmonG3/SEPmonG3V3/zynq_fsbl/zynq_fsbl_bsp/system.mss|system_1||

TRACE::2024-07-07.17:45:35::SCWMssOS::Sw design exists and opened at  C:/Users/gusta/Documents/SEP_projects/HW_SW/SEPmonG3/SEPmonG3V3/ps7_cortexa9_0/standalone_domain/bsp/system.mss
TRACE::2024-07-07.17:45:35::SCWPlatform::Trying to open the hw design at C:/Users/gusta/Documents/SEP_projects/HW_SW/SEPmonG3/SEPmonG3V3/tempdsa/SEPmonG3V5.xsa
TRACE::2024-07-07.17:45:35::SCWPlatform::DSA given C:/Users/gusta/Documents/SEP_projects/HW_SW/SEPmonG3/SEPmonG3V3/tempdsa/SEPmonG3V5.xsa
TRACE::2024-07-07.17:45:35::SCWPlatform::DSA absoulate path C:/Users/gusta/Documents/SEP_projects/HW_SW/SEPmonG3/SEPmonG3V3/tempdsa/SEPmonG3V5.xsa
TRACE::2024-07-07.17:45:35::SCWPlatform::DSA directory C:/Users/gusta/Documents/SEP_projects/HW_SW/SEPmonG3/SEPmonG3V3/tempdsa
TRACE::2024-07-07.17:45:35::SCWPlatform:: Platform Path C:/Users/gusta/Documents/SEP_projects/HW_SW/SEPmonG3/SEPmonG3V3/tempdsa/SEPmonG3V5.xsa
TRACE::2024-07-07.17:45:35::SCWPlatform:: Unique name xilinx:zybo-z7-10::0.0
TRACE::2024-07-07.17:45:35::SCWPlatform::update - Opened existing hwdb DEMO_wrapper_40
TRACE::2024-07-07.17:45:35::SCWPlatform::Found the Hw Db part of the input DSA
TRACE::2024-07-07.17:45:35::SCWMssOS::Saving the mss changes C:/Users/gusta/Documents/SEP_projects/HW_SW/SEPmonG3/SEPmonG3V3/zynq_fsbl/zynq_fsbl_bsp/system.mss
TRACE::2024-07-07.17:45:35::SCWMssOS::Found a swdesign opened with the mssfile.
TRACE::2024-07-07.17:45:35::SCWMssOS::Completed writemss as part of save.
TRACE::2024-07-07.17:45:35::SCWMssOS::Commit changes completed.
TRACE::2024-07-07.17:45:35::SCWMssOS::Completed hw sync for the mss in domain: zynq_fsbl
TRACE::2024-07-07.17:45:35::SCWMssOS::Removing the swdes entry for  C:/Users/gusta/Documents/SEP_projects/HW_SW/SEPmonG3/SEPmonG3V3/zynq_fsbl/zynq_fsbl_bsp/system.mss
TRACE::2024-07-07.17:45:35::SCWMssOS::Saving the mss changes C:/Users/gusta/Documents/SEP_projects/HW_SW/SEPmonG3/SEPmonG3V3/ps7_cortexa9_0/standalone_domain/bsp/system.mss
TRACE::2024-07-07.17:45:35::SCWMssOS::Found a swdesign opened with the mssfile.
TRACE::2024-07-07.17:45:35::SCWMssOS::Completed writemss as part of save.
TRACE::2024-07-07.17:45:35::SCWMssOS::Commit changes completed.
TRACE::2024-07-07.17:45:35::SCWMssOS::Completed hw sync for the mss in domain: standalone_domain
TRACE::2024-07-07.17:45:35::SCWMssOS::Removing the swdes entry for  C:/Users/gusta/Documents/SEP_projects/HW_SW/SEPmonG3/SEPmonG3V3/ps7_cortexa9_0/standalone_domain/bsp/system.mss
TRACE::2024-07-07.17:45:35::SCWPlatform::Trying to open the hw design at C:/Users/gusta/Documents/SEP_projects/HW_SW/SEPmonG3/SEPmonG3V3/hw/SEPmonG3V5.xsa
TRACE::2024-07-07.17:45:35::SCWPlatform::DSA given C:/Users/gusta/Documents/SEP_projects/HW_SW/SEPmonG3/SEPmonG3V3/hw/SEPmonG3V5.xsa
TRACE::2024-07-07.17:45:35::SCWPlatform::DSA absoulate path C:/Users/gusta/Documents/SEP_projects/HW_SW/SEPmonG3/SEPmonG3V3/hw/SEPmonG3V5.xsa
TRACE::2024-07-07.17:45:35::SCWPlatform::DSA directory C:/Users/gusta/Documents/SEP_projects/HW_SW/SEPmonG3/SEPmonG3V3/hw
TRACE::2024-07-07.17:45:35::SCWPlatform:: Platform Path C:/Users/gusta/Documents/SEP_projects/HW_SW/SEPmonG3/SEPmonG3V3/hw/SEPmonG3V5.xsa
TRACE::2024-07-07.17:45:35::SCWPlatform:: Unique name xilinx:zybo-z7-10::0.0
TRACE::2024-07-07.17:45:35::SCWPlatform::Do not have an existing db opened. 
TRACE::2024-07-07.17:45:37::SCWPlatform::Opened new HwDB with name DEMO_wrapper_41
TRACE::2024-07-07.17:45:37::SCWPlatform::Trying to open the hw design at C:/Users/gusta/Documents/SEP_projects/HW_SW/SEPmonG3/SEPmonG3V3/hw/SEPmonG3V5.xsa
TRACE::2024-07-07.17:45:37::SCWPlatform::DSA given C:/Users/gusta/Documents/SEP_projects/HW_SW/SEPmonG3/SEPmonG3V3/hw/SEPmonG3V5.xsa
TRACE::2024-07-07.17:45:37::SCWPlatform::DSA absoulate path C:/Users/gusta/Documents/SEP_projects/HW_SW/SEPmonG3/SEPmonG3V3/hw/SEPmonG3V5.xsa
TRACE::2024-07-07.17:45:37::SCWPlatform::DSA directory C:/Users/gusta/Documents/SEP_projects/HW_SW/SEPmonG3/SEPmonG3V3/hw
TRACE::2024-07-07.17:45:37::SCWPlatform:: Platform Path C:/Users/gusta/Documents/SEP_projects/HW_SW/SEPmonG3/SEPmonG3V3/hw/SEPmonG3V5.xsa
TRACE::2024-07-07.17:45:37::SCWPlatform:: Unique name xilinx:zybo-z7-10::0.0
TRACE::2024-07-07.17:45:37::SCWPlatform::Trying to set the existing hwdb with name DEMO_wrapper_41
TRACE::2024-07-07.17:45:37::SCWPlatform::Opened existing hwdb DEMO_wrapper_41
TRACE::2024-07-07.17:45:37::SCWPlatform::Found the Hw Db part of the input DSA
TRACE::2024-07-07.17:45:37::SCWMssOS::Checking the sw design at  C:/Users/gusta/Documents/SEP_projects/HW_SW/SEPmonG3/SEPmonG3V3/zynq_fsbl/zynq_fsbl_bsp/system.mss
TRACE::2024-07-07.17:45:37::SCWMssOS::DEBUG:  swdes dump  C:/Users/gusta/Documents/SEP_projects/HW_SW/SEPmonG3/SEPmonG3/ps7_cortexa9_0/standalone_domain/bsp/system.mss|system_0||
C:/Users/gusta/Documents/SEP_projects/HW_SW/SEPmonG3/SEPmonG3/zynq_fsbl/zynq_fsbl_bsp/system.mss|system||

TRACE::2024-07-07.17:45:37::SCWMssOS::No sw design opened at  C:/Users/gusta/Documents/SEP_projects/HW_SW/SEPmonG3/SEPmonG3V3/zynq_fsbl/zynq_fsbl_bsp/system.mss
TRACE::2024-07-07.17:45:37::SCWMssOS::mss exists loading the mss file  C:/Users/gusta/Documents/SEP_projects/HW_SW/SEPmonG3/SEPmonG3V3/zynq_fsbl/zynq_fsbl_bsp/system.mss
TRACE::2024-07-07.17:45:37::SCWMssOS::Opened the sw design from mss  C:/Users/gusta/Documents/SEP_projects/HW_SW/SEPmonG3/SEPmonG3V3/zynq_fsbl/zynq_fsbl_bsp/system.mss
TRACE::2024-07-07.17:45:37::SCWMssOS::Adding the swdes entry C:/Users/gusta/Documents/SEP_projects/HW_SW/SEPmonG3/SEPmonG3V3/zynq_fsbl/zynq_fsbl_bsp/system.mss with des name system_1
TRACE::2024-07-07.17:45:37::SCWMssOS::updating the scw layer about changes
TRACE::2024-07-07.17:45:37::SCWMssOS::Opened the sw design.  C:/Users/gusta/Documents/SEP_projects/HW_SW/SEPmonG3/SEPmonG3V3/zynq_fsbl/zynq_fsbl_bsp/system.mss
TRACE::2024-07-07.17:45:37::SCWMssOS::Saving the mss changes C:/Users/gusta/Documents/SEP_projects/HW_SW/SEPmonG3/SEPmonG3V3/zynq_fsbl/zynq_fsbl_bsp/system.mss
TRACE::2024-07-07.17:45:37::SCWMssOS::Found a swdesign opened with the mssfile.
TRACE::2024-07-07.17:45:37::SCWMssOS::Completed writemss as part of save.
TRACE::2024-07-07.17:45:37::SCWMssOS::Commit changes completed.
TRACE::2024-07-07.17:45:37::SCWMssOS::Saving the mss changes C:/Users/gusta/Documents/SEP_projects/HW_SW/SEPmonG3/SEPmonG3V3/ps7_cortexa9_0/standalone_domain/bsp/system.mss
TRACE::2024-07-07.17:45:37::SCWMssOS::Adding the swdes entry, mss present, able to open swdb C:/Users/gusta/Documents/SEP_projects/HW_SW/SEPmonG3/SEPmonG3V3/ps7_cortexa9_0/standalone_domain/bsp/system.mss with des name system_2
TRACE::2024-07-07.17:45:37::SCWMssOS::Writing the mss file completed C:/Users/gusta/Documents/SEP_projects/HW_SW/SEPmonG3/SEPmonG3V3/ps7_cortexa9_0/standalone_domain/bsp/system.mss
TRACE::2024-07-07.17:45:37::SCWMssOS::Commit changes completed.
TRACE::2024-07-07.17:45:37::SCWPlatform::Trying to open the hw design at C:/Users/gusta/Documents/SEP_projects/HW_SW/SEPmonG3/SEPmonG3V3/hw/SEPmonG3V5.xsa
TRACE::2024-07-07.17:45:37::SCWPlatform::DSA given C:/Users/gusta/Documents/SEP_projects/HW_SW/SEPmonG3/SEPmonG3V3/hw/SEPmonG3V5.xsa
TRACE::2024-07-07.17:45:37::SCWPlatform::DSA absoulate path C:/Users/gusta/Documents/SEP_projects/HW_SW/SEPmonG3/SEPmonG3V3/hw/SEPmonG3V5.xsa
TRACE::2024-07-07.17:45:37::SCWPlatform::DSA directory C:/Users/gusta/Documents/SEP_projects/HW_SW/SEPmonG3/SEPmonG3V3/hw
TRACE::2024-07-07.17:45:37::SCWPlatform:: Platform Path C:/Users/gusta/Documents/SEP_projects/HW_SW/SEPmonG3/SEPmonG3V3/hw/SEPmonG3V5.xsa
TRACE::2024-07-07.17:45:37::SCWPlatform:: Unique name xilinx:zybo-z7-10::0.0
TRACE::2024-07-07.17:45:37::SCWPlatform::Trying to set the existing hwdb with name DEMO_wrapper_41
TRACE::2024-07-07.17:45:37::SCWPlatform::Opened existing hwdb DEMO_wrapper_41
TRACE::2024-07-07.17:45:37::SCWPlatform::Found the Hw Db part of the input DSA
TRACE::2024-07-07.17:45:37::SCWMssOS::Checking the sw design at  C:/Users/gusta/Documents/SEP_projects/HW_SW/SEPmonG3/SEPmonG3V3/zynq_fsbl/zynq_fsbl_bsp/system.mss
TRACE::2024-07-07.17:45:37::SCWMssOS::DEBUG:  swdes dump  C:/Users/gusta/Documents/SEP_projects/HW_SW/SEPmonG3/SEPmonG3/ps7_cortexa9_0/standalone_domain/bsp/system.mss|system_0||
C:/Users/gusta/Documents/SEP_projects/HW_SW/SEPmonG3/SEPmonG3/zynq_fsbl/zynq_fsbl_bsp/system.mss|system||
C:/Users/gusta/Documents/SEP_projects/HW_SW/SEPmonG3/SEPmonG3V3/ps7_cortexa9_0/standalone_domain/bsp/system.mss|system_2||
C:/Users/gusta/Documents/SEP_projects/HW_SW/SEPmonG3/SEPmonG3V3/zynq_fsbl/zynq_fsbl_bsp/system.mss|system_1||

TRACE::2024-07-07.17:45:37::SCWMssOS::Sw design exists and opened at  C:/Users/gusta/Documents/SEP_projects/HW_SW/SEPmonG3/SEPmonG3V3/zynq_fsbl/zynq_fsbl_bsp/system.mss
TRACE::2024-07-07.17:45:37::SCWPlatform::Trying to open the hw design at C:/Users/gusta/Documents/SEP_projects/HW_SW/SEPmonG3/SEPmonG3V3/hw/SEPmonG3V5.xsa
TRACE::2024-07-07.17:45:37::SCWPlatform::DSA given C:/Users/gusta/Documents/SEP_projects/HW_SW/SEPmonG3/SEPmonG3V3/hw/SEPmonG3V5.xsa
TRACE::2024-07-07.17:45:37::SCWPlatform::DSA absoulate path C:/Users/gusta/Documents/SEP_projects/HW_SW/SEPmonG3/SEPmonG3V3/hw/SEPmonG3V5.xsa
TRACE::2024-07-07.17:45:37::SCWPlatform::DSA directory C:/Users/gusta/Documents/SEP_projects/HW_SW/SEPmonG3/SEPmonG3V3/hw
TRACE::2024-07-07.17:45:37::SCWPlatform:: Platform Path C:/Users/gusta/Documents/SEP_projects/HW_SW/SEPmonG3/SEPmonG3V3/hw/SEPmonG3V5.xsa
TRACE::2024-07-07.17:45:37::SCWPlatform:: Unique name xilinx:zybo-z7-10::0.0
TRACE::2024-07-07.17:45:37::SCWPlatform::Trying to set the existing hwdb with name DEMO_wrapper_41
TRACE::2024-07-07.17:45:37::SCWPlatform::Opened existing hwdb DEMO_wrapper_41
TRACE::2024-07-07.17:45:37::SCWPlatform::Found the Hw Db part of the input DSA
TRACE::2024-07-07.17:45:37::SCWMssOS::Checking the sw design at  C:/Users/gusta/Documents/SEP_projects/HW_SW/SEPmonG3/SEPmonG3V3/ps7_cortexa9_0/standalone_domain/bsp/system.mss
TRACE::2024-07-07.17:45:37::SCWMssOS::DEBUG:  swdes dump  C:/Users/gusta/Documents/SEP_projects/HW_SW/SEPmonG3/SEPmonG3/ps7_cortexa9_0/standalone_domain/bsp/system.mss|system_0||
C:/Users/gusta/Documents/SEP_projects/HW_SW/SEPmonG3/SEPmonG3/zynq_fsbl/zynq_fsbl_bsp/system.mss|system||
C:/Users/gusta/Documents/SEP_projects/HW_SW/SEPmonG3/SEPmonG3V3/ps7_cortexa9_0/standalone_domain/bsp/system.mss|system_2||
C:/Users/gusta/Documents/SEP_projects/HW_SW/SEPmonG3/SEPmonG3V3/zynq_fsbl/zynq_fsbl_bsp/system.mss|system_1||

TRACE::2024-07-07.17:45:37::SCWMssOS::Sw design exists and opened at  C:/Users/gusta/Documents/SEP_projects/HW_SW/SEPmonG3/SEPmonG3V3/ps7_cortexa9_0/standalone_domain/bsp/system.mss
TRACE::2024-07-07.17:45:37::SCWWriter::formatted JSON is {
	"platformName":	"SEPmonG3V3",
	"sprVersion":	"2.0",
	"mode":	"gui",
	"dsaType":	"Fixed",
	"platformDesc":	"SEPmonG3V3",
	"platHandOff":	"C:/Users/gusta/Documents/SEP_projects/HW_SW/SEPmonG3/SEPmonG3V5.xsa",
	"platIntHandOff":	"<platformDir>/hw/SEPmonG3V5.xsa",
	"deviceType":	"zynq",
	"platIsPrebuiltAutogen":	"false",
	"platIsNoBootBsp":	"false",
	"hasFsblMakeHasChanges":	"false",
	"hasPmufwMakeHasChanges":	"false",
	"fsblExtraCompilerFlags":	"-MMD -MP       -mcpu=cortex-a9 -mfpu=vfpv3 -mfloat-abi=hard ",
	"platPreBuiltFlag":	false,
	"platformSamplesDir":	"",
	"platActiveSys":	"SEPmonG3V3",
	"systems":	[{
			"systemName":	"SEPmonG3V3",
			"systemDesc":	"SEPmonG3V3",
			"sysIsBootAutoGen":	"true",
			"systemDispName":	"SEPmonG3V3",
			"sysActiveDom":	"standalone_domain",
			"sysDefaultDom":	"standalone_domain",
			"domains":	[{
					"domainName":	"zynq_fsbl",
					"domainDispName":	"zynq_fsbl",
					"domainDesc":	"FSBL Application BSP - Auto Generated.",
					"processors":	"ps7_cortexa9_0",
					"os":	"standalone",
					"sdxOs":	"standalone",
					"debugEnable":	"",
					"domRuntimes":	["cpp"],
					"swRepo":	"",
					"mssOsVer":	"7.2",
					"mssFile":	"",
					"md5Digest":	"1c3d65b23234dc3ec6f7ff2cc82e7a29",
					"compatibleApp":	"zynq_fsbl",
					"domType":	"bootDomain",
					"appSettings":	{
						"appCompilerFlags":	"",
						"appLinkerFlags":	""
					},
					"addedLibs":	["xilffs:4.3", "xilrsa:1.6"],
					"libOptions":	{
						"libsContainingOptions":	[]
					},
					"prebuiltLibs":	{
						"prebuiltIncPath":	[],
						"prebuiltLibPath":	[]
					},
					"isolation":	{
					}
				}, {
					"domainName":	"standalone_domain",
					"domainDispName":	"standalone on ps7_cortexa9_0",
					"domainDesc":	"standalone_domain",
					"processors":	"ps7_cortexa9_0",
					"os":	"standalone",
					"sdxOs":	"standalone",
					"qemuArgs":	"C:/Xilinx/Vitis/2020.1/data/emulation/platforms/zynq/qemu/qemu_args.txt",
					"qemuData":	"C:/Xilinx/Vitis/2020.1/data/emulation/platforms/zynq/qemu/",
					"debugEnable":	"False",
					"domRuntimes":	["cpp"],
					"swRepo":	"",
					"mssOsVer":	"7.2",
					"mssFile":	"",
					"md5Digest":	"96a2233cbaff12ac4b4b6f28a05a4e23",
					"compatibleApp":	"",
					"domType":	"mssDomain",
					"appSettings":	{
						"appCompilerFlags":	"",
						"appLinkerFlags":	""
					},
					"addedLibs":	[],
					"libOptions":	{
						"libsContainingOptions":	[]
					},
					"prebuiltLibs":	{
						"prebuiltIncPath":	[],
						"prebuiltLibPath":	[]
					},
					"isolation":	{
					}
				}]
		}]
}
TRACE::2024-07-07.17:45:38::SCWPlatform::Clearing the existing platform
TRACE::2024-07-07.17:45:38::SCWSystem::Clearing the existing sysconfig
TRACE::2024-07-07.17:45:38::SCWBDomain::clearing the fsbl build
TRACE::2024-07-07.17:45:38::SCWMssOS::Removing the swdes entry for  C:/Users/gusta/Documents/SEP_projects/HW_SW/SEPmonG3/SEPmonG3V3/zynq_fsbl/zynq_fsbl_bsp/system.mss
TRACE::2024-07-07.17:45:38::SCWMssOS::Removing the swdes entry for  C:/Users/gusta/Documents/SEP_projects/HW_SW/SEPmonG3/SEPmonG3V3/ps7_cortexa9_0/standalone_domain/bsp/system.mss
TRACE::2024-07-07.17:45:38::SCWSystem::Clearing the domains completed.
TRACE::2024-07-07.17:45:38::SCWPlatform::Clearing the opened hw db.
TRACE::2024-07-07.17:45:38::SCWPlatform::DSA given C:/Users/gusta/Documents/SEP_projects/HW_SW/SEPmonG3/SEPmonG3V3/hw/SEPmonG3V5.xsa
TRACE::2024-07-07.17:45:38::SCWPlatform::DSA absoulate path C:/Users/gusta/Documents/SEP_projects/HW_SW/SEPmonG3/SEPmonG3V3/hw/SEPmonG3V5.xsa
TRACE::2024-07-07.17:45:38::SCWPlatform:: Platform location is C:/Users/gusta/Documents/SEP_projects/HW_SW/SEPmonG3/SEPmonG3V3/hw
TRACE::2024-07-07.17:45:38::SCWPlatform:: Platform Path C:/Users/gusta/Documents/SEP_projects/HW_SW/SEPmonG3/SEPmonG3V3/hw/SEPmonG3V5.xsa
TRACE::2024-07-07.17:45:38::SCWPlatform:: Unique name xilinx:zybo-z7-10::0.0
TRACE::2024-07-07.17:45:38::SCWPlatform::Removing the HwDB with name C:/Users/gusta/Documents/SEP_projects/HW_SW/SEPmonG3/SEPmonG3V3/hw/SEPmonG3V5.xsa
TRACE::2024-07-07.17:45:38::SCWPlatform::Trying to open the hw design at C:/Users/gusta/Documents/SEP_projects/HW_SW/SEPmonG3/SEPmonG3V3/hw/SEPmonG3V5.xsa
TRACE::2024-07-07.17:45:38::SCWPlatform::DSA given C:/Users/gusta/Documents/SEP_projects/HW_SW/SEPmonG3/SEPmonG3V3/hw/SEPmonG3V5.xsa
TRACE::2024-07-07.17:45:38::SCWPlatform::DSA absoulate path C:/Users/gusta/Documents/SEP_projects/HW_SW/SEPmonG3/SEPmonG3V3/hw/SEPmonG3V5.xsa
TRACE::2024-07-07.17:45:38::SCWPlatform::DSA directory C:/Users/gusta/Documents/SEP_projects/HW_SW/SEPmonG3/SEPmonG3V3/hw
TRACE::2024-07-07.17:45:38::SCWPlatform:: Platform Path C:/Users/gusta/Documents/SEP_projects/HW_SW/SEPmonG3/SEPmonG3V3/hw/SEPmonG3V5.xsa
TRACE::2024-07-07.17:45:38::SCWPlatform:: Unique name xilinx:zybo-z7-10::0.0
TRACE::2024-07-07.17:45:38::SCWPlatform::Do not have an existing db opened. 
TRACE::2024-07-07.17:45:40::SCWPlatform::Opened new HwDB with name DEMO_wrapper_42
TRACE::2024-07-07.17:45:40::SCWReader::Active system found as  SEPmonG3V3
TRACE::2024-07-07.17:45:40::SCWReader::Handling sysconfig SEPmonG3V3
TRACE::2024-07-07.17:45:40::SCWDomain::checking for install qemu data   : 
TRACE::2024-07-07.17:45:40::SCWDomain:: Using the QEMU Data from install at  : C:/Xilinx/Vitis/2020.1/data/emulation/platforms/zynq/qemu/
TRACE::2024-07-07.17:45:40::SCWDomain:: Using the QEMU args  from install at  : C:/Xilinx/Vitis/2020.1/data/emulation/platforms/zynq/qemu/qemu_args.txt
TRACE::2024-07-07.17:45:40::SCWPlatform::Trying to open the hw design at C:/Users/gusta/Documents/SEP_projects/HW_SW/SEPmonG3/SEPmonG3V3/hw/SEPmonG3V5.xsa
TRACE::2024-07-07.17:45:40::SCWPlatform::DSA given C:/Users/gusta/Documents/SEP_projects/HW_SW/SEPmonG3/SEPmonG3V3/hw/SEPmonG3V5.xsa
TRACE::2024-07-07.17:45:40::SCWPlatform::DSA absoulate path C:/Users/gusta/Documents/SEP_projects/HW_SW/SEPmonG3/SEPmonG3V3/hw/SEPmonG3V5.xsa
TRACE::2024-07-07.17:45:40::SCWPlatform::DSA directory C:/Users/gusta/Documents/SEP_projects/HW_SW/SEPmonG3/SEPmonG3V3/hw
TRACE::2024-07-07.17:45:40::SCWPlatform:: Platform Path C:/Users/gusta/Documents/SEP_projects/HW_SW/SEPmonG3/SEPmonG3V3/hw/SEPmonG3V5.xsa
TRACE::2024-07-07.17:45:40::SCWPlatform:: Unique name xilinx:zybo-z7-10::0.0
TRACE::2024-07-07.17:45:40::SCWPlatform::Trying to set the existing hwdb with name DEMO_wrapper_42
TRACE::2024-07-07.17:45:40::SCWPlatform::Opened existing hwdb DEMO_wrapper_42
TRACE::2024-07-07.17:45:40::SCWPlatform::Found the Hw Db part of the input DSA
TRACE::2024-07-07.17:45:40::SCWPlatform::Trying to open the hw design at C:/Users/gusta/Documents/SEP_projects/HW_SW/SEPmonG3/SEPmonG3V3/hw/SEPmonG3V5.xsa
TRACE::2024-07-07.17:45:40::SCWPlatform::DSA given C:/Users/gusta/Documents/SEP_projects/HW_SW/SEPmonG3/SEPmonG3V3/hw/SEPmonG3V5.xsa
TRACE::2024-07-07.17:45:40::SCWPlatform::DSA absoulate path C:/Users/gusta/Documents/SEP_projects/HW_SW/SEPmonG3/SEPmonG3V3/hw/SEPmonG3V5.xsa
TRACE::2024-07-07.17:45:40::SCWPlatform::DSA directory C:/Users/gusta/Documents/SEP_projects/HW_SW/SEPmonG3/SEPmonG3V3/hw
TRACE::2024-07-07.17:45:40::SCWPlatform:: Platform Path C:/Users/gusta/Documents/SEP_projects/HW_SW/SEPmonG3/SEPmonG3V3/hw/SEPmonG3V5.xsa
TRACE::2024-07-07.17:45:40::SCWPlatform:: Unique name xilinx:zybo-z7-10::0.0
TRACE::2024-07-07.17:45:40::SCWPlatform::Trying to set the existing hwdb with name DEMO_wrapper_42
TRACE::2024-07-07.17:45:40::SCWPlatform::Opened existing hwdb DEMO_wrapper_42
TRACE::2024-07-07.17:45:40::SCWPlatform::Found the Hw Db part of the input DSA
TRACE::2024-07-07.17:45:40::SCWPlatform::Trying to open the hw design at C:/Users/gusta/Documents/SEP_projects/HW_SW/SEPmonG3/SEPmonG3V3/hw/SEPmonG3V5.xsa
TRACE::2024-07-07.17:45:40::SCWPlatform::DSA given C:/Users/gusta/Documents/SEP_projects/HW_SW/SEPmonG3/SEPmonG3V3/hw/SEPmonG3V5.xsa
TRACE::2024-07-07.17:45:40::SCWPlatform::DSA absoulate path C:/Users/gusta/Documents/SEP_projects/HW_SW/SEPmonG3/SEPmonG3V3/hw/SEPmonG3V5.xsa
TRACE::2024-07-07.17:45:40::SCWPlatform::DSA directory C:/Users/gusta/Documents/SEP_projects/HW_SW/SEPmonG3/SEPmonG3V3/hw
TRACE::2024-07-07.17:45:40::SCWPlatform:: Platform Path C:/Users/gusta/Documents/SEP_projects/HW_SW/SEPmonG3/SEPmonG3V3/hw/SEPmonG3V5.xsa
TRACE::2024-07-07.17:45:40::SCWPlatform:: Unique name xilinx:zybo-z7-10::0.0
TRACE::2024-07-07.17:45:40::SCWPlatform::Trying to set the existing hwdb with name DEMO_wrapper_42
TRACE::2024-07-07.17:45:40::SCWPlatform::Opened existing hwdb DEMO_wrapper_42
TRACE::2024-07-07.17:45:40::SCWPlatform::Found the Hw Db part of the input DSA
TRACE::2024-07-07.17:45:40::SCWReader::Boot application domain added for zynq_fsbl
TRACE::2024-07-07.17:45:40::SCWPlatform::Trying to open the hw design at C:/Users/gusta/Documents/SEP_projects/HW_SW/SEPmonG3/SEPmonG3V3/hw/SEPmonG3V5.xsa
TRACE::2024-07-07.17:45:40::SCWPlatform::DSA given C:/Users/gusta/Documents/SEP_projects/HW_SW/SEPmonG3/SEPmonG3V3/hw/SEPmonG3V5.xsa
TRACE::2024-07-07.17:45:40::SCWPlatform::DSA absoulate path C:/Users/gusta/Documents/SEP_projects/HW_SW/SEPmonG3/SEPmonG3V3/hw/SEPmonG3V5.xsa
TRACE::2024-07-07.17:45:40::SCWPlatform::DSA directory C:/Users/gusta/Documents/SEP_projects/HW_SW/SEPmonG3/SEPmonG3V3/hw
TRACE::2024-07-07.17:45:40::SCWPlatform:: Platform Path C:/Users/gusta/Documents/SEP_projects/HW_SW/SEPmonG3/SEPmonG3V3/hw/SEPmonG3V5.xsa
TRACE::2024-07-07.17:45:40::SCWPlatform:: Unique name xilinx:zybo-z7-10::0.0
TRACE::2024-07-07.17:45:40::SCWPlatform::Trying to set the existing hwdb with name DEMO_wrapper_42
TRACE::2024-07-07.17:45:40::SCWPlatform::Opened existing hwdb DEMO_wrapper_42
TRACE::2024-07-07.17:45:40::SCWPlatform::Found the Hw Db part of the input DSA
TRACE::2024-07-07.17:45:40::SCWMssOS::Checking the sw design at  C:/Users/gusta/Documents/SEP_projects/HW_SW/SEPmonG3/SEPmonG3V3/zynq_fsbl/zynq_fsbl_bsp/system.mss
TRACE::2024-07-07.17:45:40::SCWMssOS::DEBUG:  swdes dump  C:/Users/gusta/Documents/SEP_projects/HW_SW/SEPmonG3/SEPmonG3/ps7_cortexa9_0/standalone_domain/bsp/system.mss|system_0||
C:/Users/gusta/Documents/SEP_projects/HW_SW/SEPmonG3/SEPmonG3/zynq_fsbl/zynq_fsbl_bsp/system.mss|system||

TRACE::2024-07-07.17:45:40::SCWMssOS::No sw design opened at  C:/Users/gusta/Documents/SEP_projects/HW_SW/SEPmonG3/SEPmonG3V3/zynq_fsbl/zynq_fsbl_bsp/system.mss
TRACE::2024-07-07.17:45:40::SCWMssOS::mss exists loading the mss file  C:/Users/gusta/Documents/SEP_projects/HW_SW/SEPmonG3/SEPmonG3V3/zynq_fsbl/zynq_fsbl_bsp/system.mss
TRACE::2024-07-07.17:45:40::SCWMssOS::Opened the sw design from mss  C:/Users/gusta/Documents/SEP_projects/HW_SW/SEPmonG3/SEPmonG3V3/zynq_fsbl/zynq_fsbl_bsp/system.mss
TRACE::2024-07-07.17:45:40::SCWMssOS::Adding the swdes entry C:/Users/gusta/Documents/SEP_projects/HW_SW/SEPmonG3/SEPmonG3V3/zynq_fsbl/zynq_fsbl_bsp/system.mss with des name system_1
TRACE::2024-07-07.17:45:40::SCWMssOS::updating the scw layer about changes
TRACE::2024-07-07.17:45:40::SCWMssOS::Opened the sw design.  C:/Users/gusta/Documents/SEP_projects/HW_SW/SEPmonG3/SEPmonG3V3/zynq_fsbl/zynq_fsbl_bsp/system.mss
TRACE::2024-07-07.17:45:40::SCWPlatform::Trying to open the hw design at C:/Users/gusta/Documents/SEP_projects/HW_SW/SEPmonG3/SEPmonG3V3/hw/SEPmonG3V5.xsa
TRACE::2024-07-07.17:45:40::SCWPlatform::DSA given C:/Users/gusta/Documents/SEP_projects/HW_SW/SEPmonG3/SEPmonG3V3/hw/SEPmonG3V5.xsa
TRACE::2024-07-07.17:45:40::SCWPlatform::DSA absoulate path C:/Users/gusta/Documents/SEP_projects/HW_SW/SEPmonG3/SEPmonG3V3/hw/SEPmonG3V5.xsa
TRACE::2024-07-07.17:45:40::SCWPlatform::DSA directory C:/Users/gusta/Documents/SEP_projects/HW_SW/SEPmonG3/SEPmonG3V3/hw
TRACE::2024-07-07.17:45:40::SCWPlatform:: Platform Path C:/Users/gusta/Documents/SEP_projects/HW_SW/SEPmonG3/SEPmonG3V3/hw/SEPmonG3V5.xsa
TRACE::2024-07-07.17:45:40::SCWPlatform:: Unique name xilinx:zybo-z7-10::0.0
TRACE::2024-07-07.17:45:40::SCWPlatform::Trying to set the existing hwdb with name DEMO_wrapper_42
TRACE::2024-07-07.17:45:40::SCWPlatform::Opened existing hwdb DEMO_wrapper_42
TRACE::2024-07-07.17:45:40::SCWPlatform::Found the Hw Db part of the input DSA
TRACE::2024-07-07.17:45:40::SCWMssOS::Checking the sw design at  C:/Users/gusta/Documents/SEP_projects/HW_SW/SEPmonG3/SEPmonG3V3/zynq_fsbl/zynq_fsbl_bsp/system.mss
TRACE::2024-07-07.17:45:40::SCWMssOS::DEBUG:  swdes dump  C:/Users/gusta/Documents/SEP_projects/HW_SW/SEPmonG3/SEPmonG3/ps7_cortexa9_0/standalone_domain/bsp/system.mss|system_0||
C:/Users/gusta/Documents/SEP_projects/HW_SW/SEPmonG3/SEPmonG3/zynq_fsbl/zynq_fsbl_bsp/system.mss|system||
C:/Users/gusta/Documents/SEP_projects/HW_SW/SEPmonG3/SEPmonG3V3/zynq_fsbl/zynq_fsbl_bsp/system.mss|system_1||

TRACE::2024-07-07.17:45:40::SCWMssOS::Sw design exists and opened at  C:/Users/gusta/Documents/SEP_projects/HW_SW/SEPmonG3/SEPmonG3V3/zynq_fsbl/zynq_fsbl_bsp/system.mss
TRACE::2024-07-07.17:45:40::SCWMssOS:: library already available in sw design:  xilffs:4.3
TRACE::2024-07-07.17:45:40::SCWPlatform::Trying to open the hw design at C:/Users/gusta/Documents/SEP_projects/HW_SW/SEPmonG3/SEPmonG3V3/hw/SEPmonG3V5.xsa
TRACE::2024-07-07.17:45:40::SCWPlatform::DSA given C:/Users/gusta/Documents/SEP_projects/HW_SW/SEPmonG3/SEPmonG3V3/hw/SEPmonG3V5.xsa
TRACE::2024-07-07.17:45:40::SCWPlatform::DSA absoulate path C:/Users/gusta/Documents/SEP_projects/HW_SW/SEPmonG3/SEPmonG3V3/hw/SEPmonG3V5.xsa
TRACE::2024-07-07.17:45:40::SCWPlatform::DSA directory C:/Users/gusta/Documents/SEP_projects/HW_SW/SEPmonG3/SEPmonG3V3/hw
TRACE::2024-07-07.17:45:40::SCWPlatform:: Platform Path C:/Users/gusta/Documents/SEP_projects/HW_SW/SEPmonG3/SEPmonG3V3/hw/SEPmonG3V5.xsa
TRACE::2024-07-07.17:45:40::SCWPlatform:: Unique name xilinx:zybo-z7-10::0.0
TRACE::2024-07-07.17:45:40::SCWPlatform::Trying to set the existing hwdb with name DEMO_wrapper_42
TRACE::2024-07-07.17:45:40::SCWPlatform::Opened existing hwdb DEMO_wrapper_42
TRACE::2024-07-07.17:45:40::SCWPlatform::Found the Hw Db part of the input DSA
TRACE::2024-07-07.17:45:40::SCWMssOS::Checking the sw design at  C:/Users/gusta/Documents/SEP_projects/HW_SW/SEPmonG3/SEPmonG3V3/zynq_fsbl/zynq_fsbl_bsp/system.mss
TRACE::2024-07-07.17:45:40::SCWMssOS::DEBUG:  swdes dump  C:/Users/gusta/Documents/SEP_projects/HW_SW/SEPmonG3/SEPmonG3/ps7_cortexa9_0/standalone_domain/bsp/system.mss|system_0||
C:/Users/gusta/Documents/SEP_projects/HW_SW/SEPmonG3/SEPmonG3/zynq_fsbl/zynq_fsbl_bsp/system.mss|system||
C:/Users/gusta/Documents/SEP_projects/HW_SW/SEPmonG3/SEPmonG3V3/zynq_fsbl/zynq_fsbl_bsp/system.mss|system_1||

TRACE::2024-07-07.17:45:40::SCWMssOS::Sw design exists and opened at  C:/Users/gusta/Documents/SEP_projects/HW_SW/SEPmonG3/SEPmonG3V3/zynq_fsbl/zynq_fsbl_bsp/system.mss
TRACE::2024-07-07.17:45:40::SCWMssOS:: library already available in sw design:  xilrsa:1.6
TRACE::2024-07-07.17:45:40::SCWMssOS::Saving the mss changes C:/Users/gusta/Documents/SEP_projects/HW_SW/SEPmonG3/SEPmonG3V3/zynq_fsbl/zynq_fsbl_bsp/system.mss
TRACE::2024-07-07.17:45:40::SCWMssOS::Found a swdesign opened with the mssfile.
TRACE::2024-07-07.17:45:40::SCWMssOS::Completed writemss as part of save.
TRACE::2024-07-07.17:45:40::SCWMssOS::Commit changes completed.
TRACE::2024-07-07.17:45:40::SCWReader::Adding prebuilt librarypaths as   
TRACE::2024-07-07.17:45:40::SCWReader::Adding prebuilt incpaths  as   
TRACE::2024-07-07.17:45:40::SCWPlatform::Trying to open the hw design at C:/Users/gusta/Documents/SEP_projects/HW_SW/SEPmonG3/SEPmonG3V3/hw/SEPmonG3V5.xsa
TRACE::2024-07-07.17:45:40::SCWPlatform::DSA given C:/Users/gusta/Documents/SEP_projects/HW_SW/SEPmonG3/SEPmonG3V3/hw/SEPmonG3V5.xsa
TRACE::2024-07-07.17:45:40::SCWPlatform::DSA absoulate path C:/Users/gusta/Documents/SEP_projects/HW_SW/SEPmonG3/SEPmonG3V3/hw/SEPmonG3V5.xsa
TRACE::2024-07-07.17:45:40::SCWPlatform::DSA directory C:/Users/gusta/Documents/SEP_projects/HW_SW/SEPmonG3/SEPmonG3V3/hw
TRACE::2024-07-07.17:45:40::SCWPlatform:: Platform Path C:/Users/gusta/Documents/SEP_projects/HW_SW/SEPmonG3/SEPmonG3V3/hw/SEPmonG3V5.xsa
TRACE::2024-07-07.17:45:40::SCWPlatform:: Unique name xilinx:zybo-z7-10::0.0
TRACE::2024-07-07.17:45:40::SCWPlatform::Trying to set the existing hwdb with name DEMO_wrapper_42
TRACE::2024-07-07.17:45:40::SCWPlatform::Opened existing hwdb DEMO_wrapper_42
TRACE::2024-07-07.17:45:40::SCWPlatform::Found the Hw Db part of the input DSA
TRACE::2024-07-07.17:45:40::SCWMssOS::Checking the sw design at  C:/Users/gusta/Documents/SEP_projects/HW_SW/SEPmonG3/SEPmonG3V3/zynq_fsbl/zynq_fsbl_bsp/system.mss
TRACE::2024-07-07.17:45:40::SCWMssOS::DEBUG:  swdes dump  C:/Users/gusta/Documents/SEP_projects/HW_SW/SEPmonG3/SEPmonG3/ps7_cortexa9_0/standalone_domain/bsp/system.mss|system_0||
C:/Users/gusta/Documents/SEP_projects/HW_SW/SEPmonG3/SEPmonG3/zynq_fsbl/zynq_fsbl_bsp/system.mss|system||
C:/Users/gusta/Documents/SEP_projects/HW_SW/SEPmonG3/SEPmonG3V3/zynq_fsbl/zynq_fsbl_bsp/system.mss|system_1||

TRACE::2024-07-07.17:45:40::SCWMssOS::Sw design exists and opened at  C:/Users/gusta/Documents/SEP_projects/HW_SW/SEPmonG3/SEPmonG3V3/zynq_fsbl/zynq_fsbl_bsp/system.mss
TRACE::2024-07-07.17:45:40::SCWReader::No isolation master present  
TRACE::2024-07-07.17:45:40::SCWDomain::checking for install qemu data   : 
TRACE::2024-07-07.17:45:40::SCWDomain:: Using the QEMU Data from install at  : C:/Xilinx/Vitis/2020.1/data/emulation/platforms/zynq/qemu/
TRACE::2024-07-07.17:45:40::SCWDomain:: Using the QEMU args  from install at  : C:/Xilinx/Vitis/2020.1/data/emulation/platforms/zynq/qemu/qemu_args.txt
TRACE::2024-07-07.17:45:40::SCWPlatform::Trying to open the hw design at C:/Users/gusta/Documents/SEP_projects/HW_SW/SEPmonG3/SEPmonG3V3/hw/SEPmonG3V5.xsa
TRACE::2024-07-07.17:45:40::SCWPlatform::DSA given C:/Users/gusta/Documents/SEP_projects/HW_SW/SEPmonG3/SEPmonG3V3/hw/SEPmonG3V5.xsa
TRACE::2024-07-07.17:45:40::SCWPlatform::DSA absoulate path C:/Users/gusta/Documents/SEP_projects/HW_SW/SEPmonG3/SEPmonG3V3/hw/SEPmonG3V5.xsa
TRACE::2024-07-07.17:45:40::SCWPlatform::DSA directory C:/Users/gusta/Documents/SEP_projects/HW_SW/SEPmonG3/SEPmonG3V3/hw
TRACE::2024-07-07.17:45:40::SCWPlatform:: Platform Path C:/Users/gusta/Documents/SEP_projects/HW_SW/SEPmonG3/SEPmonG3V3/hw/SEPmonG3V5.xsa
TRACE::2024-07-07.17:45:40::SCWPlatform:: Unique name xilinx:zybo-z7-10::0.0
TRACE::2024-07-07.17:45:40::SCWPlatform::Trying to set the existing hwdb with name DEMO_wrapper_42
TRACE::2024-07-07.17:45:40::SCWPlatform::Opened existing hwdb DEMO_wrapper_42
TRACE::2024-07-07.17:45:40::SCWPlatform::Found the Hw Db part of the input DSA
TRACE::2024-07-07.17:45:40::SCWPlatform::Trying to open the hw design at C:/Users/gusta/Documents/SEP_projects/HW_SW/SEPmonG3/SEPmonG3V3/hw/SEPmonG3V5.xsa
TRACE::2024-07-07.17:45:40::SCWPlatform::DSA given C:/Users/gusta/Documents/SEP_projects/HW_SW/SEPmonG3/SEPmonG3V3/hw/SEPmonG3V5.xsa
TRACE::2024-07-07.17:45:40::SCWPlatform::DSA absoulate path C:/Users/gusta/Documents/SEP_projects/HW_SW/SEPmonG3/SEPmonG3V3/hw/SEPmonG3V5.xsa
TRACE::2024-07-07.17:45:40::SCWPlatform::DSA directory C:/Users/gusta/Documents/SEP_projects/HW_SW/SEPmonG3/SEPmonG3V3/hw
TRACE::2024-07-07.17:45:40::SCWPlatform:: Platform Path C:/Users/gusta/Documents/SEP_projects/HW_SW/SEPmonG3/SEPmonG3V3/hw/SEPmonG3V5.xsa
TRACE::2024-07-07.17:45:40::SCWPlatform:: Unique name xilinx:zybo-z7-10::0.0
TRACE::2024-07-07.17:45:40::SCWPlatform::Trying to set the existing hwdb with name DEMO_wrapper_42
TRACE::2024-07-07.17:45:40::SCWPlatform::Opened existing hwdb DEMO_wrapper_42
TRACE::2024-07-07.17:45:40::SCWPlatform::Found the Hw Db part of the input DSA
TRACE::2024-07-07.17:45:40::SCWPlatform::Trying to open the hw design at C:/Users/gusta/Documents/SEP_projects/HW_SW/SEPmonG3/SEPmonG3V3/hw/SEPmonG3V5.xsa
TRACE::2024-07-07.17:45:40::SCWPlatform::DSA given C:/Users/gusta/Documents/SEP_projects/HW_SW/SEPmonG3/SEPmonG3V3/hw/SEPmonG3V5.xsa
TRACE::2024-07-07.17:45:40::SCWPlatform::DSA absoulate path C:/Users/gusta/Documents/SEP_projects/HW_SW/SEPmonG3/SEPmonG3V3/hw/SEPmonG3V5.xsa
TRACE::2024-07-07.17:45:40::SCWPlatform::DSA directory C:/Users/gusta/Documents/SEP_projects/HW_SW/SEPmonG3/SEPmonG3V3/hw
TRACE::2024-07-07.17:45:40::SCWPlatform:: Platform Path C:/Users/gusta/Documents/SEP_projects/HW_SW/SEPmonG3/SEPmonG3V3/hw/SEPmonG3V5.xsa
TRACE::2024-07-07.17:45:40::SCWPlatform:: Unique name xilinx:zybo-z7-10::0.0
TRACE::2024-07-07.17:45:40::SCWPlatform::Trying to set the existing hwdb with name DEMO_wrapper_42
TRACE::2024-07-07.17:45:40::SCWPlatform::Opened existing hwdb DEMO_wrapper_42
TRACE::2024-07-07.17:45:40::SCWPlatform::Found the Hw Db part of the input DSA
TRACE::2024-07-07.17:45:40::SCWMssOS::Checking the sw design at  C:/Users/gusta/Documents/SEP_projects/HW_SW/SEPmonG3/SEPmonG3V3/ps7_cortexa9_0/standalone_domain/bsp/system.mss
TRACE::2024-07-07.17:45:40::SCWMssOS::DEBUG:  swdes dump  C:/Users/gusta/Documents/SEP_projects/HW_SW/SEPmonG3/SEPmonG3/ps7_cortexa9_0/standalone_domain/bsp/system.mss|system_0||
C:/Users/gusta/Documents/SEP_projects/HW_SW/SEPmonG3/SEPmonG3/zynq_fsbl/zynq_fsbl_bsp/system.mss|system||
C:/Users/gusta/Documents/SEP_projects/HW_SW/SEPmonG3/SEPmonG3V3/zynq_fsbl/zynq_fsbl_bsp/system.mss|system_1||

TRACE::2024-07-07.17:45:40::SCWMssOS::No sw design opened at  C:/Users/gusta/Documents/SEP_projects/HW_SW/SEPmonG3/SEPmonG3V3/ps7_cortexa9_0/standalone_domain/bsp/system.mss
TRACE::2024-07-07.17:45:40::SCWMssOS::mss exists loading the mss file  C:/Users/gusta/Documents/SEP_projects/HW_SW/SEPmonG3/SEPmonG3V3/ps7_cortexa9_0/standalone_domain/bsp/system.mss
TRACE::2024-07-07.17:45:40::SCWMssOS::Opened the sw design from mss  C:/Users/gusta/Documents/SEP_projects/HW_SW/SEPmonG3/SEPmonG3V3/ps7_cortexa9_0/standalone_domain/bsp/system.mss
TRACE::2024-07-07.17:45:40::SCWMssOS::Adding the swdes entry C:/Users/gusta/Documents/SEP_projects/HW_SW/SEPmonG3/SEPmonG3V3/ps7_cortexa9_0/standalone_domain/bsp/system.mss with des name system_2
TRACE::2024-07-07.17:45:40::SCWMssOS::updating the scw layer about changes
TRACE::2024-07-07.17:45:40::SCWMssOS::Opened the sw design.  C:/Users/gusta/Documents/SEP_projects/HW_SW/SEPmonG3/SEPmonG3V3/ps7_cortexa9_0/standalone_domain/bsp/system.mss
TRACE::2024-07-07.17:45:40::SCWMssOS::Saving the mss changes C:/Users/gusta/Documents/SEP_projects/HW_SW/SEPmonG3/SEPmonG3V3/ps7_cortexa9_0/standalone_domain/bsp/system.mss
TRACE::2024-07-07.17:45:40::SCWMssOS::Found a swdesign opened with the mssfile.
TRACE::2024-07-07.17:45:40::SCWMssOS::Completed writemss as part of save.
TRACE::2024-07-07.17:45:40::SCWMssOS::Commit changes completed.
TRACE::2024-07-07.17:45:40::SCWReader::Adding prebuilt librarypaths as   
TRACE::2024-07-07.17:45:40::SCWReader::Adding prebuilt incpaths  as   
TRACE::2024-07-07.17:45:40::SCWPlatform::Trying to open the hw design at C:/Users/gusta/Documents/SEP_projects/HW_SW/SEPmonG3/SEPmonG3V3/hw/SEPmonG3V5.xsa
TRACE::2024-07-07.17:45:40::SCWPlatform::DSA given C:/Users/gusta/Documents/SEP_projects/HW_SW/SEPmonG3/SEPmonG3V3/hw/SEPmonG3V5.xsa
TRACE::2024-07-07.17:45:40::SCWPlatform::DSA absoulate path C:/Users/gusta/Documents/SEP_projects/HW_SW/SEPmonG3/SEPmonG3V3/hw/SEPmonG3V5.xsa
TRACE::2024-07-07.17:45:40::SCWPlatform::DSA directory C:/Users/gusta/Documents/SEP_projects/HW_SW/SEPmonG3/SEPmonG3V3/hw
TRACE::2024-07-07.17:45:40::SCWPlatform:: Platform Path C:/Users/gusta/Documents/SEP_projects/HW_SW/SEPmonG3/SEPmonG3V3/hw/SEPmonG3V5.xsa
TRACE::2024-07-07.17:45:40::SCWPlatform:: Unique name xilinx:zybo-z7-10::0.0
TRACE::2024-07-07.17:45:40::SCWPlatform::Trying to set the existing hwdb with name DEMO_wrapper_42
TRACE::2024-07-07.17:45:40::SCWPlatform::Opened existing hwdb DEMO_wrapper_42
TRACE::2024-07-07.17:45:40::SCWPlatform::Found the Hw Db part of the input DSA
TRACE::2024-07-07.17:45:40::SCWMssOS::Checking the sw design at  C:/Users/gusta/Documents/SEP_projects/HW_SW/SEPmonG3/SEPmonG3V3/ps7_cortexa9_0/standalone_domain/bsp/system.mss
TRACE::2024-07-07.17:45:40::SCWMssOS::DEBUG:  swdes dump  C:/Users/gusta/Documents/SEP_projects/HW_SW/SEPmonG3/SEPmonG3/ps7_cortexa9_0/standalone_domain/bsp/system.mss|system_0||
C:/Users/gusta/Documents/SEP_projects/HW_SW/SEPmonG3/SEPmonG3/zynq_fsbl/zynq_fsbl_bsp/system.mss|system||
C:/Users/gusta/Documents/SEP_projects/HW_SW/SEPmonG3/SEPmonG3V3/ps7_cortexa9_0/standalone_domain/bsp/system.mss|system_2||
C:/Users/gusta/Documents/SEP_projects/HW_SW/SEPmonG3/SEPmonG3V3/zynq_fsbl/zynq_fsbl_bsp/system.mss|system_1||

TRACE::2024-07-07.17:45:40::SCWMssOS::Sw design exists and opened at  C:/Users/gusta/Documents/SEP_projects/HW_SW/SEPmonG3/SEPmonG3V3/ps7_cortexa9_0/standalone_domain/bsp/system.mss
TRACE::2024-07-07.17:45:40::SCWReader::No isolation master present  
LOG::2024-07-07.17:45:46::SCWPlatform::Started generating the artifacts platform SEPmonG3V3
TRACE::2024-07-07.17:45:46::SCWPlatform::Sanity checking of platform is completed
LOG::2024-07-07.17:45:46::SCWPlatform::Started generating the artifacts for system configuration SEPmonG3V3
LOG::2024-07-07.17:45:46::SCWSystem::Checking the domain zynq_fsbl
LOG::2024-07-07.17:45:46::SCWSystem::Doing application build for :  zynq_fsbl
TRACE::2024-07-07.17:45:46::SCWBDomain::Not a forced makefile updation, No changes are present. 
TRACE::2024-07-07.17:45:46::SCWDomain::Skipping the build for domain :  zynq_fsbl
LOG::2024-07-07.17:45:46::SCWSystem::Checking the domain standalone_domain
LOG::2024-07-07.17:45:46::SCWSystem::Not a boot domain 
LOG::2024-07-07.17:45:46::SCWSystem::Started Processing the domain standalone_domain
TRACE::2024-07-07.17:45:46::SCWDomain::Generating domain artifcats
TRACE::2024-07-07.17:45:46::SCWMssOS::Generating standalone artifcats
TRACE::2024-07-07.17:45:46::SCWMssOS::Copying the qemu file from  C:/Xilinx/Vitis/2020.1/data/emulation/platforms/zynq/qemu/qemu_args.txt To C:/Users/gusta/Documents/SEP_projects/HW_SW/SEPmonG3/SEPmonG3V3/export/SEPmonG3V3/sw/SEPmonG3V3/qemu/
TRACE::2024-07-07.17:45:46::SCWMssOS::Copying the qemu file from  C:/Xilinx/Vitis/2020.1/data/emulation/platforms/zynq/qemu/qemu_args.txt To C:/Users/gusta/Documents/SEP_projects/HW_SW/SEPmonG3/SEPmonG3V3/export/SEPmonG3V3/sw/SEPmonG3V3/standalone_domain/qemu/
TRACE::2024-07-07.17:45:46::SCWMssOS:: Copying the user libraries. 
TRACE::2024-07-07.17:45:46::SCWPlatform::Trying to open the hw design at C:/Users/gusta/Documents/SEP_projects/HW_SW/SEPmonG3/SEPmonG3V3/hw/SEPmonG3V5.xsa
TRACE::2024-07-07.17:45:46::SCWPlatform::DSA given C:/Users/gusta/Documents/SEP_projects/HW_SW/SEPmonG3/SEPmonG3V3/hw/SEPmonG3V5.xsa
TRACE::2024-07-07.17:45:46::SCWPlatform::DSA absoulate path C:/Users/gusta/Documents/SEP_projects/HW_SW/SEPmonG3/SEPmonG3V3/hw/SEPmonG3V5.xsa
TRACE::2024-07-07.17:45:46::SCWPlatform::DSA directory C:/Users/gusta/Documents/SEP_projects/HW_SW/SEPmonG3/SEPmonG3V3/hw
TRACE::2024-07-07.17:45:46::SCWPlatform:: Platform Path C:/Users/gusta/Documents/SEP_projects/HW_SW/SEPmonG3/SEPmonG3V3/hw/SEPmonG3V5.xsa
TRACE::2024-07-07.17:45:46::SCWPlatform:: Unique name xilinx:zybo-z7-10::0.0
TRACE::2024-07-07.17:45:46::SCWPlatform::Trying to set the existing hwdb with name DEMO_wrapper_42
TRACE::2024-07-07.17:45:46::SCWPlatform::Opened existing hwdb DEMO_wrapper_42
TRACE::2024-07-07.17:45:46::SCWPlatform::Found the Hw Db part of the input DSA
TRACE::2024-07-07.17:45:46::SCWMssOS::Checking the sw design at  C:/Users/gusta/Documents/SEP_projects/HW_SW/SEPmonG3/SEPmonG3V3/ps7_cortexa9_0/standalone_domain/bsp/system.mss
TRACE::2024-07-07.17:45:46::SCWMssOS::DEBUG:  swdes dump  C:/Users/gusta/Documents/SEP_projects/HW_SW/SEPmonG3/SEPmonG3/ps7_cortexa9_0/standalone_domain/bsp/system.mss|system_0||
C:/Users/gusta/Documents/SEP_projects/HW_SW/SEPmonG3/SEPmonG3/zynq_fsbl/zynq_fsbl_bsp/system.mss|system||
C:/Users/gusta/Documents/SEP_projects/HW_SW/SEPmonG3/SEPmonG3V3/ps7_cortexa9_0/standalone_domain/bsp/system.mss|system_2||
C:/Users/gusta/Documents/SEP_projects/HW_SW/SEPmonG3/SEPmonG3V3/zynq_fsbl/zynq_fsbl_bsp/system.mss|system_1||

TRACE::2024-07-07.17:45:46::SCWMssOS::Sw design exists and opened at  C:/Users/gusta/Documents/SEP_projects/HW_SW/SEPmonG3/SEPmonG3V3/ps7_cortexa9_0/standalone_domain/bsp/system.mss
TRACE::2024-07-07.17:45:46::SCWMssOS::Completed writing the mss file at C:/Users/gusta/Documents/SEP_projects/HW_SW/SEPmonG3/SEPmonG3V3/ps7_cortexa9_0/standalone_domain/bsp
TRACE::2024-07-07.17:45:46::SCWMssOS::Mss edits present, copying mssfile into export location C:/Users/gusta/Documents/SEP_projects/HW_SW/SEPmonG3/SEPmonG3V3/ps7_cortexa9_0/standalone_domain/bsp/system.mss
TRACE::2024-07-07.17:45:46::SCWMssOS::bsp generated is upto date with the mss file. Skipping bsp generation.
TRACE::2024-07-07.17:45:46::SCWMssOS::BSP is already built. skipping the bsp build ... 
TRACE::2024-07-07.17:45:46::SCWDomain::Skipping the build for domain :  standalone_domain
TRACE::2024-07-07.17:45:46::SCWMssOS::skipping the bsp build ... 
TRACE::2024-07-07.17:45:46::SCWMssOS::Copying to export directory.
TRACE::2024-07-07.17:45:46::SCWMssOS:: Checking if to create the Supporting Applications
TRACE::2024-07-07.17:45:46::SCWMssOS:: No Linux domain exists, trying to generate FSBL 
LOG::2024-07-07.17:45:46::SCWSystem::Completed Processing the domain standalone_domain
LOG::2024-07-07.17:45:46::SCWSystem::Completed Processing the sysconfig SEPmonG3V3
LOG::2024-07-07.17:45:46::SCWPlatform::Completed generating the artifacts for system configuration SEPmonG3V3
TRACE::2024-07-07.17:45:46::SCWPlatform::Started preparing the platform 
TRACE::2024-07-07.17:45:46::SCWSystem::Writing the bif file for system config SEPmonG3V3
TRACE::2024-07-07.17:45:46::SCWSystem::dir created 
TRACE::2024-07-07.17:45:46::SCWSystem::Writing the bif 
TRACE::2024-07-07.17:45:46::SCWPlatform::Started writing the spfm file 
TRACE::2024-07-07.17:45:46::SCWPlatform::Started writing the xpfm file 
TRACE::2024-07-07.17:45:46::SCWPlatform::Completed generating the platform
TRACE::2024-07-07.17:45:46::SCWMssOS::Saving the mss changes C:/Users/gusta/Documents/SEP_projects/HW_SW/SEPmonG3/SEPmonG3V3/zynq_fsbl/zynq_fsbl_bsp/system.mss
TRACE::2024-07-07.17:45:46::SCWMssOS::Found a swdesign opened with the mssfile.
TRACE::2024-07-07.17:45:46::SCWMssOS::Completed writemss as part of save.
TRACE::2024-07-07.17:45:46::SCWMssOS::Commit changes completed.
TRACE::2024-07-07.17:45:46::SCWMssOS::Saving the mss changes C:/Users/gusta/Documents/SEP_projects/HW_SW/SEPmonG3/SEPmonG3V3/ps7_cortexa9_0/standalone_domain/bsp/system.mss
TRACE::2024-07-07.17:45:46::SCWMssOS::Found a swdesign opened with the mssfile.
TRACE::2024-07-07.17:45:46::SCWMssOS::Completed writemss as part of save.
TRACE::2024-07-07.17:45:46::SCWMssOS::Commit changes completed.
TRACE::2024-07-07.17:45:46::SCWPlatform::Trying to open the hw design at C:/Users/gusta/Documents/SEP_projects/HW_SW/SEPmonG3/SEPmonG3V3/hw/SEPmonG3V5.xsa
TRACE::2024-07-07.17:45:46::SCWPlatform::DSA given C:/Users/gusta/Documents/SEP_projects/HW_SW/SEPmonG3/SEPmonG3V3/hw/SEPmonG3V5.xsa
TRACE::2024-07-07.17:45:46::SCWPlatform::DSA absoulate path C:/Users/gusta/Documents/SEP_projects/HW_SW/SEPmonG3/SEPmonG3V3/hw/SEPmonG3V5.xsa
TRACE::2024-07-07.17:45:46::SCWPlatform::DSA directory C:/Users/gusta/Documents/SEP_projects/HW_SW/SEPmonG3/SEPmonG3V3/hw
TRACE::2024-07-07.17:45:46::SCWPlatform:: Platform Path C:/Users/gusta/Documents/SEP_projects/HW_SW/SEPmonG3/SEPmonG3V3/hw/SEPmonG3V5.xsa
TRACE::2024-07-07.17:45:46::SCWPlatform:: Unique name xilinx:zybo-z7-10::0.0
TRACE::2024-07-07.17:45:46::SCWPlatform::Trying to set the existing hwdb with name DEMO_wrapper_42
TRACE::2024-07-07.17:45:46::SCWPlatform::Opened existing hwdb DEMO_wrapper_42
TRACE::2024-07-07.17:45:46::SCWPlatform::Found the Hw Db part of the input DSA
TRACE::2024-07-07.17:45:46::SCWMssOS::Checking the sw design at  C:/Users/gusta/Documents/SEP_projects/HW_SW/SEPmonG3/SEPmonG3V3/zynq_fsbl/zynq_fsbl_bsp/system.mss
TRACE::2024-07-07.17:45:46::SCWMssOS::DEBUG:  swdes dump  C:/Users/gusta/Documents/SEP_projects/HW_SW/SEPmonG3/SEPmonG3/ps7_cortexa9_0/standalone_domain/bsp/system.mss|system_0||
C:/Users/gusta/Documents/SEP_projects/HW_SW/SEPmonG3/SEPmonG3/zynq_fsbl/zynq_fsbl_bsp/system.mss|system||
C:/Users/gusta/Documents/SEP_projects/HW_SW/SEPmonG3/SEPmonG3V3/ps7_cortexa9_0/standalone_domain/bsp/system.mss|system_2||
C:/Users/gusta/Documents/SEP_projects/HW_SW/SEPmonG3/SEPmonG3V3/zynq_fsbl/zynq_fsbl_bsp/system.mss|system_1||

TRACE::2024-07-07.17:45:46::SCWMssOS::Sw design exists and opened at  C:/Users/gusta/Documents/SEP_projects/HW_SW/SEPmonG3/SEPmonG3V3/zynq_fsbl/zynq_fsbl_bsp/system.mss
TRACE::2024-07-07.17:45:46::SCWPlatform::Trying to open the hw design at C:/Users/gusta/Documents/SEP_projects/HW_SW/SEPmonG3/SEPmonG3V3/hw/SEPmonG3V5.xsa
TRACE::2024-07-07.17:45:46::SCWPlatform::DSA given C:/Users/gusta/Documents/SEP_projects/HW_SW/SEPmonG3/SEPmonG3V3/hw/SEPmonG3V5.xsa
TRACE::2024-07-07.17:45:46::SCWPlatform::DSA absoulate path C:/Users/gusta/Documents/SEP_projects/HW_SW/SEPmonG3/SEPmonG3V3/hw/SEPmonG3V5.xsa
TRACE::2024-07-07.17:45:46::SCWPlatform::DSA directory C:/Users/gusta/Documents/SEP_projects/HW_SW/SEPmonG3/SEPmonG3V3/hw
TRACE::2024-07-07.17:45:46::SCWPlatform:: Platform Path C:/Users/gusta/Documents/SEP_projects/HW_SW/SEPmonG3/SEPmonG3V3/hw/SEPmonG3V5.xsa
TRACE::2024-07-07.17:45:46::SCWPlatform:: Unique name xilinx:zybo-z7-10::0.0
TRACE::2024-07-07.17:45:46::SCWPlatform::Trying to set the existing hwdb with name DEMO_wrapper_42
TRACE::2024-07-07.17:45:46::SCWPlatform::Opened existing hwdb DEMO_wrapper_42
TRACE::2024-07-07.17:45:46::SCWPlatform::Found the Hw Db part of the input DSA
TRACE::2024-07-07.17:45:46::SCWMssOS::Checking the sw design at  C:/Users/gusta/Documents/SEP_projects/HW_SW/SEPmonG3/SEPmonG3V3/ps7_cortexa9_0/standalone_domain/bsp/system.mss
TRACE::2024-07-07.17:45:46::SCWMssOS::DEBUG:  swdes dump  C:/Users/gusta/Documents/SEP_projects/HW_SW/SEPmonG3/SEPmonG3/ps7_cortexa9_0/standalone_domain/bsp/system.mss|system_0||
C:/Users/gusta/Documents/SEP_projects/HW_SW/SEPmonG3/SEPmonG3/zynq_fsbl/zynq_fsbl_bsp/system.mss|system||
C:/Users/gusta/Documents/SEP_projects/HW_SW/SEPmonG3/SEPmonG3V3/ps7_cortexa9_0/standalone_domain/bsp/system.mss|system_2||
C:/Users/gusta/Documents/SEP_projects/HW_SW/SEPmonG3/SEPmonG3V3/zynq_fsbl/zynq_fsbl_bsp/system.mss|system_1||

TRACE::2024-07-07.17:45:46::SCWMssOS::Sw design exists and opened at  C:/Users/gusta/Documents/SEP_projects/HW_SW/SEPmonG3/SEPmonG3V3/ps7_cortexa9_0/standalone_domain/bsp/system.mss
TRACE::2024-07-07.17:45:46::SCWWriter::formatted JSON is {
	"platformName":	"SEPmonG3V3",
	"sprVersion":	"2.0",
	"mode":	"gui",
	"dsaType":	"Fixed",
	"platformDesc":	"SEPmonG3V3",
	"platHandOff":	"C:/Users/gusta/Documents/SEP_projects/HW_SW/SEPmonG3/SEPmonG3V5.xsa",
	"platIntHandOff":	"<platformDir>/hw/SEPmonG3V5.xsa",
	"deviceType":	"zynq",
	"platIsPrebuiltAutogen":	"false",
	"platIsNoBootBsp":	"false",
	"hasFsblMakeHasChanges":	"false",
	"hasPmufwMakeHasChanges":	"false",
	"fsblExtraCompilerFlags":	"-MMD -MP       -mcpu=cortex-a9 -mfpu=vfpv3 -mfloat-abi=hard ",
	"platPreBuiltFlag":	false,
	"platformSamplesDir":	"",
	"platActiveSys":	"SEPmonG3V3",
	"systems":	[{
			"systemName":	"SEPmonG3V3",
			"systemDesc":	"SEPmonG3V3",
			"sysIsBootAutoGen":	"true",
			"systemDispName":	"SEPmonG3V3",
			"sysActiveDom":	"standalone_domain",
			"sysDefaultDom":	"standalone_domain",
			"domains":	[{
					"domainName":	"zynq_fsbl",
					"domainDispName":	"zynq_fsbl",
					"domainDesc":	"FSBL Application BSP - Auto Generated.",
					"processors":	"ps7_cortexa9_0",
					"os":	"standalone",
					"sdxOs":	"standalone",
					"debugEnable":	"",
					"domRuntimes":	["cpp"],
					"swRepo":	"",
					"mssOsVer":	"7.2",
					"mssFile":	"",
					"md5Digest":	"1c3d65b23234dc3ec6f7ff2cc82e7a29",
					"compatibleApp":	"zynq_fsbl",
					"domType":	"bootDomain",
					"appSettings":	{
						"appCompilerFlags":	"",
						"appLinkerFlags":	""
					},
					"addedLibs":	["xilffs:4.3", "xilrsa:1.6"],
					"libOptions":	{
						"libsContainingOptions":	[]
					},
					"prebuiltLibs":	{
						"prebuiltIncPath":	[],
						"prebuiltLibPath":	[]
					},
					"isolation":	{
					}
				}, {
					"domainName":	"standalone_domain",
					"domainDispName":	"standalone on ps7_cortexa9_0",
					"domainDesc":	"standalone_domain",
					"processors":	"ps7_cortexa9_0",
					"os":	"standalone",
					"sdxOs":	"standalone",
					"qemuArgs":	"C:/Xilinx/Vitis/2020.1/data/emulation/platforms/zynq/qemu/qemu_args.txt",
					"qemuData":	"C:/Xilinx/Vitis/2020.1/data/emulation/platforms/zynq/qemu/",
					"debugEnable":	"False",
					"domRuntimes":	["cpp"],
					"swRepo":	"",
					"mssOsVer":	"7.2",
					"mssFile":	"",
					"md5Digest":	"96a2233cbaff12ac4b4b6f28a05a4e23",
					"compatibleApp":	"",
					"domType":	"mssDomain",
					"appSettings":	{
						"appCompilerFlags":	"",
						"appLinkerFlags":	""
					},
					"addedLibs":	[],
					"libOptions":	{
						"libsContainingOptions":	[]
					},
					"prebuiltLibs":	{
						"prebuiltIncPath":	[],
						"prebuiltLibPath":	[]
					},
					"isolation":	{
					}
				}]
		}]
}
KEYINFO::2024-07-07.17:45:46::SCWPlatform::updated the xpfm file.
TRACE::2024-07-07.17:45:46::SCWPlatform::Trying to open the hw design at C:/Users/gusta/Documents/SEP_projects/HW_SW/SEPmonG3/SEPmonG3V3/hw/SEPmonG3V5.xsa
TRACE::2024-07-07.17:45:46::SCWPlatform::DSA given C:/Users/gusta/Documents/SEP_projects/HW_SW/SEPmonG3/SEPmonG3V3/hw/SEPmonG3V5.xsa
TRACE::2024-07-07.17:45:46::SCWPlatform::DSA absoulate path C:/Users/gusta/Documents/SEP_projects/HW_SW/SEPmonG3/SEPmonG3V3/hw/SEPmonG3V5.xsa
TRACE::2024-07-07.17:45:46::SCWPlatform::DSA directory C:/Users/gusta/Documents/SEP_projects/HW_SW/SEPmonG3/SEPmonG3V3/hw
TRACE::2024-07-07.17:45:46::SCWPlatform:: Platform Path C:/Users/gusta/Documents/SEP_projects/HW_SW/SEPmonG3/SEPmonG3V3/hw/SEPmonG3V5.xsa
TRACE::2024-07-07.17:45:46::SCWPlatform:: Unique name xilinx:zybo-z7-10::0.0
TRACE::2024-07-07.17:45:46::SCWPlatform::Trying to set the existing hwdb with name DEMO_wrapper_42
TRACE::2024-07-07.17:45:46::SCWPlatform::Opened existing hwdb DEMO_wrapper_42
TRACE::2024-07-07.17:45:46::SCWPlatform::Found the Hw Db part of the input DSA
TRACE::2024-07-07.17:45:46::SCWMssOS::Checking the sw design at  C:/Users/gusta/Documents/SEP_projects/HW_SW/SEPmonG3/SEPmonG3V3/ps7_cortexa9_0/standalone_domain/bsp/system.mss
TRACE::2024-07-07.17:45:46::SCWMssOS::DEBUG:  swdes dump  C:/Users/gusta/Documents/SEP_projects/HW_SW/SEPmonG3/SEPmonG3/ps7_cortexa9_0/standalone_domain/bsp/system.mss|system_0||
C:/Users/gusta/Documents/SEP_projects/HW_SW/SEPmonG3/SEPmonG3/zynq_fsbl/zynq_fsbl_bsp/system.mss|system||
C:/Users/gusta/Documents/SEP_projects/HW_SW/SEPmonG3/SEPmonG3V3/ps7_cortexa9_0/standalone_domain/bsp/system.mss|system_2||
C:/Users/gusta/Documents/SEP_projects/HW_SW/SEPmonG3/SEPmonG3V3/zynq_fsbl/zynq_fsbl_bsp/system.mss|system_1||

TRACE::2024-07-07.17:45:46::SCWMssOS::Sw design exists and opened at  C:/Users/gusta/Documents/SEP_projects/HW_SW/SEPmonG3/SEPmonG3V3/ps7_cortexa9_0/standalone_domain/bsp/system.mss
TRACE::2024-07-07.18:00:55::SCWPlatform::Trying to open the hw design at C:/Users/gusta/Documents/SEP_projects/HW_SW/SEPmonG3/SEPmonG3V3/hw/SEPmonG3V5.xsa
TRACE::2024-07-07.18:00:55::SCWPlatform::DSA given C:/Users/gusta/Documents/SEP_projects/HW_SW/SEPmonG3/SEPmonG3V3/hw/SEPmonG3V5.xsa
TRACE::2024-07-07.18:00:55::SCWPlatform::DSA absoulate path C:/Users/gusta/Documents/SEP_projects/HW_SW/SEPmonG3/SEPmonG3V3/hw/SEPmonG3V5.xsa
TRACE::2024-07-07.18:00:55::SCWPlatform::DSA directory C:/Users/gusta/Documents/SEP_projects/HW_SW/SEPmonG3/SEPmonG3V3/hw
TRACE::2024-07-07.18:00:55::SCWPlatform:: Platform Path C:/Users/gusta/Documents/SEP_projects/HW_SW/SEPmonG3/SEPmonG3V3/hw/SEPmonG3V5.xsa
TRACE::2024-07-07.18:00:55::SCWPlatform:: Unique name xilinx:zybo-z7-10::0.0
TRACE::2024-07-07.18:00:55::SCWPlatform::Trying to set the existing hwdb with name DEMO_wrapper_42
TRACE::2024-07-07.18:00:55::SCWPlatform::Opened existing hwdb DEMO_wrapper_42
TRACE::2024-07-07.18:00:55::SCWPlatform::Found the Hw Db part of the input DSA
TRACE::2024-07-07.18:00:55::SCWPlatform::DSA given C:/Users/gusta/Documents/SEP_projects/HW_SW/SEPmonG3/SEPmonG3V3/tempdsa/SEPmonG3V6.xsa
TRACE::2024-07-07.18:00:55::SCWPlatform::DSA absoulate path C:/Users/gusta/Documents/SEP_projects/HW_SW/SEPmonG3/SEPmonG3V3/tempdsa/SEPmonG3V6.xsa
TRACE::2024-07-07.18:00:55::SCWPlatform:: Platform location is C:/Users/gusta/Documents/SEP_projects/HW_SW/SEPmonG3/SEPmonG3V3/tempdsa
TRACE::2024-07-07.18:00:55::SCWPlatform:: Platform Path C:/Users/gusta/Documents/SEP_projects/HW_SW/SEPmonG3/SEPmonG3V3/tempdsa/SEPmonG3V6.xsa
TRACE::2024-07-07.18:00:55::SCWPlatform:: Unique name xilinx:zybo-z7-10::0.0
TRACE::2024-07-07.18:00:57::SCWPlatform::Found the Hw Db part of the input DSA
TRACE::2024-07-07.18:00:57::SCWMssOS::Doing hw sync for the mss in domain: zynq_fsbl
TRACE::2024-07-07.18:00:57::SCWPlatform::Trying to open the hw design at C:/Users/gusta/Documents/SEP_projects/HW_SW/SEPmonG3/SEPmonG3V3/hw/SEPmonG3V5.xsa
TRACE::2024-07-07.18:00:57::SCWPlatform::DSA given C:/Users/gusta/Documents/SEP_projects/HW_SW/SEPmonG3/SEPmonG3V3/hw/SEPmonG3V5.xsa
TRACE::2024-07-07.18:00:57::SCWPlatform::DSA absoulate path C:/Users/gusta/Documents/SEP_projects/HW_SW/SEPmonG3/SEPmonG3V3/hw/SEPmonG3V5.xsa
TRACE::2024-07-07.18:00:57::SCWPlatform::DSA directory C:/Users/gusta/Documents/SEP_projects/HW_SW/SEPmonG3/SEPmonG3V3/hw
TRACE::2024-07-07.18:00:57::SCWPlatform:: Platform Path C:/Users/gusta/Documents/SEP_projects/HW_SW/SEPmonG3/SEPmonG3V3/hw/SEPmonG3V5.xsa
TRACE::2024-07-07.18:00:57::SCWPlatform:: Unique name xilinx:zybo-z7-10::0.0
TRACE::2024-07-07.18:00:57::SCWPlatform::Trying to set the existing hwdb with name DEMO_wrapper_42
TRACE::2024-07-07.18:00:57::SCWPlatform::Opened existing hwdb DEMO_wrapper_42
TRACE::2024-07-07.18:00:57::SCWPlatform::Found the Hw Db part of the input DSA
TRACE::2024-07-07.18:00:57::SCWPlatform::Trying to open the hw design at C:/Users/gusta/Documents/SEP_projects/HW_SW/SEPmonG3/SEPmonG3V3/hw/SEPmonG3V5.xsa
TRACE::2024-07-07.18:00:57::SCWPlatform::DSA given C:/Users/gusta/Documents/SEP_projects/HW_SW/SEPmonG3/SEPmonG3V3/hw/SEPmonG3V5.xsa
TRACE::2024-07-07.18:00:57::SCWPlatform::DSA absoulate path C:/Users/gusta/Documents/SEP_projects/HW_SW/SEPmonG3/SEPmonG3V3/hw/SEPmonG3V5.xsa
TRACE::2024-07-07.18:00:57::SCWPlatform::DSA directory C:/Users/gusta/Documents/SEP_projects/HW_SW/SEPmonG3/SEPmonG3V3/hw
TRACE::2024-07-07.18:00:57::SCWPlatform:: Platform Path C:/Users/gusta/Documents/SEP_projects/HW_SW/SEPmonG3/SEPmonG3V3/hw/SEPmonG3V5.xsa
TRACE::2024-07-07.18:00:57::SCWPlatform:: Unique name xilinx:zybo-z7-10::0.0
TRACE::2024-07-07.18:00:57::SCWPlatform::Trying to set the existing hwdb with name DEMO_wrapper_42
TRACE::2024-07-07.18:00:57::SCWPlatform::Opened existing hwdb DEMO_wrapper_42
TRACE::2024-07-07.18:00:57::SCWPlatform::Found the Hw Db part of the input DSA
TRACE::2024-07-07.18:00:57::SCWMssOS::Checking the sw design at  C:/Users/gusta/Documents/SEP_projects/HW_SW/SEPmonG3/SEPmonG3V3/zynq_fsbl/zynq_fsbl_bsp/system.mss
TRACE::2024-07-07.18:00:57::SCWMssOS::DEBUG:  swdes dump  C:/Users/gusta/Documents/SEP_projects/HW_SW/SEPmonG3/SEPmonG3/ps7_cortexa9_0/standalone_domain/bsp/system.mss|system_0||
C:/Users/gusta/Documents/SEP_projects/HW_SW/SEPmonG3/SEPmonG3/zynq_fsbl/zynq_fsbl_bsp/system.mss|system||
C:/Users/gusta/Documents/SEP_projects/HW_SW/SEPmonG3/SEPmonG3V3/ps7_cortexa9_0/standalone_domain/bsp/system.mss|system_2||
C:/Users/gusta/Documents/SEP_projects/HW_SW/SEPmonG3/SEPmonG3V3/zynq_fsbl/zynq_fsbl_bsp/system.mss|system_1||

TRACE::2024-07-07.18:00:57::SCWMssOS::Sw design exists and opened at  C:/Users/gusta/Documents/SEP_projects/HW_SW/SEPmonG3/SEPmonG3V3/zynq_fsbl/zynq_fsbl_bsp/system.mss
TRACE::2024-07-07.18:00:57::SCWPlatform::Trying to open the hw design at C:/Users/gusta/Documents/SEP_projects/HW_SW/SEPmonG3/SEPmonG3V3/tempdsa/SEPmonG3V6.xsa
TRACE::2024-07-07.18:00:57::SCWPlatform::DSA given C:/Users/gusta/Documents/SEP_projects/HW_SW/SEPmonG3/SEPmonG3V3/tempdsa/SEPmonG3V6.xsa
TRACE::2024-07-07.18:00:57::SCWPlatform::DSA absoulate path C:/Users/gusta/Documents/SEP_projects/HW_SW/SEPmonG3/SEPmonG3V3/tempdsa/SEPmonG3V6.xsa
TRACE::2024-07-07.18:00:57::SCWPlatform::DSA directory C:/Users/gusta/Documents/SEP_projects/HW_SW/SEPmonG3/SEPmonG3V3/tempdsa
TRACE::2024-07-07.18:00:57::SCWPlatform:: Platform Path C:/Users/gusta/Documents/SEP_projects/HW_SW/SEPmonG3/SEPmonG3V3/tempdsa/SEPmonG3V6.xsa
TRACE::2024-07-07.18:00:57::SCWPlatform:: Unique name xilinx:zybo-z7-10::0.0
TRACE::2024-07-07.18:00:57::SCWPlatform::update - Opened existing hwdb DEMO_wrapper_44
TRACE::2024-07-07.18:00:57::SCWPlatform::Found the Hw Db part of the input DSA
TRACE::2024-07-07.18:00:57::SCWMssOS::Doing hw sync for the mss in domain: standalone_domain
TRACE::2024-07-07.18:00:57::SCWPlatform::Trying to open the hw design at C:/Users/gusta/Documents/SEP_projects/HW_SW/SEPmonG3/SEPmonG3V3/hw/SEPmonG3V5.xsa
TRACE::2024-07-07.18:00:57::SCWPlatform::DSA given C:/Users/gusta/Documents/SEP_projects/HW_SW/SEPmonG3/SEPmonG3V3/hw/SEPmonG3V5.xsa
TRACE::2024-07-07.18:00:57::SCWPlatform::DSA absoulate path C:/Users/gusta/Documents/SEP_projects/HW_SW/SEPmonG3/SEPmonG3V3/hw/SEPmonG3V5.xsa
TRACE::2024-07-07.18:00:57::SCWPlatform::DSA directory C:/Users/gusta/Documents/SEP_projects/HW_SW/SEPmonG3/SEPmonG3V3/hw
TRACE::2024-07-07.18:00:57::SCWPlatform:: Platform Path C:/Users/gusta/Documents/SEP_projects/HW_SW/SEPmonG3/SEPmonG3V3/hw/SEPmonG3V5.xsa
TRACE::2024-07-07.18:00:57::SCWPlatform:: Unique name xilinx:zybo-z7-10::0.0
TRACE::2024-07-07.18:00:57::SCWPlatform::Trying to set the existing hwdb with name DEMO_wrapper_42
TRACE::2024-07-07.18:00:57::SCWPlatform::Opened existing hwdb DEMO_wrapper_42
TRACE::2024-07-07.18:00:57::SCWPlatform::Found the Hw Db part of the input DSA
TRACE::2024-07-07.18:00:57::SCWPlatform::Trying to open the hw design at C:/Users/gusta/Documents/SEP_projects/HW_SW/SEPmonG3/SEPmonG3V3/hw/SEPmonG3V5.xsa
TRACE::2024-07-07.18:00:57::SCWPlatform::DSA given C:/Users/gusta/Documents/SEP_projects/HW_SW/SEPmonG3/SEPmonG3V3/hw/SEPmonG3V5.xsa
TRACE::2024-07-07.18:00:57::SCWPlatform::DSA absoulate path C:/Users/gusta/Documents/SEP_projects/HW_SW/SEPmonG3/SEPmonG3V3/hw/SEPmonG3V5.xsa
TRACE::2024-07-07.18:00:57::SCWPlatform::DSA directory C:/Users/gusta/Documents/SEP_projects/HW_SW/SEPmonG3/SEPmonG3V3/hw
TRACE::2024-07-07.18:00:57::SCWPlatform:: Platform Path C:/Users/gusta/Documents/SEP_projects/HW_SW/SEPmonG3/SEPmonG3V3/hw/SEPmonG3V5.xsa
TRACE::2024-07-07.18:00:57::SCWPlatform:: Unique name xilinx:zybo-z7-10::0.0
TRACE::2024-07-07.18:00:57::SCWPlatform::Trying to set the existing hwdb with name DEMO_wrapper_42
TRACE::2024-07-07.18:00:57::SCWPlatform::Opened existing hwdb DEMO_wrapper_42
TRACE::2024-07-07.18:00:57::SCWPlatform::Found the Hw Db part of the input DSA
TRACE::2024-07-07.18:00:57::SCWMssOS::Checking the sw design at  C:/Users/gusta/Documents/SEP_projects/HW_SW/SEPmonG3/SEPmonG3V3/ps7_cortexa9_0/standalone_domain/bsp/system.mss
TRACE::2024-07-07.18:00:57::SCWMssOS::DEBUG:  swdes dump  C:/Users/gusta/Documents/SEP_projects/HW_SW/SEPmonG3/SEPmonG3/ps7_cortexa9_0/standalone_domain/bsp/system.mss|system_0||
C:/Users/gusta/Documents/SEP_projects/HW_SW/SEPmonG3/SEPmonG3/zynq_fsbl/zynq_fsbl_bsp/system.mss|system||
C:/Users/gusta/Documents/SEP_projects/HW_SW/SEPmonG3/SEPmonG3V3/ps7_cortexa9_0/standalone_domain/bsp/system.mss|system_2||
C:/Users/gusta/Documents/SEP_projects/HW_SW/SEPmonG3/SEPmonG3V3/zynq_fsbl/zynq_fsbl_bsp/system.mss|system_1||

TRACE::2024-07-07.18:00:57::SCWMssOS::Sw design exists and opened at  C:/Users/gusta/Documents/SEP_projects/HW_SW/SEPmonG3/SEPmonG3V3/ps7_cortexa9_0/standalone_domain/bsp/system.mss
TRACE::2024-07-07.18:00:57::SCWPlatform::Trying to open the hw design at C:/Users/gusta/Documents/SEP_projects/HW_SW/SEPmonG3/SEPmonG3V3/tempdsa/SEPmonG3V6.xsa
TRACE::2024-07-07.18:00:57::SCWPlatform::DSA given C:/Users/gusta/Documents/SEP_projects/HW_SW/SEPmonG3/SEPmonG3V3/tempdsa/SEPmonG3V6.xsa
TRACE::2024-07-07.18:00:57::SCWPlatform::DSA absoulate path C:/Users/gusta/Documents/SEP_projects/HW_SW/SEPmonG3/SEPmonG3V3/tempdsa/SEPmonG3V6.xsa
TRACE::2024-07-07.18:00:57::SCWPlatform::DSA directory C:/Users/gusta/Documents/SEP_projects/HW_SW/SEPmonG3/SEPmonG3V3/tempdsa
TRACE::2024-07-07.18:00:57::SCWPlatform:: Platform Path C:/Users/gusta/Documents/SEP_projects/HW_SW/SEPmonG3/SEPmonG3V3/tempdsa/SEPmonG3V6.xsa
TRACE::2024-07-07.18:00:57::SCWPlatform:: Unique name xilinx:zybo-z7-10::0.0
TRACE::2024-07-07.18:00:57::SCWPlatform::update - Opened existing hwdb DEMO_wrapper_44
TRACE::2024-07-07.18:00:57::SCWPlatform::Found the Hw Db part of the input DSA
TRACE::2024-07-07.18:00:57::SCWMssOS::Saving the mss changes C:/Users/gusta/Documents/SEP_projects/HW_SW/SEPmonG3/SEPmonG3V3/zynq_fsbl/zynq_fsbl_bsp/system.mss
TRACE::2024-07-07.18:00:57::SCWMssOS::Found a swdesign opened with the mssfile.
TRACE::2024-07-07.18:00:57::SCWMssOS::Completed writemss as part of save.
TRACE::2024-07-07.18:00:57::SCWMssOS::Commit changes completed.
TRACE::2024-07-07.18:00:57::SCWMssOS::Completed hw sync for the mss in domain: zynq_fsbl
TRACE::2024-07-07.18:00:57::SCWMssOS::Removing the swdes entry for  C:/Users/gusta/Documents/SEP_projects/HW_SW/SEPmonG3/SEPmonG3V3/zynq_fsbl/zynq_fsbl_bsp/system.mss
TRACE::2024-07-07.18:00:57::SCWMssOS::Saving the mss changes C:/Users/gusta/Documents/SEP_projects/HW_SW/SEPmonG3/SEPmonG3V3/ps7_cortexa9_0/standalone_domain/bsp/system.mss
TRACE::2024-07-07.18:00:57::SCWMssOS::Found a swdesign opened with the mssfile.
TRACE::2024-07-07.18:00:57::SCWMssOS::Completed writemss as part of save.
TRACE::2024-07-07.18:00:57::SCWMssOS::Commit changes completed.
TRACE::2024-07-07.18:00:57::SCWMssOS::Completed hw sync for the mss in domain: standalone_domain
TRACE::2024-07-07.18:00:57::SCWMssOS::Removing the swdes entry for  C:/Users/gusta/Documents/SEP_projects/HW_SW/SEPmonG3/SEPmonG3V3/ps7_cortexa9_0/standalone_domain/bsp/system.mss
TRACE::2024-07-07.18:00:57::SCWPlatform::Trying to open the hw design at C:/Users/gusta/Documents/SEP_projects/HW_SW/SEPmonG3/SEPmonG3V3/hw/SEPmonG3V6.xsa
TRACE::2024-07-07.18:00:57::SCWPlatform::DSA given C:/Users/gusta/Documents/SEP_projects/HW_SW/SEPmonG3/SEPmonG3V3/hw/SEPmonG3V6.xsa
TRACE::2024-07-07.18:00:57::SCWPlatform::DSA absoulate path C:/Users/gusta/Documents/SEP_projects/HW_SW/SEPmonG3/SEPmonG3V3/hw/SEPmonG3V6.xsa
TRACE::2024-07-07.18:00:57::SCWPlatform::DSA directory C:/Users/gusta/Documents/SEP_projects/HW_SW/SEPmonG3/SEPmonG3V3/hw
TRACE::2024-07-07.18:00:57::SCWPlatform:: Platform Path C:/Users/gusta/Documents/SEP_projects/HW_SW/SEPmonG3/SEPmonG3V3/hw/SEPmonG3V6.xsa
TRACE::2024-07-07.18:00:57::SCWPlatform:: Unique name xilinx:zybo-z7-10::0.0
TRACE::2024-07-07.18:00:57::SCWPlatform::Do not have an existing db opened. 
TRACE::2024-07-07.18:00:59::SCWPlatform::Opened new HwDB with name DEMO_wrapper_45
TRACE::2024-07-07.18:00:59::SCWPlatform::Trying to open the hw design at C:/Users/gusta/Documents/SEP_projects/HW_SW/SEPmonG3/SEPmonG3V3/hw/SEPmonG3V6.xsa
TRACE::2024-07-07.18:00:59::SCWPlatform::DSA given C:/Users/gusta/Documents/SEP_projects/HW_SW/SEPmonG3/SEPmonG3V3/hw/SEPmonG3V6.xsa
TRACE::2024-07-07.18:00:59::SCWPlatform::DSA absoulate path C:/Users/gusta/Documents/SEP_projects/HW_SW/SEPmonG3/SEPmonG3V3/hw/SEPmonG3V6.xsa
TRACE::2024-07-07.18:00:59::SCWPlatform::DSA directory C:/Users/gusta/Documents/SEP_projects/HW_SW/SEPmonG3/SEPmonG3V3/hw
TRACE::2024-07-07.18:00:59::SCWPlatform:: Platform Path C:/Users/gusta/Documents/SEP_projects/HW_SW/SEPmonG3/SEPmonG3V3/hw/SEPmonG3V6.xsa
TRACE::2024-07-07.18:00:59::SCWPlatform:: Unique name xilinx:zybo-z7-10::0.0
TRACE::2024-07-07.18:00:59::SCWPlatform::Trying to set the existing hwdb with name DEMO_wrapper_45
TRACE::2024-07-07.18:00:59::SCWPlatform::Opened existing hwdb DEMO_wrapper_45
TRACE::2024-07-07.18:00:59::SCWPlatform::Found the Hw Db part of the input DSA
TRACE::2024-07-07.18:00:59::SCWMssOS::Checking the sw design at  C:/Users/gusta/Documents/SEP_projects/HW_SW/SEPmonG3/SEPmonG3V3/zynq_fsbl/zynq_fsbl_bsp/system.mss
TRACE::2024-07-07.18:00:59::SCWMssOS::DEBUG:  swdes dump  C:/Users/gusta/Documents/SEP_projects/HW_SW/SEPmonG3/SEPmonG3/ps7_cortexa9_0/standalone_domain/bsp/system.mss|system_0||
C:/Users/gusta/Documents/SEP_projects/HW_SW/SEPmonG3/SEPmonG3/zynq_fsbl/zynq_fsbl_bsp/system.mss|system||

TRACE::2024-07-07.18:00:59::SCWMssOS::No sw design opened at  C:/Users/gusta/Documents/SEP_projects/HW_SW/SEPmonG3/SEPmonG3V3/zynq_fsbl/zynq_fsbl_bsp/system.mss
TRACE::2024-07-07.18:00:59::SCWMssOS::mss exists loading the mss file  C:/Users/gusta/Documents/SEP_projects/HW_SW/SEPmonG3/SEPmonG3V3/zynq_fsbl/zynq_fsbl_bsp/system.mss
TRACE::2024-07-07.18:00:59::SCWMssOS::Opened the sw design from mss  C:/Users/gusta/Documents/SEP_projects/HW_SW/SEPmonG3/SEPmonG3V3/zynq_fsbl/zynq_fsbl_bsp/system.mss
TRACE::2024-07-07.18:00:59::SCWMssOS::Adding the swdes entry C:/Users/gusta/Documents/SEP_projects/HW_SW/SEPmonG3/SEPmonG3V3/zynq_fsbl/zynq_fsbl_bsp/system.mss with des name system_1
TRACE::2024-07-07.18:00:59::SCWMssOS::updating the scw layer about changes
TRACE::2024-07-07.18:00:59::SCWMssOS::Opened the sw design.  C:/Users/gusta/Documents/SEP_projects/HW_SW/SEPmonG3/SEPmonG3V3/zynq_fsbl/zynq_fsbl_bsp/system.mss
TRACE::2024-07-07.18:00:59::SCWMssOS::Saving the mss changes C:/Users/gusta/Documents/SEP_projects/HW_SW/SEPmonG3/SEPmonG3V3/zynq_fsbl/zynq_fsbl_bsp/system.mss
TRACE::2024-07-07.18:00:59::SCWMssOS::Found a swdesign opened with the mssfile.
TRACE::2024-07-07.18:00:59::SCWMssOS::Completed writemss as part of save.
TRACE::2024-07-07.18:00:59::SCWMssOS::Commit changes completed.
TRACE::2024-07-07.18:00:59::SCWMssOS::Saving the mss changes C:/Users/gusta/Documents/SEP_projects/HW_SW/SEPmonG3/SEPmonG3V3/ps7_cortexa9_0/standalone_domain/bsp/system.mss
TRACE::2024-07-07.18:00:59::SCWMssOS::Adding the swdes entry, mss present, able to open swdb C:/Users/gusta/Documents/SEP_projects/HW_SW/SEPmonG3/SEPmonG3V3/ps7_cortexa9_0/standalone_domain/bsp/system.mss with des name system_2
TRACE::2024-07-07.18:00:59::SCWMssOS::Writing the mss file completed C:/Users/gusta/Documents/SEP_projects/HW_SW/SEPmonG3/SEPmonG3V3/ps7_cortexa9_0/standalone_domain/bsp/system.mss
TRACE::2024-07-07.18:00:59::SCWMssOS::Commit changes completed.
TRACE::2024-07-07.18:00:59::SCWPlatform::Trying to open the hw design at C:/Users/gusta/Documents/SEP_projects/HW_SW/SEPmonG3/SEPmonG3V3/hw/SEPmonG3V6.xsa
TRACE::2024-07-07.18:00:59::SCWPlatform::DSA given C:/Users/gusta/Documents/SEP_projects/HW_SW/SEPmonG3/SEPmonG3V3/hw/SEPmonG3V6.xsa
TRACE::2024-07-07.18:00:59::SCWPlatform::DSA absoulate path C:/Users/gusta/Documents/SEP_projects/HW_SW/SEPmonG3/SEPmonG3V3/hw/SEPmonG3V6.xsa
TRACE::2024-07-07.18:00:59::SCWPlatform::DSA directory C:/Users/gusta/Documents/SEP_projects/HW_SW/SEPmonG3/SEPmonG3V3/hw
TRACE::2024-07-07.18:00:59::SCWPlatform:: Platform Path C:/Users/gusta/Documents/SEP_projects/HW_SW/SEPmonG3/SEPmonG3V3/hw/SEPmonG3V6.xsa
TRACE::2024-07-07.18:00:59::SCWPlatform:: Unique name xilinx:zybo-z7-10::0.0
TRACE::2024-07-07.18:00:59::SCWPlatform::Trying to set the existing hwdb with name DEMO_wrapper_45
TRACE::2024-07-07.18:00:59::SCWPlatform::Opened existing hwdb DEMO_wrapper_45
TRACE::2024-07-07.18:00:59::SCWPlatform::Found the Hw Db part of the input DSA
TRACE::2024-07-07.18:00:59::SCWMssOS::Checking the sw design at  C:/Users/gusta/Documents/SEP_projects/HW_SW/SEPmonG3/SEPmonG3V3/zynq_fsbl/zynq_fsbl_bsp/system.mss
TRACE::2024-07-07.18:00:59::SCWMssOS::DEBUG:  swdes dump  C:/Users/gusta/Documents/SEP_projects/HW_SW/SEPmonG3/SEPmonG3/ps7_cortexa9_0/standalone_domain/bsp/system.mss|system_0||
C:/Users/gusta/Documents/SEP_projects/HW_SW/SEPmonG3/SEPmonG3/zynq_fsbl/zynq_fsbl_bsp/system.mss|system||
C:/Users/gusta/Documents/SEP_projects/HW_SW/SEPmonG3/SEPmonG3V3/ps7_cortexa9_0/standalone_domain/bsp/system.mss|system_2||
C:/Users/gusta/Documents/SEP_projects/HW_SW/SEPmonG3/SEPmonG3V3/zynq_fsbl/zynq_fsbl_bsp/system.mss|system_1||

TRACE::2024-07-07.18:00:59::SCWMssOS::Sw design exists and opened at  C:/Users/gusta/Documents/SEP_projects/HW_SW/SEPmonG3/SEPmonG3V3/zynq_fsbl/zynq_fsbl_bsp/system.mss
TRACE::2024-07-07.18:00:59::SCWPlatform::Trying to open the hw design at C:/Users/gusta/Documents/SEP_projects/HW_SW/SEPmonG3/SEPmonG3V3/hw/SEPmonG3V6.xsa
TRACE::2024-07-07.18:00:59::SCWPlatform::DSA given C:/Users/gusta/Documents/SEP_projects/HW_SW/SEPmonG3/SEPmonG3V3/hw/SEPmonG3V6.xsa
TRACE::2024-07-07.18:00:59::SCWPlatform::DSA absoulate path C:/Users/gusta/Documents/SEP_projects/HW_SW/SEPmonG3/SEPmonG3V3/hw/SEPmonG3V6.xsa
TRACE::2024-07-07.18:00:59::SCWPlatform::DSA directory C:/Users/gusta/Documents/SEP_projects/HW_SW/SEPmonG3/SEPmonG3V3/hw
TRACE::2024-07-07.18:00:59::SCWPlatform:: Platform Path C:/Users/gusta/Documents/SEP_projects/HW_SW/SEPmonG3/SEPmonG3V3/hw/SEPmonG3V6.xsa
TRACE::2024-07-07.18:00:59::SCWPlatform:: Unique name xilinx:zybo-z7-10::0.0
TRACE::2024-07-07.18:00:59::SCWPlatform::Trying to set the existing hwdb with name DEMO_wrapper_45
TRACE::2024-07-07.18:00:59::SCWPlatform::Opened existing hwdb DEMO_wrapper_45
TRACE::2024-07-07.18:00:59::SCWPlatform::Found the Hw Db part of the input DSA
TRACE::2024-07-07.18:00:59::SCWMssOS::Checking the sw design at  C:/Users/gusta/Documents/SEP_projects/HW_SW/SEPmonG3/SEPmonG3V3/ps7_cortexa9_0/standalone_domain/bsp/system.mss
TRACE::2024-07-07.18:00:59::SCWMssOS::DEBUG:  swdes dump  C:/Users/gusta/Documents/SEP_projects/HW_SW/SEPmonG3/SEPmonG3/ps7_cortexa9_0/standalone_domain/bsp/system.mss|system_0||
C:/Users/gusta/Documents/SEP_projects/HW_SW/SEPmonG3/SEPmonG3/zynq_fsbl/zynq_fsbl_bsp/system.mss|system||
C:/Users/gusta/Documents/SEP_projects/HW_SW/SEPmonG3/SEPmonG3V3/ps7_cortexa9_0/standalone_domain/bsp/system.mss|system_2||
C:/Users/gusta/Documents/SEP_projects/HW_SW/SEPmonG3/SEPmonG3V3/zynq_fsbl/zynq_fsbl_bsp/system.mss|system_1||

TRACE::2024-07-07.18:00:59::SCWMssOS::Sw design exists and opened at  C:/Users/gusta/Documents/SEP_projects/HW_SW/SEPmonG3/SEPmonG3V3/ps7_cortexa9_0/standalone_domain/bsp/system.mss
TRACE::2024-07-07.18:00:59::SCWWriter::formatted JSON is {
	"platformName":	"SEPmonG3V3",
	"sprVersion":	"2.0",
	"mode":	"gui",
	"dsaType":	"Fixed",
	"platformDesc":	"SEPmonG3V3",
	"platHandOff":	"C:/Users/gusta/Documents/SEP_projects/HW_SW/SEPmonG3/SEPmon/SEPmonG3V6.xsa",
	"platIntHandOff":	"<platformDir>/hw/SEPmonG3V6.xsa",
	"deviceType":	"zynq",
	"platIsPrebuiltAutogen":	"false",
	"platIsNoBootBsp":	"false",
	"hasFsblMakeHasChanges":	"false",
	"hasPmufwMakeHasChanges":	"false",
	"fsblExtraCompilerFlags":	"-MMD -MP       -mcpu=cortex-a9 -mfpu=vfpv3 -mfloat-abi=hard ",
	"platPreBuiltFlag":	false,
	"platformSamplesDir":	"",
	"platActiveSys":	"SEPmonG3V3",
	"systems":	[{
			"systemName":	"SEPmonG3V3",
			"systemDesc":	"SEPmonG3V3",
			"sysIsBootAutoGen":	"true",
			"systemDispName":	"SEPmonG3V3",
			"sysActiveDom":	"standalone_domain",
			"sysDefaultDom":	"standalone_domain",
			"domains":	[{
					"domainName":	"zynq_fsbl",
					"domainDispName":	"zynq_fsbl",
					"domainDesc":	"FSBL Application BSP - Auto Generated.",
					"processors":	"ps7_cortexa9_0",
					"os":	"standalone",
					"sdxOs":	"standalone",
					"debugEnable":	"",
					"domRuntimes":	["cpp"],
					"swRepo":	"",
					"mssOsVer":	"7.2",
					"mssFile":	"",
					"md5Digest":	"1c3d65b23234dc3ec6f7ff2cc82e7a29",
					"compatibleApp":	"zynq_fsbl",
					"domType":	"bootDomain",
					"appSettings":	{
						"appCompilerFlags":	"",
						"appLinkerFlags":	""
					},
					"addedLibs":	["xilffs:4.3", "xilrsa:1.6"],
					"libOptions":	{
						"libsContainingOptions":	[]
					},
					"prebuiltLibs":	{
						"prebuiltIncPath":	[],
						"prebuiltLibPath":	[]
					},
					"isolation":	{
					}
				}, {
					"domainName":	"standalone_domain",
					"domainDispName":	"standalone on ps7_cortexa9_0",
					"domainDesc":	"standalone_domain",
					"processors":	"ps7_cortexa9_0",
					"os":	"standalone",
					"sdxOs":	"standalone",
					"qemuArgs":	"C:/Xilinx/Vitis/2020.1/data/emulation/platforms/zynq/qemu/qemu_args.txt",
					"qemuData":	"C:/Xilinx/Vitis/2020.1/data/emulation/platforms/zynq/qemu/",
					"debugEnable":	"False",
					"domRuntimes":	["cpp"],
					"swRepo":	"",
					"mssOsVer":	"7.2",
					"mssFile":	"",
					"md5Digest":	"96a2233cbaff12ac4b4b6f28a05a4e23",
					"compatibleApp":	"",
					"domType":	"mssDomain",
					"appSettings":	{
						"appCompilerFlags":	"",
						"appLinkerFlags":	""
					},
					"addedLibs":	[],
					"libOptions":	{
						"libsContainingOptions":	[]
					},
					"prebuiltLibs":	{
						"prebuiltIncPath":	[],
						"prebuiltLibPath":	[]
					},
					"isolation":	{
					}
				}]
		}]
}
TRACE::2024-07-07.18:01:01::SCWPlatform::Clearing the existing platform
TRACE::2024-07-07.18:01:01::SCWSystem::Clearing the existing sysconfig
TRACE::2024-07-07.18:01:01::SCWBDomain::clearing the fsbl build
TRACE::2024-07-07.18:01:01::SCWMssOS::Removing the swdes entry for  C:/Users/gusta/Documents/SEP_projects/HW_SW/SEPmonG3/SEPmonG3V3/zynq_fsbl/zynq_fsbl_bsp/system.mss
TRACE::2024-07-07.18:01:01::SCWMssOS::Removing the swdes entry for  C:/Users/gusta/Documents/SEP_projects/HW_SW/SEPmonG3/SEPmonG3V3/ps7_cortexa9_0/standalone_domain/bsp/system.mss
TRACE::2024-07-07.18:01:01::SCWSystem::Clearing the domains completed.
TRACE::2024-07-07.18:01:01::SCWPlatform::Clearing the opened hw db.
TRACE::2024-07-07.18:01:01::SCWPlatform::DSA given C:/Users/gusta/Documents/SEP_projects/HW_SW/SEPmonG3/SEPmonG3V3/hw/SEPmonG3V6.xsa
TRACE::2024-07-07.18:01:01::SCWPlatform::DSA absoulate path C:/Users/gusta/Documents/SEP_projects/HW_SW/SEPmonG3/SEPmonG3V3/hw/SEPmonG3V6.xsa
TRACE::2024-07-07.18:01:01::SCWPlatform:: Platform location is C:/Users/gusta/Documents/SEP_projects/HW_SW/SEPmonG3/SEPmonG3V3/hw
TRACE::2024-07-07.18:01:01::SCWPlatform:: Platform Path C:/Users/gusta/Documents/SEP_projects/HW_SW/SEPmonG3/SEPmonG3V3/hw/SEPmonG3V6.xsa
TRACE::2024-07-07.18:01:01::SCWPlatform:: Unique name xilinx:zybo-z7-10::0.0
TRACE::2024-07-07.18:01:01::SCWPlatform::Removing the HwDB with name C:/Users/gusta/Documents/SEP_projects/HW_SW/SEPmonG3/SEPmonG3V3/hw/SEPmonG3V6.xsa
TRACE::2024-07-07.18:01:01::SCWPlatform::Trying to open the hw design at C:/Users/gusta/Documents/SEP_projects/HW_SW/SEPmonG3/SEPmonG3V3/hw/SEPmonG3V6.xsa
TRACE::2024-07-07.18:01:01::SCWPlatform::DSA given C:/Users/gusta/Documents/SEP_projects/HW_SW/SEPmonG3/SEPmonG3V3/hw/SEPmonG3V6.xsa
TRACE::2024-07-07.18:01:01::SCWPlatform::DSA absoulate path C:/Users/gusta/Documents/SEP_projects/HW_SW/SEPmonG3/SEPmonG3V3/hw/SEPmonG3V6.xsa
TRACE::2024-07-07.18:01:01::SCWPlatform::DSA directory C:/Users/gusta/Documents/SEP_projects/HW_SW/SEPmonG3/SEPmonG3V3/hw
TRACE::2024-07-07.18:01:01::SCWPlatform:: Platform Path C:/Users/gusta/Documents/SEP_projects/HW_SW/SEPmonG3/SEPmonG3V3/hw/SEPmonG3V6.xsa
TRACE::2024-07-07.18:01:01::SCWPlatform:: Unique name xilinx:zybo-z7-10::0.0
TRACE::2024-07-07.18:01:01::SCWPlatform::Do not have an existing db opened. 
TRACE::2024-07-07.18:01:03::SCWPlatform::Opened new HwDB with name DEMO_wrapper_46
TRACE::2024-07-07.18:01:03::SCWReader::Active system found as  SEPmonG3V3
TRACE::2024-07-07.18:01:03::SCWReader::Handling sysconfig SEPmonG3V3
TRACE::2024-07-07.18:01:03::SCWDomain::checking for install qemu data   : 
TRACE::2024-07-07.18:01:03::SCWDomain:: Using the QEMU Data from install at  : C:/Xilinx/Vitis/2020.1/data/emulation/platforms/zynq/qemu/
TRACE::2024-07-07.18:01:03::SCWDomain:: Using the QEMU args  from install at  : C:/Xilinx/Vitis/2020.1/data/emulation/platforms/zynq/qemu/qemu_args.txt
TRACE::2024-07-07.18:01:03::SCWPlatform::Trying to open the hw design at C:/Users/gusta/Documents/SEP_projects/HW_SW/SEPmonG3/SEPmonG3V3/hw/SEPmonG3V6.xsa
TRACE::2024-07-07.18:01:03::SCWPlatform::DSA given C:/Users/gusta/Documents/SEP_projects/HW_SW/SEPmonG3/SEPmonG3V3/hw/SEPmonG3V6.xsa
TRACE::2024-07-07.18:01:03::SCWPlatform::DSA absoulate path C:/Users/gusta/Documents/SEP_projects/HW_SW/SEPmonG3/SEPmonG3V3/hw/SEPmonG3V6.xsa
TRACE::2024-07-07.18:01:03::SCWPlatform::DSA directory C:/Users/gusta/Documents/SEP_projects/HW_SW/SEPmonG3/SEPmonG3V3/hw
TRACE::2024-07-07.18:01:03::SCWPlatform:: Platform Path C:/Users/gusta/Documents/SEP_projects/HW_SW/SEPmonG3/SEPmonG3V3/hw/SEPmonG3V6.xsa
TRACE::2024-07-07.18:01:03::SCWPlatform:: Unique name xilinx:zybo-z7-10::0.0
TRACE::2024-07-07.18:01:03::SCWPlatform::Trying to set the existing hwdb with name DEMO_wrapper_46
TRACE::2024-07-07.18:01:03::SCWPlatform::Opened existing hwdb DEMO_wrapper_46
TRACE::2024-07-07.18:01:03::SCWPlatform::Found the Hw Db part of the input DSA
TRACE::2024-07-07.18:01:03::SCWPlatform::Trying to open the hw design at C:/Users/gusta/Documents/SEP_projects/HW_SW/SEPmonG3/SEPmonG3V3/hw/SEPmonG3V6.xsa
TRACE::2024-07-07.18:01:03::SCWPlatform::DSA given C:/Users/gusta/Documents/SEP_projects/HW_SW/SEPmonG3/SEPmonG3V3/hw/SEPmonG3V6.xsa
TRACE::2024-07-07.18:01:03::SCWPlatform::DSA absoulate path C:/Users/gusta/Documents/SEP_projects/HW_SW/SEPmonG3/SEPmonG3V3/hw/SEPmonG3V6.xsa
TRACE::2024-07-07.18:01:03::SCWPlatform::DSA directory C:/Users/gusta/Documents/SEP_projects/HW_SW/SEPmonG3/SEPmonG3V3/hw
TRACE::2024-07-07.18:01:03::SCWPlatform:: Platform Path C:/Users/gusta/Documents/SEP_projects/HW_SW/SEPmonG3/SEPmonG3V3/hw/SEPmonG3V6.xsa
TRACE::2024-07-07.18:01:03::SCWPlatform:: Unique name xilinx:zybo-z7-10::0.0
TRACE::2024-07-07.18:01:03::SCWPlatform::Trying to set the existing hwdb with name DEMO_wrapper_46
TRACE::2024-07-07.18:01:03::SCWPlatform::Opened existing hwdb DEMO_wrapper_46
TRACE::2024-07-07.18:01:03::SCWPlatform::Found the Hw Db part of the input DSA
TRACE::2024-07-07.18:01:03::SCWPlatform::Trying to open the hw design at C:/Users/gusta/Documents/SEP_projects/HW_SW/SEPmonG3/SEPmonG3V3/hw/SEPmonG3V6.xsa
TRACE::2024-07-07.18:01:03::SCWPlatform::DSA given C:/Users/gusta/Documents/SEP_projects/HW_SW/SEPmonG3/SEPmonG3V3/hw/SEPmonG3V6.xsa
TRACE::2024-07-07.18:01:03::SCWPlatform::DSA absoulate path C:/Users/gusta/Documents/SEP_projects/HW_SW/SEPmonG3/SEPmonG3V3/hw/SEPmonG3V6.xsa
TRACE::2024-07-07.18:01:03::SCWPlatform::DSA directory C:/Users/gusta/Documents/SEP_projects/HW_SW/SEPmonG3/SEPmonG3V3/hw
TRACE::2024-07-07.18:01:03::SCWPlatform:: Platform Path C:/Users/gusta/Documents/SEP_projects/HW_SW/SEPmonG3/SEPmonG3V3/hw/SEPmonG3V6.xsa
TRACE::2024-07-07.18:01:03::SCWPlatform:: Unique name xilinx:zybo-z7-10::0.0
TRACE::2024-07-07.18:01:03::SCWPlatform::Trying to set the existing hwdb with name DEMO_wrapper_46
TRACE::2024-07-07.18:01:03::SCWPlatform::Opened existing hwdb DEMO_wrapper_46
TRACE::2024-07-07.18:01:03::SCWPlatform::Found the Hw Db part of the input DSA
TRACE::2024-07-07.18:01:03::SCWReader::Boot application domain added for zynq_fsbl
TRACE::2024-07-07.18:01:03::SCWPlatform::Trying to open the hw design at C:/Users/gusta/Documents/SEP_projects/HW_SW/SEPmonG3/SEPmonG3V3/hw/SEPmonG3V6.xsa
TRACE::2024-07-07.18:01:03::SCWPlatform::DSA given C:/Users/gusta/Documents/SEP_projects/HW_SW/SEPmonG3/SEPmonG3V3/hw/SEPmonG3V6.xsa
TRACE::2024-07-07.18:01:03::SCWPlatform::DSA absoulate path C:/Users/gusta/Documents/SEP_projects/HW_SW/SEPmonG3/SEPmonG3V3/hw/SEPmonG3V6.xsa
TRACE::2024-07-07.18:01:03::SCWPlatform::DSA directory C:/Users/gusta/Documents/SEP_projects/HW_SW/SEPmonG3/SEPmonG3V3/hw
TRACE::2024-07-07.18:01:03::SCWPlatform:: Platform Path C:/Users/gusta/Documents/SEP_projects/HW_SW/SEPmonG3/SEPmonG3V3/hw/SEPmonG3V6.xsa
TRACE::2024-07-07.18:01:03::SCWPlatform:: Unique name xilinx:zybo-z7-10::0.0
TRACE::2024-07-07.18:01:03::SCWPlatform::Trying to set the existing hwdb with name DEMO_wrapper_46
TRACE::2024-07-07.18:01:03::SCWPlatform::Opened existing hwdb DEMO_wrapper_46
TRACE::2024-07-07.18:01:03::SCWPlatform::Found the Hw Db part of the input DSA
TRACE::2024-07-07.18:01:03::SCWMssOS::Checking the sw design at  C:/Users/gusta/Documents/SEP_projects/HW_SW/SEPmonG3/SEPmonG3V3/zynq_fsbl/zynq_fsbl_bsp/system.mss
TRACE::2024-07-07.18:01:03::SCWMssOS::DEBUG:  swdes dump  C:/Users/gusta/Documents/SEP_projects/HW_SW/SEPmonG3/SEPmonG3/ps7_cortexa9_0/standalone_domain/bsp/system.mss|system_0||
C:/Users/gusta/Documents/SEP_projects/HW_SW/SEPmonG3/SEPmonG3/zynq_fsbl/zynq_fsbl_bsp/system.mss|system||

TRACE::2024-07-07.18:01:03::SCWMssOS::No sw design opened at  C:/Users/gusta/Documents/SEP_projects/HW_SW/SEPmonG3/SEPmonG3V3/zynq_fsbl/zynq_fsbl_bsp/system.mss
TRACE::2024-07-07.18:01:03::SCWMssOS::mss exists loading the mss file  C:/Users/gusta/Documents/SEP_projects/HW_SW/SEPmonG3/SEPmonG3V3/zynq_fsbl/zynq_fsbl_bsp/system.mss
TRACE::2024-07-07.18:01:03::SCWMssOS::Opened the sw design from mss  C:/Users/gusta/Documents/SEP_projects/HW_SW/SEPmonG3/SEPmonG3V3/zynq_fsbl/zynq_fsbl_bsp/system.mss
TRACE::2024-07-07.18:01:03::SCWMssOS::Adding the swdes entry C:/Users/gusta/Documents/SEP_projects/HW_SW/SEPmonG3/SEPmonG3V3/zynq_fsbl/zynq_fsbl_bsp/system.mss with des name system_1
TRACE::2024-07-07.18:01:03::SCWMssOS::updating the scw layer about changes
TRACE::2024-07-07.18:01:03::SCWMssOS::Opened the sw design.  C:/Users/gusta/Documents/SEP_projects/HW_SW/SEPmonG3/SEPmonG3V3/zynq_fsbl/zynq_fsbl_bsp/system.mss
TRACE::2024-07-07.18:01:03::SCWPlatform::Trying to open the hw design at C:/Users/gusta/Documents/SEP_projects/HW_SW/SEPmonG3/SEPmonG3V3/hw/SEPmonG3V6.xsa
TRACE::2024-07-07.18:01:03::SCWPlatform::DSA given C:/Users/gusta/Documents/SEP_projects/HW_SW/SEPmonG3/SEPmonG3V3/hw/SEPmonG3V6.xsa
TRACE::2024-07-07.18:01:03::SCWPlatform::DSA absoulate path C:/Users/gusta/Documents/SEP_projects/HW_SW/SEPmonG3/SEPmonG3V3/hw/SEPmonG3V6.xsa
TRACE::2024-07-07.18:01:03::SCWPlatform::DSA directory C:/Users/gusta/Documents/SEP_projects/HW_SW/SEPmonG3/SEPmonG3V3/hw
TRACE::2024-07-07.18:01:03::SCWPlatform:: Platform Path C:/Users/gusta/Documents/SEP_projects/HW_SW/SEPmonG3/SEPmonG3V3/hw/SEPmonG3V6.xsa
TRACE::2024-07-07.18:01:03::SCWPlatform:: Unique name xilinx:zybo-z7-10::0.0
TRACE::2024-07-07.18:01:03::SCWPlatform::Trying to set the existing hwdb with name DEMO_wrapper_46
TRACE::2024-07-07.18:01:03::SCWPlatform::Opened existing hwdb DEMO_wrapper_46
TRACE::2024-07-07.18:01:03::SCWPlatform::Found the Hw Db part of the input DSA
TRACE::2024-07-07.18:01:03::SCWMssOS::Checking the sw design at  C:/Users/gusta/Documents/SEP_projects/HW_SW/SEPmonG3/SEPmonG3V3/zynq_fsbl/zynq_fsbl_bsp/system.mss
TRACE::2024-07-07.18:01:03::SCWMssOS::DEBUG:  swdes dump  C:/Users/gusta/Documents/SEP_projects/HW_SW/SEPmonG3/SEPmonG3/ps7_cortexa9_0/standalone_domain/bsp/system.mss|system_0||
C:/Users/gusta/Documents/SEP_projects/HW_SW/SEPmonG3/SEPmonG3/zynq_fsbl/zynq_fsbl_bsp/system.mss|system||
C:/Users/gusta/Documents/SEP_projects/HW_SW/SEPmonG3/SEPmonG3V3/zynq_fsbl/zynq_fsbl_bsp/system.mss|system_1||

TRACE::2024-07-07.18:01:03::SCWMssOS::Sw design exists and opened at  C:/Users/gusta/Documents/SEP_projects/HW_SW/SEPmonG3/SEPmonG3V3/zynq_fsbl/zynq_fsbl_bsp/system.mss
TRACE::2024-07-07.18:01:03::SCWMssOS:: library already available in sw design:  xilffs:4.3
TRACE::2024-07-07.18:01:03::SCWPlatform::Trying to open the hw design at C:/Users/gusta/Documents/SEP_projects/HW_SW/SEPmonG3/SEPmonG3V3/hw/SEPmonG3V6.xsa
TRACE::2024-07-07.18:01:03::SCWPlatform::DSA given C:/Users/gusta/Documents/SEP_projects/HW_SW/SEPmonG3/SEPmonG3V3/hw/SEPmonG3V6.xsa
TRACE::2024-07-07.18:01:03::SCWPlatform::DSA absoulate path C:/Users/gusta/Documents/SEP_projects/HW_SW/SEPmonG3/SEPmonG3V3/hw/SEPmonG3V6.xsa
TRACE::2024-07-07.18:01:03::SCWPlatform::DSA directory C:/Users/gusta/Documents/SEP_projects/HW_SW/SEPmonG3/SEPmonG3V3/hw
TRACE::2024-07-07.18:01:03::SCWPlatform:: Platform Path C:/Users/gusta/Documents/SEP_projects/HW_SW/SEPmonG3/SEPmonG3V3/hw/SEPmonG3V6.xsa
TRACE::2024-07-07.18:01:03::SCWPlatform:: Unique name xilinx:zybo-z7-10::0.0
TRACE::2024-07-07.18:01:03::SCWPlatform::Trying to set the existing hwdb with name DEMO_wrapper_46
TRACE::2024-07-07.18:01:03::SCWPlatform::Opened existing hwdb DEMO_wrapper_46
TRACE::2024-07-07.18:01:03::SCWPlatform::Found the Hw Db part of the input DSA
TRACE::2024-07-07.18:01:03::SCWMssOS::Checking the sw design at  C:/Users/gusta/Documents/SEP_projects/HW_SW/SEPmonG3/SEPmonG3V3/zynq_fsbl/zynq_fsbl_bsp/system.mss
TRACE::2024-07-07.18:01:03::SCWMssOS::DEBUG:  swdes dump  C:/Users/gusta/Documents/SEP_projects/HW_SW/SEPmonG3/SEPmonG3/ps7_cortexa9_0/standalone_domain/bsp/system.mss|system_0||
C:/Users/gusta/Documents/SEP_projects/HW_SW/SEPmonG3/SEPmonG3/zynq_fsbl/zynq_fsbl_bsp/system.mss|system||
C:/Users/gusta/Documents/SEP_projects/HW_SW/SEPmonG3/SEPmonG3V3/zynq_fsbl/zynq_fsbl_bsp/system.mss|system_1||

TRACE::2024-07-07.18:01:03::SCWMssOS::Sw design exists and opened at  C:/Users/gusta/Documents/SEP_projects/HW_SW/SEPmonG3/SEPmonG3V3/zynq_fsbl/zynq_fsbl_bsp/system.mss
TRACE::2024-07-07.18:01:03::SCWMssOS:: library already available in sw design:  xilrsa:1.6
TRACE::2024-07-07.18:01:03::SCWMssOS::Saving the mss changes C:/Users/gusta/Documents/SEP_projects/HW_SW/SEPmonG3/SEPmonG3V3/zynq_fsbl/zynq_fsbl_bsp/system.mss
TRACE::2024-07-07.18:01:03::SCWMssOS::Found a swdesign opened with the mssfile.
TRACE::2024-07-07.18:01:03::SCWMssOS::Completed writemss as part of save.
TRACE::2024-07-07.18:01:03::SCWMssOS::Commit changes completed.
TRACE::2024-07-07.18:01:03::SCWReader::Adding prebuilt librarypaths as   
TRACE::2024-07-07.18:01:03::SCWReader::Adding prebuilt incpaths  as   
TRACE::2024-07-07.18:01:03::SCWPlatform::Trying to open the hw design at C:/Users/gusta/Documents/SEP_projects/HW_SW/SEPmonG3/SEPmonG3V3/hw/SEPmonG3V6.xsa
TRACE::2024-07-07.18:01:03::SCWPlatform::DSA given C:/Users/gusta/Documents/SEP_projects/HW_SW/SEPmonG3/SEPmonG3V3/hw/SEPmonG3V6.xsa
TRACE::2024-07-07.18:01:03::SCWPlatform::DSA absoulate path C:/Users/gusta/Documents/SEP_projects/HW_SW/SEPmonG3/SEPmonG3V3/hw/SEPmonG3V6.xsa
TRACE::2024-07-07.18:01:03::SCWPlatform::DSA directory C:/Users/gusta/Documents/SEP_projects/HW_SW/SEPmonG3/SEPmonG3V3/hw
TRACE::2024-07-07.18:01:03::SCWPlatform:: Platform Path C:/Users/gusta/Documents/SEP_projects/HW_SW/SEPmonG3/SEPmonG3V3/hw/SEPmonG3V6.xsa
TRACE::2024-07-07.18:01:03::SCWPlatform:: Unique name xilinx:zybo-z7-10::0.0
TRACE::2024-07-07.18:01:03::SCWPlatform::Trying to set the existing hwdb with name DEMO_wrapper_46
TRACE::2024-07-07.18:01:03::SCWPlatform::Opened existing hwdb DEMO_wrapper_46
TRACE::2024-07-07.18:01:03::SCWPlatform::Found the Hw Db part of the input DSA
TRACE::2024-07-07.18:01:03::SCWMssOS::Checking the sw design at  C:/Users/gusta/Documents/SEP_projects/HW_SW/SEPmonG3/SEPmonG3V3/zynq_fsbl/zynq_fsbl_bsp/system.mss
TRACE::2024-07-07.18:01:03::SCWMssOS::DEBUG:  swdes dump  C:/Users/gusta/Documents/SEP_projects/HW_SW/SEPmonG3/SEPmonG3/ps7_cortexa9_0/standalone_domain/bsp/system.mss|system_0||
C:/Users/gusta/Documents/SEP_projects/HW_SW/SEPmonG3/SEPmonG3/zynq_fsbl/zynq_fsbl_bsp/system.mss|system||
C:/Users/gusta/Documents/SEP_projects/HW_SW/SEPmonG3/SEPmonG3V3/zynq_fsbl/zynq_fsbl_bsp/system.mss|system_1||

TRACE::2024-07-07.18:01:03::SCWMssOS::Sw design exists and opened at  C:/Users/gusta/Documents/SEP_projects/HW_SW/SEPmonG3/SEPmonG3V3/zynq_fsbl/zynq_fsbl_bsp/system.mss
TRACE::2024-07-07.18:01:03::SCWReader::No isolation master present  
TRACE::2024-07-07.18:01:03::SCWDomain::checking for install qemu data   : 
TRACE::2024-07-07.18:01:03::SCWDomain:: Using the QEMU Data from install at  : C:/Xilinx/Vitis/2020.1/data/emulation/platforms/zynq/qemu/
TRACE::2024-07-07.18:01:03::SCWDomain:: Using the QEMU args  from install at  : C:/Xilinx/Vitis/2020.1/data/emulation/platforms/zynq/qemu/qemu_args.txt
TRACE::2024-07-07.18:01:03::SCWPlatform::Trying to open the hw design at C:/Users/gusta/Documents/SEP_projects/HW_SW/SEPmonG3/SEPmonG3V3/hw/SEPmonG3V6.xsa
TRACE::2024-07-07.18:01:03::SCWPlatform::DSA given C:/Users/gusta/Documents/SEP_projects/HW_SW/SEPmonG3/SEPmonG3V3/hw/SEPmonG3V6.xsa
TRACE::2024-07-07.18:01:03::SCWPlatform::DSA absoulate path C:/Users/gusta/Documents/SEP_projects/HW_SW/SEPmonG3/SEPmonG3V3/hw/SEPmonG3V6.xsa
TRACE::2024-07-07.18:01:03::SCWPlatform::DSA directory C:/Users/gusta/Documents/SEP_projects/HW_SW/SEPmonG3/SEPmonG3V3/hw
TRACE::2024-07-07.18:01:03::SCWPlatform:: Platform Path C:/Users/gusta/Documents/SEP_projects/HW_SW/SEPmonG3/SEPmonG3V3/hw/SEPmonG3V6.xsa
TRACE::2024-07-07.18:01:03::SCWPlatform:: Unique name xilinx:zybo-z7-10::0.0
TRACE::2024-07-07.18:01:03::SCWPlatform::Trying to set the existing hwdb with name DEMO_wrapper_46
TRACE::2024-07-07.18:01:03::SCWPlatform::Opened existing hwdb DEMO_wrapper_46
TRACE::2024-07-07.18:01:03::SCWPlatform::Found the Hw Db part of the input DSA
TRACE::2024-07-07.18:01:03::SCWPlatform::Trying to open the hw design at C:/Users/gusta/Documents/SEP_projects/HW_SW/SEPmonG3/SEPmonG3V3/hw/SEPmonG3V6.xsa
TRACE::2024-07-07.18:01:03::SCWPlatform::DSA given C:/Users/gusta/Documents/SEP_projects/HW_SW/SEPmonG3/SEPmonG3V3/hw/SEPmonG3V6.xsa
TRACE::2024-07-07.18:01:03::SCWPlatform::DSA absoulate path C:/Users/gusta/Documents/SEP_projects/HW_SW/SEPmonG3/SEPmonG3V3/hw/SEPmonG3V6.xsa
TRACE::2024-07-07.18:01:03::SCWPlatform::DSA directory C:/Users/gusta/Documents/SEP_projects/HW_SW/SEPmonG3/SEPmonG3V3/hw
TRACE::2024-07-07.18:01:03::SCWPlatform:: Platform Path C:/Users/gusta/Documents/SEP_projects/HW_SW/SEPmonG3/SEPmonG3V3/hw/SEPmonG3V6.xsa
TRACE::2024-07-07.18:01:03::SCWPlatform:: Unique name xilinx:zybo-z7-10::0.0
TRACE::2024-07-07.18:01:03::SCWPlatform::Trying to set the existing hwdb with name DEMO_wrapper_46
TRACE::2024-07-07.18:01:03::SCWPlatform::Opened existing hwdb DEMO_wrapper_46
TRACE::2024-07-07.18:01:03::SCWPlatform::Found the Hw Db part of the input DSA
TRACE::2024-07-07.18:01:03::SCWPlatform::Trying to open the hw design at C:/Users/gusta/Documents/SEP_projects/HW_SW/SEPmonG3/SEPmonG3V3/hw/SEPmonG3V6.xsa
TRACE::2024-07-07.18:01:03::SCWPlatform::DSA given C:/Users/gusta/Documents/SEP_projects/HW_SW/SEPmonG3/SEPmonG3V3/hw/SEPmonG3V6.xsa
TRACE::2024-07-07.18:01:03::SCWPlatform::DSA absoulate path C:/Users/gusta/Documents/SEP_projects/HW_SW/SEPmonG3/SEPmonG3V3/hw/SEPmonG3V6.xsa
TRACE::2024-07-07.18:01:03::SCWPlatform::DSA directory C:/Users/gusta/Documents/SEP_projects/HW_SW/SEPmonG3/SEPmonG3V3/hw
TRACE::2024-07-07.18:01:03::SCWPlatform:: Platform Path C:/Users/gusta/Documents/SEP_projects/HW_SW/SEPmonG3/SEPmonG3V3/hw/SEPmonG3V6.xsa
TRACE::2024-07-07.18:01:03::SCWPlatform:: Unique name xilinx:zybo-z7-10::0.0
TRACE::2024-07-07.18:01:03::SCWPlatform::Trying to set the existing hwdb with name DEMO_wrapper_46
TRACE::2024-07-07.18:01:03::SCWPlatform::Opened existing hwdb DEMO_wrapper_46
TRACE::2024-07-07.18:01:03::SCWPlatform::Found the Hw Db part of the input DSA
TRACE::2024-07-07.18:01:03::SCWMssOS::Checking the sw design at  C:/Users/gusta/Documents/SEP_projects/HW_SW/SEPmonG3/SEPmonG3V3/ps7_cortexa9_0/standalone_domain/bsp/system.mss
TRACE::2024-07-07.18:01:03::SCWMssOS::DEBUG:  swdes dump  C:/Users/gusta/Documents/SEP_projects/HW_SW/SEPmonG3/SEPmonG3/ps7_cortexa9_0/standalone_domain/bsp/system.mss|system_0||
C:/Users/gusta/Documents/SEP_projects/HW_SW/SEPmonG3/SEPmonG3/zynq_fsbl/zynq_fsbl_bsp/system.mss|system||
C:/Users/gusta/Documents/SEP_projects/HW_SW/SEPmonG3/SEPmonG3V3/zynq_fsbl/zynq_fsbl_bsp/system.mss|system_1||

TRACE::2024-07-07.18:01:03::SCWMssOS::No sw design opened at  C:/Users/gusta/Documents/SEP_projects/HW_SW/SEPmonG3/SEPmonG3V3/ps7_cortexa9_0/standalone_domain/bsp/system.mss
TRACE::2024-07-07.18:01:03::SCWMssOS::mss exists loading the mss file  C:/Users/gusta/Documents/SEP_projects/HW_SW/SEPmonG3/SEPmonG3V3/ps7_cortexa9_0/standalone_domain/bsp/system.mss
TRACE::2024-07-07.18:01:03::SCWMssOS::Opened the sw design from mss  C:/Users/gusta/Documents/SEP_projects/HW_SW/SEPmonG3/SEPmonG3V3/ps7_cortexa9_0/standalone_domain/bsp/system.mss
TRACE::2024-07-07.18:01:03::SCWMssOS::Adding the swdes entry C:/Users/gusta/Documents/SEP_projects/HW_SW/SEPmonG3/SEPmonG3V3/ps7_cortexa9_0/standalone_domain/bsp/system.mss with des name system_2
TRACE::2024-07-07.18:01:03::SCWMssOS::updating the scw layer about changes
TRACE::2024-07-07.18:01:03::SCWMssOS::Opened the sw design.  C:/Users/gusta/Documents/SEP_projects/HW_SW/SEPmonG3/SEPmonG3V3/ps7_cortexa9_0/standalone_domain/bsp/system.mss
TRACE::2024-07-07.18:01:03::SCWMssOS::Saving the mss changes C:/Users/gusta/Documents/SEP_projects/HW_SW/SEPmonG3/SEPmonG3V3/ps7_cortexa9_0/standalone_domain/bsp/system.mss
TRACE::2024-07-07.18:01:03::SCWMssOS::Found a swdesign opened with the mssfile.
TRACE::2024-07-07.18:01:03::SCWMssOS::Completed writemss as part of save.
TRACE::2024-07-07.18:01:03::SCWMssOS::Commit changes completed.
TRACE::2024-07-07.18:01:03::SCWReader::Adding prebuilt librarypaths as   
TRACE::2024-07-07.18:01:03::SCWReader::Adding prebuilt incpaths  as   
TRACE::2024-07-07.18:01:03::SCWPlatform::Trying to open the hw design at C:/Users/gusta/Documents/SEP_projects/HW_SW/SEPmonG3/SEPmonG3V3/hw/SEPmonG3V6.xsa
TRACE::2024-07-07.18:01:03::SCWPlatform::DSA given C:/Users/gusta/Documents/SEP_projects/HW_SW/SEPmonG3/SEPmonG3V3/hw/SEPmonG3V6.xsa
TRACE::2024-07-07.18:01:03::SCWPlatform::DSA absoulate path C:/Users/gusta/Documents/SEP_projects/HW_SW/SEPmonG3/SEPmonG3V3/hw/SEPmonG3V6.xsa
TRACE::2024-07-07.18:01:03::SCWPlatform::DSA directory C:/Users/gusta/Documents/SEP_projects/HW_SW/SEPmonG3/SEPmonG3V3/hw
TRACE::2024-07-07.18:01:03::SCWPlatform:: Platform Path C:/Users/gusta/Documents/SEP_projects/HW_SW/SEPmonG3/SEPmonG3V3/hw/SEPmonG3V6.xsa
TRACE::2024-07-07.18:01:03::SCWPlatform:: Unique name xilinx:zybo-z7-10::0.0
TRACE::2024-07-07.18:01:03::SCWPlatform::Trying to set the existing hwdb with name DEMO_wrapper_46
TRACE::2024-07-07.18:01:03::SCWPlatform::Opened existing hwdb DEMO_wrapper_46
TRACE::2024-07-07.18:01:03::SCWPlatform::Found the Hw Db part of the input DSA
TRACE::2024-07-07.18:01:03::SCWMssOS::Checking the sw design at  C:/Users/gusta/Documents/SEP_projects/HW_SW/SEPmonG3/SEPmonG3V3/ps7_cortexa9_0/standalone_domain/bsp/system.mss
TRACE::2024-07-07.18:01:03::SCWMssOS::DEBUG:  swdes dump  C:/Users/gusta/Documents/SEP_projects/HW_SW/SEPmonG3/SEPmonG3/ps7_cortexa9_0/standalone_domain/bsp/system.mss|system_0||
C:/Users/gusta/Documents/SEP_projects/HW_SW/SEPmonG3/SEPmonG3/zynq_fsbl/zynq_fsbl_bsp/system.mss|system||
C:/Users/gusta/Documents/SEP_projects/HW_SW/SEPmonG3/SEPmonG3V3/ps7_cortexa9_0/standalone_domain/bsp/system.mss|system_2||
C:/Users/gusta/Documents/SEP_projects/HW_SW/SEPmonG3/SEPmonG3V3/zynq_fsbl/zynq_fsbl_bsp/system.mss|system_1||

TRACE::2024-07-07.18:01:03::SCWMssOS::Sw design exists and opened at  C:/Users/gusta/Documents/SEP_projects/HW_SW/SEPmonG3/SEPmonG3V3/ps7_cortexa9_0/standalone_domain/bsp/system.mss
TRACE::2024-07-07.18:01:03::SCWReader::No isolation master present  
LOG::2024-07-07.18:01:08::SCWPlatform::Started generating the artifacts platform SEPmonG3V3
TRACE::2024-07-07.18:01:08::SCWPlatform::Sanity checking of platform is completed
LOG::2024-07-07.18:01:08::SCWPlatform::Started generating the artifacts for system configuration SEPmonG3V3
LOG::2024-07-07.18:01:08::SCWSystem::Checking the domain zynq_fsbl
LOG::2024-07-07.18:01:08::SCWSystem::Doing application build for :  zynq_fsbl
TRACE::2024-07-07.18:01:08::SCWBDomain::Not a forced makefile updation, No changes are present. 
TRACE::2024-07-07.18:01:08::SCWDomain::Skipping the build for domain :  zynq_fsbl
LOG::2024-07-07.18:01:08::SCWSystem::Checking the domain standalone_domain
LOG::2024-07-07.18:01:08::SCWSystem::Not a boot domain 
LOG::2024-07-07.18:01:08::SCWSystem::Started Processing the domain standalone_domain
TRACE::2024-07-07.18:01:08::SCWDomain::Generating domain artifcats
TRACE::2024-07-07.18:01:08::SCWMssOS::Generating standalone artifcats
TRACE::2024-07-07.18:01:08::SCWMssOS::Copying the qemu file from  C:/Xilinx/Vitis/2020.1/data/emulation/platforms/zynq/qemu/qemu_args.txt To C:/Users/gusta/Documents/SEP_projects/HW_SW/SEPmonG3/SEPmonG3V3/export/SEPmonG3V3/sw/SEPmonG3V3/qemu/
TRACE::2024-07-07.18:01:08::SCWMssOS::Copying the qemu file from  C:/Xilinx/Vitis/2020.1/data/emulation/platforms/zynq/qemu/qemu_args.txt To C:/Users/gusta/Documents/SEP_projects/HW_SW/SEPmonG3/SEPmonG3V3/export/SEPmonG3V3/sw/SEPmonG3V3/standalone_domain/qemu/
TRACE::2024-07-07.18:01:08::SCWMssOS:: Copying the user libraries. 
TRACE::2024-07-07.18:01:08::SCWPlatform::Trying to open the hw design at C:/Users/gusta/Documents/SEP_projects/HW_SW/SEPmonG3/SEPmonG3V3/hw/SEPmonG3V6.xsa
TRACE::2024-07-07.18:01:08::SCWPlatform::DSA given C:/Users/gusta/Documents/SEP_projects/HW_SW/SEPmonG3/SEPmonG3V3/hw/SEPmonG3V6.xsa
TRACE::2024-07-07.18:01:08::SCWPlatform::DSA absoulate path C:/Users/gusta/Documents/SEP_projects/HW_SW/SEPmonG3/SEPmonG3V3/hw/SEPmonG3V6.xsa
TRACE::2024-07-07.18:01:08::SCWPlatform::DSA directory C:/Users/gusta/Documents/SEP_projects/HW_SW/SEPmonG3/SEPmonG3V3/hw
TRACE::2024-07-07.18:01:08::SCWPlatform:: Platform Path C:/Users/gusta/Documents/SEP_projects/HW_SW/SEPmonG3/SEPmonG3V3/hw/SEPmonG3V6.xsa
TRACE::2024-07-07.18:01:08::SCWPlatform:: Unique name xilinx:zybo-z7-10::0.0
TRACE::2024-07-07.18:01:08::SCWPlatform::Trying to set the existing hwdb with name DEMO_wrapper_46
TRACE::2024-07-07.18:01:08::SCWPlatform::Opened existing hwdb DEMO_wrapper_46
TRACE::2024-07-07.18:01:08::SCWPlatform::Found the Hw Db part of the input DSA
TRACE::2024-07-07.18:01:08::SCWMssOS::Checking the sw design at  C:/Users/gusta/Documents/SEP_projects/HW_SW/SEPmonG3/SEPmonG3V3/ps7_cortexa9_0/standalone_domain/bsp/system.mss
TRACE::2024-07-07.18:01:08::SCWMssOS::DEBUG:  swdes dump  C:/Users/gusta/Documents/SEP_projects/HW_SW/SEPmonG3/SEPmonG3/ps7_cortexa9_0/standalone_domain/bsp/system.mss|system_0||
C:/Users/gusta/Documents/SEP_projects/HW_SW/SEPmonG3/SEPmonG3/zynq_fsbl/zynq_fsbl_bsp/system.mss|system||
C:/Users/gusta/Documents/SEP_projects/HW_SW/SEPmonG3/SEPmonG3V3/ps7_cortexa9_0/standalone_domain/bsp/system.mss|system_2||
C:/Users/gusta/Documents/SEP_projects/HW_SW/SEPmonG3/SEPmonG3V3/zynq_fsbl/zynq_fsbl_bsp/system.mss|system_1||

TRACE::2024-07-07.18:01:08::SCWMssOS::Sw design exists and opened at  C:/Users/gusta/Documents/SEP_projects/HW_SW/SEPmonG3/SEPmonG3V3/ps7_cortexa9_0/standalone_domain/bsp/system.mss
TRACE::2024-07-07.18:01:08::SCWMssOS::Completed writing the mss file at C:/Users/gusta/Documents/SEP_projects/HW_SW/SEPmonG3/SEPmonG3V3/ps7_cortexa9_0/standalone_domain/bsp
TRACE::2024-07-07.18:01:08::SCWMssOS::Mss edits present, copying mssfile into export location C:/Users/gusta/Documents/SEP_projects/HW_SW/SEPmonG3/SEPmonG3V3/ps7_cortexa9_0/standalone_domain/bsp/system.mss
TRACE::2024-07-07.18:01:08::SCWMssOS::bsp generated is upto date with the mss file. Skipping bsp generation.
TRACE::2024-07-07.18:01:08::SCWMssOS::BSP is already built. skipping the bsp build ... 
TRACE::2024-07-07.18:01:08::SCWDomain::Skipping the build for domain :  standalone_domain
TRACE::2024-07-07.18:01:08::SCWMssOS::skipping the bsp build ... 
TRACE::2024-07-07.18:01:08::SCWMssOS::Copying to export directory.
TRACE::2024-07-07.18:01:08::SCWMssOS:: Checking if to create the Supporting Applications
TRACE::2024-07-07.18:01:08::SCWMssOS:: No Linux domain exists, trying to generate FSBL 
LOG::2024-07-07.18:01:08::SCWSystem::Completed Processing the domain standalone_domain
LOG::2024-07-07.18:01:08::SCWSystem::Completed Processing the sysconfig SEPmonG3V3
LOG::2024-07-07.18:01:08::SCWPlatform::Completed generating the artifacts for system configuration SEPmonG3V3
TRACE::2024-07-07.18:01:08::SCWPlatform::Started preparing the platform 
TRACE::2024-07-07.18:01:08::SCWSystem::Writing the bif file for system config SEPmonG3V3
TRACE::2024-07-07.18:01:08::SCWSystem::dir created 
TRACE::2024-07-07.18:01:08::SCWSystem::Writing the bif 
TRACE::2024-07-07.18:01:08::SCWPlatform::Started writing the spfm file 
TRACE::2024-07-07.18:01:08::SCWPlatform::Started writing the xpfm file 
TRACE::2024-07-07.18:01:08::SCWPlatform::Completed generating the platform
TRACE::2024-07-07.18:01:08::SCWMssOS::Saving the mss changes C:/Users/gusta/Documents/SEP_projects/HW_SW/SEPmonG3/SEPmonG3V3/zynq_fsbl/zynq_fsbl_bsp/system.mss
TRACE::2024-07-07.18:01:08::SCWMssOS::Found a swdesign opened with the mssfile.
TRACE::2024-07-07.18:01:08::SCWMssOS::Completed writemss as part of save.
TRACE::2024-07-07.18:01:08::SCWMssOS::Commit changes completed.
TRACE::2024-07-07.18:01:08::SCWMssOS::Saving the mss changes C:/Users/gusta/Documents/SEP_projects/HW_SW/SEPmonG3/SEPmonG3V3/ps7_cortexa9_0/standalone_domain/bsp/system.mss
TRACE::2024-07-07.18:01:08::SCWMssOS::Found a swdesign opened with the mssfile.
TRACE::2024-07-07.18:01:08::SCWMssOS::Completed writemss as part of save.
TRACE::2024-07-07.18:01:08::SCWMssOS::Commit changes completed.
TRACE::2024-07-07.18:01:08::SCWPlatform::Trying to open the hw design at C:/Users/gusta/Documents/SEP_projects/HW_SW/SEPmonG3/SEPmonG3V3/hw/SEPmonG3V6.xsa
TRACE::2024-07-07.18:01:08::SCWPlatform::DSA given C:/Users/gusta/Documents/SEP_projects/HW_SW/SEPmonG3/SEPmonG3V3/hw/SEPmonG3V6.xsa
TRACE::2024-07-07.18:01:08::SCWPlatform::DSA absoulate path C:/Users/gusta/Documents/SEP_projects/HW_SW/SEPmonG3/SEPmonG3V3/hw/SEPmonG3V6.xsa
TRACE::2024-07-07.18:01:08::SCWPlatform::DSA directory C:/Users/gusta/Documents/SEP_projects/HW_SW/SEPmonG3/SEPmonG3V3/hw
TRACE::2024-07-07.18:01:08::SCWPlatform:: Platform Path C:/Users/gusta/Documents/SEP_projects/HW_SW/SEPmonG3/SEPmonG3V3/hw/SEPmonG3V6.xsa
TRACE::2024-07-07.18:01:08::SCWPlatform:: Unique name xilinx:zybo-z7-10::0.0
TRACE::2024-07-07.18:01:08::SCWPlatform::Trying to set the existing hwdb with name DEMO_wrapper_46
TRACE::2024-07-07.18:01:08::SCWPlatform::Opened existing hwdb DEMO_wrapper_46
TRACE::2024-07-07.18:01:08::SCWPlatform::Found the Hw Db part of the input DSA
TRACE::2024-07-07.18:01:08::SCWMssOS::Checking the sw design at  C:/Users/gusta/Documents/SEP_projects/HW_SW/SEPmonG3/SEPmonG3V3/zynq_fsbl/zynq_fsbl_bsp/system.mss
TRACE::2024-07-07.18:01:08::SCWMssOS::DEBUG:  swdes dump  C:/Users/gusta/Documents/SEP_projects/HW_SW/SEPmonG3/SEPmonG3/ps7_cortexa9_0/standalone_domain/bsp/system.mss|system_0||
C:/Users/gusta/Documents/SEP_projects/HW_SW/SEPmonG3/SEPmonG3/zynq_fsbl/zynq_fsbl_bsp/system.mss|system||
C:/Users/gusta/Documents/SEP_projects/HW_SW/SEPmonG3/SEPmonG3V3/ps7_cortexa9_0/standalone_domain/bsp/system.mss|system_2||
C:/Users/gusta/Documents/SEP_projects/HW_SW/SEPmonG3/SEPmonG3V3/zynq_fsbl/zynq_fsbl_bsp/system.mss|system_1||

TRACE::2024-07-07.18:01:08::SCWMssOS::Sw design exists and opened at  C:/Users/gusta/Documents/SEP_projects/HW_SW/SEPmonG3/SEPmonG3V3/zynq_fsbl/zynq_fsbl_bsp/system.mss
TRACE::2024-07-07.18:01:08::SCWPlatform::Trying to open the hw design at C:/Users/gusta/Documents/SEP_projects/HW_SW/SEPmonG3/SEPmonG3V3/hw/SEPmonG3V6.xsa
TRACE::2024-07-07.18:01:08::SCWPlatform::DSA given C:/Users/gusta/Documents/SEP_projects/HW_SW/SEPmonG3/SEPmonG3V3/hw/SEPmonG3V6.xsa
TRACE::2024-07-07.18:01:08::SCWPlatform::DSA absoulate path C:/Users/gusta/Documents/SEP_projects/HW_SW/SEPmonG3/SEPmonG3V3/hw/SEPmonG3V6.xsa
TRACE::2024-07-07.18:01:08::SCWPlatform::DSA directory C:/Users/gusta/Documents/SEP_projects/HW_SW/SEPmonG3/SEPmonG3V3/hw
TRACE::2024-07-07.18:01:08::SCWPlatform:: Platform Path C:/Users/gusta/Documents/SEP_projects/HW_SW/SEPmonG3/SEPmonG3V3/hw/SEPmonG3V6.xsa
TRACE::2024-07-07.18:01:08::SCWPlatform:: Unique name xilinx:zybo-z7-10::0.0
TRACE::2024-07-07.18:01:08::SCWPlatform::Trying to set the existing hwdb with name DEMO_wrapper_46
TRACE::2024-07-07.18:01:08::SCWPlatform::Opened existing hwdb DEMO_wrapper_46
TRACE::2024-07-07.18:01:08::SCWPlatform::Found the Hw Db part of the input DSA
TRACE::2024-07-07.18:01:08::SCWMssOS::Checking the sw design at  C:/Users/gusta/Documents/SEP_projects/HW_SW/SEPmonG3/SEPmonG3V3/ps7_cortexa9_0/standalone_domain/bsp/system.mss
TRACE::2024-07-07.18:01:08::SCWMssOS::DEBUG:  swdes dump  C:/Users/gusta/Documents/SEP_projects/HW_SW/SEPmonG3/SEPmonG3/ps7_cortexa9_0/standalone_domain/bsp/system.mss|system_0||
C:/Users/gusta/Documents/SEP_projects/HW_SW/SEPmonG3/SEPmonG3/zynq_fsbl/zynq_fsbl_bsp/system.mss|system||
C:/Users/gusta/Documents/SEP_projects/HW_SW/SEPmonG3/SEPmonG3V3/ps7_cortexa9_0/standalone_domain/bsp/system.mss|system_2||
C:/Users/gusta/Documents/SEP_projects/HW_SW/SEPmonG3/SEPmonG3V3/zynq_fsbl/zynq_fsbl_bsp/system.mss|system_1||

TRACE::2024-07-07.18:01:08::SCWMssOS::Sw design exists and opened at  C:/Users/gusta/Documents/SEP_projects/HW_SW/SEPmonG3/SEPmonG3V3/ps7_cortexa9_0/standalone_domain/bsp/system.mss
TRACE::2024-07-07.18:01:08::SCWWriter::formatted JSON is {
	"platformName":	"SEPmonG3V3",
	"sprVersion":	"2.0",
	"mode":	"gui",
	"dsaType":	"Fixed",
	"platformDesc":	"SEPmonG3V3",
	"platHandOff":	"C:/Users/gusta/Documents/SEP_projects/HW_SW/SEPmonG3/SEPmon/SEPmonG3V6.xsa",
	"platIntHandOff":	"<platformDir>/hw/SEPmonG3V6.xsa",
	"deviceType":	"zynq",
	"platIsPrebuiltAutogen":	"false",
	"platIsNoBootBsp":	"false",
	"hasFsblMakeHasChanges":	"false",
	"hasPmufwMakeHasChanges":	"false",
	"fsblExtraCompilerFlags":	"-MMD -MP       -mcpu=cortex-a9 -mfpu=vfpv3 -mfloat-abi=hard ",
	"platPreBuiltFlag":	false,
	"platformSamplesDir":	"",
	"platActiveSys":	"SEPmonG3V3",
	"systems":	[{
			"systemName":	"SEPmonG3V3",
			"systemDesc":	"SEPmonG3V3",
			"sysIsBootAutoGen":	"true",
			"systemDispName":	"SEPmonG3V3",
			"sysActiveDom":	"standalone_domain",
			"sysDefaultDom":	"standalone_domain",
			"domains":	[{
					"domainName":	"zynq_fsbl",
					"domainDispName":	"zynq_fsbl",
					"domainDesc":	"FSBL Application BSP - Auto Generated.",
					"processors":	"ps7_cortexa9_0",
					"os":	"standalone",
					"sdxOs":	"standalone",
					"debugEnable":	"",
					"domRuntimes":	["cpp"],
					"swRepo":	"",
					"mssOsVer":	"7.2",
					"mssFile":	"",
					"md5Digest":	"1c3d65b23234dc3ec6f7ff2cc82e7a29",
					"compatibleApp":	"zynq_fsbl",
					"domType":	"bootDomain",
					"appSettings":	{
						"appCompilerFlags":	"",
						"appLinkerFlags":	""
					},
					"addedLibs":	["xilffs:4.3", "xilrsa:1.6"],
					"libOptions":	{
						"libsContainingOptions":	[]
					},
					"prebuiltLibs":	{
						"prebuiltIncPath":	[],
						"prebuiltLibPath":	[]
					},
					"isolation":	{
					}
				}, {
					"domainName":	"standalone_domain",
					"domainDispName":	"standalone on ps7_cortexa9_0",
					"domainDesc":	"standalone_domain",
					"processors":	"ps7_cortexa9_0",
					"os":	"standalone",
					"sdxOs":	"standalone",
					"qemuArgs":	"C:/Xilinx/Vitis/2020.1/data/emulation/platforms/zynq/qemu/qemu_args.txt",
					"qemuData":	"C:/Xilinx/Vitis/2020.1/data/emulation/platforms/zynq/qemu/",
					"debugEnable":	"False",
					"domRuntimes":	["cpp"],
					"swRepo":	"",
					"mssOsVer":	"7.2",
					"mssFile":	"",
					"md5Digest":	"96a2233cbaff12ac4b4b6f28a05a4e23",
					"compatibleApp":	"",
					"domType":	"mssDomain",
					"appSettings":	{
						"appCompilerFlags":	"",
						"appLinkerFlags":	""
					},
					"addedLibs":	[],
					"libOptions":	{
						"libsContainingOptions":	[]
					},
					"prebuiltLibs":	{
						"prebuiltIncPath":	[],
						"prebuiltLibPath":	[]
					},
					"isolation":	{
					}
				}]
		}]
}
KEYINFO::2024-07-07.18:01:08::SCWPlatform::updated the xpfm file.
TRACE::2024-07-07.18:01:08::SCWPlatform::Trying to open the hw design at C:/Users/gusta/Documents/SEP_projects/HW_SW/SEPmonG3/SEPmonG3V3/hw/SEPmonG3V6.xsa
TRACE::2024-07-07.18:01:08::SCWPlatform::DSA given C:/Users/gusta/Documents/SEP_projects/HW_SW/SEPmonG3/SEPmonG3V3/hw/SEPmonG3V6.xsa
TRACE::2024-07-07.18:01:08::SCWPlatform::DSA absoulate path C:/Users/gusta/Documents/SEP_projects/HW_SW/SEPmonG3/SEPmonG3V3/hw/SEPmonG3V6.xsa
TRACE::2024-07-07.18:01:08::SCWPlatform::DSA directory C:/Users/gusta/Documents/SEP_projects/HW_SW/SEPmonG3/SEPmonG3V3/hw
TRACE::2024-07-07.18:01:08::SCWPlatform:: Platform Path C:/Users/gusta/Documents/SEP_projects/HW_SW/SEPmonG3/SEPmonG3V3/hw/SEPmonG3V6.xsa
TRACE::2024-07-07.18:01:08::SCWPlatform:: Unique name xilinx:zybo-z7-10::0.0
TRACE::2024-07-07.18:01:08::SCWPlatform::Trying to set the existing hwdb with name DEMO_wrapper_46
TRACE::2024-07-07.18:01:08::SCWPlatform::Opened existing hwdb DEMO_wrapper_46
TRACE::2024-07-07.18:01:08::SCWPlatform::Found the Hw Db part of the input DSA
TRACE::2024-07-07.18:01:08::SCWMssOS::Checking the sw design at  C:/Users/gusta/Documents/SEP_projects/HW_SW/SEPmonG3/SEPmonG3V3/ps7_cortexa9_0/standalone_domain/bsp/system.mss
TRACE::2024-07-07.18:01:08::SCWMssOS::DEBUG:  swdes dump  C:/Users/gusta/Documents/SEP_projects/HW_SW/SEPmonG3/SEPmonG3/ps7_cortexa9_0/standalone_domain/bsp/system.mss|system_0||
C:/Users/gusta/Documents/SEP_projects/HW_SW/SEPmonG3/SEPmonG3/zynq_fsbl/zynq_fsbl_bsp/system.mss|system||
C:/Users/gusta/Documents/SEP_projects/HW_SW/SEPmonG3/SEPmonG3V3/ps7_cortexa9_0/standalone_domain/bsp/system.mss|system_2||
C:/Users/gusta/Documents/SEP_projects/HW_SW/SEPmonG3/SEPmonG3V3/zynq_fsbl/zynq_fsbl_bsp/system.mss|system_1||

TRACE::2024-07-07.18:01:08::SCWMssOS::Sw design exists and opened at  C:/Users/gusta/Documents/SEP_projects/HW_SW/SEPmonG3/SEPmonG3V3/ps7_cortexa9_0/standalone_domain/bsp/system.mss
TRACE::2024-07-07.18:20:44::SCWPlatform::Trying to open the hw design at C:/Users/gusta/Documents/SEP_projects/HW_SW/SEPmonG3/SEPmonG3V3/hw/SEPmonG3V6.xsa
TRACE::2024-07-07.18:20:44::SCWPlatform::DSA given C:/Users/gusta/Documents/SEP_projects/HW_SW/SEPmonG3/SEPmonG3V3/hw/SEPmonG3V6.xsa
TRACE::2024-07-07.18:20:44::SCWPlatform::DSA absoulate path C:/Users/gusta/Documents/SEP_projects/HW_SW/SEPmonG3/SEPmonG3V3/hw/SEPmonG3V6.xsa
TRACE::2024-07-07.18:20:44::SCWPlatform::DSA directory C:/Users/gusta/Documents/SEP_projects/HW_SW/SEPmonG3/SEPmonG3V3/hw
TRACE::2024-07-07.18:20:44::SCWPlatform:: Platform Path C:/Users/gusta/Documents/SEP_projects/HW_SW/SEPmonG3/SEPmonG3V3/hw/SEPmonG3V6.xsa
TRACE::2024-07-07.18:20:44::SCWPlatform:: Unique name xilinx:zybo-z7-10::0.0
TRACE::2024-07-07.18:20:44::SCWPlatform::Trying to set the existing hwdb with name DEMO_wrapper_46
TRACE::2024-07-07.18:20:44::SCWPlatform::Opened existing hwdb DEMO_wrapper_46
TRACE::2024-07-07.18:20:44::SCWPlatform::Found the Hw Db part of the input DSA
TRACE::2024-07-07.18:20:44::SCWPlatform::DSA given C:/Users/gusta/Documents/SEP_projects/HW_SW/SEPmonG3/SEPmonG3V3/tempdsa/SEPmonG3V7.xsa
TRACE::2024-07-07.18:20:44::SCWPlatform::DSA absoulate path C:/Users/gusta/Documents/SEP_projects/HW_SW/SEPmonG3/SEPmonG3V3/tempdsa/SEPmonG3V7.xsa
TRACE::2024-07-07.18:20:44::SCWPlatform:: Platform location is C:/Users/gusta/Documents/SEP_projects/HW_SW/SEPmonG3/SEPmonG3V3/tempdsa
TRACE::2024-07-07.18:20:44::SCWPlatform:: Platform Path C:/Users/gusta/Documents/SEP_projects/HW_SW/SEPmonG3/SEPmonG3V3/tempdsa/SEPmonG3V7.xsa
TRACE::2024-07-07.18:20:44::SCWPlatform:: Unique name xilinx:zybo-z7-10::0.0
TRACE::2024-07-07.18:20:46::SCWPlatform::Found the Hw Db part of the input DSA
TRACE::2024-07-07.18:20:46::SCWMssOS::Doing hw sync for the mss in domain: zynq_fsbl
TRACE::2024-07-07.18:20:46::SCWPlatform::Trying to open the hw design at C:/Users/gusta/Documents/SEP_projects/HW_SW/SEPmonG3/SEPmonG3V3/hw/SEPmonG3V6.xsa
TRACE::2024-07-07.18:20:46::SCWPlatform::DSA given C:/Users/gusta/Documents/SEP_projects/HW_SW/SEPmonG3/SEPmonG3V3/hw/SEPmonG3V6.xsa
TRACE::2024-07-07.18:20:46::SCWPlatform::DSA absoulate path C:/Users/gusta/Documents/SEP_projects/HW_SW/SEPmonG3/SEPmonG3V3/hw/SEPmonG3V6.xsa
TRACE::2024-07-07.18:20:46::SCWPlatform::DSA directory C:/Users/gusta/Documents/SEP_projects/HW_SW/SEPmonG3/SEPmonG3V3/hw
TRACE::2024-07-07.18:20:46::SCWPlatform:: Platform Path C:/Users/gusta/Documents/SEP_projects/HW_SW/SEPmonG3/SEPmonG3V3/hw/SEPmonG3V6.xsa
TRACE::2024-07-07.18:20:46::SCWPlatform:: Unique name xilinx:zybo-z7-10::0.0
TRACE::2024-07-07.18:20:46::SCWPlatform::Trying to set the existing hwdb with name DEMO_wrapper_46
TRACE::2024-07-07.18:20:46::SCWPlatform::Opened existing hwdb DEMO_wrapper_46
TRACE::2024-07-07.18:20:46::SCWPlatform::Found the Hw Db part of the input DSA
TRACE::2024-07-07.18:20:46::SCWPlatform::Trying to open the hw design at C:/Users/gusta/Documents/SEP_projects/HW_SW/SEPmonG3/SEPmonG3V3/hw/SEPmonG3V6.xsa
TRACE::2024-07-07.18:20:46::SCWPlatform::DSA given C:/Users/gusta/Documents/SEP_projects/HW_SW/SEPmonG3/SEPmonG3V3/hw/SEPmonG3V6.xsa
TRACE::2024-07-07.18:20:46::SCWPlatform::DSA absoulate path C:/Users/gusta/Documents/SEP_projects/HW_SW/SEPmonG3/SEPmonG3V3/hw/SEPmonG3V6.xsa
TRACE::2024-07-07.18:20:46::SCWPlatform::DSA directory C:/Users/gusta/Documents/SEP_projects/HW_SW/SEPmonG3/SEPmonG3V3/hw
TRACE::2024-07-07.18:20:46::SCWPlatform:: Platform Path C:/Users/gusta/Documents/SEP_projects/HW_SW/SEPmonG3/SEPmonG3V3/hw/SEPmonG3V6.xsa
TRACE::2024-07-07.18:20:46::SCWPlatform:: Unique name xilinx:zybo-z7-10::0.0
TRACE::2024-07-07.18:20:46::SCWPlatform::Trying to set the existing hwdb with name DEMO_wrapper_46
TRACE::2024-07-07.18:20:46::SCWPlatform::Opened existing hwdb DEMO_wrapper_46
TRACE::2024-07-07.18:20:46::SCWPlatform::Found the Hw Db part of the input DSA
TRACE::2024-07-07.18:20:46::SCWMssOS::Checking the sw design at  C:/Users/gusta/Documents/SEP_projects/HW_SW/SEPmonG3/SEPmonG3V3/zynq_fsbl/zynq_fsbl_bsp/system.mss
TRACE::2024-07-07.18:20:46::SCWMssOS::DEBUG:  swdes dump  C:/Users/gusta/Documents/SEP_projects/HW_SW/SEPmonG3/SEPmonG3/ps7_cortexa9_0/standalone_domain/bsp/system.mss|system_0||
C:/Users/gusta/Documents/SEP_projects/HW_SW/SEPmonG3/SEPmonG3/zynq_fsbl/zynq_fsbl_bsp/system.mss|system||
C:/Users/gusta/Documents/SEP_projects/HW_SW/SEPmonG3/SEPmonG3V3/ps7_cortexa9_0/standalone_domain/bsp/system.mss|system_2||
C:/Users/gusta/Documents/SEP_projects/HW_SW/SEPmonG3/SEPmonG3V3/zynq_fsbl/zynq_fsbl_bsp/system.mss|system_1||

TRACE::2024-07-07.18:20:46::SCWMssOS::Sw design exists and opened at  C:/Users/gusta/Documents/SEP_projects/HW_SW/SEPmonG3/SEPmonG3V3/zynq_fsbl/zynq_fsbl_bsp/system.mss
TRACE::2024-07-07.18:20:46::SCWPlatform::Trying to open the hw design at C:/Users/gusta/Documents/SEP_projects/HW_SW/SEPmonG3/SEPmonG3V3/tempdsa/SEPmonG3V7.xsa
TRACE::2024-07-07.18:20:46::SCWPlatform::DSA given C:/Users/gusta/Documents/SEP_projects/HW_SW/SEPmonG3/SEPmonG3V3/tempdsa/SEPmonG3V7.xsa
TRACE::2024-07-07.18:20:46::SCWPlatform::DSA absoulate path C:/Users/gusta/Documents/SEP_projects/HW_SW/SEPmonG3/SEPmonG3V3/tempdsa/SEPmonG3V7.xsa
TRACE::2024-07-07.18:20:46::SCWPlatform::DSA directory C:/Users/gusta/Documents/SEP_projects/HW_SW/SEPmonG3/SEPmonG3V3/tempdsa
TRACE::2024-07-07.18:20:46::SCWPlatform:: Platform Path C:/Users/gusta/Documents/SEP_projects/HW_SW/SEPmonG3/SEPmonG3V3/tempdsa/SEPmonG3V7.xsa
TRACE::2024-07-07.18:20:46::SCWPlatform:: Unique name xilinx:zybo-z7-10::0.0
TRACE::2024-07-07.18:20:46::SCWPlatform::update - Opened existing hwdb DEMO_wrapper_48
TRACE::2024-07-07.18:20:46::SCWPlatform::Found the Hw Db part of the input DSA
TRACE::2024-07-07.18:20:46::SCWMssOS::Doing hw sync for the mss in domain: standalone_domain
TRACE::2024-07-07.18:20:46::SCWPlatform::Trying to open the hw design at C:/Users/gusta/Documents/SEP_projects/HW_SW/SEPmonG3/SEPmonG3V3/hw/SEPmonG3V6.xsa
TRACE::2024-07-07.18:20:46::SCWPlatform::DSA given C:/Users/gusta/Documents/SEP_projects/HW_SW/SEPmonG3/SEPmonG3V3/hw/SEPmonG3V6.xsa
TRACE::2024-07-07.18:20:46::SCWPlatform::DSA absoulate path C:/Users/gusta/Documents/SEP_projects/HW_SW/SEPmonG3/SEPmonG3V3/hw/SEPmonG3V6.xsa
TRACE::2024-07-07.18:20:46::SCWPlatform::DSA directory C:/Users/gusta/Documents/SEP_projects/HW_SW/SEPmonG3/SEPmonG3V3/hw
TRACE::2024-07-07.18:20:46::SCWPlatform:: Platform Path C:/Users/gusta/Documents/SEP_projects/HW_SW/SEPmonG3/SEPmonG3V3/hw/SEPmonG3V6.xsa
TRACE::2024-07-07.18:20:46::SCWPlatform:: Unique name xilinx:zybo-z7-10::0.0
TRACE::2024-07-07.18:20:46::SCWPlatform::Trying to set the existing hwdb with name DEMO_wrapper_46
TRACE::2024-07-07.18:20:46::SCWPlatform::Opened existing hwdb DEMO_wrapper_46
TRACE::2024-07-07.18:20:46::SCWPlatform::Found the Hw Db part of the input DSA
TRACE::2024-07-07.18:20:46::SCWPlatform::Trying to open the hw design at C:/Users/gusta/Documents/SEP_projects/HW_SW/SEPmonG3/SEPmonG3V3/hw/SEPmonG3V6.xsa
TRACE::2024-07-07.18:20:46::SCWPlatform::DSA given C:/Users/gusta/Documents/SEP_projects/HW_SW/SEPmonG3/SEPmonG3V3/hw/SEPmonG3V6.xsa
TRACE::2024-07-07.18:20:46::SCWPlatform::DSA absoulate path C:/Users/gusta/Documents/SEP_projects/HW_SW/SEPmonG3/SEPmonG3V3/hw/SEPmonG3V6.xsa
TRACE::2024-07-07.18:20:46::SCWPlatform::DSA directory C:/Users/gusta/Documents/SEP_projects/HW_SW/SEPmonG3/SEPmonG3V3/hw
TRACE::2024-07-07.18:20:46::SCWPlatform:: Platform Path C:/Users/gusta/Documents/SEP_projects/HW_SW/SEPmonG3/SEPmonG3V3/hw/SEPmonG3V6.xsa
TRACE::2024-07-07.18:20:46::SCWPlatform:: Unique name xilinx:zybo-z7-10::0.0
TRACE::2024-07-07.18:20:46::SCWPlatform::Trying to set the existing hwdb with name DEMO_wrapper_46
TRACE::2024-07-07.18:20:46::SCWPlatform::Opened existing hwdb DEMO_wrapper_46
TRACE::2024-07-07.18:20:46::SCWPlatform::Found the Hw Db part of the input DSA
TRACE::2024-07-07.18:20:46::SCWMssOS::Checking the sw design at  C:/Users/gusta/Documents/SEP_projects/HW_SW/SEPmonG3/SEPmonG3V3/ps7_cortexa9_0/standalone_domain/bsp/system.mss
TRACE::2024-07-07.18:20:46::SCWMssOS::DEBUG:  swdes dump  C:/Users/gusta/Documents/SEP_projects/HW_SW/SEPmonG3/SEPmonG3/ps7_cortexa9_0/standalone_domain/bsp/system.mss|system_0||
C:/Users/gusta/Documents/SEP_projects/HW_SW/SEPmonG3/SEPmonG3/zynq_fsbl/zynq_fsbl_bsp/system.mss|system||
C:/Users/gusta/Documents/SEP_projects/HW_SW/SEPmonG3/SEPmonG3V3/ps7_cortexa9_0/standalone_domain/bsp/system.mss|system_2||
C:/Users/gusta/Documents/SEP_projects/HW_SW/SEPmonG3/SEPmonG3V3/zynq_fsbl/zynq_fsbl_bsp/system.mss|system_1||

TRACE::2024-07-07.18:20:46::SCWMssOS::Sw design exists and opened at  C:/Users/gusta/Documents/SEP_projects/HW_SW/SEPmonG3/SEPmonG3V3/ps7_cortexa9_0/standalone_domain/bsp/system.mss
TRACE::2024-07-07.18:20:46::SCWPlatform::Trying to open the hw design at C:/Users/gusta/Documents/SEP_projects/HW_SW/SEPmonG3/SEPmonG3V3/tempdsa/SEPmonG3V7.xsa
TRACE::2024-07-07.18:20:46::SCWPlatform::DSA given C:/Users/gusta/Documents/SEP_projects/HW_SW/SEPmonG3/SEPmonG3V3/tempdsa/SEPmonG3V7.xsa
TRACE::2024-07-07.18:20:46::SCWPlatform::DSA absoulate path C:/Users/gusta/Documents/SEP_projects/HW_SW/SEPmonG3/SEPmonG3V3/tempdsa/SEPmonG3V7.xsa
TRACE::2024-07-07.18:20:46::SCWPlatform::DSA directory C:/Users/gusta/Documents/SEP_projects/HW_SW/SEPmonG3/SEPmonG3V3/tempdsa
TRACE::2024-07-07.18:20:46::SCWPlatform:: Platform Path C:/Users/gusta/Documents/SEP_projects/HW_SW/SEPmonG3/SEPmonG3V3/tempdsa/SEPmonG3V7.xsa
TRACE::2024-07-07.18:20:46::SCWPlatform:: Unique name xilinx:zybo-z7-10::0.0
TRACE::2024-07-07.18:20:46::SCWPlatform::update - Opened existing hwdb DEMO_wrapper_48
TRACE::2024-07-07.18:20:46::SCWPlatform::Found the Hw Db part of the input DSA
TRACE::2024-07-07.18:20:46::SCWMssOS::Saving the mss changes C:/Users/gusta/Documents/SEP_projects/HW_SW/SEPmonG3/SEPmonG3V3/zynq_fsbl/zynq_fsbl_bsp/system.mss
TRACE::2024-07-07.18:20:46::SCWMssOS::Found a swdesign opened with the mssfile.
TRACE::2024-07-07.18:20:46::SCWMssOS::Completed writemss as part of save.
TRACE::2024-07-07.18:20:46::SCWMssOS::Commit changes completed.
TRACE::2024-07-07.18:20:46::SCWMssOS::Completed hw sync for the mss in domain: zynq_fsbl
TRACE::2024-07-07.18:20:46::SCWMssOS::Removing the swdes entry for  C:/Users/gusta/Documents/SEP_projects/HW_SW/SEPmonG3/SEPmonG3V3/zynq_fsbl/zynq_fsbl_bsp/system.mss
TRACE::2024-07-07.18:20:46::SCWMssOS::Saving the mss changes C:/Users/gusta/Documents/SEP_projects/HW_SW/SEPmonG3/SEPmonG3V3/ps7_cortexa9_0/standalone_domain/bsp/system.mss
TRACE::2024-07-07.18:20:46::SCWMssOS::Found a swdesign opened with the mssfile.
TRACE::2024-07-07.18:20:46::SCWMssOS::Completed writemss as part of save.
TRACE::2024-07-07.18:20:46::SCWMssOS::Commit changes completed.
TRACE::2024-07-07.18:20:46::SCWMssOS::Completed hw sync for the mss in domain: standalone_domain
TRACE::2024-07-07.18:20:46::SCWMssOS::Removing the swdes entry for  C:/Users/gusta/Documents/SEP_projects/HW_SW/SEPmonG3/SEPmonG3V3/ps7_cortexa9_0/standalone_domain/bsp/system.mss
TRACE::2024-07-07.18:20:46::SCWPlatform::Trying to open the hw design at C:/Users/gusta/Documents/SEP_projects/HW_SW/SEPmonG3/SEPmonG3V3/hw/SEPmonG3V7.xsa
TRACE::2024-07-07.18:20:46::SCWPlatform::DSA given C:/Users/gusta/Documents/SEP_projects/HW_SW/SEPmonG3/SEPmonG3V3/hw/SEPmonG3V7.xsa
TRACE::2024-07-07.18:20:46::SCWPlatform::DSA absoulate path C:/Users/gusta/Documents/SEP_projects/HW_SW/SEPmonG3/SEPmonG3V3/hw/SEPmonG3V7.xsa
TRACE::2024-07-07.18:20:46::SCWPlatform::DSA directory C:/Users/gusta/Documents/SEP_projects/HW_SW/SEPmonG3/SEPmonG3V3/hw
TRACE::2024-07-07.18:20:46::SCWPlatform:: Platform Path C:/Users/gusta/Documents/SEP_projects/HW_SW/SEPmonG3/SEPmonG3V3/hw/SEPmonG3V7.xsa
TRACE::2024-07-07.18:20:46::SCWPlatform:: Unique name xilinx:zybo-z7-10::0.0
TRACE::2024-07-07.18:20:46::SCWPlatform::Do not have an existing db opened. 
TRACE::2024-07-07.18:20:48::SCWPlatform::Opened new HwDB with name DEMO_wrapper_49
TRACE::2024-07-07.18:20:48::SCWPlatform::Trying to open the hw design at C:/Users/gusta/Documents/SEP_projects/HW_SW/SEPmonG3/SEPmonG3V3/hw/SEPmonG3V7.xsa
TRACE::2024-07-07.18:20:48::SCWPlatform::DSA given C:/Users/gusta/Documents/SEP_projects/HW_SW/SEPmonG3/SEPmonG3V3/hw/SEPmonG3V7.xsa
TRACE::2024-07-07.18:20:48::SCWPlatform::DSA absoulate path C:/Users/gusta/Documents/SEP_projects/HW_SW/SEPmonG3/SEPmonG3V3/hw/SEPmonG3V7.xsa
TRACE::2024-07-07.18:20:48::SCWPlatform::DSA directory C:/Users/gusta/Documents/SEP_projects/HW_SW/SEPmonG3/SEPmonG3V3/hw
TRACE::2024-07-07.18:20:48::SCWPlatform:: Platform Path C:/Users/gusta/Documents/SEP_projects/HW_SW/SEPmonG3/SEPmonG3V3/hw/SEPmonG3V7.xsa
TRACE::2024-07-07.18:20:48::SCWPlatform:: Unique name xilinx:zybo-z7-10::0.0
TRACE::2024-07-07.18:20:48::SCWPlatform::Trying to set the existing hwdb with name DEMO_wrapper_49
TRACE::2024-07-07.18:20:48::SCWPlatform::Opened existing hwdb DEMO_wrapper_49
TRACE::2024-07-07.18:20:48::SCWPlatform::Found the Hw Db part of the input DSA
TRACE::2024-07-07.18:20:48::SCWMssOS::Checking the sw design at  C:/Users/gusta/Documents/SEP_projects/HW_SW/SEPmonG3/SEPmonG3V3/zynq_fsbl/zynq_fsbl_bsp/system.mss
TRACE::2024-07-07.18:20:48::SCWMssOS::DEBUG:  swdes dump  C:/Users/gusta/Documents/SEP_projects/HW_SW/SEPmonG3/SEPmonG3/ps7_cortexa9_0/standalone_domain/bsp/system.mss|system_0||
C:/Users/gusta/Documents/SEP_projects/HW_SW/SEPmonG3/SEPmonG3/zynq_fsbl/zynq_fsbl_bsp/system.mss|system||

TRACE::2024-07-07.18:20:48::SCWMssOS::No sw design opened at  C:/Users/gusta/Documents/SEP_projects/HW_SW/SEPmonG3/SEPmonG3V3/zynq_fsbl/zynq_fsbl_bsp/system.mss
TRACE::2024-07-07.18:20:48::SCWMssOS::mss exists loading the mss file  C:/Users/gusta/Documents/SEP_projects/HW_SW/SEPmonG3/SEPmonG3V3/zynq_fsbl/zynq_fsbl_bsp/system.mss
TRACE::2024-07-07.18:20:48::SCWMssOS::Opened the sw design from mss  C:/Users/gusta/Documents/SEP_projects/HW_SW/SEPmonG3/SEPmonG3V3/zynq_fsbl/zynq_fsbl_bsp/system.mss
TRACE::2024-07-07.18:20:48::SCWMssOS::Adding the swdes entry C:/Users/gusta/Documents/SEP_projects/HW_SW/SEPmonG3/SEPmonG3V3/zynq_fsbl/zynq_fsbl_bsp/system.mss with des name system_1
TRACE::2024-07-07.18:20:48::SCWMssOS::updating the scw layer about changes
TRACE::2024-07-07.18:20:48::SCWMssOS::Opened the sw design.  C:/Users/gusta/Documents/SEP_projects/HW_SW/SEPmonG3/SEPmonG3V3/zynq_fsbl/zynq_fsbl_bsp/system.mss
TRACE::2024-07-07.18:20:48::SCWMssOS::Saving the mss changes C:/Users/gusta/Documents/SEP_projects/HW_SW/SEPmonG3/SEPmonG3V3/zynq_fsbl/zynq_fsbl_bsp/system.mss
TRACE::2024-07-07.18:20:48::SCWMssOS::Found a swdesign opened with the mssfile.
TRACE::2024-07-07.18:20:48::SCWMssOS::Completed writemss as part of save.
TRACE::2024-07-07.18:20:48::SCWMssOS::Commit changes completed.
TRACE::2024-07-07.18:20:48::SCWMssOS::Saving the mss changes C:/Users/gusta/Documents/SEP_projects/HW_SW/SEPmonG3/SEPmonG3V3/ps7_cortexa9_0/standalone_domain/bsp/system.mss
TRACE::2024-07-07.18:20:48::SCWMssOS::Adding the swdes entry, mss present, able to open swdb C:/Users/gusta/Documents/SEP_projects/HW_SW/SEPmonG3/SEPmonG3V3/ps7_cortexa9_0/standalone_domain/bsp/system.mss with des name system_2
TRACE::2024-07-07.18:20:48::SCWMssOS::Writing the mss file completed C:/Users/gusta/Documents/SEP_projects/HW_SW/SEPmonG3/SEPmonG3V3/ps7_cortexa9_0/standalone_domain/bsp/system.mss
TRACE::2024-07-07.18:20:48::SCWMssOS::Commit changes completed.
TRACE::2024-07-07.18:20:48::SCWPlatform::Trying to open the hw design at C:/Users/gusta/Documents/SEP_projects/HW_SW/SEPmonG3/SEPmonG3V3/hw/SEPmonG3V7.xsa
TRACE::2024-07-07.18:20:48::SCWPlatform::DSA given C:/Users/gusta/Documents/SEP_projects/HW_SW/SEPmonG3/SEPmonG3V3/hw/SEPmonG3V7.xsa
TRACE::2024-07-07.18:20:48::SCWPlatform::DSA absoulate path C:/Users/gusta/Documents/SEP_projects/HW_SW/SEPmonG3/SEPmonG3V3/hw/SEPmonG3V7.xsa
TRACE::2024-07-07.18:20:48::SCWPlatform::DSA directory C:/Users/gusta/Documents/SEP_projects/HW_SW/SEPmonG3/SEPmonG3V3/hw
TRACE::2024-07-07.18:20:48::SCWPlatform:: Platform Path C:/Users/gusta/Documents/SEP_projects/HW_SW/SEPmonG3/SEPmonG3V3/hw/SEPmonG3V7.xsa
TRACE::2024-07-07.18:20:48::SCWPlatform:: Unique name xilinx:zybo-z7-10::0.0
TRACE::2024-07-07.18:20:48::SCWPlatform::Trying to set the existing hwdb with name DEMO_wrapper_49
TRACE::2024-07-07.18:20:48::SCWPlatform::Opened existing hwdb DEMO_wrapper_49
TRACE::2024-07-07.18:20:48::SCWPlatform::Found the Hw Db part of the input DSA
TRACE::2024-07-07.18:20:48::SCWMssOS::Checking the sw design at  C:/Users/gusta/Documents/SEP_projects/HW_SW/SEPmonG3/SEPmonG3V3/zynq_fsbl/zynq_fsbl_bsp/system.mss
TRACE::2024-07-07.18:20:48::SCWMssOS::DEBUG:  swdes dump  C:/Users/gusta/Documents/SEP_projects/HW_SW/SEPmonG3/SEPmonG3/ps7_cortexa9_0/standalone_domain/bsp/system.mss|system_0||
C:/Users/gusta/Documents/SEP_projects/HW_SW/SEPmonG3/SEPmonG3/zynq_fsbl/zynq_fsbl_bsp/system.mss|system||
C:/Users/gusta/Documents/SEP_projects/HW_SW/SEPmonG3/SEPmonG3V3/ps7_cortexa9_0/standalone_domain/bsp/system.mss|system_2||
C:/Users/gusta/Documents/SEP_projects/HW_SW/SEPmonG3/SEPmonG3V3/zynq_fsbl/zynq_fsbl_bsp/system.mss|system_1||

TRACE::2024-07-07.18:20:48::SCWMssOS::Sw design exists and opened at  C:/Users/gusta/Documents/SEP_projects/HW_SW/SEPmonG3/SEPmonG3V3/zynq_fsbl/zynq_fsbl_bsp/system.mss
TRACE::2024-07-07.18:20:48::SCWPlatform::Trying to open the hw design at C:/Users/gusta/Documents/SEP_projects/HW_SW/SEPmonG3/SEPmonG3V3/hw/SEPmonG3V7.xsa
TRACE::2024-07-07.18:20:48::SCWPlatform::DSA given C:/Users/gusta/Documents/SEP_projects/HW_SW/SEPmonG3/SEPmonG3V3/hw/SEPmonG3V7.xsa
TRACE::2024-07-07.18:20:48::SCWPlatform::DSA absoulate path C:/Users/gusta/Documents/SEP_projects/HW_SW/SEPmonG3/SEPmonG3V3/hw/SEPmonG3V7.xsa
TRACE::2024-07-07.18:20:48::SCWPlatform::DSA directory C:/Users/gusta/Documents/SEP_projects/HW_SW/SEPmonG3/SEPmonG3V3/hw
TRACE::2024-07-07.18:20:48::SCWPlatform:: Platform Path C:/Users/gusta/Documents/SEP_projects/HW_SW/SEPmonG3/SEPmonG3V3/hw/SEPmonG3V7.xsa
TRACE::2024-07-07.18:20:48::SCWPlatform:: Unique name xilinx:zybo-z7-10::0.0
TRACE::2024-07-07.18:20:48::SCWPlatform::Trying to set the existing hwdb with name DEMO_wrapper_49
TRACE::2024-07-07.18:20:48::SCWPlatform::Opened existing hwdb DEMO_wrapper_49
TRACE::2024-07-07.18:20:48::SCWPlatform::Found the Hw Db part of the input DSA
TRACE::2024-07-07.18:20:48::SCWMssOS::Checking the sw design at  C:/Users/gusta/Documents/SEP_projects/HW_SW/SEPmonG3/SEPmonG3V3/ps7_cortexa9_0/standalone_domain/bsp/system.mss
TRACE::2024-07-07.18:20:48::SCWMssOS::DEBUG:  swdes dump  C:/Users/gusta/Documents/SEP_projects/HW_SW/SEPmonG3/SEPmonG3/ps7_cortexa9_0/standalone_domain/bsp/system.mss|system_0||
C:/Users/gusta/Documents/SEP_projects/HW_SW/SEPmonG3/SEPmonG3/zynq_fsbl/zynq_fsbl_bsp/system.mss|system||
C:/Users/gusta/Documents/SEP_projects/HW_SW/SEPmonG3/SEPmonG3V3/ps7_cortexa9_0/standalone_domain/bsp/system.mss|system_2||
C:/Users/gusta/Documents/SEP_projects/HW_SW/SEPmonG3/SEPmonG3V3/zynq_fsbl/zynq_fsbl_bsp/system.mss|system_1||

TRACE::2024-07-07.18:20:48::SCWMssOS::Sw design exists and opened at  C:/Users/gusta/Documents/SEP_projects/HW_SW/SEPmonG3/SEPmonG3V3/ps7_cortexa9_0/standalone_domain/bsp/system.mss
TRACE::2024-07-07.18:20:48::SCWWriter::formatted JSON is {
	"platformName":	"SEPmonG3V3",
	"sprVersion":	"2.0",
	"mode":	"gui",
	"dsaType":	"Fixed",
	"platformDesc":	"SEPmonG3V3",
	"platHandOff":	"C:/Users/gusta/Documents/SEP_projects/HW_SW/SEPmonG3/SEPmonG3V7.xsa",
	"platIntHandOff":	"<platformDir>/hw/SEPmonG3V7.xsa",
	"deviceType":	"zynq",
	"platIsPrebuiltAutogen":	"false",
	"platIsNoBootBsp":	"false",
	"hasFsblMakeHasChanges":	"false",
	"hasPmufwMakeHasChanges":	"false",
	"fsblExtraCompilerFlags":	"-MMD -MP       -mcpu=cortex-a9 -mfpu=vfpv3 -mfloat-abi=hard ",
	"platPreBuiltFlag":	false,
	"platformSamplesDir":	"",
	"platActiveSys":	"SEPmonG3V3",
	"systems":	[{
			"systemName":	"SEPmonG3V3",
			"systemDesc":	"SEPmonG3V3",
			"sysIsBootAutoGen":	"true",
			"systemDispName":	"SEPmonG3V3",
			"sysActiveDom":	"standalone_domain",
			"sysDefaultDom":	"standalone_domain",
			"domains":	[{
					"domainName":	"zynq_fsbl",
					"domainDispName":	"zynq_fsbl",
					"domainDesc":	"FSBL Application BSP - Auto Generated.",
					"processors":	"ps7_cortexa9_0",
					"os":	"standalone",
					"sdxOs":	"standalone",
					"debugEnable":	"",
					"domRuntimes":	["cpp"],
					"swRepo":	"",
					"mssOsVer":	"7.2",
					"mssFile":	"",
					"md5Digest":	"1c3d65b23234dc3ec6f7ff2cc82e7a29",
					"compatibleApp":	"zynq_fsbl",
					"domType":	"bootDomain",
					"appSettings":	{
						"appCompilerFlags":	"",
						"appLinkerFlags":	""
					},
					"addedLibs":	["xilffs:4.3", "xilrsa:1.6"],
					"libOptions":	{
						"libsContainingOptions":	[]
					},
					"prebuiltLibs":	{
						"prebuiltIncPath":	[],
						"prebuiltLibPath":	[]
					},
					"isolation":	{
					}
				}, {
					"domainName":	"standalone_domain",
					"domainDispName":	"standalone on ps7_cortexa9_0",
					"domainDesc":	"standalone_domain",
					"processors":	"ps7_cortexa9_0",
					"os":	"standalone",
					"sdxOs":	"standalone",
					"qemuArgs":	"C:/Xilinx/Vitis/2020.1/data/emulation/platforms/zynq/qemu/qemu_args.txt",
					"qemuData":	"C:/Xilinx/Vitis/2020.1/data/emulation/platforms/zynq/qemu/",
					"debugEnable":	"False",
					"domRuntimes":	["cpp"],
					"swRepo":	"",
					"mssOsVer":	"7.2",
					"mssFile":	"",
					"md5Digest":	"96a2233cbaff12ac4b4b6f28a05a4e23",
					"compatibleApp":	"",
					"domType":	"mssDomain",
					"appSettings":	{
						"appCompilerFlags":	"",
						"appLinkerFlags":	""
					},
					"addedLibs":	[],
					"libOptions":	{
						"libsContainingOptions":	[]
					},
					"prebuiltLibs":	{
						"prebuiltIncPath":	[],
						"prebuiltLibPath":	[]
					},
					"isolation":	{
					}
				}]
		}]
}
TRACE::2024-07-07.18:20:50::SCWPlatform::Clearing the existing platform
TRACE::2024-07-07.18:20:50::SCWSystem::Clearing the existing sysconfig
TRACE::2024-07-07.18:20:50::SCWBDomain::clearing the fsbl build
TRACE::2024-07-07.18:20:50::SCWMssOS::Removing the swdes entry for  C:/Users/gusta/Documents/SEP_projects/HW_SW/SEPmonG3/SEPmonG3V3/zynq_fsbl/zynq_fsbl_bsp/system.mss
TRACE::2024-07-07.18:20:50::SCWMssOS::Removing the swdes entry for  C:/Users/gusta/Documents/SEP_projects/HW_SW/SEPmonG3/SEPmonG3V3/ps7_cortexa9_0/standalone_domain/bsp/system.mss
TRACE::2024-07-07.18:20:50::SCWSystem::Clearing the domains completed.
TRACE::2024-07-07.18:20:50::SCWPlatform::Clearing the opened hw db.
TRACE::2024-07-07.18:20:50::SCWPlatform::DSA given C:/Users/gusta/Documents/SEP_projects/HW_SW/SEPmonG3/SEPmonG3V3/hw/SEPmonG3V7.xsa
TRACE::2024-07-07.18:20:50::SCWPlatform::DSA absoulate path C:/Users/gusta/Documents/SEP_projects/HW_SW/SEPmonG3/SEPmonG3V3/hw/SEPmonG3V7.xsa
TRACE::2024-07-07.18:20:50::SCWPlatform:: Platform location is C:/Users/gusta/Documents/SEP_projects/HW_SW/SEPmonG3/SEPmonG3V3/hw
TRACE::2024-07-07.18:20:50::SCWPlatform:: Platform Path C:/Users/gusta/Documents/SEP_projects/HW_SW/SEPmonG3/SEPmonG3V3/hw/SEPmonG3V7.xsa
TRACE::2024-07-07.18:20:50::SCWPlatform:: Unique name xilinx:zybo-z7-10::0.0
TRACE::2024-07-07.18:20:50::SCWPlatform::Removing the HwDB with name C:/Users/gusta/Documents/SEP_projects/HW_SW/SEPmonG3/SEPmonG3V3/hw/SEPmonG3V7.xsa
TRACE::2024-07-07.18:20:50::SCWPlatform::Trying to open the hw design at C:/Users/gusta/Documents/SEP_projects/HW_SW/SEPmonG3/SEPmonG3V3/hw/SEPmonG3V7.xsa
TRACE::2024-07-07.18:20:50::SCWPlatform::DSA given C:/Users/gusta/Documents/SEP_projects/HW_SW/SEPmonG3/SEPmonG3V3/hw/SEPmonG3V7.xsa
TRACE::2024-07-07.18:20:50::SCWPlatform::DSA absoulate path C:/Users/gusta/Documents/SEP_projects/HW_SW/SEPmonG3/SEPmonG3V3/hw/SEPmonG3V7.xsa
TRACE::2024-07-07.18:20:50::SCWPlatform::DSA directory C:/Users/gusta/Documents/SEP_projects/HW_SW/SEPmonG3/SEPmonG3V3/hw
TRACE::2024-07-07.18:20:50::SCWPlatform:: Platform Path C:/Users/gusta/Documents/SEP_projects/HW_SW/SEPmonG3/SEPmonG3V3/hw/SEPmonG3V7.xsa
TRACE::2024-07-07.18:20:50::SCWPlatform:: Unique name xilinx:zybo-z7-10::0.0
TRACE::2024-07-07.18:20:50::SCWPlatform::Do not have an existing db opened. 
TRACE::2024-07-07.18:20:52::SCWPlatform::Opened new HwDB with name DEMO_wrapper_50
TRACE::2024-07-07.18:20:52::SCWReader::Active system found as  SEPmonG3V3
TRACE::2024-07-07.18:20:52::SCWReader::Handling sysconfig SEPmonG3V3
TRACE::2024-07-07.18:20:52::SCWDomain::checking for install qemu data   : 
TRACE::2024-07-07.18:20:52::SCWDomain:: Using the QEMU Data from install at  : C:/Xilinx/Vitis/2020.1/data/emulation/platforms/zynq/qemu/
TRACE::2024-07-07.18:20:52::SCWDomain:: Using the QEMU args  from install at  : C:/Xilinx/Vitis/2020.1/data/emulation/platforms/zynq/qemu/qemu_args.txt
TRACE::2024-07-07.18:20:52::SCWPlatform::Trying to open the hw design at C:/Users/gusta/Documents/SEP_projects/HW_SW/SEPmonG3/SEPmonG3V3/hw/SEPmonG3V7.xsa
TRACE::2024-07-07.18:20:52::SCWPlatform::DSA given C:/Users/gusta/Documents/SEP_projects/HW_SW/SEPmonG3/SEPmonG3V3/hw/SEPmonG3V7.xsa
TRACE::2024-07-07.18:20:52::SCWPlatform::DSA absoulate path C:/Users/gusta/Documents/SEP_projects/HW_SW/SEPmonG3/SEPmonG3V3/hw/SEPmonG3V7.xsa
TRACE::2024-07-07.18:20:52::SCWPlatform::DSA directory C:/Users/gusta/Documents/SEP_projects/HW_SW/SEPmonG3/SEPmonG3V3/hw
TRACE::2024-07-07.18:20:52::SCWPlatform:: Platform Path C:/Users/gusta/Documents/SEP_projects/HW_SW/SEPmonG3/SEPmonG3V3/hw/SEPmonG3V7.xsa
TRACE::2024-07-07.18:20:52::SCWPlatform:: Unique name xilinx:zybo-z7-10::0.0
TRACE::2024-07-07.18:20:52::SCWPlatform::Trying to set the existing hwdb with name DEMO_wrapper_50
TRACE::2024-07-07.18:20:52::SCWPlatform::Opened existing hwdb DEMO_wrapper_50
TRACE::2024-07-07.18:20:52::SCWPlatform::Found the Hw Db part of the input DSA
TRACE::2024-07-07.18:20:52::SCWPlatform::Trying to open the hw design at C:/Users/gusta/Documents/SEP_projects/HW_SW/SEPmonG3/SEPmonG3V3/hw/SEPmonG3V7.xsa
TRACE::2024-07-07.18:20:52::SCWPlatform::DSA given C:/Users/gusta/Documents/SEP_projects/HW_SW/SEPmonG3/SEPmonG3V3/hw/SEPmonG3V7.xsa
TRACE::2024-07-07.18:20:52::SCWPlatform::DSA absoulate path C:/Users/gusta/Documents/SEP_projects/HW_SW/SEPmonG3/SEPmonG3V3/hw/SEPmonG3V7.xsa
TRACE::2024-07-07.18:20:52::SCWPlatform::DSA directory C:/Users/gusta/Documents/SEP_projects/HW_SW/SEPmonG3/SEPmonG3V3/hw
TRACE::2024-07-07.18:20:52::SCWPlatform:: Platform Path C:/Users/gusta/Documents/SEP_projects/HW_SW/SEPmonG3/SEPmonG3V3/hw/SEPmonG3V7.xsa
TRACE::2024-07-07.18:20:52::SCWPlatform:: Unique name xilinx:zybo-z7-10::0.0
TRACE::2024-07-07.18:20:52::SCWPlatform::Trying to set the existing hwdb with name DEMO_wrapper_50
TRACE::2024-07-07.18:20:52::SCWPlatform::Opened existing hwdb DEMO_wrapper_50
TRACE::2024-07-07.18:20:52::SCWPlatform::Found the Hw Db part of the input DSA
TRACE::2024-07-07.18:20:52::SCWPlatform::Trying to open the hw design at C:/Users/gusta/Documents/SEP_projects/HW_SW/SEPmonG3/SEPmonG3V3/hw/SEPmonG3V7.xsa
TRACE::2024-07-07.18:20:52::SCWPlatform::DSA given C:/Users/gusta/Documents/SEP_projects/HW_SW/SEPmonG3/SEPmonG3V3/hw/SEPmonG3V7.xsa
TRACE::2024-07-07.18:20:52::SCWPlatform::DSA absoulate path C:/Users/gusta/Documents/SEP_projects/HW_SW/SEPmonG3/SEPmonG3V3/hw/SEPmonG3V7.xsa
TRACE::2024-07-07.18:20:52::SCWPlatform::DSA directory C:/Users/gusta/Documents/SEP_projects/HW_SW/SEPmonG3/SEPmonG3V3/hw
TRACE::2024-07-07.18:20:52::SCWPlatform:: Platform Path C:/Users/gusta/Documents/SEP_projects/HW_SW/SEPmonG3/SEPmonG3V3/hw/SEPmonG3V7.xsa
TRACE::2024-07-07.18:20:52::SCWPlatform:: Unique name xilinx:zybo-z7-10::0.0
TRACE::2024-07-07.18:20:52::SCWPlatform::Trying to set the existing hwdb with name DEMO_wrapper_50
TRACE::2024-07-07.18:20:52::SCWPlatform::Opened existing hwdb DEMO_wrapper_50
TRACE::2024-07-07.18:20:52::SCWPlatform::Found the Hw Db part of the input DSA
TRACE::2024-07-07.18:20:52::SCWReader::Boot application domain added for zynq_fsbl
TRACE::2024-07-07.18:20:52::SCWPlatform::Trying to open the hw design at C:/Users/gusta/Documents/SEP_projects/HW_SW/SEPmonG3/SEPmonG3V3/hw/SEPmonG3V7.xsa
TRACE::2024-07-07.18:20:52::SCWPlatform::DSA given C:/Users/gusta/Documents/SEP_projects/HW_SW/SEPmonG3/SEPmonG3V3/hw/SEPmonG3V7.xsa
TRACE::2024-07-07.18:20:52::SCWPlatform::DSA absoulate path C:/Users/gusta/Documents/SEP_projects/HW_SW/SEPmonG3/SEPmonG3V3/hw/SEPmonG3V7.xsa
TRACE::2024-07-07.18:20:52::SCWPlatform::DSA directory C:/Users/gusta/Documents/SEP_projects/HW_SW/SEPmonG3/SEPmonG3V3/hw
TRACE::2024-07-07.18:20:52::SCWPlatform:: Platform Path C:/Users/gusta/Documents/SEP_projects/HW_SW/SEPmonG3/SEPmonG3V3/hw/SEPmonG3V7.xsa
TRACE::2024-07-07.18:20:52::SCWPlatform:: Unique name xilinx:zybo-z7-10::0.0
TRACE::2024-07-07.18:20:52::SCWPlatform::Trying to set the existing hwdb with name DEMO_wrapper_50
TRACE::2024-07-07.18:20:52::SCWPlatform::Opened existing hwdb DEMO_wrapper_50
TRACE::2024-07-07.18:20:52::SCWPlatform::Found the Hw Db part of the input DSA
TRACE::2024-07-07.18:20:52::SCWMssOS::Checking the sw design at  C:/Users/gusta/Documents/SEP_projects/HW_SW/SEPmonG3/SEPmonG3V3/zynq_fsbl/zynq_fsbl_bsp/system.mss
TRACE::2024-07-07.18:20:52::SCWMssOS::DEBUG:  swdes dump  C:/Users/gusta/Documents/SEP_projects/HW_SW/SEPmonG3/SEPmonG3/ps7_cortexa9_0/standalone_domain/bsp/system.mss|system_0||
C:/Users/gusta/Documents/SEP_projects/HW_SW/SEPmonG3/SEPmonG3/zynq_fsbl/zynq_fsbl_bsp/system.mss|system||

TRACE::2024-07-07.18:20:52::SCWMssOS::No sw design opened at  C:/Users/gusta/Documents/SEP_projects/HW_SW/SEPmonG3/SEPmonG3V3/zynq_fsbl/zynq_fsbl_bsp/system.mss
TRACE::2024-07-07.18:20:52::SCWMssOS::mss exists loading the mss file  C:/Users/gusta/Documents/SEP_projects/HW_SW/SEPmonG3/SEPmonG3V3/zynq_fsbl/zynq_fsbl_bsp/system.mss
TRACE::2024-07-07.18:20:52::SCWMssOS::Opened the sw design from mss  C:/Users/gusta/Documents/SEP_projects/HW_SW/SEPmonG3/SEPmonG3V3/zynq_fsbl/zynq_fsbl_bsp/system.mss
TRACE::2024-07-07.18:20:52::SCWMssOS::Adding the swdes entry C:/Users/gusta/Documents/SEP_projects/HW_SW/SEPmonG3/SEPmonG3V3/zynq_fsbl/zynq_fsbl_bsp/system.mss with des name system_1
TRACE::2024-07-07.18:20:52::SCWMssOS::updating the scw layer about changes
TRACE::2024-07-07.18:20:52::SCWMssOS::Opened the sw design.  C:/Users/gusta/Documents/SEP_projects/HW_SW/SEPmonG3/SEPmonG3V3/zynq_fsbl/zynq_fsbl_bsp/system.mss
TRACE::2024-07-07.18:20:52::SCWPlatform::Trying to open the hw design at C:/Users/gusta/Documents/SEP_projects/HW_SW/SEPmonG3/SEPmonG3V3/hw/SEPmonG3V7.xsa
TRACE::2024-07-07.18:20:52::SCWPlatform::DSA given C:/Users/gusta/Documents/SEP_projects/HW_SW/SEPmonG3/SEPmonG3V3/hw/SEPmonG3V7.xsa
TRACE::2024-07-07.18:20:52::SCWPlatform::DSA absoulate path C:/Users/gusta/Documents/SEP_projects/HW_SW/SEPmonG3/SEPmonG3V3/hw/SEPmonG3V7.xsa
TRACE::2024-07-07.18:20:52::SCWPlatform::DSA directory C:/Users/gusta/Documents/SEP_projects/HW_SW/SEPmonG3/SEPmonG3V3/hw
TRACE::2024-07-07.18:20:52::SCWPlatform:: Platform Path C:/Users/gusta/Documents/SEP_projects/HW_SW/SEPmonG3/SEPmonG3V3/hw/SEPmonG3V7.xsa
TRACE::2024-07-07.18:20:52::SCWPlatform:: Unique name xilinx:zybo-z7-10::0.0
TRACE::2024-07-07.18:20:52::SCWPlatform::Trying to set the existing hwdb with name DEMO_wrapper_50
TRACE::2024-07-07.18:20:52::SCWPlatform::Opened existing hwdb DEMO_wrapper_50
TRACE::2024-07-07.18:20:52::SCWPlatform::Found the Hw Db part of the input DSA
TRACE::2024-07-07.18:20:52::SCWMssOS::Checking the sw design at  C:/Users/gusta/Documents/SEP_projects/HW_SW/SEPmonG3/SEPmonG3V3/zynq_fsbl/zynq_fsbl_bsp/system.mss
TRACE::2024-07-07.18:20:52::SCWMssOS::DEBUG:  swdes dump  C:/Users/gusta/Documents/SEP_projects/HW_SW/SEPmonG3/SEPmonG3/ps7_cortexa9_0/standalone_domain/bsp/system.mss|system_0||
C:/Users/gusta/Documents/SEP_projects/HW_SW/SEPmonG3/SEPmonG3/zynq_fsbl/zynq_fsbl_bsp/system.mss|system||
C:/Users/gusta/Documents/SEP_projects/HW_SW/SEPmonG3/SEPmonG3V3/zynq_fsbl/zynq_fsbl_bsp/system.mss|system_1||

TRACE::2024-07-07.18:20:52::SCWMssOS::Sw design exists and opened at  C:/Users/gusta/Documents/SEP_projects/HW_SW/SEPmonG3/SEPmonG3V3/zynq_fsbl/zynq_fsbl_bsp/system.mss
TRACE::2024-07-07.18:20:52::SCWMssOS:: library already available in sw design:  xilffs:4.3
TRACE::2024-07-07.18:20:52::SCWPlatform::Trying to open the hw design at C:/Users/gusta/Documents/SEP_projects/HW_SW/SEPmonG3/SEPmonG3V3/hw/SEPmonG3V7.xsa
TRACE::2024-07-07.18:20:52::SCWPlatform::DSA given C:/Users/gusta/Documents/SEP_projects/HW_SW/SEPmonG3/SEPmonG3V3/hw/SEPmonG3V7.xsa
TRACE::2024-07-07.18:20:52::SCWPlatform::DSA absoulate path C:/Users/gusta/Documents/SEP_projects/HW_SW/SEPmonG3/SEPmonG3V3/hw/SEPmonG3V7.xsa
TRACE::2024-07-07.18:20:52::SCWPlatform::DSA directory C:/Users/gusta/Documents/SEP_projects/HW_SW/SEPmonG3/SEPmonG3V3/hw
TRACE::2024-07-07.18:20:52::SCWPlatform:: Platform Path C:/Users/gusta/Documents/SEP_projects/HW_SW/SEPmonG3/SEPmonG3V3/hw/SEPmonG3V7.xsa
TRACE::2024-07-07.18:20:52::SCWPlatform:: Unique name xilinx:zybo-z7-10::0.0
TRACE::2024-07-07.18:20:52::SCWPlatform::Trying to set the existing hwdb with name DEMO_wrapper_50
TRACE::2024-07-07.18:20:52::SCWPlatform::Opened existing hwdb DEMO_wrapper_50
TRACE::2024-07-07.18:20:52::SCWPlatform::Found the Hw Db part of the input DSA
TRACE::2024-07-07.18:20:52::SCWMssOS::Checking the sw design at  C:/Users/gusta/Documents/SEP_projects/HW_SW/SEPmonG3/SEPmonG3V3/zynq_fsbl/zynq_fsbl_bsp/system.mss
TRACE::2024-07-07.18:20:52::SCWMssOS::DEBUG:  swdes dump  C:/Users/gusta/Documents/SEP_projects/HW_SW/SEPmonG3/SEPmonG3/ps7_cortexa9_0/standalone_domain/bsp/system.mss|system_0||
C:/Users/gusta/Documents/SEP_projects/HW_SW/SEPmonG3/SEPmonG3/zynq_fsbl/zynq_fsbl_bsp/system.mss|system||
C:/Users/gusta/Documents/SEP_projects/HW_SW/SEPmonG3/SEPmonG3V3/zynq_fsbl/zynq_fsbl_bsp/system.mss|system_1||

TRACE::2024-07-07.18:20:52::SCWMssOS::Sw design exists and opened at  C:/Users/gusta/Documents/SEP_projects/HW_SW/SEPmonG3/SEPmonG3V3/zynq_fsbl/zynq_fsbl_bsp/system.mss
TRACE::2024-07-07.18:20:52::SCWMssOS:: library already available in sw design:  xilrsa:1.6
TRACE::2024-07-07.18:20:52::SCWMssOS::Saving the mss changes C:/Users/gusta/Documents/SEP_projects/HW_SW/SEPmonG3/SEPmonG3V3/zynq_fsbl/zynq_fsbl_bsp/system.mss
TRACE::2024-07-07.18:20:52::SCWMssOS::Found a swdesign opened with the mssfile.
TRACE::2024-07-07.18:20:52::SCWMssOS::Completed writemss as part of save.
TRACE::2024-07-07.18:20:52::SCWMssOS::Commit changes completed.
TRACE::2024-07-07.18:20:52::SCWReader::Adding prebuilt librarypaths as   
TRACE::2024-07-07.18:20:52::SCWReader::Adding prebuilt incpaths  as   
TRACE::2024-07-07.18:20:52::SCWPlatform::Trying to open the hw design at C:/Users/gusta/Documents/SEP_projects/HW_SW/SEPmonG3/SEPmonG3V3/hw/SEPmonG3V7.xsa
TRACE::2024-07-07.18:20:52::SCWPlatform::DSA given C:/Users/gusta/Documents/SEP_projects/HW_SW/SEPmonG3/SEPmonG3V3/hw/SEPmonG3V7.xsa
TRACE::2024-07-07.18:20:52::SCWPlatform::DSA absoulate path C:/Users/gusta/Documents/SEP_projects/HW_SW/SEPmonG3/SEPmonG3V3/hw/SEPmonG3V7.xsa
TRACE::2024-07-07.18:20:52::SCWPlatform::DSA directory C:/Users/gusta/Documents/SEP_projects/HW_SW/SEPmonG3/SEPmonG3V3/hw
TRACE::2024-07-07.18:20:52::SCWPlatform:: Platform Path C:/Users/gusta/Documents/SEP_projects/HW_SW/SEPmonG3/SEPmonG3V3/hw/SEPmonG3V7.xsa
TRACE::2024-07-07.18:20:52::SCWPlatform:: Unique name xilinx:zybo-z7-10::0.0
TRACE::2024-07-07.18:20:52::SCWPlatform::Trying to set the existing hwdb with name DEMO_wrapper_50
TRACE::2024-07-07.18:20:52::SCWPlatform::Opened existing hwdb DEMO_wrapper_50
TRACE::2024-07-07.18:20:52::SCWPlatform::Found the Hw Db part of the input DSA
TRACE::2024-07-07.18:20:52::SCWMssOS::Checking the sw design at  C:/Users/gusta/Documents/SEP_projects/HW_SW/SEPmonG3/SEPmonG3V3/zynq_fsbl/zynq_fsbl_bsp/system.mss
TRACE::2024-07-07.18:20:52::SCWMssOS::DEBUG:  swdes dump  C:/Users/gusta/Documents/SEP_projects/HW_SW/SEPmonG3/SEPmonG3/ps7_cortexa9_0/standalone_domain/bsp/system.mss|system_0||
C:/Users/gusta/Documents/SEP_projects/HW_SW/SEPmonG3/SEPmonG3/zynq_fsbl/zynq_fsbl_bsp/system.mss|system||
C:/Users/gusta/Documents/SEP_projects/HW_SW/SEPmonG3/SEPmonG3V3/zynq_fsbl/zynq_fsbl_bsp/system.mss|system_1||

TRACE::2024-07-07.18:20:52::SCWMssOS::Sw design exists and opened at  C:/Users/gusta/Documents/SEP_projects/HW_SW/SEPmonG3/SEPmonG3V3/zynq_fsbl/zynq_fsbl_bsp/system.mss
TRACE::2024-07-07.18:20:52::SCWReader::No isolation master present  
TRACE::2024-07-07.18:20:52::SCWDomain::checking for install qemu data   : 
TRACE::2024-07-07.18:20:52::SCWDomain:: Using the QEMU Data from install at  : C:/Xilinx/Vitis/2020.1/data/emulation/platforms/zynq/qemu/
TRACE::2024-07-07.18:20:52::SCWDomain:: Using the QEMU args  from install at  : C:/Xilinx/Vitis/2020.1/data/emulation/platforms/zynq/qemu/qemu_args.txt
TRACE::2024-07-07.18:20:52::SCWPlatform::Trying to open the hw design at C:/Users/gusta/Documents/SEP_projects/HW_SW/SEPmonG3/SEPmonG3V3/hw/SEPmonG3V7.xsa
TRACE::2024-07-07.18:20:52::SCWPlatform::DSA given C:/Users/gusta/Documents/SEP_projects/HW_SW/SEPmonG3/SEPmonG3V3/hw/SEPmonG3V7.xsa
TRACE::2024-07-07.18:20:52::SCWPlatform::DSA absoulate path C:/Users/gusta/Documents/SEP_projects/HW_SW/SEPmonG3/SEPmonG3V3/hw/SEPmonG3V7.xsa
TRACE::2024-07-07.18:20:52::SCWPlatform::DSA directory C:/Users/gusta/Documents/SEP_projects/HW_SW/SEPmonG3/SEPmonG3V3/hw
TRACE::2024-07-07.18:20:52::SCWPlatform:: Platform Path C:/Users/gusta/Documents/SEP_projects/HW_SW/SEPmonG3/SEPmonG3V3/hw/SEPmonG3V7.xsa
TRACE::2024-07-07.18:20:52::SCWPlatform:: Unique name xilinx:zybo-z7-10::0.0
TRACE::2024-07-07.18:20:52::SCWPlatform::Trying to set the existing hwdb with name DEMO_wrapper_50
TRACE::2024-07-07.18:20:52::SCWPlatform::Opened existing hwdb DEMO_wrapper_50
TRACE::2024-07-07.18:20:52::SCWPlatform::Found the Hw Db part of the input DSA
TRACE::2024-07-07.18:20:52::SCWPlatform::Trying to open the hw design at C:/Users/gusta/Documents/SEP_projects/HW_SW/SEPmonG3/SEPmonG3V3/hw/SEPmonG3V7.xsa
TRACE::2024-07-07.18:20:52::SCWPlatform::DSA given C:/Users/gusta/Documents/SEP_projects/HW_SW/SEPmonG3/SEPmonG3V3/hw/SEPmonG3V7.xsa
TRACE::2024-07-07.18:20:52::SCWPlatform::DSA absoulate path C:/Users/gusta/Documents/SEP_projects/HW_SW/SEPmonG3/SEPmonG3V3/hw/SEPmonG3V7.xsa
TRACE::2024-07-07.18:20:52::SCWPlatform::DSA directory C:/Users/gusta/Documents/SEP_projects/HW_SW/SEPmonG3/SEPmonG3V3/hw
TRACE::2024-07-07.18:20:52::SCWPlatform:: Platform Path C:/Users/gusta/Documents/SEP_projects/HW_SW/SEPmonG3/SEPmonG3V3/hw/SEPmonG3V7.xsa
TRACE::2024-07-07.18:20:52::SCWPlatform:: Unique name xilinx:zybo-z7-10::0.0
TRACE::2024-07-07.18:20:52::SCWPlatform::Trying to set the existing hwdb with name DEMO_wrapper_50
TRACE::2024-07-07.18:20:52::SCWPlatform::Opened existing hwdb DEMO_wrapper_50
TRACE::2024-07-07.18:20:52::SCWPlatform::Found the Hw Db part of the input DSA
TRACE::2024-07-07.18:20:52::SCWPlatform::Trying to open the hw design at C:/Users/gusta/Documents/SEP_projects/HW_SW/SEPmonG3/SEPmonG3V3/hw/SEPmonG3V7.xsa
TRACE::2024-07-07.18:20:52::SCWPlatform::DSA given C:/Users/gusta/Documents/SEP_projects/HW_SW/SEPmonG3/SEPmonG3V3/hw/SEPmonG3V7.xsa
TRACE::2024-07-07.18:20:52::SCWPlatform::DSA absoulate path C:/Users/gusta/Documents/SEP_projects/HW_SW/SEPmonG3/SEPmonG3V3/hw/SEPmonG3V7.xsa
TRACE::2024-07-07.18:20:52::SCWPlatform::DSA directory C:/Users/gusta/Documents/SEP_projects/HW_SW/SEPmonG3/SEPmonG3V3/hw
TRACE::2024-07-07.18:20:52::SCWPlatform:: Platform Path C:/Users/gusta/Documents/SEP_projects/HW_SW/SEPmonG3/SEPmonG3V3/hw/SEPmonG3V7.xsa
TRACE::2024-07-07.18:20:52::SCWPlatform:: Unique name xilinx:zybo-z7-10::0.0
TRACE::2024-07-07.18:20:52::SCWPlatform::Trying to set the existing hwdb with name DEMO_wrapper_50
TRACE::2024-07-07.18:20:52::SCWPlatform::Opened existing hwdb DEMO_wrapper_50
TRACE::2024-07-07.18:20:52::SCWPlatform::Found the Hw Db part of the input DSA
TRACE::2024-07-07.18:20:52::SCWMssOS::Checking the sw design at  C:/Users/gusta/Documents/SEP_projects/HW_SW/SEPmonG3/SEPmonG3V3/ps7_cortexa9_0/standalone_domain/bsp/system.mss
TRACE::2024-07-07.18:20:52::SCWMssOS::DEBUG:  swdes dump  C:/Users/gusta/Documents/SEP_projects/HW_SW/SEPmonG3/SEPmonG3/ps7_cortexa9_0/standalone_domain/bsp/system.mss|system_0||
C:/Users/gusta/Documents/SEP_projects/HW_SW/SEPmonG3/SEPmonG3/zynq_fsbl/zynq_fsbl_bsp/system.mss|system||
C:/Users/gusta/Documents/SEP_projects/HW_SW/SEPmonG3/SEPmonG3V3/zynq_fsbl/zynq_fsbl_bsp/system.mss|system_1||

TRACE::2024-07-07.18:20:52::SCWMssOS::No sw design opened at  C:/Users/gusta/Documents/SEP_projects/HW_SW/SEPmonG3/SEPmonG3V3/ps7_cortexa9_0/standalone_domain/bsp/system.mss
TRACE::2024-07-07.18:20:52::SCWMssOS::mss exists loading the mss file  C:/Users/gusta/Documents/SEP_projects/HW_SW/SEPmonG3/SEPmonG3V3/ps7_cortexa9_0/standalone_domain/bsp/system.mss
TRACE::2024-07-07.18:20:52::SCWMssOS::Opened the sw design from mss  C:/Users/gusta/Documents/SEP_projects/HW_SW/SEPmonG3/SEPmonG3V3/ps7_cortexa9_0/standalone_domain/bsp/system.mss
TRACE::2024-07-07.18:20:52::SCWMssOS::Adding the swdes entry C:/Users/gusta/Documents/SEP_projects/HW_SW/SEPmonG3/SEPmonG3V3/ps7_cortexa9_0/standalone_domain/bsp/system.mss with des name system_2
TRACE::2024-07-07.18:20:52::SCWMssOS::updating the scw layer about changes
TRACE::2024-07-07.18:20:52::SCWMssOS::Opened the sw design.  C:/Users/gusta/Documents/SEP_projects/HW_SW/SEPmonG3/SEPmonG3V3/ps7_cortexa9_0/standalone_domain/bsp/system.mss
TRACE::2024-07-07.18:20:52::SCWMssOS::Saving the mss changes C:/Users/gusta/Documents/SEP_projects/HW_SW/SEPmonG3/SEPmonG3V3/ps7_cortexa9_0/standalone_domain/bsp/system.mss
TRACE::2024-07-07.18:20:52::SCWMssOS::Found a swdesign opened with the mssfile.
TRACE::2024-07-07.18:20:52::SCWMssOS::Completed writemss as part of save.
TRACE::2024-07-07.18:20:52::SCWMssOS::Commit changes completed.
TRACE::2024-07-07.18:20:52::SCWReader::Adding prebuilt librarypaths as   
TRACE::2024-07-07.18:20:52::SCWReader::Adding prebuilt incpaths  as   
TRACE::2024-07-07.18:20:52::SCWPlatform::Trying to open the hw design at C:/Users/gusta/Documents/SEP_projects/HW_SW/SEPmonG3/SEPmonG3V3/hw/SEPmonG3V7.xsa
TRACE::2024-07-07.18:20:52::SCWPlatform::DSA given C:/Users/gusta/Documents/SEP_projects/HW_SW/SEPmonG3/SEPmonG3V3/hw/SEPmonG3V7.xsa
TRACE::2024-07-07.18:20:52::SCWPlatform::DSA absoulate path C:/Users/gusta/Documents/SEP_projects/HW_SW/SEPmonG3/SEPmonG3V3/hw/SEPmonG3V7.xsa
TRACE::2024-07-07.18:20:52::SCWPlatform::DSA directory C:/Users/gusta/Documents/SEP_projects/HW_SW/SEPmonG3/SEPmonG3V3/hw
TRACE::2024-07-07.18:20:52::SCWPlatform:: Platform Path C:/Users/gusta/Documents/SEP_projects/HW_SW/SEPmonG3/SEPmonG3V3/hw/SEPmonG3V7.xsa
TRACE::2024-07-07.18:20:52::SCWPlatform:: Unique name xilinx:zybo-z7-10::0.0
TRACE::2024-07-07.18:20:52::SCWPlatform::Trying to set the existing hwdb with name DEMO_wrapper_50
TRACE::2024-07-07.18:20:52::SCWPlatform::Opened existing hwdb DEMO_wrapper_50
TRACE::2024-07-07.18:20:52::SCWPlatform::Found the Hw Db part of the input DSA
TRACE::2024-07-07.18:20:52::SCWMssOS::Checking the sw design at  C:/Users/gusta/Documents/SEP_projects/HW_SW/SEPmonG3/SEPmonG3V3/ps7_cortexa9_0/standalone_domain/bsp/system.mss
TRACE::2024-07-07.18:20:52::SCWMssOS::DEBUG:  swdes dump  C:/Users/gusta/Documents/SEP_projects/HW_SW/SEPmonG3/SEPmonG3/ps7_cortexa9_0/standalone_domain/bsp/system.mss|system_0||
C:/Users/gusta/Documents/SEP_projects/HW_SW/SEPmonG3/SEPmonG3/zynq_fsbl/zynq_fsbl_bsp/system.mss|system||
C:/Users/gusta/Documents/SEP_projects/HW_SW/SEPmonG3/SEPmonG3V3/ps7_cortexa9_0/standalone_domain/bsp/system.mss|system_2||
C:/Users/gusta/Documents/SEP_projects/HW_SW/SEPmonG3/SEPmonG3V3/zynq_fsbl/zynq_fsbl_bsp/system.mss|system_1||

TRACE::2024-07-07.18:20:52::SCWMssOS::Sw design exists and opened at  C:/Users/gusta/Documents/SEP_projects/HW_SW/SEPmonG3/SEPmonG3V3/ps7_cortexa9_0/standalone_domain/bsp/system.mss
TRACE::2024-07-07.18:20:52::SCWReader::No isolation master present  
LOG::2024-07-07.18:20:58::SCWPlatform::Started generating the artifacts platform SEPmonG3V3
TRACE::2024-07-07.18:20:58::SCWPlatform::Sanity checking of platform is completed
LOG::2024-07-07.18:20:58::SCWPlatform::Started generating the artifacts for system configuration SEPmonG3V3
LOG::2024-07-07.18:20:58::SCWSystem::Checking the domain zynq_fsbl
LOG::2024-07-07.18:20:58::SCWSystem::Doing application build for :  zynq_fsbl
TRACE::2024-07-07.18:20:58::SCWBDomain::Not a forced makefile updation, No changes are present. 
TRACE::2024-07-07.18:20:58::SCWDomain::Skipping the build for domain :  zynq_fsbl
LOG::2024-07-07.18:20:58::SCWSystem::Checking the domain standalone_domain
LOG::2024-07-07.18:20:58::SCWSystem::Not a boot domain 
LOG::2024-07-07.18:20:58::SCWSystem::Started Processing the domain standalone_domain
TRACE::2024-07-07.18:20:58::SCWDomain::Generating domain artifcats
TRACE::2024-07-07.18:20:58::SCWMssOS::Generating standalone artifcats
TRACE::2024-07-07.18:20:58::SCWMssOS::Copying the qemu file from  C:/Xilinx/Vitis/2020.1/data/emulation/platforms/zynq/qemu/qemu_args.txt To C:/Users/gusta/Documents/SEP_projects/HW_SW/SEPmonG3/SEPmonG3V3/export/SEPmonG3V3/sw/SEPmonG3V3/qemu/
TRACE::2024-07-07.18:20:58::SCWMssOS::Copying the qemu file from  C:/Xilinx/Vitis/2020.1/data/emulation/platforms/zynq/qemu/qemu_args.txt To C:/Users/gusta/Documents/SEP_projects/HW_SW/SEPmonG3/SEPmonG3V3/export/SEPmonG3V3/sw/SEPmonG3V3/standalone_domain/qemu/
TRACE::2024-07-07.18:20:58::SCWMssOS:: Copying the user libraries. 
TRACE::2024-07-07.18:20:58::SCWPlatform::Trying to open the hw design at C:/Users/gusta/Documents/SEP_projects/HW_SW/SEPmonG3/SEPmonG3V3/hw/SEPmonG3V7.xsa
TRACE::2024-07-07.18:20:58::SCWPlatform::DSA given C:/Users/gusta/Documents/SEP_projects/HW_SW/SEPmonG3/SEPmonG3V3/hw/SEPmonG3V7.xsa
TRACE::2024-07-07.18:20:58::SCWPlatform::DSA absoulate path C:/Users/gusta/Documents/SEP_projects/HW_SW/SEPmonG3/SEPmonG3V3/hw/SEPmonG3V7.xsa
TRACE::2024-07-07.18:20:58::SCWPlatform::DSA directory C:/Users/gusta/Documents/SEP_projects/HW_SW/SEPmonG3/SEPmonG3V3/hw
TRACE::2024-07-07.18:20:58::SCWPlatform:: Platform Path C:/Users/gusta/Documents/SEP_projects/HW_SW/SEPmonG3/SEPmonG3V3/hw/SEPmonG3V7.xsa
TRACE::2024-07-07.18:20:58::SCWPlatform:: Unique name xilinx:zybo-z7-10::0.0
TRACE::2024-07-07.18:20:58::SCWPlatform::Trying to set the existing hwdb with name DEMO_wrapper_50
TRACE::2024-07-07.18:20:58::SCWPlatform::Opened existing hwdb DEMO_wrapper_50
TRACE::2024-07-07.18:20:58::SCWPlatform::Found the Hw Db part of the input DSA
TRACE::2024-07-07.18:20:58::SCWMssOS::Checking the sw design at  C:/Users/gusta/Documents/SEP_projects/HW_SW/SEPmonG3/SEPmonG3V3/ps7_cortexa9_0/standalone_domain/bsp/system.mss
TRACE::2024-07-07.18:20:58::SCWMssOS::DEBUG:  swdes dump  C:/Users/gusta/Documents/SEP_projects/HW_SW/SEPmonG3/SEPmonG3/ps7_cortexa9_0/standalone_domain/bsp/system.mss|system_0||
C:/Users/gusta/Documents/SEP_projects/HW_SW/SEPmonG3/SEPmonG3/zynq_fsbl/zynq_fsbl_bsp/system.mss|system||
C:/Users/gusta/Documents/SEP_projects/HW_SW/SEPmonG3/SEPmonG3V3/ps7_cortexa9_0/standalone_domain/bsp/system.mss|system_2||
C:/Users/gusta/Documents/SEP_projects/HW_SW/SEPmonG3/SEPmonG3V3/zynq_fsbl/zynq_fsbl_bsp/system.mss|system_1||

TRACE::2024-07-07.18:20:58::SCWMssOS::Sw design exists and opened at  C:/Users/gusta/Documents/SEP_projects/HW_SW/SEPmonG3/SEPmonG3V3/ps7_cortexa9_0/standalone_domain/bsp/system.mss
TRACE::2024-07-07.18:20:58::SCWMssOS::Completed writing the mss file at C:/Users/gusta/Documents/SEP_projects/HW_SW/SEPmonG3/SEPmonG3V3/ps7_cortexa9_0/standalone_domain/bsp
TRACE::2024-07-07.18:20:58::SCWMssOS::Mss edits present, copying mssfile into export location C:/Users/gusta/Documents/SEP_projects/HW_SW/SEPmonG3/SEPmonG3V3/ps7_cortexa9_0/standalone_domain/bsp/system.mss
TRACE::2024-07-07.18:20:58::SCWMssOS::bsp generated is upto date with the mss file. Skipping bsp generation.
TRACE::2024-07-07.18:20:58::SCWMssOS::BSP is already built. skipping the bsp build ... 
TRACE::2024-07-07.18:20:58::SCWDomain::Skipping the build for domain :  standalone_domain
TRACE::2024-07-07.18:20:58::SCWMssOS::skipping the bsp build ... 
TRACE::2024-07-07.18:20:58::SCWMssOS::Copying to export directory.
TRACE::2024-07-07.18:20:58::SCWMssOS:: Checking if to create the Supporting Applications
TRACE::2024-07-07.18:20:58::SCWMssOS:: No Linux domain exists, trying to generate FSBL 
LOG::2024-07-07.18:20:58::SCWSystem::Completed Processing the domain standalone_domain
LOG::2024-07-07.18:20:58::SCWSystem::Completed Processing the sysconfig SEPmonG3V3
LOG::2024-07-07.18:20:58::SCWPlatform::Completed generating the artifacts for system configuration SEPmonG3V3
TRACE::2024-07-07.18:20:58::SCWPlatform::Started preparing the platform 
TRACE::2024-07-07.18:20:58::SCWSystem::Writing the bif file for system config SEPmonG3V3
TRACE::2024-07-07.18:20:58::SCWSystem::dir created 
TRACE::2024-07-07.18:20:58::SCWSystem::Writing the bif 
TRACE::2024-07-07.18:20:58::SCWPlatform::Started writing the spfm file 
TRACE::2024-07-07.18:20:58::SCWPlatform::Started writing the xpfm file 
TRACE::2024-07-07.18:20:58::SCWPlatform::Completed generating the platform
TRACE::2024-07-07.18:20:58::SCWMssOS::Saving the mss changes C:/Users/gusta/Documents/SEP_projects/HW_SW/SEPmonG3/SEPmonG3V3/zynq_fsbl/zynq_fsbl_bsp/system.mss
TRACE::2024-07-07.18:20:58::SCWMssOS::Found a swdesign opened with the mssfile.
TRACE::2024-07-07.18:20:58::SCWMssOS::Completed writemss as part of save.
TRACE::2024-07-07.18:20:58::SCWMssOS::Commit changes completed.
TRACE::2024-07-07.18:20:58::SCWMssOS::Saving the mss changes C:/Users/gusta/Documents/SEP_projects/HW_SW/SEPmonG3/SEPmonG3V3/ps7_cortexa9_0/standalone_domain/bsp/system.mss
TRACE::2024-07-07.18:20:58::SCWMssOS::Found a swdesign opened with the mssfile.
TRACE::2024-07-07.18:20:58::SCWMssOS::Completed writemss as part of save.
TRACE::2024-07-07.18:20:58::SCWMssOS::Commit changes completed.
TRACE::2024-07-07.18:20:58::SCWPlatform::Trying to open the hw design at C:/Users/gusta/Documents/SEP_projects/HW_SW/SEPmonG3/SEPmonG3V3/hw/SEPmonG3V7.xsa
TRACE::2024-07-07.18:20:58::SCWPlatform::DSA given C:/Users/gusta/Documents/SEP_projects/HW_SW/SEPmonG3/SEPmonG3V3/hw/SEPmonG3V7.xsa
TRACE::2024-07-07.18:20:58::SCWPlatform::DSA absoulate path C:/Users/gusta/Documents/SEP_projects/HW_SW/SEPmonG3/SEPmonG3V3/hw/SEPmonG3V7.xsa
TRACE::2024-07-07.18:20:58::SCWPlatform::DSA directory C:/Users/gusta/Documents/SEP_projects/HW_SW/SEPmonG3/SEPmonG3V3/hw
TRACE::2024-07-07.18:20:58::SCWPlatform:: Platform Path C:/Users/gusta/Documents/SEP_projects/HW_SW/SEPmonG3/SEPmonG3V3/hw/SEPmonG3V7.xsa
TRACE::2024-07-07.18:20:58::SCWPlatform:: Unique name xilinx:zybo-z7-10::0.0
TRACE::2024-07-07.18:20:58::SCWPlatform::Trying to set the existing hwdb with name DEMO_wrapper_50
TRACE::2024-07-07.18:20:58::SCWPlatform::Opened existing hwdb DEMO_wrapper_50
TRACE::2024-07-07.18:20:58::SCWPlatform::Found the Hw Db part of the input DSA
TRACE::2024-07-07.18:20:58::SCWMssOS::Checking the sw design at  C:/Users/gusta/Documents/SEP_projects/HW_SW/SEPmonG3/SEPmonG3V3/zynq_fsbl/zynq_fsbl_bsp/system.mss
TRACE::2024-07-07.18:20:58::SCWMssOS::DEBUG:  swdes dump  C:/Users/gusta/Documents/SEP_projects/HW_SW/SEPmonG3/SEPmonG3/ps7_cortexa9_0/standalone_domain/bsp/system.mss|system_0||
C:/Users/gusta/Documents/SEP_projects/HW_SW/SEPmonG3/SEPmonG3/zynq_fsbl/zynq_fsbl_bsp/system.mss|system||
C:/Users/gusta/Documents/SEP_projects/HW_SW/SEPmonG3/SEPmonG3V3/ps7_cortexa9_0/standalone_domain/bsp/system.mss|system_2||
C:/Users/gusta/Documents/SEP_projects/HW_SW/SEPmonG3/SEPmonG3V3/zynq_fsbl/zynq_fsbl_bsp/system.mss|system_1||

TRACE::2024-07-07.18:20:58::SCWMssOS::Sw design exists and opened at  C:/Users/gusta/Documents/SEP_projects/HW_SW/SEPmonG3/SEPmonG3V3/zynq_fsbl/zynq_fsbl_bsp/system.mss
TRACE::2024-07-07.18:20:58::SCWPlatform::Trying to open the hw design at C:/Users/gusta/Documents/SEP_projects/HW_SW/SEPmonG3/SEPmonG3V3/hw/SEPmonG3V7.xsa
TRACE::2024-07-07.18:20:58::SCWPlatform::DSA given C:/Users/gusta/Documents/SEP_projects/HW_SW/SEPmonG3/SEPmonG3V3/hw/SEPmonG3V7.xsa
TRACE::2024-07-07.18:20:58::SCWPlatform::DSA absoulate path C:/Users/gusta/Documents/SEP_projects/HW_SW/SEPmonG3/SEPmonG3V3/hw/SEPmonG3V7.xsa
TRACE::2024-07-07.18:20:58::SCWPlatform::DSA directory C:/Users/gusta/Documents/SEP_projects/HW_SW/SEPmonG3/SEPmonG3V3/hw
TRACE::2024-07-07.18:20:58::SCWPlatform:: Platform Path C:/Users/gusta/Documents/SEP_projects/HW_SW/SEPmonG3/SEPmonG3V3/hw/SEPmonG3V7.xsa
TRACE::2024-07-07.18:20:58::SCWPlatform:: Unique name xilinx:zybo-z7-10::0.0
TRACE::2024-07-07.18:20:58::SCWPlatform::Trying to set the existing hwdb with name DEMO_wrapper_50
TRACE::2024-07-07.18:20:58::SCWPlatform::Opened existing hwdb DEMO_wrapper_50
TRACE::2024-07-07.18:20:58::SCWPlatform::Found the Hw Db part of the input DSA
TRACE::2024-07-07.18:20:58::SCWMssOS::Checking the sw design at  C:/Users/gusta/Documents/SEP_projects/HW_SW/SEPmonG3/SEPmonG3V3/ps7_cortexa9_0/standalone_domain/bsp/system.mss
TRACE::2024-07-07.18:20:58::SCWMssOS::DEBUG:  swdes dump  C:/Users/gusta/Documents/SEP_projects/HW_SW/SEPmonG3/SEPmonG3/ps7_cortexa9_0/standalone_domain/bsp/system.mss|system_0||
C:/Users/gusta/Documents/SEP_projects/HW_SW/SEPmonG3/SEPmonG3/zynq_fsbl/zynq_fsbl_bsp/system.mss|system||
C:/Users/gusta/Documents/SEP_projects/HW_SW/SEPmonG3/SEPmonG3V3/ps7_cortexa9_0/standalone_domain/bsp/system.mss|system_2||
C:/Users/gusta/Documents/SEP_projects/HW_SW/SEPmonG3/SEPmonG3V3/zynq_fsbl/zynq_fsbl_bsp/system.mss|system_1||

TRACE::2024-07-07.18:20:58::SCWMssOS::Sw design exists and opened at  C:/Users/gusta/Documents/SEP_projects/HW_SW/SEPmonG3/SEPmonG3V3/ps7_cortexa9_0/standalone_domain/bsp/system.mss
TRACE::2024-07-07.18:20:58::SCWWriter::formatted JSON is {
	"platformName":	"SEPmonG3V3",
	"sprVersion":	"2.0",
	"mode":	"gui",
	"dsaType":	"Fixed",
	"platformDesc":	"SEPmonG3V3",
	"platHandOff":	"C:/Users/gusta/Documents/SEP_projects/HW_SW/SEPmonG3/SEPmonG3V7.xsa",
	"platIntHandOff":	"<platformDir>/hw/SEPmonG3V7.xsa",
	"deviceType":	"zynq",
	"platIsPrebuiltAutogen":	"false",
	"platIsNoBootBsp":	"false",
	"hasFsblMakeHasChanges":	"false",
	"hasPmufwMakeHasChanges":	"false",
	"fsblExtraCompilerFlags":	"-MMD -MP       -mcpu=cortex-a9 -mfpu=vfpv3 -mfloat-abi=hard ",
	"platPreBuiltFlag":	false,
	"platformSamplesDir":	"",
	"platActiveSys":	"SEPmonG3V3",
	"systems":	[{
			"systemName":	"SEPmonG3V3",
			"systemDesc":	"SEPmonG3V3",
			"sysIsBootAutoGen":	"true",
			"systemDispName":	"SEPmonG3V3",
			"sysActiveDom":	"standalone_domain",
			"sysDefaultDom":	"standalone_domain",
			"domains":	[{
					"domainName":	"zynq_fsbl",
					"domainDispName":	"zynq_fsbl",
					"domainDesc":	"FSBL Application BSP - Auto Generated.",
					"processors":	"ps7_cortexa9_0",
					"os":	"standalone",
					"sdxOs":	"standalone",
					"debugEnable":	"",
					"domRuntimes":	["cpp"],
					"swRepo":	"",
					"mssOsVer":	"7.2",
					"mssFile":	"",
					"md5Digest":	"1c3d65b23234dc3ec6f7ff2cc82e7a29",
					"compatibleApp":	"zynq_fsbl",
					"domType":	"bootDomain",
					"appSettings":	{
						"appCompilerFlags":	"",
						"appLinkerFlags":	""
					},
					"addedLibs":	["xilffs:4.3", "xilrsa:1.6"],
					"libOptions":	{
						"libsContainingOptions":	[]
					},
					"prebuiltLibs":	{
						"prebuiltIncPath":	[],
						"prebuiltLibPath":	[]
					},
					"isolation":	{
					}
				}, {
					"domainName":	"standalone_domain",
					"domainDispName":	"standalone on ps7_cortexa9_0",
					"domainDesc":	"standalone_domain",
					"processors":	"ps7_cortexa9_0",
					"os":	"standalone",
					"sdxOs":	"standalone",
					"qemuArgs":	"C:/Xilinx/Vitis/2020.1/data/emulation/platforms/zynq/qemu/qemu_args.txt",
					"qemuData":	"C:/Xilinx/Vitis/2020.1/data/emulation/platforms/zynq/qemu/",
					"debugEnable":	"False",
					"domRuntimes":	["cpp"],
					"swRepo":	"",
					"mssOsVer":	"7.2",
					"mssFile":	"",
					"md5Digest":	"96a2233cbaff12ac4b4b6f28a05a4e23",
					"compatibleApp":	"",
					"domType":	"mssDomain",
					"appSettings":	{
						"appCompilerFlags":	"",
						"appLinkerFlags":	""
					},
					"addedLibs":	[],
					"libOptions":	{
						"libsContainingOptions":	[]
					},
					"prebuiltLibs":	{
						"prebuiltIncPath":	[],
						"prebuiltLibPath":	[]
					},
					"isolation":	{
					}
				}]
		}]
}
KEYINFO::2024-07-07.18:20:58::SCWPlatform::updated the xpfm file.
TRACE::2024-07-07.18:20:58::SCWPlatform::Trying to open the hw design at C:/Users/gusta/Documents/SEP_projects/HW_SW/SEPmonG3/SEPmonG3V3/hw/SEPmonG3V7.xsa
TRACE::2024-07-07.18:20:58::SCWPlatform::DSA given C:/Users/gusta/Documents/SEP_projects/HW_SW/SEPmonG3/SEPmonG3V3/hw/SEPmonG3V7.xsa
TRACE::2024-07-07.18:20:58::SCWPlatform::DSA absoulate path C:/Users/gusta/Documents/SEP_projects/HW_SW/SEPmonG3/SEPmonG3V3/hw/SEPmonG3V7.xsa
TRACE::2024-07-07.18:20:58::SCWPlatform::DSA directory C:/Users/gusta/Documents/SEP_projects/HW_SW/SEPmonG3/SEPmonG3V3/hw
TRACE::2024-07-07.18:20:58::SCWPlatform:: Platform Path C:/Users/gusta/Documents/SEP_projects/HW_SW/SEPmonG3/SEPmonG3V3/hw/SEPmonG3V7.xsa
TRACE::2024-07-07.18:20:58::SCWPlatform:: Unique name xilinx:zybo-z7-10::0.0
TRACE::2024-07-07.18:20:58::SCWPlatform::Trying to set the existing hwdb with name DEMO_wrapper_50
TRACE::2024-07-07.18:20:58::SCWPlatform::Opened existing hwdb DEMO_wrapper_50
TRACE::2024-07-07.18:20:58::SCWPlatform::Found the Hw Db part of the input DSA
TRACE::2024-07-07.18:20:58::SCWMssOS::Checking the sw design at  C:/Users/gusta/Documents/SEP_projects/HW_SW/SEPmonG3/SEPmonG3V3/ps7_cortexa9_0/standalone_domain/bsp/system.mss
TRACE::2024-07-07.18:20:58::SCWMssOS::DEBUG:  swdes dump  C:/Users/gusta/Documents/SEP_projects/HW_SW/SEPmonG3/SEPmonG3/ps7_cortexa9_0/standalone_domain/bsp/system.mss|system_0||
C:/Users/gusta/Documents/SEP_projects/HW_SW/SEPmonG3/SEPmonG3/zynq_fsbl/zynq_fsbl_bsp/system.mss|system||
C:/Users/gusta/Documents/SEP_projects/HW_SW/SEPmonG3/SEPmonG3V3/ps7_cortexa9_0/standalone_domain/bsp/system.mss|system_2||
C:/Users/gusta/Documents/SEP_projects/HW_SW/SEPmonG3/SEPmonG3V3/zynq_fsbl/zynq_fsbl_bsp/system.mss|system_1||

TRACE::2024-07-07.18:20:58::SCWMssOS::Sw design exists and opened at  C:/Users/gusta/Documents/SEP_projects/HW_SW/SEPmonG3/SEPmonG3V3/ps7_cortexa9_0/standalone_domain/bsp/system.mss
TRACE::2024-07-07.18:43:16::SCWPlatform::Trying to open the hw design at C:/Users/gusta/Documents/SEP_projects/HW_SW/SEPmonG3/SEPmonG3V3/hw/SEPmonG3V7.xsa
TRACE::2024-07-07.18:43:16::SCWPlatform::DSA given C:/Users/gusta/Documents/SEP_projects/HW_SW/SEPmonG3/SEPmonG3V3/hw/SEPmonG3V7.xsa
TRACE::2024-07-07.18:43:16::SCWPlatform::DSA absoulate path C:/Users/gusta/Documents/SEP_projects/HW_SW/SEPmonG3/SEPmonG3V3/hw/SEPmonG3V7.xsa
TRACE::2024-07-07.18:43:16::SCWPlatform::DSA directory C:/Users/gusta/Documents/SEP_projects/HW_SW/SEPmonG3/SEPmonG3V3/hw
TRACE::2024-07-07.18:43:16::SCWPlatform:: Platform Path C:/Users/gusta/Documents/SEP_projects/HW_SW/SEPmonG3/SEPmonG3V3/hw/SEPmonG3V7.xsa
TRACE::2024-07-07.18:43:16::SCWPlatform:: Unique name xilinx:zybo-z7-10::0.0
TRACE::2024-07-07.18:43:16::SCWPlatform::Trying to set the existing hwdb with name DEMO_wrapper_50
TRACE::2024-07-07.18:43:16::SCWPlatform::Opened existing hwdb DEMO_wrapper_50
TRACE::2024-07-07.18:43:16::SCWPlatform::Found the Hw Db part of the input DSA
TRACE::2024-07-07.18:43:16::SCWPlatform::DSA given C:/Users/gusta/Documents/SEP_projects/HW_SW/SEPmonG3/SEPmonG3V3/tempdsa/SEPmonG3V8.xsa
TRACE::2024-07-07.18:43:16::SCWPlatform::DSA absoulate path C:/Users/gusta/Documents/SEP_projects/HW_SW/SEPmonG3/SEPmonG3V3/tempdsa/SEPmonG3V8.xsa
TRACE::2024-07-07.18:43:16::SCWPlatform:: Platform location is C:/Users/gusta/Documents/SEP_projects/HW_SW/SEPmonG3/SEPmonG3V3/tempdsa
TRACE::2024-07-07.18:43:16::SCWPlatform:: Platform Path C:/Users/gusta/Documents/SEP_projects/HW_SW/SEPmonG3/SEPmonG3V3/tempdsa/SEPmonG3V8.xsa
TRACE::2024-07-07.18:43:16::SCWPlatform:: Unique name xilinx:zybo-z7-10::0.0
TRACE::2024-07-07.18:43:18::SCWPlatform::Found the Hw Db part of the input DSA
TRACE::2024-07-07.18:43:18::SCWMssOS::Doing hw sync for the mss in domain: zynq_fsbl
TRACE::2024-07-07.18:43:18::SCWPlatform::Trying to open the hw design at C:/Users/gusta/Documents/SEP_projects/HW_SW/SEPmonG3/SEPmonG3V3/hw/SEPmonG3V7.xsa
TRACE::2024-07-07.18:43:18::SCWPlatform::DSA given C:/Users/gusta/Documents/SEP_projects/HW_SW/SEPmonG3/SEPmonG3V3/hw/SEPmonG3V7.xsa
TRACE::2024-07-07.18:43:18::SCWPlatform::DSA absoulate path C:/Users/gusta/Documents/SEP_projects/HW_SW/SEPmonG3/SEPmonG3V3/hw/SEPmonG3V7.xsa
TRACE::2024-07-07.18:43:18::SCWPlatform::DSA directory C:/Users/gusta/Documents/SEP_projects/HW_SW/SEPmonG3/SEPmonG3V3/hw
TRACE::2024-07-07.18:43:18::SCWPlatform:: Platform Path C:/Users/gusta/Documents/SEP_projects/HW_SW/SEPmonG3/SEPmonG3V3/hw/SEPmonG3V7.xsa
TRACE::2024-07-07.18:43:18::SCWPlatform:: Unique name xilinx:zybo-z7-10::0.0
TRACE::2024-07-07.18:43:18::SCWPlatform::Trying to set the existing hwdb with name DEMO_wrapper_50
TRACE::2024-07-07.18:43:18::SCWPlatform::Opened existing hwdb DEMO_wrapper_50
TRACE::2024-07-07.18:43:18::SCWPlatform::Found the Hw Db part of the input DSA
TRACE::2024-07-07.18:43:18::SCWPlatform::Trying to open the hw design at C:/Users/gusta/Documents/SEP_projects/HW_SW/SEPmonG3/SEPmonG3V3/hw/SEPmonG3V7.xsa
TRACE::2024-07-07.18:43:18::SCWPlatform::DSA given C:/Users/gusta/Documents/SEP_projects/HW_SW/SEPmonG3/SEPmonG3V3/hw/SEPmonG3V7.xsa
TRACE::2024-07-07.18:43:18::SCWPlatform::DSA absoulate path C:/Users/gusta/Documents/SEP_projects/HW_SW/SEPmonG3/SEPmonG3V3/hw/SEPmonG3V7.xsa
TRACE::2024-07-07.18:43:18::SCWPlatform::DSA directory C:/Users/gusta/Documents/SEP_projects/HW_SW/SEPmonG3/SEPmonG3V3/hw
TRACE::2024-07-07.18:43:19::SCWPlatform:: Platform Path C:/Users/gusta/Documents/SEP_projects/HW_SW/SEPmonG3/SEPmonG3V3/hw/SEPmonG3V7.xsa
TRACE::2024-07-07.18:43:19::SCWPlatform:: Unique name xilinx:zybo-z7-10::0.0
TRACE::2024-07-07.18:43:19::SCWPlatform::Trying to set the existing hwdb with name DEMO_wrapper_50
TRACE::2024-07-07.18:43:19::SCWPlatform::Opened existing hwdb DEMO_wrapper_50
TRACE::2024-07-07.18:43:19::SCWPlatform::Found the Hw Db part of the input DSA
TRACE::2024-07-07.18:43:19::SCWMssOS::Checking the sw design at  C:/Users/gusta/Documents/SEP_projects/HW_SW/SEPmonG3/SEPmonG3V3/zynq_fsbl/zynq_fsbl_bsp/system.mss
TRACE::2024-07-07.18:43:19::SCWMssOS::DEBUG:  swdes dump  C:/Users/gusta/Documents/SEP_projects/HW_SW/SEPmonG3/SEPmonG3/ps7_cortexa9_0/standalone_domain/bsp/system.mss|system_0||
C:/Users/gusta/Documents/SEP_projects/HW_SW/SEPmonG3/SEPmonG3/zynq_fsbl/zynq_fsbl_bsp/system.mss|system||
C:/Users/gusta/Documents/SEP_projects/HW_SW/SEPmonG3/SEPmonG3V3/ps7_cortexa9_0/standalone_domain/bsp/system.mss|system_2||
C:/Users/gusta/Documents/SEP_projects/HW_SW/SEPmonG3/SEPmonG3V3/zynq_fsbl/zynq_fsbl_bsp/system.mss|system_1||

TRACE::2024-07-07.18:43:19::SCWMssOS::Sw design exists and opened at  C:/Users/gusta/Documents/SEP_projects/HW_SW/SEPmonG3/SEPmonG3V3/zynq_fsbl/zynq_fsbl_bsp/system.mss
TRACE::2024-07-07.18:43:19::SCWPlatform::Trying to open the hw design at C:/Users/gusta/Documents/SEP_projects/HW_SW/SEPmonG3/SEPmonG3V3/tempdsa/SEPmonG3V8.xsa
TRACE::2024-07-07.18:43:19::SCWPlatform::DSA given C:/Users/gusta/Documents/SEP_projects/HW_SW/SEPmonG3/SEPmonG3V3/tempdsa/SEPmonG3V8.xsa
TRACE::2024-07-07.18:43:19::SCWPlatform::DSA absoulate path C:/Users/gusta/Documents/SEP_projects/HW_SW/SEPmonG3/SEPmonG3V3/tempdsa/SEPmonG3V8.xsa
TRACE::2024-07-07.18:43:19::SCWPlatform::DSA directory C:/Users/gusta/Documents/SEP_projects/HW_SW/SEPmonG3/SEPmonG3V3/tempdsa
TRACE::2024-07-07.18:43:19::SCWPlatform:: Platform Path C:/Users/gusta/Documents/SEP_projects/HW_SW/SEPmonG3/SEPmonG3V3/tempdsa/SEPmonG3V8.xsa
TRACE::2024-07-07.18:43:19::SCWPlatform:: Unique name xilinx:zybo-z7-10::0.0
TRACE::2024-07-07.18:43:19::SCWPlatform::update - Opened existing hwdb DEMO_wrapper_52
TRACE::2024-07-07.18:43:19::SCWPlatform::Found the Hw Db part of the input DSA
TRACE::2024-07-07.18:43:19::SCWMssOS::Doing hw sync for the mss in domain: standalone_domain
TRACE::2024-07-07.18:43:19::SCWPlatform::Trying to open the hw design at C:/Users/gusta/Documents/SEP_projects/HW_SW/SEPmonG3/SEPmonG3V3/hw/SEPmonG3V7.xsa
TRACE::2024-07-07.18:43:19::SCWPlatform::DSA given C:/Users/gusta/Documents/SEP_projects/HW_SW/SEPmonG3/SEPmonG3V3/hw/SEPmonG3V7.xsa
TRACE::2024-07-07.18:43:19::SCWPlatform::DSA absoulate path C:/Users/gusta/Documents/SEP_projects/HW_SW/SEPmonG3/SEPmonG3V3/hw/SEPmonG3V7.xsa
TRACE::2024-07-07.18:43:19::SCWPlatform::DSA directory C:/Users/gusta/Documents/SEP_projects/HW_SW/SEPmonG3/SEPmonG3V3/hw
TRACE::2024-07-07.18:43:19::SCWPlatform:: Platform Path C:/Users/gusta/Documents/SEP_projects/HW_SW/SEPmonG3/SEPmonG3V3/hw/SEPmonG3V7.xsa
TRACE::2024-07-07.18:43:19::SCWPlatform:: Unique name xilinx:zybo-z7-10::0.0
TRACE::2024-07-07.18:43:19::SCWPlatform::Trying to set the existing hwdb with name DEMO_wrapper_50
TRACE::2024-07-07.18:43:19::SCWPlatform::Opened existing hwdb DEMO_wrapper_50
TRACE::2024-07-07.18:43:19::SCWPlatform::Found the Hw Db part of the input DSA
TRACE::2024-07-07.18:43:19::SCWPlatform::Trying to open the hw design at C:/Users/gusta/Documents/SEP_projects/HW_SW/SEPmonG3/SEPmonG3V3/hw/SEPmonG3V7.xsa
TRACE::2024-07-07.18:43:19::SCWPlatform::DSA given C:/Users/gusta/Documents/SEP_projects/HW_SW/SEPmonG3/SEPmonG3V3/hw/SEPmonG3V7.xsa
TRACE::2024-07-07.18:43:19::SCWPlatform::DSA absoulate path C:/Users/gusta/Documents/SEP_projects/HW_SW/SEPmonG3/SEPmonG3V3/hw/SEPmonG3V7.xsa
TRACE::2024-07-07.18:43:19::SCWPlatform::DSA directory C:/Users/gusta/Documents/SEP_projects/HW_SW/SEPmonG3/SEPmonG3V3/hw
TRACE::2024-07-07.18:43:19::SCWPlatform:: Platform Path C:/Users/gusta/Documents/SEP_projects/HW_SW/SEPmonG3/SEPmonG3V3/hw/SEPmonG3V7.xsa
TRACE::2024-07-07.18:43:19::SCWPlatform:: Unique name xilinx:zybo-z7-10::0.0
TRACE::2024-07-07.18:43:19::SCWPlatform::Trying to set the existing hwdb with name DEMO_wrapper_50
TRACE::2024-07-07.18:43:19::SCWPlatform::Opened existing hwdb DEMO_wrapper_50
TRACE::2024-07-07.18:43:19::SCWPlatform::Found the Hw Db part of the input DSA
TRACE::2024-07-07.18:43:19::SCWMssOS::Checking the sw design at  C:/Users/gusta/Documents/SEP_projects/HW_SW/SEPmonG3/SEPmonG3V3/ps7_cortexa9_0/standalone_domain/bsp/system.mss
TRACE::2024-07-07.18:43:19::SCWMssOS::DEBUG:  swdes dump  C:/Users/gusta/Documents/SEP_projects/HW_SW/SEPmonG3/SEPmonG3/ps7_cortexa9_0/standalone_domain/bsp/system.mss|system_0||
C:/Users/gusta/Documents/SEP_projects/HW_SW/SEPmonG3/SEPmonG3/zynq_fsbl/zynq_fsbl_bsp/system.mss|system||
C:/Users/gusta/Documents/SEP_projects/HW_SW/SEPmonG3/SEPmonG3V3/ps7_cortexa9_0/standalone_domain/bsp/system.mss|system_2||
C:/Users/gusta/Documents/SEP_projects/HW_SW/SEPmonG3/SEPmonG3V3/zynq_fsbl/zynq_fsbl_bsp/system.mss|system_1||

TRACE::2024-07-07.18:43:19::SCWMssOS::Sw design exists and opened at  C:/Users/gusta/Documents/SEP_projects/HW_SW/SEPmonG3/SEPmonG3V3/ps7_cortexa9_0/standalone_domain/bsp/system.mss
TRACE::2024-07-07.18:43:19::SCWPlatform::Trying to open the hw design at C:/Users/gusta/Documents/SEP_projects/HW_SW/SEPmonG3/SEPmonG3V3/tempdsa/SEPmonG3V8.xsa
TRACE::2024-07-07.18:43:19::SCWPlatform::DSA given C:/Users/gusta/Documents/SEP_projects/HW_SW/SEPmonG3/SEPmonG3V3/tempdsa/SEPmonG3V8.xsa
TRACE::2024-07-07.18:43:19::SCWPlatform::DSA absoulate path C:/Users/gusta/Documents/SEP_projects/HW_SW/SEPmonG3/SEPmonG3V3/tempdsa/SEPmonG3V8.xsa
TRACE::2024-07-07.18:43:19::SCWPlatform::DSA directory C:/Users/gusta/Documents/SEP_projects/HW_SW/SEPmonG3/SEPmonG3V3/tempdsa
TRACE::2024-07-07.18:43:19::SCWPlatform:: Platform Path C:/Users/gusta/Documents/SEP_projects/HW_SW/SEPmonG3/SEPmonG3V3/tempdsa/SEPmonG3V8.xsa
TRACE::2024-07-07.18:43:19::SCWPlatform:: Unique name xilinx:zybo-z7-10::0.0
TRACE::2024-07-07.18:43:19::SCWPlatform::update - Opened existing hwdb DEMO_wrapper_52
TRACE::2024-07-07.18:43:19::SCWPlatform::Found the Hw Db part of the input DSA
TRACE::2024-07-07.18:43:19::SCWMssOS::Saving the mss changes C:/Users/gusta/Documents/SEP_projects/HW_SW/SEPmonG3/SEPmonG3V3/zynq_fsbl/zynq_fsbl_bsp/system.mss
TRACE::2024-07-07.18:43:19::SCWMssOS::Found a swdesign opened with the mssfile.
TRACE::2024-07-07.18:43:19::SCWMssOS::Completed writemss as part of save.
TRACE::2024-07-07.18:43:19::SCWMssOS::Commit changes completed.
TRACE::2024-07-07.18:43:19::SCWMssOS::Completed hw sync for the mss in domain: zynq_fsbl
TRACE::2024-07-07.18:43:19::SCWMssOS::Removing the swdes entry for  C:/Users/gusta/Documents/SEP_projects/HW_SW/SEPmonG3/SEPmonG3V3/zynq_fsbl/zynq_fsbl_bsp/system.mss
TRACE::2024-07-07.18:43:19::SCWMssOS::Saving the mss changes C:/Users/gusta/Documents/SEP_projects/HW_SW/SEPmonG3/SEPmonG3V3/ps7_cortexa9_0/standalone_domain/bsp/system.mss
TRACE::2024-07-07.18:43:19::SCWMssOS::Found a swdesign opened with the mssfile.
TRACE::2024-07-07.18:43:19::SCWMssOS::Completed writemss as part of save.
TRACE::2024-07-07.18:43:19::SCWMssOS::Commit changes completed.
TRACE::2024-07-07.18:43:19::SCWMssOS::Completed hw sync for the mss in domain: standalone_domain
TRACE::2024-07-07.18:43:19::SCWMssOS::Removing the swdes entry for  C:/Users/gusta/Documents/SEP_projects/HW_SW/SEPmonG3/SEPmonG3V3/ps7_cortexa9_0/standalone_domain/bsp/system.mss
TRACE::2024-07-07.18:43:19::SCWPlatform::Trying to open the hw design at C:/Users/gusta/Documents/SEP_projects/HW_SW/SEPmonG3/SEPmonG3V3/hw/SEPmonG3V8.xsa
TRACE::2024-07-07.18:43:19::SCWPlatform::DSA given C:/Users/gusta/Documents/SEP_projects/HW_SW/SEPmonG3/SEPmonG3V3/hw/SEPmonG3V8.xsa
TRACE::2024-07-07.18:43:19::SCWPlatform::DSA absoulate path C:/Users/gusta/Documents/SEP_projects/HW_SW/SEPmonG3/SEPmonG3V3/hw/SEPmonG3V8.xsa
TRACE::2024-07-07.18:43:19::SCWPlatform::DSA directory C:/Users/gusta/Documents/SEP_projects/HW_SW/SEPmonG3/SEPmonG3V3/hw
TRACE::2024-07-07.18:43:19::SCWPlatform:: Platform Path C:/Users/gusta/Documents/SEP_projects/HW_SW/SEPmonG3/SEPmonG3V3/hw/SEPmonG3V8.xsa
TRACE::2024-07-07.18:43:19::SCWPlatform:: Unique name xilinx:zybo-z7-10::0.0
TRACE::2024-07-07.18:43:19::SCWPlatform::Do not have an existing db opened. 
TRACE::2024-07-07.18:43:21::SCWPlatform::Opened new HwDB with name DEMO_wrapper_53
TRACE::2024-07-07.18:43:21::SCWPlatform::Trying to open the hw design at C:/Users/gusta/Documents/SEP_projects/HW_SW/SEPmonG3/SEPmonG3V3/hw/SEPmonG3V8.xsa
TRACE::2024-07-07.18:43:21::SCWPlatform::DSA given C:/Users/gusta/Documents/SEP_projects/HW_SW/SEPmonG3/SEPmonG3V3/hw/SEPmonG3V8.xsa
TRACE::2024-07-07.18:43:21::SCWPlatform::DSA absoulate path C:/Users/gusta/Documents/SEP_projects/HW_SW/SEPmonG3/SEPmonG3V3/hw/SEPmonG3V8.xsa
TRACE::2024-07-07.18:43:21::SCWPlatform::DSA directory C:/Users/gusta/Documents/SEP_projects/HW_SW/SEPmonG3/SEPmonG3V3/hw
TRACE::2024-07-07.18:43:21::SCWPlatform:: Platform Path C:/Users/gusta/Documents/SEP_projects/HW_SW/SEPmonG3/SEPmonG3V3/hw/SEPmonG3V8.xsa
TRACE::2024-07-07.18:43:21::SCWPlatform:: Unique name xilinx:zybo-z7-10::0.0
TRACE::2024-07-07.18:43:21::SCWPlatform::Trying to set the existing hwdb with name DEMO_wrapper_53
TRACE::2024-07-07.18:43:21::SCWPlatform::Opened existing hwdb DEMO_wrapper_53
TRACE::2024-07-07.18:43:21::SCWPlatform::Found the Hw Db part of the input DSA
TRACE::2024-07-07.18:43:21::SCWMssOS::Checking the sw design at  C:/Users/gusta/Documents/SEP_projects/HW_SW/SEPmonG3/SEPmonG3V3/zynq_fsbl/zynq_fsbl_bsp/system.mss
TRACE::2024-07-07.18:43:21::SCWMssOS::DEBUG:  swdes dump  C:/Users/gusta/Documents/SEP_projects/HW_SW/SEPmonG3/SEPmonG3/ps7_cortexa9_0/standalone_domain/bsp/system.mss|system_0||
C:/Users/gusta/Documents/SEP_projects/HW_SW/SEPmonG3/SEPmonG3/zynq_fsbl/zynq_fsbl_bsp/system.mss|system||

TRACE::2024-07-07.18:43:21::SCWMssOS::No sw design opened at  C:/Users/gusta/Documents/SEP_projects/HW_SW/SEPmonG3/SEPmonG3V3/zynq_fsbl/zynq_fsbl_bsp/system.mss
TRACE::2024-07-07.18:43:21::SCWMssOS::mss exists loading the mss file  C:/Users/gusta/Documents/SEP_projects/HW_SW/SEPmonG3/SEPmonG3V3/zynq_fsbl/zynq_fsbl_bsp/system.mss
TRACE::2024-07-07.18:43:21::SCWMssOS::Opened the sw design from mss  C:/Users/gusta/Documents/SEP_projects/HW_SW/SEPmonG3/SEPmonG3V3/zynq_fsbl/zynq_fsbl_bsp/system.mss
TRACE::2024-07-07.18:43:21::SCWMssOS::Adding the swdes entry C:/Users/gusta/Documents/SEP_projects/HW_SW/SEPmonG3/SEPmonG3V3/zynq_fsbl/zynq_fsbl_bsp/system.mss with des name system_1
TRACE::2024-07-07.18:43:21::SCWMssOS::updating the scw layer about changes
TRACE::2024-07-07.18:43:21::SCWMssOS::Opened the sw design.  C:/Users/gusta/Documents/SEP_projects/HW_SW/SEPmonG3/SEPmonG3V3/zynq_fsbl/zynq_fsbl_bsp/system.mss
TRACE::2024-07-07.18:43:21::SCWMssOS::Saving the mss changes C:/Users/gusta/Documents/SEP_projects/HW_SW/SEPmonG3/SEPmonG3V3/zynq_fsbl/zynq_fsbl_bsp/system.mss
TRACE::2024-07-07.18:43:21::SCWMssOS::Found a swdesign opened with the mssfile.
TRACE::2024-07-07.18:43:21::SCWMssOS::Completed writemss as part of save.
TRACE::2024-07-07.18:43:21::SCWMssOS::Commit changes completed.
TRACE::2024-07-07.18:43:21::SCWMssOS::Saving the mss changes C:/Users/gusta/Documents/SEP_projects/HW_SW/SEPmonG3/SEPmonG3V3/ps7_cortexa9_0/standalone_domain/bsp/system.mss
TRACE::2024-07-07.18:43:21::SCWMssOS::Adding the swdes entry, mss present, able to open swdb C:/Users/gusta/Documents/SEP_projects/HW_SW/SEPmonG3/SEPmonG3V3/ps7_cortexa9_0/standalone_domain/bsp/system.mss with des name system_2
TRACE::2024-07-07.18:43:21::SCWMssOS::Writing the mss file completed C:/Users/gusta/Documents/SEP_projects/HW_SW/SEPmonG3/SEPmonG3V3/ps7_cortexa9_0/standalone_domain/bsp/system.mss
TRACE::2024-07-07.18:43:21::SCWMssOS::Commit changes completed.
TRACE::2024-07-07.18:43:21::SCWPlatform::Trying to open the hw design at C:/Users/gusta/Documents/SEP_projects/HW_SW/SEPmonG3/SEPmonG3V3/hw/SEPmonG3V8.xsa
TRACE::2024-07-07.18:43:21::SCWPlatform::DSA given C:/Users/gusta/Documents/SEP_projects/HW_SW/SEPmonG3/SEPmonG3V3/hw/SEPmonG3V8.xsa
TRACE::2024-07-07.18:43:21::SCWPlatform::DSA absoulate path C:/Users/gusta/Documents/SEP_projects/HW_SW/SEPmonG3/SEPmonG3V3/hw/SEPmonG3V8.xsa
TRACE::2024-07-07.18:43:21::SCWPlatform::DSA directory C:/Users/gusta/Documents/SEP_projects/HW_SW/SEPmonG3/SEPmonG3V3/hw
TRACE::2024-07-07.18:43:21::SCWPlatform:: Platform Path C:/Users/gusta/Documents/SEP_projects/HW_SW/SEPmonG3/SEPmonG3V3/hw/SEPmonG3V8.xsa
TRACE::2024-07-07.18:43:21::SCWPlatform:: Unique name xilinx:zybo-z7-10::0.0
TRACE::2024-07-07.18:43:21::SCWPlatform::Trying to set the existing hwdb with name DEMO_wrapper_53
TRACE::2024-07-07.18:43:21::SCWPlatform::Opened existing hwdb DEMO_wrapper_53
TRACE::2024-07-07.18:43:21::SCWPlatform::Found the Hw Db part of the input DSA
TRACE::2024-07-07.18:43:21::SCWMssOS::Checking the sw design at  C:/Users/gusta/Documents/SEP_projects/HW_SW/SEPmonG3/SEPmonG3V3/zynq_fsbl/zynq_fsbl_bsp/system.mss
TRACE::2024-07-07.18:43:21::SCWMssOS::DEBUG:  swdes dump  C:/Users/gusta/Documents/SEP_projects/HW_SW/SEPmonG3/SEPmonG3/ps7_cortexa9_0/standalone_domain/bsp/system.mss|system_0||
C:/Users/gusta/Documents/SEP_projects/HW_SW/SEPmonG3/SEPmonG3/zynq_fsbl/zynq_fsbl_bsp/system.mss|system||
C:/Users/gusta/Documents/SEP_projects/HW_SW/SEPmonG3/SEPmonG3V3/ps7_cortexa9_0/standalone_domain/bsp/system.mss|system_2||
C:/Users/gusta/Documents/SEP_projects/HW_SW/SEPmonG3/SEPmonG3V3/zynq_fsbl/zynq_fsbl_bsp/system.mss|system_1||

TRACE::2024-07-07.18:43:21::SCWMssOS::Sw design exists and opened at  C:/Users/gusta/Documents/SEP_projects/HW_SW/SEPmonG3/SEPmonG3V3/zynq_fsbl/zynq_fsbl_bsp/system.mss
TRACE::2024-07-07.18:43:21::SCWPlatform::Trying to open the hw design at C:/Users/gusta/Documents/SEP_projects/HW_SW/SEPmonG3/SEPmonG3V3/hw/SEPmonG3V8.xsa
TRACE::2024-07-07.18:43:21::SCWPlatform::DSA given C:/Users/gusta/Documents/SEP_projects/HW_SW/SEPmonG3/SEPmonG3V3/hw/SEPmonG3V8.xsa
TRACE::2024-07-07.18:43:21::SCWPlatform::DSA absoulate path C:/Users/gusta/Documents/SEP_projects/HW_SW/SEPmonG3/SEPmonG3V3/hw/SEPmonG3V8.xsa
TRACE::2024-07-07.18:43:21::SCWPlatform::DSA directory C:/Users/gusta/Documents/SEP_projects/HW_SW/SEPmonG3/SEPmonG3V3/hw
TRACE::2024-07-07.18:43:21::SCWPlatform:: Platform Path C:/Users/gusta/Documents/SEP_projects/HW_SW/SEPmonG3/SEPmonG3V3/hw/SEPmonG3V8.xsa
TRACE::2024-07-07.18:43:21::SCWPlatform:: Unique name xilinx:zybo-z7-10::0.0
TRACE::2024-07-07.18:43:21::SCWPlatform::Trying to set the existing hwdb with name DEMO_wrapper_53
TRACE::2024-07-07.18:43:21::SCWPlatform::Opened existing hwdb DEMO_wrapper_53
TRACE::2024-07-07.18:43:21::SCWPlatform::Found the Hw Db part of the input DSA
TRACE::2024-07-07.18:43:21::SCWMssOS::Checking the sw design at  C:/Users/gusta/Documents/SEP_projects/HW_SW/SEPmonG3/SEPmonG3V3/ps7_cortexa9_0/standalone_domain/bsp/system.mss
TRACE::2024-07-07.18:43:21::SCWMssOS::DEBUG:  swdes dump  C:/Users/gusta/Documents/SEP_projects/HW_SW/SEPmonG3/SEPmonG3/ps7_cortexa9_0/standalone_domain/bsp/system.mss|system_0||
C:/Users/gusta/Documents/SEP_projects/HW_SW/SEPmonG3/SEPmonG3/zynq_fsbl/zynq_fsbl_bsp/system.mss|system||
C:/Users/gusta/Documents/SEP_projects/HW_SW/SEPmonG3/SEPmonG3V3/ps7_cortexa9_0/standalone_domain/bsp/system.mss|system_2||
C:/Users/gusta/Documents/SEP_projects/HW_SW/SEPmonG3/SEPmonG3V3/zynq_fsbl/zynq_fsbl_bsp/system.mss|system_1||

TRACE::2024-07-07.18:43:21::SCWMssOS::Sw design exists and opened at  C:/Users/gusta/Documents/SEP_projects/HW_SW/SEPmonG3/SEPmonG3V3/ps7_cortexa9_0/standalone_domain/bsp/system.mss
TRACE::2024-07-07.18:43:21::SCWWriter::formatted JSON is {
	"platformName":	"SEPmonG3V3",
	"sprVersion":	"2.0",
	"mode":	"gui",
	"dsaType":	"Fixed",
	"platformDesc":	"SEPmonG3V3",
	"platHandOff":	"C:/Users/gusta/Documents/SEP_projects/HW_SW/SEPmonG3/SEPmon/SEPmonG3V8.xsa",
	"platIntHandOff":	"<platformDir>/hw/SEPmonG3V8.xsa",
	"deviceType":	"zynq",
	"platIsPrebuiltAutogen":	"false",
	"platIsNoBootBsp":	"false",
	"hasFsblMakeHasChanges":	"false",
	"hasPmufwMakeHasChanges":	"false",
	"fsblExtraCompilerFlags":	"-MMD -MP       -mcpu=cortex-a9 -mfpu=vfpv3 -mfloat-abi=hard ",
	"platPreBuiltFlag":	false,
	"platformSamplesDir":	"",
	"platActiveSys":	"SEPmonG3V3",
	"systems":	[{
			"systemName":	"SEPmonG3V3",
			"systemDesc":	"SEPmonG3V3",
			"sysIsBootAutoGen":	"true",
			"systemDispName":	"SEPmonG3V3",
			"sysActiveDom":	"standalone_domain",
			"sysDefaultDom":	"standalone_domain",
			"domains":	[{
					"domainName":	"zynq_fsbl",
					"domainDispName":	"zynq_fsbl",
					"domainDesc":	"FSBL Application BSP - Auto Generated.",
					"processors":	"ps7_cortexa9_0",
					"os":	"standalone",
					"sdxOs":	"standalone",
					"debugEnable":	"",
					"domRuntimes":	["cpp"],
					"swRepo":	"",
					"mssOsVer":	"7.2",
					"mssFile":	"",
					"md5Digest":	"1c3d65b23234dc3ec6f7ff2cc82e7a29",
					"compatibleApp":	"zynq_fsbl",
					"domType":	"bootDomain",
					"appSettings":	{
						"appCompilerFlags":	"",
						"appLinkerFlags":	""
					},
					"addedLibs":	["xilffs:4.3", "xilrsa:1.6"],
					"libOptions":	{
						"libsContainingOptions":	[]
					},
					"prebuiltLibs":	{
						"prebuiltIncPath":	[],
						"prebuiltLibPath":	[]
					},
					"isolation":	{
					}
				}, {
					"domainName":	"standalone_domain",
					"domainDispName":	"standalone on ps7_cortexa9_0",
					"domainDesc":	"standalone_domain",
					"processors":	"ps7_cortexa9_0",
					"os":	"standalone",
					"sdxOs":	"standalone",
					"qemuArgs":	"C:/Xilinx/Vitis/2020.1/data/emulation/platforms/zynq/qemu/qemu_args.txt",
					"qemuData":	"C:/Xilinx/Vitis/2020.1/data/emulation/platforms/zynq/qemu/",
					"debugEnable":	"False",
					"domRuntimes":	["cpp"],
					"swRepo":	"",
					"mssOsVer":	"7.2",
					"mssFile":	"",
					"md5Digest":	"96a2233cbaff12ac4b4b6f28a05a4e23",
					"compatibleApp":	"",
					"domType":	"mssDomain",
					"appSettings":	{
						"appCompilerFlags":	"",
						"appLinkerFlags":	""
					},
					"addedLibs":	[],
					"libOptions":	{
						"libsContainingOptions":	[]
					},
					"prebuiltLibs":	{
						"prebuiltIncPath":	[],
						"prebuiltLibPath":	[]
					},
					"isolation":	{
					}
				}]
		}]
}
TRACE::2024-07-07.18:43:22::SCWPlatform::Clearing the existing platform
TRACE::2024-07-07.18:43:22::SCWSystem::Clearing the existing sysconfig
TRACE::2024-07-07.18:43:22::SCWBDomain::clearing the fsbl build
TRACE::2024-07-07.18:43:22::SCWMssOS::Removing the swdes entry for  C:/Users/gusta/Documents/SEP_projects/HW_SW/SEPmonG3/SEPmonG3V3/zynq_fsbl/zynq_fsbl_bsp/system.mss
TRACE::2024-07-07.18:43:22::SCWMssOS::Removing the swdes entry for  C:/Users/gusta/Documents/SEP_projects/HW_SW/SEPmonG3/SEPmonG3V3/ps7_cortexa9_0/standalone_domain/bsp/system.mss
TRACE::2024-07-07.18:43:22::SCWSystem::Clearing the domains completed.
TRACE::2024-07-07.18:43:22::SCWPlatform::Clearing the opened hw db.
TRACE::2024-07-07.18:43:22::SCWPlatform::DSA given C:/Users/gusta/Documents/SEP_projects/HW_SW/SEPmonG3/SEPmonG3V3/hw/SEPmonG3V8.xsa
TRACE::2024-07-07.18:43:22::SCWPlatform::DSA absoulate path C:/Users/gusta/Documents/SEP_projects/HW_SW/SEPmonG3/SEPmonG3V3/hw/SEPmonG3V8.xsa
TRACE::2024-07-07.18:43:22::SCWPlatform:: Platform location is C:/Users/gusta/Documents/SEP_projects/HW_SW/SEPmonG3/SEPmonG3V3/hw
TRACE::2024-07-07.18:43:22::SCWPlatform:: Platform Path C:/Users/gusta/Documents/SEP_projects/HW_SW/SEPmonG3/SEPmonG3V3/hw/SEPmonG3V8.xsa
TRACE::2024-07-07.18:43:22::SCWPlatform:: Unique name xilinx:zybo-z7-10::0.0
TRACE::2024-07-07.18:43:22::SCWPlatform::Removing the HwDB with name C:/Users/gusta/Documents/SEP_projects/HW_SW/SEPmonG3/SEPmonG3V3/hw/SEPmonG3V8.xsa
TRACE::2024-07-07.18:43:22::SCWPlatform::Trying to open the hw design at C:/Users/gusta/Documents/SEP_projects/HW_SW/SEPmonG3/SEPmonG3V3/hw/SEPmonG3V8.xsa
TRACE::2024-07-07.18:43:22::SCWPlatform::DSA given C:/Users/gusta/Documents/SEP_projects/HW_SW/SEPmonG3/SEPmonG3V3/hw/SEPmonG3V8.xsa
TRACE::2024-07-07.18:43:22::SCWPlatform::DSA absoulate path C:/Users/gusta/Documents/SEP_projects/HW_SW/SEPmonG3/SEPmonG3V3/hw/SEPmonG3V8.xsa
TRACE::2024-07-07.18:43:22::SCWPlatform::DSA directory C:/Users/gusta/Documents/SEP_projects/HW_SW/SEPmonG3/SEPmonG3V3/hw
TRACE::2024-07-07.18:43:22::SCWPlatform:: Platform Path C:/Users/gusta/Documents/SEP_projects/HW_SW/SEPmonG3/SEPmonG3V3/hw/SEPmonG3V8.xsa
TRACE::2024-07-07.18:43:22::SCWPlatform:: Unique name xilinx:zybo-z7-10::0.0
TRACE::2024-07-07.18:43:22::SCWPlatform::Do not have an existing db opened. 
TRACE::2024-07-07.18:43:25::SCWPlatform::Opened new HwDB with name DEMO_wrapper_54
TRACE::2024-07-07.18:43:25::SCWReader::Active system found as  SEPmonG3V3
TRACE::2024-07-07.18:43:25::SCWReader::Handling sysconfig SEPmonG3V3
TRACE::2024-07-07.18:43:25::SCWDomain::checking for install qemu data   : 
TRACE::2024-07-07.18:43:25::SCWDomain:: Using the QEMU Data from install at  : C:/Xilinx/Vitis/2020.1/data/emulation/platforms/zynq/qemu/
TRACE::2024-07-07.18:43:25::SCWDomain:: Using the QEMU args  from install at  : C:/Xilinx/Vitis/2020.1/data/emulation/platforms/zynq/qemu/qemu_args.txt
TRACE::2024-07-07.18:43:25::SCWPlatform::Trying to open the hw design at C:/Users/gusta/Documents/SEP_projects/HW_SW/SEPmonG3/SEPmonG3V3/hw/SEPmonG3V8.xsa
TRACE::2024-07-07.18:43:25::SCWPlatform::DSA given C:/Users/gusta/Documents/SEP_projects/HW_SW/SEPmonG3/SEPmonG3V3/hw/SEPmonG3V8.xsa
TRACE::2024-07-07.18:43:25::SCWPlatform::DSA absoulate path C:/Users/gusta/Documents/SEP_projects/HW_SW/SEPmonG3/SEPmonG3V3/hw/SEPmonG3V8.xsa
TRACE::2024-07-07.18:43:25::SCWPlatform::DSA directory C:/Users/gusta/Documents/SEP_projects/HW_SW/SEPmonG3/SEPmonG3V3/hw
TRACE::2024-07-07.18:43:25::SCWPlatform:: Platform Path C:/Users/gusta/Documents/SEP_projects/HW_SW/SEPmonG3/SEPmonG3V3/hw/SEPmonG3V8.xsa
TRACE::2024-07-07.18:43:25::SCWPlatform:: Unique name xilinx:zybo-z7-10::0.0
TRACE::2024-07-07.18:43:25::SCWPlatform::Trying to set the existing hwdb with name DEMO_wrapper_54
TRACE::2024-07-07.18:43:25::SCWPlatform::Opened existing hwdb DEMO_wrapper_54
TRACE::2024-07-07.18:43:25::SCWPlatform::Found the Hw Db part of the input DSA
TRACE::2024-07-07.18:43:25::SCWPlatform::Trying to open the hw design at C:/Users/gusta/Documents/SEP_projects/HW_SW/SEPmonG3/SEPmonG3V3/hw/SEPmonG3V8.xsa
TRACE::2024-07-07.18:43:25::SCWPlatform::DSA given C:/Users/gusta/Documents/SEP_projects/HW_SW/SEPmonG3/SEPmonG3V3/hw/SEPmonG3V8.xsa
TRACE::2024-07-07.18:43:25::SCWPlatform::DSA absoulate path C:/Users/gusta/Documents/SEP_projects/HW_SW/SEPmonG3/SEPmonG3V3/hw/SEPmonG3V8.xsa
TRACE::2024-07-07.18:43:25::SCWPlatform::DSA directory C:/Users/gusta/Documents/SEP_projects/HW_SW/SEPmonG3/SEPmonG3V3/hw
TRACE::2024-07-07.18:43:25::SCWPlatform:: Platform Path C:/Users/gusta/Documents/SEP_projects/HW_SW/SEPmonG3/SEPmonG3V3/hw/SEPmonG3V8.xsa
TRACE::2024-07-07.18:43:25::SCWPlatform:: Unique name xilinx:zybo-z7-10::0.0
TRACE::2024-07-07.18:43:25::SCWPlatform::Trying to set the existing hwdb with name DEMO_wrapper_54
TRACE::2024-07-07.18:43:25::SCWPlatform::Opened existing hwdb DEMO_wrapper_54
TRACE::2024-07-07.18:43:25::SCWPlatform::Found the Hw Db part of the input DSA
TRACE::2024-07-07.18:43:25::SCWPlatform::Trying to open the hw design at C:/Users/gusta/Documents/SEP_projects/HW_SW/SEPmonG3/SEPmonG3V3/hw/SEPmonG3V8.xsa
TRACE::2024-07-07.18:43:25::SCWPlatform::DSA given C:/Users/gusta/Documents/SEP_projects/HW_SW/SEPmonG3/SEPmonG3V3/hw/SEPmonG3V8.xsa
TRACE::2024-07-07.18:43:25::SCWPlatform::DSA absoulate path C:/Users/gusta/Documents/SEP_projects/HW_SW/SEPmonG3/SEPmonG3V3/hw/SEPmonG3V8.xsa
TRACE::2024-07-07.18:43:25::SCWPlatform::DSA directory C:/Users/gusta/Documents/SEP_projects/HW_SW/SEPmonG3/SEPmonG3V3/hw
TRACE::2024-07-07.18:43:25::SCWPlatform:: Platform Path C:/Users/gusta/Documents/SEP_projects/HW_SW/SEPmonG3/SEPmonG3V3/hw/SEPmonG3V8.xsa
TRACE::2024-07-07.18:43:25::SCWPlatform:: Unique name xilinx:zybo-z7-10::0.0
TRACE::2024-07-07.18:43:25::SCWPlatform::Trying to set the existing hwdb with name DEMO_wrapper_54
TRACE::2024-07-07.18:43:25::SCWPlatform::Opened existing hwdb DEMO_wrapper_54
TRACE::2024-07-07.18:43:25::SCWPlatform::Found the Hw Db part of the input DSA
TRACE::2024-07-07.18:43:25::SCWReader::Boot application domain added for zynq_fsbl
TRACE::2024-07-07.18:43:25::SCWPlatform::Trying to open the hw design at C:/Users/gusta/Documents/SEP_projects/HW_SW/SEPmonG3/SEPmonG3V3/hw/SEPmonG3V8.xsa
TRACE::2024-07-07.18:43:25::SCWPlatform::DSA given C:/Users/gusta/Documents/SEP_projects/HW_SW/SEPmonG3/SEPmonG3V3/hw/SEPmonG3V8.xsa
TRACE::2024-07-07.18:43:25::SCWPlatform::DSA absoulate path C:/Users/gusta/Documents/SEP_projects/HW_SW/SEPmonG3/SEPmonG3V3/hw/SEPmonG3V8.xsa
TRACE::2024-07-07.18:43:25::SCWPlatform::DSA directory C:/Users/gusta/Documents/SEP_projects/HW_SW/SEPmonG3/SEPmonG3V3/hw
TRACE::2024-07-07.18:43:25::SCWPlatform:: Platform Path C:/Users/gusta/Documents/SEP_projects/HW_SW/SEPmonG3/SEPmonG3V3/hw/SEPmonG3V8.xsa
TRACE::2024-07-07.18:43:25::SCWPlatform:: Unique name xilinx:zybo-z7-10::0.0
TRACE::2024-07-07.18:43:25::SCWPlatform::Trying to set the existing hwdb with name DEMO_wrapper_54
TRACE::2024-07-07.18:43:25::SCWPlatform::Opened existing hwdb DEMO_wrapper_54
TRACE::2024-07-07.18:43:25::SCWPlatform::Found the Hw Db part of the input DSA
TRACE::2024-07-07.18:43:25::SCWMssOS::Checking the sw design at  C:/Users/gusta/Documents/SEP_projects/HW_SW/SEPmonG3/SEPmonG3V3/zynq_fsbl/zynq_fsbl_bsp/system.mss
TRACE::2024-07-07.18:43:25::SCWMssOS::DEBUG:  swdes dump  C:/Users/gusta/Documents/SEP_projects/HW_SW/SEPmonG3/SEPmonG3/ps7_cortexa9_0/standalone_domain/bsp/system.mss|system_0||
C:/Users/gusta/Documents/SEP_projects/HW_SW/SEPmonG3/SEPmonG3/zynq_fsbl/zynq_fsbl_bsp/system.mss|system||

TRACE::2024-07-07.18:43:25::SCWMssOS::No sw design opened at  C:/Users/gusta/Documents/SEP_projects/HW_SW/SEPmonG3/SEPmonG3V3/zynq_fsbl/zynq_fsbl_bsp/system.mss
TRACE::2024-07-07.18:43:25::SCWMssOS::mss exists loading the mss file  C:/Users/gusta/Documents/SEP_projects/HW_SW/SEPmonG3/SEPmonG3V3/zynq_fsbl/zynq_fsbl_bsp/system.mss
TRACE::2024-07-07.18:43:25::SCWMssOS::Opened the sw design from mss  C:/Users/gusta/Documents/SEP_projects/HW_SW/SEPmonG3/SEPmonG3V3/zynq_fsbl/zynq_fsbl_bsp/system.mss
TRACE::2024-07-07.18:43:25::SCWMssOS::Adding the swdes entry C:/Users/gusta/Documents/SEP_projects/HW_SW/SEPmonG3/SEPmonG3V3/zynq_fsbl/zynq_fsbl_bsp/system.mss with des name system_1
TRACE::2024-07-07.18:43:25::SCWMssOS::updating the scw layer about changes
TRACE::2024-07-07.18:43:25::SCWMssOS::Opened the sw design.  C:/Users/gusta/Documents/SEP_projects/HW_SW/SEPmonG3/SEPmonG3V3/zynq_fsbl/zynq_fsbl_bsp/system.mss
TRACE::2024-07-07.18:43:25::SCWPlatform::Trying to open the hw design at C:/Users/gusta/Documents/SEP_projects/HW_SW/SEPmonG3/SEPmonG3V3/hw/SEPmonG3V8.xsa
TRACE::2024-07-07.18:43:25::SCWPlatform::DSA given C:/Users/gusta/Documents/SEP_projects/HW_SW/SEPmonG3/SEPmonG3V3/hw/SEPmonG3V8.xsa
TRACE::2024-07-07.18:43:25::SCWPlatform::DSA absoulate path C:/Users/gusta/Documents/SEP_projects/HW_SW/SEPmonG3/SEPmonG3V3/hw/SEPmonG3V8.xsa
TRACE::2024-07-07.18:43:25::SCWPlatform::DSA directory C:/Users/gusta/Documents/SEP_projects/HW_SW/SEPmonG3/SEPmonG3V3/hw
TRACE::2024-07-07.18:43:25::SCWPlatform:: Platform Path C:/Users/gusta/Documents/SEP_projects/HW_SW/SEPmonG3/SEPmonG3V3/hw/SEPmonG3V8.xsa
TRACE::2024-07-07.18:43:25::SCWPlatform:: Unique name xilinx:zybo-z7-10::0.0
TRACE::2024-07-07.18:43:25::SCWPlatform::Trying to set the existing hwdb with name DEMO_wrapper_54
TRACE::2024-07-07.18:43:25::SCWPlatform::Opened existing hwdb DEMO_wrapper_54
TRACE::2024-07-07.18:43:25::SCWPlatform::Found the Hw Db part of the input DSA
TRACE::2024-07-07.18:43:25::SCWMssOS::Checking the sw design at  C:/Users/gusta/Documents/SEP_projects/HW_SW/SEPmonG3/SEPmonG3V3/zynq_fsbl/zynq_fsbl_bsp/system.mss
TRACE::2024-07-07.18:43:25::SCWMssOS::DEBUG:  swdes dump  C:/Users/gusta/Documents/SEP_projects/HW_SW/SEPmonG3/SEPmonG3/ps7_cortexa9_0/standalone_domain/bsp/system.mss|system_0||
C:/Users/gusta/Documents/SEP_projects/HW_SW/SEPmonG3/SEPmonG3/zynq_fsbl/zynq_fsbl_bsp/system.mss|system||
C:/Users/gusta/Documents/SEP_projects/HW_SW/SEPmonG3/SEPmonG3V3/zynq_fsbl/zynq_fsbl_bsp/system.mss|system_1||

TRACE::2024-07-07.18:43:25::SCWMssOS::Sw design exists and opened at  C:/Users/gusta/Documents/SEP_projects/HW_SW/SEPmonG3/SEPmonG3V3/zynq_fsbl/zynq_fsbl_bsp/system.mss
TRACE::2024-07-07.18:43:25::SCWMssOS:: library already available in sw design:  xilffs:4.3
TRACE::2024-07-07.18:43:25::SCWPlatform::Trying to open the hw design at C:/Users/gusta/Documents/SEP_projects/HW_SW/SEPmonG3/SEPmonG3V3/hw/SEPmonG3V8.xsa
TRACE::2024-07-07.18:43:25::SCWPlatform::DSA given C:/Users/gusta/Documents/SEP_projects/HW_SW/SEPmonG3/SEPmonG3V3/hw/SEPmonG3V8.xsa
TRACE::2024-07-07.18:43:25::SCWPlatform::DSA absoulate path C:/Users/gusta/Documents/SEP_projects/HW_SW/SEPmonG3/SEPmonG3V3/hw/SEPmonG3V8.xsa
TRACE::2024-07-07.18:43:25::SCWPlatform::DSA directory C:/Users/gusta/Documents/SEP_projects/HW_SW/SEPmonG3/SEPmonG3V3/hw
TRACE::2024-07-07.18:43:25::SCWPlatform:: Platform Path C:/Users/gusta/Documents/SEP_projects/HW_SW/SEPmonG3/SEPmonG3V3/hw/SEPmonG3V8.xsa
TRACE::2024-07-07.18:43:25::SCWPlatform:: Unique name xilinx:zybo-z7-10::0.0
TRACE::2024-07-07.18:43:25::SCWPlatform::Trying to set the existing hwdb with name DEMO_wrapper_54
TRACE::2024-07-07.18:43:25::SCWPlatform::Opened existing hwdb DEMO_wrapper_54
TRACE::2024-07-07.18:43:25::SCWPlatform::Found the Hw Db part of the input DSA
TRACE::2024-07-07.18:43:25::SCWMssOS::Checking the sw design at  C:/Users/gusta/Documents/SEP_projects/HW_SW/SEPmonG3/SEPmonG3V3/zynq_fsbl/zynq_fsbl_bsp/system.mss
TRACE::2024-07-07.18:43:25::SCWMssOS::DEBUG:  swdes dump  C:/Users/gusta/Documents/SEP_projects/HW_SW/SEPmonG3/SEPmonG3/ps7_cortexa9_0/standalone_domain/bsp/system.mss|system_0||
C:/Users/gusta/Documents/SEP_projects/HW_SW/SEPmonG3/SEPmonG3/zynq_fsbl/zynq_fsbl_bsp/system.mss|system||
C:/Users/gusta/Documents/SEP_projects/HW_SW/SEPmonG3/SEPmonG3V3/zynq_fsbl/zynq_fsbl_bsp/system.mss|system_1||

TRACE::2024-07-07.18:43:25::SCWMssOS::Sw design exists and opened at  C:/Users/gusta/Documents/SEP_projects/HW_SW/SEPmonG3/SEPmonG3V3/zynq_fsbl/zynq_fsbl_bsp/system.mss
TRACE::2024-07-07.18:43:25::SCWMssOS:: library already available in sw design:  xilrsa:1.6
TRACE::2024-07-07.18:43:25::SCWMssOS::Saving the mss changes C:/Users/gusta/Documents/SEP_projects/HW_SW/SEPmonG3/SEPmonG3V3/zynq_fsbl/zynq_fsbl_bsp/system.mss
TRACE::2024-07-07.18:43:25::SCWMssOS::Found a swdesign opened with the mssfile.
TRACE::2024-07-07.18:43:25::SCWMssOS::Completed writemss as part of save.
TRACE::2024-07-07.18:43:25::SCWMssOS::Commit changes completed.
TRACE::2024-07-07.18:43:25::SCWReader::Adding prebuilt librarypaths as   
TRACE::2024-07-07.18:43:25::SCWReader::Adding prebuilt incpaths  as   
TRACE::2024-07-07.18:43:25::SCWPlatform::Trying to open the hw design at C:/Users/gusta/Documents/SEP_projects/HW_SW/SEPmonG3/SEPmonG3V3/hw/SEPmonG3V8.xsa
TRACE::2024-07-07.18:43:25::SCWPlatform::DSA given C:/Users/gusta/Documents/SEP_projects/HW_SW/SEPmonG3/SEPmonG3V3/hw/SEPmonG3V8.xsa
TRACE::2024-07-07.18:43:25::SCWPlatform::DSA absoulate path C:/Users/gusta/Documents/SEP_projects/HW_SW/SEPmonG3/SEPmonG3V3/hw/SEPmonG3V8.xsa
TRACE::2024-07-07.18:43:25::SCWPlatform::DSA directory C:/Users/gusta/Documents/SEP_projects/HW_SW/SEPmonG3/SEPmonG3V3/hw
TRACE::2024-07-07.18:43:25::SCWPlatform:: Platform Path C:/Users/gusta/Documents/SEP_projects/HW_SW/SEPmonG3/SEPmonG3V3/hw/SEPmonG3V8.xsa
TRACE::2024-07-07.18:43:25::SCWPlatform:: Unique name xilinx:zybo-z7-10::0.0
TRACE::2024-07-07.18:43:25::SCWPlatform::Trying to set the existing hwdb with name DEMO_wrapper_54
TRACE::2024-07-07.18:43:25::SCWPlatform::Opened existing hwdb DEMO_wrapper_54
TRACE::2024-07-07.18:43:25::SCWPlatform::Found the Hw Db part of the input DSA
TRACE::2024-07-07.18:43:25::SCWMssOS::Checking the sw design at  C:/Users/gusta/Documents/SEP_projects/HW_SW/SEPmonG3/SEPmonG3V3/zynq_fsbl/zynq_fsbl_bsp/system.mss
TRACE::2024-07-07.18:43:25::SCWMssOS::DEBUG:  swdes dump  C:/Users/gusta/Documents/SEP_projects/HW_SW/SEPmonG3/SEPmonG3/ps7_cortexa9_0/standalone_domain/bsp/system.mss|system_0||
C:/Users/gusta/Documents/SEP_projects/HW_SW/SEPmonG3/SEPmonG3/zynq_fsbl/zynq_fsbl_bsp/system.mss|system||
C:/Users/gusta/Documents/SEP_projects/HW_SW/SEPmonG3/SEPmonG3V3/zynq_fsbl/zynq_fsbl_bsp/system.mss|system_1||

TRACE::2024-07-07.18:43:25::SCWMssOS::Sw design exists and opened at  C:/Users/gusta/Documents/SEP_projects/HW_SW/SEPmonG3/SEPmonG3V3/zynq_fsbl/zynq_fsbl_bsp/system.mss
TRACE::2024-07-07.18:43:25::SCWReader::No isolation master present  
TRACE::2024-07-07.18:43:25::SCWDomain::checking for install qemu data   : 
TRACE::2024-07-07.18:43:25::SCWDomain:: Using the QEMU Data from install at  : C:/Xilinx/Vitis/2020.1/data/emulation/platforms/zynq/qemu/
TRACE::2024-07-07.18:43:25::SCWDomain:: Using the QEMU args  from install at  : C:/Xilinx/Vitis/2020.1/data/emulation/platforms/zynq/qemu/qemu_args.txt
TRACE::2024-07-07.18:43:25::SCWPlatform::Trying to open the hw design at C:/Users/gusta/Documents/SEP_projects/HW_SW/SEPmonG3/SEPmonG3V3/hw/SEPmonG3V8.xsa
TRACE::2024-07-07.18:43:25::SCWPlatform::DSA given C:/Users/gusta/Documents/SEP_projects/HW_SW/SEPmonG3/SEPmonG3V3/hw/SEPmonG3V8.xsa
TRACE::2024-07-07.18:43:25::SCWPlatform::DSA absoulate path C:/Users/gusta/Documents/SEP_projects/HW_SW/SEPmonG3/SEPmonG3V3/hw/SEPmonG3V8.xsa
TRACE::2024-07-07.18:43:25::SCWPlatform::DSA directory C:/Users/gusta/Documents/SEP_projects/HW_SW/SEPmonG3/SEPmonG3V3/hw
TRACE::2024-07-07.18:43:25::SCWPlatform:: Platform Path C:/Users/gusta/Documents/SEP_projects/HW_SW/SEPmonG3/SEPmonG3V3/hw/SEPmonG3V8.xsa
TRACE::2024-07-07.18:43:25::SCWPlatform:: Unique name xilinx:zybo-z7-10::0.0
TRACE::2024-07-07.18:43:25::SCWPlatform::Trying to set the existing hwdb with name DEMO_wrapper_54
TRACE::2024-07-07.18:43:25::SCWPlatform::Opened existing hwdb DEMO_wrapper_54
TRACE::2024-07-07.18:43:25::SCWPlatform::Found the Hw Db part of the input DSA
TRACE::2024-07-07.18:43:25::SCWPlatform::Trying to open the hw design at C:/Users/gusta/Documents/SEP_projects/HW_SW/SEPmonG3/SEPmonG3V3/hw/SEPmonG3V8.xsa
TRACE::2024-07-07.18:43:25::SCWPlatform::DSA given C:/Users/gusta/Documents/SEP_projects/HW_SW/SEPmonG3/SEPmonG3V3/hw/SEPmonG3V8.xsa
TRACE::2024-07-07.18:43:25::SCWPlatform::DSA absoulate path C:/Users/gusta/Documents/SEP_projects/HW_SW/SEPmonG3/SEPmonG3V3/hw/SEPmonG3V8.xsa
TRACE::2024-07-07.18:43:25::SCWPlatform::DSA directory C:/Users/gusta/Documents/SEP_projects/HW_SW/SEPmonG3/SEPmonG3V3/hw
TRACE::2024-07-07.18:43:25::SCWPlatform:: Platform Path C:/Users/gusta/Documents/SEP_projects/HW_SW/SEPmonG3/SEPmonG3V3/hw/SEPmonG3V8.xsa
TRACE::2024-07-07.18:43:25::SCWPlatform:: Unique name xilinx:zybo-z7-10::0.0
TRACE::2024-07-07.18:43:25::SCWPlatform::Trying to set the existing hwdb with name DEMO_wrapper_54
TRACE::2024-07-07.18:43:25::SCWPlatform::Opened existing hwdb DEMO_wrapper_54
TRACE::2024-07-07.18:43:25::SCWPlatform::Found the Hw Db part of the input DSA
TRACE::2024-07-07.18:43:25::SCWPlatform::Trying to open the hw design at C:/Users/gusta/Documents/SEP_projects/HW_SW/SEPmonG3/SEPmonG3V3/hw/SEPmonG3V8.xsa
TRACE::2024-07-07.18:43:25::SCWPlatform::DSA given C:/Users/gusta/Documents/SEP_projects/HW_SW/SEPmonG3/SEPmonG3V3/hw/SEPmonG3V8.xsa
TRACE::2024-07-07.18:43:25::SCWPlatform::DSA absoulate path C:/Users/gusta/Documents/SEP_projects/HW_SW/SEPmonG3/SEPmonG3V3/hw/SEPmonG3V8.xsa
TRACE::2024-07-07.18:43:25::SCWPlatform::DSA directory C:/Users/gusta/Documents/SEP_projects/HW_SW/SEPmonG3/SEPmonG3V3/hw
TRACE::2024-07-07.18:43:25::SCWPlatform:: Platform Path C:/Users/gusta/Documents/SEP_projects/HW_SW/SEPmonG3/SEPmonG3V3/hw/SEPmonG3V8.xsa
TRACE::2024-07-07.18:43:25::SCWPlatform:: Unique name xilinx:zybo-z7-10::0.0
TRACE::2024-07-07.18:43:25::SCWPlatform::Trying to set the existing hwdb with name DEMO_wrapper_54
TRACE::2024-07-07.18:43:25::SCWPlatform::Opened existing hwdb DEMO_wrapper_54
TRACE::2024-07-07.18:43:25::SCWPlatform::Found the Hw Db part of the input DSA
TRACE::2024-07-07.18:43:25::SCWMssOS::Checking the sw design at  C:/Users/gusta/Documents/SEP_projects/HW_SW/SEPmonG3/SEPmonG3V3/ps7_cortexa9_0/standalone_domain/bsp/system.mss
TRACE::2024-07-07.18:43:25::SCWMssOS::DEBUG:  swdes dump  C:/Users/gusta/Documents/SEP_projects/HW_SW/SEPmonG3/SEPmonG3/ps7_cortexa9_0/standalone_domain/bsp/system.mss|system_0||
C:/Users/gusta/Documents/SEP_projects/HW_SW/SEPmonG3/SEPmonG3/zynq_fsbl/zynq_fsbl_bsp/system.mss|system||
C:/Users/gusta/Documents/SEP_projects/HW_SW/SEPmonG3/SEPmonG3V3/zynq_fsbl/zynq_fsbl_bsp/system.mss|system_1||

TRACE::2024-07-07.18:43:25::SCWMssOS::No sw design opened at  C:/Users/gusta/Documents/SEP_projects/HW_SW/SEPmonG3/SEPmonG3V3/ps7_cortexa9_0/standalone_domain/bsp/system.mss
TRACE::2024-07-07.18:43:25::SCWMssOS::mss exists loading the mss file  C:/Users/gusta/Documents/SEP_projects/HW_SW/SEPmonG3/SEPmonG3V3/ps7_cortexa9_0/standalone_domain/bsp/system.mss
TRACE::2024-07-07.18:43:25::SCWMssOS::Opened the sw design from mss  C:/Users/gusta/Documents/SEP_projects/HW_SW/SEPmonG3/SEPmonG3V3/ps7_cortexa9_0/standalone_domain/bsp/system.mss
TRACE::2024-07-07.18:43:25::SCWMssOS::Adding the swdes entry C:/Users/gusta/Documents/SEP_projects/HW_SW/SEPmonG3/SEPmonG3V3/ps7_cortexa9_0/standalone_domain/bsp/system.mss with des name system_2
TRACE::2024-07-07.18:43:25::SCWMssOS::updating the scw layer about changes
TRACE::2024-07-07.18:43:25::SCWMssOS::Opened the sw design.  C:/Users/gusta/Documents/SEP_projects/HW_SW/SEPmonG3/SEPmonG3V3/ps7_cortexa9_0/standalone_domain/bsp/system.mss
TRACE::2024-07-07.18:43:25::SCWMssOS::Saving the mss changes C:/Users/gusta/Documents/SEP_projects/HW_SW/SEPmonG3/SEPmonG3V3/ps7_cortexa9_0/standalone_domain/bsp/system.mss
TRACE::2024-07-07.18:43:25::SCWMssOS::Found a swdesign opened with the mssfile.
TRACE::2024-07-07.18:43:25::SCWMssOS::Completed writemss as part of save.
TRACE::2024-07-07.18:43:25::SCWMssOS::Commit changes completed.
TRACE::2024-07-07.18:43:25::SCWReader::Adding prebuilt librarypaths as   
TRACE::2024-07-07.18:43:25::SCWReader::Adding prebuilt incpaths  as   
TRACE::2024-07-07.18:43:25::SCWPlatform::Trying to open the hw design at C:/Users/gusta/Documents/SEP_projects/HW_SW/SEPmonG3/SEPmonG3V3/hw/SEPmonG3V8.xsa
TRACE::2024-07-07.18:43:25::SCWPlatform::DSA given C:/Users/gusta/Documents/SEP_projects/HW_SW/SEPmonG3/SEPmonG3V3/hw/SEPmonG3V8.xsa
TRACE::2024-07-07.18:43:25::SCWPlatform::DSA absoulate path C:/Users/gusta/Documents/SEP_projects/HW_SW/SEPmonG3/SEPmonG3V3/hw/SEPmonG3V8.xsa
TRACE::2024-07-07.18:43:25::SCWPlatform::DSA directory C:/Users/gusta/Documents/SEP_projects/HW_SW/SEPmonG3/SEPmonG3V3/hw
TRACE::2024-07-07.18:43:25::SCWPlatform:: Platform Path C:/Users/gusta/Documents/SEP_projects/HW_SW/SEPmonG3/SEPmonG3V3/hw/SEPmonG3V8.xsa
TRACE::2024-07-07.18:43:25::SCWPlatform:: Unique name xilinx:zybo-z7-10::0.0
TRACE::2024-07-07.18:43:25::SCWPlatform::Trying to set the existing hwdb with name DEMO_wrapper_54
TRACE::2024-07-07.18:43:25::SCWPlatform::Opened existing hwdb DEMO_wrapper_54
TRACE::2024-07-07.18:43:25::SCWPlatform::Found the Hw Db part of the input DSA
TRACE::2024-07-07.18:43:25::SCWMssOS::Checking the sw design at  C:/Users/gusta/Documents/SEP_projects/HW_SW/SEPmonG3/SEPmonG3V3/ps7_cortexa9_0/standalone_domain/bsp/system.mss
TRACE::2024-07-07.18:43:25::SCWMssOS::DEBUG:  swdes dump  C:/Users/gusta/Documents/SEP_projects/HW_SW/SEPmonG3/SEPmonG3/ps7_cortexa9_0/standalone_domain/bsp/system.mss|system_0||
C:/Users/gusta/Documents/SEP_projects/HW_SW/SEPmonG3/SEPmonG3/zynq_fsbl/zynq_fsbl_bsp/system.mss|system||
C:/Users/gusta/Documents/SEP_projects/HW_SW/SEPmonG3/SEPmonG3V3/ps7_cortexa9_0/standalone_domain/bsp/system.mss|system_2||
C:/Users/gusta/Documents/SEP_projects/HW_SW/SEPmonG3/SEPmonG3V3/zynq_fsbl/zynq_fsbl_bsp/system.mss|system_1||

TRACE::2024-07-07.18:43:25::SCWMssOS::Sw design exists and opened at  C:/Users/gusta/Documents/SEP_projects/HW_SW/SEPmonG3/SEPmonG3V3/ps7_cortexa9_0/standalone_domain/bsp/system.mss
TRACE::2024-07-07.18:43:25::SCWReader::No isolation master present  
LOG::2024-07-07.18:43:32::SCWPlatform::Started generating the artifacts platform SEPmonG3V3
TRACE::2024-07-07.18:43:32::SCWPlatform::Sanity checking of platform is completed
LOG::2024-07-07.18:43:32::SCWPlatform::Started generating the artifacts for system configuration SEPmonG3V3
LOG::2024-07-07.18:43:32::SCWSystem::Checking the domain zynq_fsbl
LOG::2024-07-07.18:43:32::SCWSystem::Doing application build for :  zynq_fsbl
TRACE::2024-07-07.18:43:32::SCWBDomain::Not a forced makefile updation, No changes are present. 
TRACE::2024-07-07.18:43:32::SCWDomain::Skipping the build for domain :  zynq_fsbl
LOG::2024-07-07.18:43:32::SCWSystem::Checking the domain standalone_domain
LOG::2024-07-07.18:43:32::SCWSystem::Not a boot domain 
LOG::2024-07-07.18:43:32::SCWSystem::Started Processing the domain standalone_domain
TRACE::2024-07-07.18:43:32::SCWDomain::Generating domain artifcats
TRACE::2024-07-07.18:43:32::SCWMssOS::Generating standalone artifcats
TRACE::2024-07-07.18:43:32::SCWMssOS::Copying the qemu file from  C:/Xilinx/Vitis/2020.1/data/emulation/platforms/zynq/qemu/qemu_args.txt To C:/Users/gusta/Documents/SEP_projects/HW_SW/SEPmonG3/SEPmonG3V3/export/SEPmonG3V3/sw/SEPmonG3V3/qemu/
TRACE::2024-07-07.18:43:32::SCWMssOS::Copying the qemu file from  C:/Xilinx/Vitis/2020.1/data/emulation/platforms/zynq/qemu/qemu_args.txt To C:/Users/gusta/Documents/SEP_projects/HW_SW/SEPmonG3/SEPmonG3V3/export/SEPmonG3V3/sw/SEPmonG3V3/standalone_domain/qemu/
TRACE::2024-07-07.18:43:32::SCWMssOS:: Copying the user libraries. 
TRACE::2024-07-07.18:43:32::SCWPlatform::Trying to open the hw design at C:/Users/gusta/Documents/SEP_projects/HW_SW/SEPmonG3/SEPmonG3V3/hw/SEPmonG3V8.xsa
TRACE::2024-07-07.18:43:32::SCWPlatform::DSA given C:/Users/gusta/Documents/SEP_projects/HW_SW/SEPmonG3/SEPmonG3V3/hw/SEPmonG3V8.xsa
TRACE::2024-07-07.18:43:32::SCWPlatform::DSA absoulate path C:/Users/gusta/Documents/SEP_projects/HW_SW/SEPmonG3/SEPmonG3V3/hw/SEPmonG3V8.xsa
TRACE::2024-07-07.18:43:32::SCWPlatform::DSA directory C:/Users/gusta/Documents/SEP_projects/HW_SW/SEPmonG3/SEPmonG3V3/hw
TRACE::2024-07-07.18:43:32::SCWPlatform:: Platform Path C:/Users/gusta/Documents/SEP_projects/HW_SW/SEPmonG3/SEPmonG3V3/hw/SEPmonG3V8.xsa
TRACE::2024-07-07.18:43:32::SCWPlatform:: Unique name xilinx:zybo-z7-10::0.0
TRACE::2024-07-07.18:43:32::SCWPlatform::Trying to set the existing hwdb with name DEMO_wrapper_54
TRACE::2024-07-07.18:43:32::SCWPlatform::Opened existing hwdb DEMO_wrapper_54
TRACE::2024-07-07.18:43:32::SCWPlatform::Found the Hw Db part of the input DSA
TRACE::2024-07-07.18:43:32::SCWMssOS::Checking the sw design at  C:/Users/gusta/Documents/SEP_projects/HW_SW/SEPmonG3/SEPmonG3V3/ps7_cortexa9_0/standalone_domain/bsp/system.mss
TRACE::2024-07-07.18:43:32::SCWMssOS::DEBUG:  swdes dump  C:/Users/gusta/Documents/SEP_projects/HW_SW/SEPmonG3/SEPmonG3/ps7_cortexa9_0/standalone_domain/bsp/system.mss|system_0||
C:/Users/gusta/Documents/SEP_projects/HW_SW/SEPmonG3/SEPmonG3/zynq_fsbl/zynq_fsbl_bsp/system.mss|system||
C:/Users/gusta/Documents/SEP_projects/HW_SW/SEPmonG3/SEPmonG3V3/ps7_cortexa9_0/standalone_domain/bsp/system.mss|system_2||
C:/Users/gusta/Documents/SEP_projects/HW_SW/SEPmonG3/SEPmonG3V3/zynq_fsbl/zynq_fsbl_bsp/system.mss|system_1||

TRACE::2024-07-07.18:43:32::SCWMssOS::Sw design exists and opened at  C:/Users/gusta/Documents/SEP_projects/HW_SW/SEPmonG3/SEPmonG3V3/ps7_cortexa9_0/standalone_domain/bsp/system.mss
TRACE::2024-07-07.18:43:32::SCWMssOS::Completed writing the mss file at C:/Users/gusta/Documents/SEP_projects/HW_SW/SEPmonG3/SEPmonG3V3/ps7_cortexa9_0/standalone_domain/bsp
TRACE::2024-07-07.18:43:32::SCWMssOS::Mss edits present, copying mssfile into export location C:/Users/gusta/Documents/SEP_projects/HW_SW/SEPmonG3/SEPmonG3V3/ps7_cortexa9_0/standalone_domain/bsp/system.mss
TRACE::2024-07-07.18:43:32::SCWMssOS::bsp generated is stale removing and regenerating. 
TRACE::2024-07-07.18:43:34::SCWMssOS::doing bsp build ... 
TRACE::2024-07-07.18:43:34::SCWMssOS::System Command Ran  C: & cd  C:/Users/gusta/Documents/SEP_projects/HW_SW/SEPmonG3/SEPmonG3V3/ps7_cortexa9_0/standalone_domain/bsp & make 
TRACE::2024-07-07.18:43:34::SCWMssOS::"Running Make include in ps7_cortexa9_0/libsrc/coresightps_dcc_v1_7/src"

TRACE::2024-07-07.18:43:34::SCWMssOS::make -C ps7_cortexa9_0/libsrc/coresightps_dcc_v1_7/src -s include  "SHELL=CMD" "COMPILER=arm-none-eabi-gcc" "ASSEMBLER=arm-none
TRACE::2024-07-07.18:43:34::SCWMssOS::-eabi-as" "ARCHIVER=arm-none-eabi-ar" "COMPILER_FLAGS=  -O2 -c" "EXTRA_COMPILER_FLAGS=-mcpu=cortex-a9 -mfpu=vfpv3 -mfloat-abi=h
TRACE::2024-07-07.18:43:34::SCWMssOS::ard -nostartfiles -g -Wall -Wextra"

TRACE::2024-07-07.18:43:34::SCWMssOS::"Running Make include in ps7_cortexa9_0/libsrc/cpu_cortexa9_v2_9/src"

TRACE::2024-07-07.18:43:34::SCWMssOS::make -C ps7_cortexa9_0/libsrc/cpu_cortexa9_v2_9/src -s include  "SHELL=CMD" "COMPILER=arm-none-eabi-gcc" "ASSEMBLER=arm-none-ea
TRACE::2024-07-07.18:43:34::SCWMssOS::bi-as" "ARCHIVER=arm-none-eabi-ar" "COMPILER_FLAGS=  -O2 -c" "EXTRA_COMPILER_FLAGS=-mcpu=cortex-a9 -mfpu=vfpv3 -mfloat-abi=hard
TRACE::2024-07-07.18:43:34::SCWMssOS:: -nostartfiles -g -Wall -Wextra"

TRACE::2024-07-07.18:43:35::SCWMssOS::"Running Make include in ps7_cortexa9_0/libsrc/ddrps_v1_1/src"

TRACE::2024-07-07.18:43:35::SCWMssOS::make -C ps7_cortexa9_0/libsrc/ddrps_v1_1/src -s include  "SHELL=CMD" "COMPILER=arm-none-eabi-gcc" "ASSEMBLER=arm-none-eabi-as" 
TRACE::2024-07-07.18:43:35::SCWMssOS::"ARCHIVER=arm-none-eabi-ar" "COMPILER_FLAGS=  -O2 -c" "EXTRA_COMPILER_FLAGS=-mcpu=cortex-a9 -mfpu=vfpv3 -mfloat-abi=hard -nosta
TRACE::2024-07-07.18:43:35::SCWMssOS::rtfiles -g -Wall -Wextra"

TRACE::2024-07-07.18:43:35::SCWMssOS::"Running Make include in ps7_cortexa9_0/libsrc/devcfg_v3_6/src"

TRACE::2024-07-07.18:43:35::SCWMssOS::make -C ps7_cortexa9_0/libsrc/devcfg_v3_6/src -s include  "SHELL=CMD" "COMPILER=arm-none-eabi-gcc" "ASSEMBLER=arm-none-eabi-as"
TRACE::2024-07-07.18:43:35::SCWMssOS:: "ARCHIVER=arm-none-eabi-ar" "COMPILER_FLAGS=  -O2 -c" "EXTRA_COMPILER_FLAGS=-mcpu=cortex-a9 -mfpu=vfpv3 -mfloat-abi=hard -nost
TRACE::2024-07-07.18:43:35::SCWMssOS::artfiles -g -Wall -Wextra"

TRACE::2024-07-07.18:43:35::SCWMssOS::"Running Make include in ps7_cortexa9_0/libsrc/dmaps_v2_6/src"

TRACE::2024-07-07.18:43:35::SCWMssOS::make -C ps7_cortexa9_0/libsrc/dmaps_v2_6/src -s include  "SHELL=CMD" "COMPILER=arm-none-eabi-gcc" "ASSEMBLER=arm-none-eabi-as" 
TRACE::2024-07-07.18:43:35::SCWMssOS::"ARCHIVER=arm-none-eabi-ar" "COMPILER_FLAGS=  -O2 -c" "EXTRA_COMPILER_FLAGS=-mcpu=cortex-a9 -mfpu=vfpv3 -mfloat-abi=hard -nosta
TRACE::2024-07-07.18:43:35::SCWMssOS::rtfiles -g -Wall -Wextra"

TRACE::2024-07-07.18:43:35::SCWMssOS::"Running Make include in ps7_cortexa9_0/libsrc/emacps_v3_11/src"

TRACE::2024-07-07.18:43:35::SCWMssOS::make -C ps7_cortexa9_0/libsrc/emacps_v3_11/src -s include  "SHELL=CMD" "COMPILER=arm-none-eabi-gcc" "ASSEMBLER=arm-none-eabi-as
TRACE::2024-07-07.18:43:35::SCWMssOS::" "ARCHIVER=arm-none-eabi-ar" "COMPILER_FLAGS=  -O2 -c" "EXTRA_COMPILER_FLAGS=-mcpu=cortex-a9 -mfpu=vfpv3 -mfloat-abi=hard -nos
TRACE::2024-07-07.18:43:35::SCWMssOS::tartfiles -g -Wall -Wextra"

TRACE::2024-07-07.18:43:35::SCWMssOS::"Running Make include in ps7_cortexa9_0/libsrc/gpiops_v3_7/src"

TRACE::2024-07-07.18:43:35::SCWMssOS::make -C ps7_cortexa9_0/libsrc/gpiops_v3_7/src -s include  "SHELL=CMD" "COMPILER=arm-none-eabi-gcc" "ASSEMBLER=arm-none-eabi-as"
TRACE::2024-07-07.18:43:35::SCWMssOS:: "ARCHIVER=arm-none-eabi-ar" "COMPILER_FLAGS=  -O2 -c" "EXTRA_COMPILER_FLAGS=-mcpu=cortex-a9 -mfpu=vfpv3 -mfloat-abi=hard -nost
TRACE::2024-07-07.18:43:35::SCWMssOS::artfiles -g -Wall -Wextra"

TRACE::2024-07-07.18:43:35::SCWMssOS::"Running Make include in ps7_cortexa9_0/libsrc/gpio_v4_6/src"

TRACE::2024-07-07.18:43:35::SCWMssOS::make -C ps7_cortexa9_0/libsrc/gpio_v4_6/src -s include  "SHELL=CMD" "COMPILER=arm-none-eabi-gcc" "ASSEMBLER=arm-none-eabi-as" "
TRACE::2024-07-07.18:43:35::SCWMssOS::ARCHIVER=arm-none-eabi-ar" "COMPILER_FLAGS=  -O2 -c" "EXTRA_COMPILER_FLAGS=-mcpu=cortex-a9 -mfpu=vfpv3 -mfloat-abi=hard -nostar
TRACE::2024-07-07.18:43:35::SCWMssOS::tfiles -g -Wall -Wextra"

TRACE::2024-07-07.18:43:35::SCWMssOS::"Running Make include in ps7_cortexa9_0/libsrc/iic_v3_6/src"

TRACE::2024-07-07.18:43:35::SCWMssOS::make -C ps7_cortexa9_0/libsrc/iic_v3_6/src -s include  "SHELL=CMD" "COMPILER=arm-none-eabi-gcc" "ASSEMBLER=arm-none-eabi-as" "A
TRACE::2024-07-07.18:43:35::SCWMssOS::RCHIVER=arm-none-eabi-ar" "COMPILER_FLAGS=  -O2 -c" "EXTRA_COMPILER_FLAGS=-mcpu=cortex-a9 -mfpu=vfpv3 -mfloat-abi=hard -nostart
TRACE::2024-07-07.18:43:35::SCWMssOS::files -g -Wall -Wextra"

TRACE::2024-07-07.18:43:35::SCWMssOS::"Running Make include in ps7_cortexa9_0/libsrc/qspips_v3_7/src"

TRACE::2024-07-07.18:43:35::SCWMssOS::make -C ps7_cortexa9_0/libsrc/qspips_v3_7/src -s include  "SHELL=CMD" "COMPILER=arm-none-eabi-gcc" "ASSEMBLER=arm-none-eabi-as"
TRACE::2024-07-07.18:43:35::SCWMssOS:: "ARCHIVER=arm-none-eabi-ar" "COMPILER_FLAGS=  -O2 -c" "EXTRA_COMPILER_FLAGS=-mcpu=cortex-a9 -mfpu=vfpv3 -mfloat-abi=hard -nost
TRACE::2024-07-07.18:43:35::SCWMssOS::artfiles -g -Wall -Wextra"

TRACE::2024-07-07.18:43:36::SCWMssOS::"Running Make include in ps7_cortexa9_0/libsrc/scugic_v4_2/src"

TRACE::2024-07-07.18:43:36::SCWMssOS::make -C ps7_cortexa9_0/libsrc/scugic_v4_2/src -s include  "SHELL=CMD" "COMPILER=arm-none-eabi-gcc" "ASSEMBLER=arm-none-eabi-as"
TRACE::2024-07-07.18:43:36::SCWMssOS:: "ARCHIVER=arm-none-eabi-ar" "COMPILER_FLAGS=  -O2 -c" "EXTRA_COMPILER_FLAGS=-mcpu=cortex-a9 -mfpu=vfpv3 -mfloat-abi=hard -nost
TRACE::2024-07-07.18:43:36::SCWMssOS::artfiles -g -Wall -Wextra"

TRACE::2024-07-07.18:43:36::SCWMssOS::"Running Make include in ps7_cortexa9_0/libsrc/scutimer_v2_2/src"

TRACE::2024-07-07.18:43:36::SCWMssOS::make -C ps7_cortexa9_0/libsrc/scutimer_v2_2/src -s include  "SHELL=CMD" "COMPILER=arm-none-eabi-gcc" "ASSEMBLER=arm-none-eabi-a
TRACE::2024-07-07.18:43:36::SCWMssOS::s" "ARCHIVER=arm-none-eabi-ar" "COMPILER_FLAGS=  -O2 -c" "EXTRA_COMPILER_FLAGS=-mcpu=cortex-a9 -mfpu=vfpv3 -mfloat-abi=hard -no
TRACE::2024-07-07.18:43:36::SCWMssOS::startfiles -g -Wall -Wextra"

TRACE::2024-07-07.18:43:36::SCWMssOS::"Running Make include in ps7_cortexa9_0/libsrc/scuwdt_v2_2/src"

TRACE::2024-07-07.18:43:36::SCWMssOS::make -C ps7_cortexa9_0/libsrc/scuwdt_v2_2/src -s include  "SHELL=CMD" "COMPILER=arm-none-eabi-gcc" "ASSEMBLER=arm-none-eabi-as"
TRACE::2024-07-07.18:43:36::SCWMssOS:: "ARCHIVER=arm-none-eabi-ar" "COMPILER_FLAGS=  -O2 -c" "EXTRA_COMPILER_FLAGS=-mcpu=cortex-a9 -mfpu=vfpv3 -mfloat-abi=hard -nost
TRACE::2024-07-07.18:43:36::SCWMssOS::artfiles -g -Wall -Wextra"

TRACE::2024-07-07.18:43:36::SCWMssOS::"Running Make include in ps7_cortexa9_0/libsrc/sdps_v3_9/src"

TRACE::2024-07-07.18:43:36::SCWMssOS::make -C ps7_cortexa9_0/libsrc/sdps_v3_9/src -s include  "SHELL=CMD" "COMPILER=arm-none-eabi-gcc" "ASSEMBLER=arm-none-eabi-as" "
TRACE::2024-07-07.18:43:36::SCWMssOS::ARCHIVER=arm-none-eabi-ar" "COMPILER_FLAGS=  -O2 -c" "EXTRA_COMPILER_FLAGS=-mcpu=cortex-a9 -mfpu=vfpv3 -mfloat-abi=hard -nostar
TRACE::2024-07-07.18:43:36::SCWMssOS::tfiles -g -Wall -Wextra"

TRACE::2024-07-07.18:43:36::SCWMssOS::"Running Make include in ps7_cortexa9_0/libsrc/spi_v4_6/src"

TRACE::2024-07-07.18:43:36::SCWMssOS::make -C ps7_cortexa9_0/libsrc/spi_v4_6/src -s include  "SHELL=CMD" "COMPILER=arm-none-eabi-gcc" "ASSEMBLER=arm-none-eabi-as" "A
TRACE::2024-07-07.18:43:36::SCWMssOS::RCHIVER=arm-none-eabi-ar" "COMPILER_FLAGS=  -O2 -c" "EXTRA_COMPILER_FLAGS=-mcpu=cortex-a9 -mfpu=vfpv3 -mfloat-abi=hard -nostart
TRACE::2024-07-07.18:43:36::SCWMssOS::files -g -Wall -Wextra"

TRACE::2024-07-07.18:43:36::SCWMssOS::"Running Make include in ps7_cortexa9_0/libsrc/standalone_v7_2/src"

TRACE::2024-07-07.18:43:36::SCWMssOS::make -C ps7_cortexa9_0/libsrc/standalone_v7_2/src -s include  "SHELL=CMD" "COMPILER=arm-none-eabi-gcc" "ASSEMBLER=arm-none-eabi
TRACE::2024-07-07.18:43:36::SCWMssOS::-as" "ARCHIVER=arm-none-eabi-ar" "COMPILER_FLAGS=  -O2 -c" "EXTRA_COMPILER_FLAGS=-mcpu=cortex-a9 -mfpu=vfpv3 -mfloat-abi=hard -
TRACE::2024-07-07.18:43:36::SCWMssOS::nostartfiles -g -Wall -Wextra"

TRACE::2024-07-07.18:43:37::SCWMssOS::"Running Make include in ps7_cortexa9_0/libsrc/tmrctr_v4_6/src"

TRACE::2024-07-07.18:43:37::SCWMssOS::make -C ps7_cortexa9_0/libsrc/tmrctr_v4_6/src -s include  "SHELL=CMD" "COMPILER=arm-none-eabi-gcc" "ASSEMBLER=arm-none-eabi-as"
TRACE::2024-07-07.18:43:37::SCWMssOS:: "ARCHIVER=arm-none-eabi-ar" "COMPILER_FLAGS=  -O2 -c" "EXTRA_COMPILER_FLAGS=-mcpu=cortex-a9 -mfpu=vfpv3 -mfloat-abi=hard -nost
TRACE::2024-07-07.18:43:37::SCWMssOS::artfiles -g -Wall -Wextra"

TRACE::2024-07-07.18:43:37::SCWMssOS::"Running Make include in ps7_cortexa9_0/libsrc/uartps_v3_9/src"

TRACE::2024-07-07.18:43:37::SCWMssOS::make -C ps7_cortexa9_0/libsrc/uartps_v3_9/src -s include  "SHELL=CMD" "COMPILER=arm-none-eabi-gcc" "ASSEMBLER=arm-none-eabi-as"
TRACE::2024-07-07.18:43:37::SCWMssOS:: "ARCHIVER=arm-none-eabi-ar" "COMPILER_FLAGS=  -O2 -c" "EXTRA_COMPILER_FLAGS=-mcpu=cortex-a9 -mfpu=vfpv3 -mfloat-abi=hard -nost
TRACE::2024-07-07.18:43:37::SCWMssOS::artfiles -g -Wall -Wextra"

TRACE::2024-07-07.18:43:37::SCWMssOS::"Running Make include in ps7_cortexa9_0/libsrc/usbps_v2_5/src"

TRACE::2024-07-07.18:43:37::SCWMssOS::make -C ps7_cortexa9_0/libsrc/usbps_v2_5/src -s include  "SHELL=CMD" "COMPILER=arm-none-eabi-gcc" "ASSEMBLER=arm-none-eabi-as" 
TRACE::2024-07-07.18:43:37::SCWMssOS::"ARCHIVER=arm-none-eabi-ar" "COMPILER_FLAGS=  -O2 -c" "EXTRA_COMPILER_FLAGS=-mcpu=cortex-a9 -mfpu=vfpv3 -mfloat-abi=hard -nosta
TRACE::2024-07-07.18:43:37::SCWMssOS::rtfiles -g -Wall -Wextra"

TRACE::2024-07-07.18:43:38::SCWMssOS::"Running Make include in ps7_cortexa9_0/libsrc/xadcps_v2_4/src"

TRACE::2024-07-07.18:43:38::SCWMssOS::make -C ps7_cortexa9_0/libsrc/xadcps_v2_4/src -s include  "SHELL=CMD" "COMPILER=arm-none-eabi-gcc" "ASSEMBLER=arm-none-eabi-as"
TRACE::2024-07-07.18:43:38::SCWMssOS:: "ARCHIVER=arm-none-eabi-ar" "COMPILER_FLAGS=  -O2 -c" "EXTRA_COMPILER_FLAGS=-mcpu=cortex-a9 -mfpu=vfpv3 -mfloat-abi=hard -nost
TRACE::2024-07-07.18:43:38::SCWMssOS::artfiles -g -Wall -Wextra"

TRACE::2024-07-07.18:43:38::SCWMssOS::"Running Make libs in ps7_cortexa9_0/libsrc/coresightps_dcc_v1_7/src"

TRACE::2024-07-07.18:43:38::SCWMssOS::make -C ps7_cortexa9_0/libsrc/coresightps_dcc_v1_7/src -s libs  "SHELL=CMD" "COMPILER=arm-none-eabi-gcc" "ASSEMBLER=arm-none-ea
TRACE::2024-07-07.18:43:38::SCWMssOS::bi-as" "ARCHIVER=arm-none-eabi-ar" "COMPILER_FLAGS=  -O2 -c" "EXTRA_COMPILER_FLAGS=-mcpu=cortex-a9 -mfpu=vfpv3 -mfloat-abi=hard
TRACE::2024-07-07.18:43:38::SCWMssOS:: -nostartfiles -g -Wall -Wextra"

TRACE::2024-07-07.18:43:38::SCWMssOS::"Compiling coresightps_dcc"

TRACE::2024-07-07.18:43:38::SCWMssOS::"Running Make libs in ps7_cortexa9_0/libsrc/cpu_cortexa9_v2_9/src"

TRACE::2024-07-07.18:43:38::SCWMssOS::make -C ps7_cortexa9_0/libsrc/cpu_cortexa9_v2_9/src -s libs  "SHELL=CMD" "COMPILER=arm-none-eabi-gcc" "ASSEMBLER=arm-none-eabi-
TRACE::2024-07-07.18:43:38::SCWMssOS::as" "ARCHIVER=arm-none-eabi-ar" "COMPILER_FLAGS=  -O2 -c" "EXTRA_COMPILER_FLAGS=-mcpu=cortex-a9 -mfpu=vfpv3 -mfloat-abi=hard -n
TRACE::2024-07-07.18:43:38::SCWMssOS::ostartfiles -g -Wall -Wextra"

TRACE::2024-07-07.18:43:38::SCWMssOS::"Compiling cpu_cortexa9"

TRACE::2024-07-07.18:43:38::SCWMssOS::"Running Make libs in ps7_cortexa9_0/libsrc/ddrps_v1_1/src"

TRACE::2024-07-07.18:43:38::SCWMssOS::make -C ps7_cortexa9_0/libsrc/ddrps_v1_1/src -s libs  "SHELL=CMD" "COMPILER=arm-none-eabi-gcc" "ASSEMBLER=arm-none-eabi-as" "AR
TRACE::2024-07-07.18:43:38::SCWMssOS::CHIVER=arm-none-eabi-ar" "COMPILER_FLAGS=  -O2 -c" "EXTRA_COMPILER_FLAGS=-mcpu=cortex-a9 -mfpu=vfpv3 -mfloat-abi=hard -nostartf
TRACE::2024-07-07.18:43:38::SCWMssOS::iles -g -Wall -Wextra"

TRACE::2024-07-07.18:43:38::SCWMssOS::"Compiling ddrps"

TRACE::2024-07-07.18:43:38::SCWMssOS::"Running Make libs in ps7_cortexa9_0/libsrc/devcfg_v3_6/src"

TRACE::2024-07-07.18:43:38::SCWMssOS::make -C ps7_cortexa9_0/libsrc/devcfg_v3_6/src -s libs  "SHELL=CMD" "COMPILER=arm-none-eabi-gcc" "ASSEMBLER=arm-none-eabi-as" "A
TRACE::2024-07-07.18:43:38::SCWMssOS::RCHIVER=arm-none-eabi-ar" "COMPILER_FLAGS=  -O2 -c" "EXTRA_COMPILER_FLAGS=-mcpu=cortex-a9 -mfpu=vfpv3 -mfloat-abi=hard -nostart
TRACE::2024-07-07.18:43:38::SCWMssOS::files -g -Wall -Wextra"

TRACE::2024-07-07.18:43:38::SCWMssOS::"Compiling devcfg"

TRACE::2024-07-07.18:43:39::SCWMssOS::"Running Make libs in ps7_cortexa9_0/libsrc/dmaps_v2_6/src"

TRACE::2024-07-07.18:43:39::SCWMssOS::make -C ps7_cortexa9_0/libsrc/dmaps_v2_6/src -s libs  "SHELL=CMD" "COMPILER=arm-none-eabi-gcc" "ASSEMBLER=arm-none-eabi-as" "AR
TRACE::2024-07-07.18:43:39::SCWMssOS::CHIVER=arm-none-eabi-ar" "COMPILER_FLAGS=  -O2 -c" "EXTRA_COMPILER_FLAGS=-mcpu=cortex-a9 -mfpu=vfpv3 -mfloat-abi=hard -nostartf
TRACE::2024-07-07.18:43:39::SCWMssOS::iles -g -Wall -Wextra"

TRACE::2024-07-07.18:43:39::SCWMssOS::"Compiling dmaps"

TRACE::2024-07-07.18:43:40::SCWMssOS::"Running Make libs in ps7_cortexa9_0/libsrc/emacps_v3_11/src"

TRACE::2024-07-07.18:43:40::SCWMssOS::make -C ps7_cortexa9_0/libsrc/emacps_v3_11/src -s libs  "SHELL=CMD" "COMPILER=arm-none-eabi-gcc" "ASSEMBLER=arm-none-eabi-as" "
TRACE::2024-07-07.18:43:40::SCWMssOS::ARCHIVER=arm-none-eabi-ar" "COMPILER_FLAGS=  -O2 -c" "EXTRA_COMPILER_FLAGS=-mcpu=cortex-a9 -mfpu=vfpv3 -mfloat-abi=hard -nostar
TRACE::2024-07-07.18:43:40::SCWMssOS::tfiles -g -Wall -Wextra"

TRACE::2024-07-07.18:43:40::SCWMssOS::"Compiling emacps"

TRACE::2024-07-07.18:43:41::SCWMssOS::"Running Make libs in ps7_cortexa9_0/libsrc/gpiops_v3_7/src"

TRACE::2024-07-07.18:43:41::SCWMssOS::make -C ps7_cortexa9_0/libsrc/gpiops_v3_7/src -s libs  "SHELL=CMD" "COMPILER=arm-none-eabi-gcc" "ASSEMBLER=arm-none-eabi-as" "A
TRACE::2024-07-07.18:43:41::SCWMssOS::RCHIVER=arm-none-eabi-ar" "COMPILER_FLAGS=  -O2 -c" "EXTRA_COMPILER_FLAGS=-mcpu=cortex-a9 -mfpu=vfpv3 -mfloat-abi=hard -nostart
TRACE::2024-07-07.18:43:41::SCWMssOS::files -g -Wall -Wextra"

TRACE::2024-07-07.18:43:41::SCWMssOS::"Compiling gpiops"

TRACE::2024-07-07.18:43:42::SCWMssOS::"Running Make libs in ps7_cortexa9_0/libsrc/gpio_v4_6/src"

TRACE::2024-07-07.18:43:42::SCWMssOS::make -C ps7_cortexa9_0/libsrc/gpio_v4_6/src -s libs  "SHELL=CMD" "COMPILER=arm-none-eabi-gcc" "ASSEMBLER=arm-none-eabi-as" "ARC
TRACE::2024-07-07.18:43:42::SCWMssOS::HIVER=arm-none-eabi-ar" "COMPILER_FLAGS=  -O2 -c" "EXTRA_COMPILER_FLAGS=-mcpu=cortex-a9 -mfpu=vfpv3 -mfloat-abi=hard -nostartfi
TRACE::2024-07-07.18:43:42::SCWMssOS::les -g -Wall -Wextra"

TRACE::2024-07-07.18:43:42::SCWMssOS::"Compiling gpio"

TRACE::2024-07-07.18:43:43::SCWMssOS::"Running Make libs in ps7_cortexa9_0/libsrc/iic_v3_6/src"

TRACE::2024-07-07.18:43:43::SCWMssOS::make -C ps7_cortexa9_0/libsrc/iic_v3_6/src -s libs  "SHELL=CMD" "COMPILER=arm-none-eabi-gcc" "ASSEMBLER=arm-none-eabi-as" "ARCH
TRACE::2024-07-07.18:43:43::SCWMssOS::IVER=arm-none-eabi-ar" "COMPILER_FLAGS=  -O2 -c" "EXTRA_COMPILER_FLAGS=-mcpu=cortex-a9 -mfpu=vfpv3 -mfloat-abi=hard -nostartfil
TRACE::2024-07-07.18:43:43::SCWMssOS::es -g -Wall -Wextra"

TRACE::2024-07-07.18:43:43::SCWMssOS::"Compiling iic"

TRACE::2024-07-07.18:43:45::SCWMssOS::"Running Make libs in ps7_cortexa9_0/libsrc/qspips_v3_7/src"

TRACE::2024-07-07.18:43:45::SCWMssOS::make -C ps7_cortexa9_0/libsrc/qspips_v3_7/src -s libs  "SHELL=CMD" "COMPILER=arm-none-eabi-gcc" "ASSEMBLER=arm-none-eabi-as" "A
TRACE::2024-07-07.18:43:45::SCWMssOS::RCHIVER=arm-none-eabi-ar" "COMPILER_FLAGS=  -O2 -c" "EXTRA_COMPILER_FLAGS=-mcpu=cortex-a9 -mfpu=vfpv3 -mfloat-abi=hard -nostart
TRACE::2024-07-07.18:43:45::SCWMssOS::files -g -Wall -Wextra"

TRACE::2024-07-07.18:43:45::SCWMssOS::"Compiling qspips"

TRACE::2024-07-07.18:43:46::SCWMssOS::"Running Make libs in ps7_cortexa9_0/libsrc/scugic_v4_2/src"

TRACE::2024-07-07.18:43:46::SCWMssOS::make -C ps7_cortexa9_0/libsrc/scugic_v4_2/src -s libs  "SHELL=CMD" "COMPILER=arm-none-eabi-gcc" "ASSEMBLER=arm-none-eabi-as" "A
TRACE::2024-07-07.18:43:46::SCWMssOS::RCHIVER=arm-none-eabi-ar" "COMPILER_FLAGS=  -O2 -c" "EXTRA_COMPILER_FLAGS=-mcpu=cortex-a9 -mfpu=vfpv3 -mfloat-abi=hard -nostart
TRACE::2024-07-07.18:43:46::SCWMssOS::files -g -Wall -Wextra"

TRACE::2024-07-07.18:43:46::SCWMssOS::"Compiling scugic"

TRACE::2024-07-07.18:43:47::SCWMssOS::"Running Make libs in ps7_cortexa9_0/libsrc/scutimer_v2_2/src"

TRACE::2024-07-07.18:43:47::SCWMssOS::make -C ps7_cortexa9_0/libsrc/scutimer_v2_2/src -s libs  "SHELL=CMD" "COMPILER=arm-none-eabi-gcc" "ASSEMBLER=arm-none-eabi-as" 
TRACE::2024-07-07.18:43:47::SCWMssOS::"ARCHIVER=arm-none-eabi-ar" "COMPILER_FLAGS=  -O2 -c" "EXTRA_COMPILER_FLAGS=-mcpu=cortex-a9 -mfpu=vfpv3 -mfloat-abi=hard -nosta
TRACE::2024-07-07.18:43:47::SCWMssOS::rtfiles -g -Wall -Wextra"

TRACE::2024-07-07.18:43:47::SCWMssOS::"Compiling scutimer"

TRACE::2024-07-07.18:43:47::SCWMssOS::"Running Make libs in ps7_cortexa9_0/libsrc/scuwdt_v2_2/src"

TRACE::2024-07-07.18:43:47::SCWMssOS::make -C ps7_cortexa9_0/libsrc/scuwdt_v2_2/src -s libs  "SHELL=CMD" "COMPILER=arm-none-eabi-gcc" "ASSEMBLER=arm-none-eabi-as" "A
TRACE::2024-07-07.18:43:47::SCWMssOS::RCHIVER=arm-none-eabi-ar" "COMPILER_FLAGS=  -O2 -c" "EXTRA_COMPILER_FLAGS=-mcpu=cortex-a9 -mfpu=vfpv3 -mfloat-abi=hard -nostart
TRACE::2024-07-07.18:43:47::SCWMssOS::files -g -Wall -Wextra"

TRACE::2024-07-07.18:43:47::SCWMssOS::"Compiling scuwdt"

TRACE::2024-07-07.18:43:48::SCWMssOS::"Running Make libs in ps7_cortexa9_0/libsrc/sdps_v3_9/src"

TRACE::2024-07-07.18:43:48::SCWMssOS::make -C ps7_cortexa9_0/libsrc/sdps_v3_9/src -s libs  "SHELL=CMD" "COMPILER=arm-none-eabi-gcc" "ASSEMBLER=arm-none-eabi-as" "ARC
TRACE::2024-07-07.18:43:48::SCWMssOS::HIVER=arm-none-eabi-ar" "COMPILER_FLAGS=  -O2 -c" "EXTRA_COMPILER_FLAGS=-mcpu=cortex-a9 -mfpu=vfpv3 -mfloat-abi=hard -nostartfi
TRACE::2024-07-07.18:43:48::SCWMssOS::les -g -Wall -Wextra"

TRACE::2024-07-07.18:43:48::SCWMssOS::"Compiling sdps"

TRACE::2024-07-07.18:43:49::SCWMssOS::"Running Make libs in ps7_cortexa9_0/libsrc/spi_v4_6/src"

TRACE::2024-07-07.18:43:49::SCWMssOS::make -C ps7_cortexa9_0/libsrc/spi_v4_6/src -s libs  "SHELL=CMD" "COMPILER=arm-none-eabi-gcc" "ASSEMBLER=arm-none-eabi-as" "ARCH
TRACE::2024-07-07.18:43:49::SCWMssOS::IVER=arm-none-eabi-ar" "COMPILER_FLAGS=  -O2 -c" "EXTRA_COMPILER_FLAGS=-mcpu=cortex-a9 -mfpu=vfpv3 -mfloat-abi=hard -nostartfil
TRACE::2024-07-07.18:43:49::SCWMssOS::es -g -Wall -Wextra"

TRACE::2024-07-07.18:43:49::SCWMssOS::"Compiling spi"

TRACE::2024-07-07.18:43:50::SCWMssOS::"Running Make libs in ps7_cortexa9_0/libsrc/standalone_v7_2/src"

TRACE::2024-07-07.18:43:50::SCWMssOS::make -C ps7_cortexa9_0/libsrc/standalone_v7_2/src -s libs  "SHELL=CMD" "COMPILER=arm-none-eabi-gcc" "ASSEMBLER=arm-none-eabi-as
TRACE::2024-07-07.18:43:50::SCWMssOS::" "ARCHIVER=arm-none-eabi-ar" "COMPILER_FLAGS=  -O2 -c" "EXTRA_COMPILER_FLAGS=-mcpu=cortex-a9 -mfpu=vfpv3 -mfloat-abi=hard -nos
TRACE::2024-07-07.18:43:50::SCWMssOS::tartfiles -g -Wall -Wextra"

TRACE::2024-07-07.18:43:50::SCWMssOS::"Compiling standalone"

TRACE::2024-07-07.18:43:54::SCWMssOS::"Running Make libs in ps7_cortexa9_0/libsrc/tmrctr_v4_6/src"

TRACE::2024-07-07.18:43:54::SCWMssOS::make -C ps7_cortexa9_0/libsrc/tmrctr_v4_6/src -s libs  "SHELL=CMD" "COMPILER=arm-none-eabi-gcc" "ASSEMBLER=arm-none-eabi-as" "A
TRACE::2024-07-07.18:43:54::SCWMssOS::RCHIVER=arm-none-eabi-ar" "COMPILER_FLAGS=  -O2 -c" "EXTRA_COMPILER_FLAGS=-mcpu=cortex-a9 -mfpu=vfpv3 -mfloat-abi=hard -nostart
TRACE::2024-07-07.18:43:54::SCWMssOS::files -g -Wall -Wextra"

TRACE::2024-07-07.18:43:54::SCWMssOS::"Compiling tmrctr"

TRACE::2024-07-07.18:43:55::SCWMssOS::"Running Make libs in ps7_cortexa9_0/libsrc/uartps_v3_9/src"

TRACE::2024-07-07.18:43:55::SCWMssOS::make -C ps7_cortexa9_0/libsrc/uartps_v3_9/src -s libs  "SHELL=CMD" "COMPILER=arm-none-eabi-gcc" "ASSEMBLER=arm-none-eabi-as" "A
TRACE::2024-07-07.18:43:55::SCWMssOS::RCHIVER=arm-none-eabi-ar" "COMPILER_FLAGS=  -O2 -c" "EXTRA_COMPILER_FLAGS=-mcpu=cortex-a9 -mfpu=vfpv3 -mfloat-abi=hard -nostart
TRACE::2024-07-07.18:43:55::SCWMssOS::files -g -Wall -Wextra"

TRACE::2024-07-07.18:43:55::SCWMssOS::"Compiling uartps"

TRACE::2024-07-07.18:43:56::SCWMssOS::"Running Make libs in ps7_cortexa9_0/libsrc/usbps_v2_5/src"

TRACE::2024-07-07.18:43:56::SCWMssOS::make -C ps7_cortexa9_0/libsrc/usbps_v2_5/src -s libs  "SHELL=CMD" "COMPILER=arm-none-eabi-gcc" "ASSEMBLER=arm-none-eabi-as" "AR
TRACE::2024-07-07.18:43:56::SCWMssOS::CHIVER=arm-none-eabi-ar" "COMPILER_FLAGS=  -O2 -c" "EXTRA_COMPILER_FLAGS=-mcpu=cortex-a9 -mfpu=vfpv3 -mfloat-abi=hard -nostartf
TRACE::2024-07-07.18:43:56::SCWMssOS::iles -g -Wall -Wextra"

TRACE::2024-07-07.18:43:56::SCWMssOS::"Compiling usbps"

TRACE::2024-07-07.18:43:57::SCWMssOS::"Running Make libs in ps7_cortexa9_0/libsrc/xadcps_v2_4/src"

TRACE::2024-07-07.18:43:57::SCWMssOS::make -C ps7_cortexa9_0/libsrc/xadcps_v2_4/src -s libs  "SHELL=CMD" "COMPILER=arm-none-eabi-gcc" "ASSEMBLER=arm-none-eabi-as" "A
TRACE::2024-07-07.18:43:57::SCWMssOS::RCHIVER=arm-none-eabi-ar" "COMPILER_FLAGS=  -O2 -c" "EXTRA_COMPILER_FLAGS=-mcpu=cortex-a9 -mfpu=vfpv3 -mfloat-abi=hard -nostart
TRACE::2024-07-07.18:43:57::SCWMssOS::files -g -Wall -Wextra"

TRACE::2024-07-07.18:43:57::SCWMssOS::"Compiling xadcps"

TRACE::2024-07-07.18:43:58::SCWMssOS::'Finished building libraries'

TRACE::2024-07-07.18:43:58::SCWMssOS:: Checking if to create the Supporting Applications
TRACE::2024-07-07.18:43:58::SCWMssOS:: No Linux domain exists, trying to generate FSBL 
LOG::2024-07-07.18:43:58::SCWSystem::Completed Processing the domain standalone_domain
LOG::2024-07-07.18:43:58::SCWSystem::Completed Processing the sysconfig SEPmonG3V3
LOG::2024-07-07.18:43:58::SCWPlatform::Completed generating the artifacts for system configuration SEPmonG3V3
TRACE::2024-07-07.18:43:58::SCWPlatform::Started preparing the platform 
TRACE::2024-07-07.18:43:58::SCWSystem::Writing the bif file for system config SEPmonG3V3
TRACE::2024-07-07.18:43:58::SCWSystem::dir created 
TRACE::2024-07-07.18:43:58::SCWSystem::Writing the bif 
TRACE::2024-07-07.18:43:58::SCWPlatform::Started writing the spfm file 
TRACE::2024-07-07.18:43:58::SCWPlatform::Started writing the xpfm file 
TRACE::2024-07-07.18:43:58::SCWPlatform::Completed generating the platform
TRACE::2024-07-07.18:43:58::SCWMssOS::Saving the mss changes C:/Users/gusta/Documents/SEP_projects/HW_SW/SEPmonG3/SEPmonG3V3/zynq_fsbl/zynq_fsbl_bsp/system.mss
TRACE::2024-07-07.18:43:58::SCWMssOS::Found a swdesign opened with the mssfile.
TRACE::2024-07-07.18:43:58::SCWMssOS::Completed writemss as part of save.
TRACE::2024-07-07.18:43:58::SCWMssOS::Commit changes completed.
TRACE::2024-07-07.18:43:58::SCWMssOS::Saving the mss changes C:/Users/gusta/Documents/SEP_projects/HW_SW/SEPmonG3/SEPmonG3V3/ps7_cortexa9_0/standalone_domain/bsp/system.mss
TRACE::2024-07-07.18:43:58::SCWMssOS::Found a swdesign opened with the mssfile.
TRACE::2024-07-07.18:43:58::SCWMssOS::Running validate of swdbs.
KEYINFO::2024-07-07.18:43:58::SCWMssOS::Could not open the swdb for system_2
KEYINFO::2024-07-07.18:43:58::SCWMssOS::Could not open the sw design at  system_2
ERROR: [Hsi 55-1558] Software Design system_2 is not found

TRACE::2024-07-07.18:43:58::SCWMssOS::Cleared the swdb table entry
TRACE::2024-07-07.18:43:58::SCWMssOS::Adding the swdes entry, mss present, able to open swdb C:/Users/gusta/Documents/SEP_projects/HW_SW/SEPmonG3/SEPmonG3V3/ps7_cortexa9_0/standalone_domain/bsp/system.mss with des name system_2
TRACE::2024-07-07.18:43:58::SCWMssOS::Writing the mss file completed C:/Users/gusta/Documents/SEP_projects/HW_SW/SEPmonG3/SEPmonG3V3/ps7_cortexa9_0/standalone_domain/bsp/system.mss
TRACE::2024-07-07.18:43:58::SCWMssOS::Commit changes completed.
TRACE::2024-07-07.18:43:58::SCWPlatform::Trying to open the hw design at C:/Users/gusta/Documents/SEP_projects/HW_SW/SEPmonG3/SEPmonG3V3/hw/SEPmonG3V8.xsa
TRACE::2024-07-07.18:43:58::SCWPlatform::DSA given C:/Users/gusta/Documents/SEP_projects/HW_SW/SEPmonG3/SEPmonG3V3/hw/SEPmonG3V8.xsa
TRACE::2024-07-07.18:43:58::SCWPlatform::DSA absoulate path C:/Users/gusta/Documents/SEP_projects/HW_SW/SEPmonG3/SEPmonG3V3/hw/SEPmonG3V8.xsa
TRACE::2024-07-07.18:43:58::SCWPlatform::DSA directory C:/Users/gusta/Documents/SEP_projects/HW_SW/SEPmonG3/SEPmonG3V3/hw
TRACE::2024-07-07.18:43:58::SCWPlatform:: Platform Path C:/Users/gusta/Documents/SEP_projects/HW_SW/SEPmonG3/SEPmonG3V3/hw/SEPmonG3V8.xsa
TRACE::2024-07-07.18:43:58::SCWPlatform:: Unique name xilinx:zybo-z7-10::0.0
TRACE::2024-07-07.18:43:58::SCWPlatform::Trying to set the existing hwdb with name DEMO_wrapper_54
TRACE::2024-07-07.18:43:58::SCWPlatform::Opened existing hwdb DEMO_wrapper_54
TRACE::2024-07-07.18:43:58::SCWPlatform::Found the Hw Db part of the input DSA
TRACE::2024-07-07.18:43:58::SCWMssOS::Checking the sw design at  C:/Users/gusta/Documents/SEP_projects/HW_SW/SEPmonG3/SEPmonG3V3/zynq_fsbl/zynq_fsbl_bsp/system.mss
TRACE::2024-07-07.18:43:58::SCWMssOS::DEBUG:  swdes dump  C:/Users/gusta/Documents/SEP_projects/HW_SW/SEPmonG3/SEPmonG3/ps7_cortexa9_0/standalone_domain/bsp/system.mss|system_0||
C:/Users/gusta/Documents/SEP_projects/HW_SW/SEPmonG3/SEPmonG3/zynq_fsbl/zynq_fsbl_bsp/system.mss|system||
C:/Users/gusta/Documents/SEP_projects/HW_SW/SEPmonG3/SEPmonG3V3/ps7_cortexa9_0/standalone_domain/bsp/system.mss|system_2||
C:/Users/gusta/Documents/SEP_projects/HW_SW/SEPmonG3/SEPmonG3V3/zynq_fsbl/zynq_fsbl_bsp/system.mss|system_1||

TRACE::2024-07-07.18:43:58::SCWMssOS::Sw design exists and opened at  C:/Users/gusta/Documents/SEP_projects/HW_SW/SEPmonG3/SEPmonG3V3/zynq_fsbl/zynq_fsbl_bsp/system.mss
TRACE::2024-07-07.18:43:58::SCWPlatform::Trying to open the hw design at C:/Users/gusta/Documents/SEP_projects/HW_SW/SEPmonG3/SEPmonG3V3/hw/SEPmonG3V8.xsa
TRACE::2024-07-07.18:43:58::SCWPlatform::DSA given C:/Users/gusta/Documents/SEP_projects/HW_SW/SEPmonG3/SEPmonG3V3/hw/SEPmonG3V8.xsa
TRACE::2024-07-07.18:43:58::SCWPlatform::DSA absoulate path C:/Users/gusta/Documents/SEP_projects/HW_SW/SEPmonG3/SEPmonG3V3/hw/SEPmonG3V8.xsa
TRACE::2024-07-07.18:43:58::SCWPlatform::DSA directory C:/Users/gusta/Documents/SEP_projects/HW_SW/SEPmonG3/SEPmonG3V3/hw
TRACE::2024-07-07.18:43:58::SCWPlatform:: Platform Path C:/Users/gusta/Documents/SEP_projects/HW_SW/SEPmonG3/SEPmonG3V3/hw/SEPmonG3V8.xsa
TRACE::2024-07-07.18:43:58::SCWPlatform:: Unique name xilinx:zybo-z7-10::0.0
TRACE::2024-07-07.18:43:58::SCWPlatform::Trying to set the existing hwdb with name DEMO_wrapper_54
TRACE::2024-07-07.18:43:58::SCWPlatform::Opened existing hwdb DEMO_wrapper_54
TRACE::2024-07-07.18:43:58::SCWPlatform::Found the Hw Db part of the input DSA
TRACE::2024-07-07.18:43:58::SCWMssOS::Checking the sw design at  C:/Users/gusta/Documents/SEP_projects/HW_SW/SEPmonG3/SEPmonG3V3/ps7_cortexa9_0/standalone_domain/bsp/system.mss
TRACE::2024-07-07.18:43:58::SCWMssOS::DEBUG:  swdes dump  C:/Users/gusta/Documents/SEP_projects/HW_SW/SEPmonG3/SEPmonG3/ps7_cortexa9_0/standalone_domain/bsp/system.mss|system_0||
C:/Users/gusta/Documents/SEP_projects/HW_SW/SEPmonG3/SEPmonG3/zynq_fsbl/zynq_fsbl_bsp/system.mss|system||
C:/Users/gusta/Documents/SEP_projects/HW_SW/SEPmonG3/SEPmonG3V3/ps7_cortexa9_0/standalone_domain/bsp/system.mss|system_2||
C:/Users/gusta/Documents/SEP_projects/HW_SW/SEPmonG3/SEPmonG3V3/zynq_fsbl/zynq_fsbl_bsp/system.mss|system_1||

TRACE::2024-07-07.18:43:58::SCWMssOS::Sw design exists and opened at  C:/Users/gusta/Documents/SEP_projects/HW_SW/SEPmonG3/SEPmonG3V3/ps7_cortexa9_0/standalone_domain/bsp/system.mss
TRACE::2024-07-07.18:43:58::SCWWriter::formatted JSON is {
	"platformName":	"SEPmonG3V3",
	"sprVersion":	"2.0",
	"mode":	"gui",
	"dsaType":	"Fixed",
	"platformDesc":	"SEPmonG3V3",
	"platHandOff":	"C:/Users/gusta/Documents/SEP_projects/HW_SW/SEPmonG3/SEPmon/SEPmonG3V8.xsa",
	"platIntHandOff":	"<platformDir>/hw/SEPmonG3V8.xsa",
	"deviceType":	"zynq",
	"platIsPrebuiltAutogen":	"false",
	"platIsNoBootBsp":	"false",
	"hasFsblMakeHasChanges":	"false",
	"hasPmufwMakeHasChanges":	"false",
	"fsblExtraCompilerFlags":	"-MMD -MP       -mcpu=cortex-a9 -mfpu=vfpv3 -mfloat-abi=hard ",
	"platPreBuiltFlag":	false,
	"platformSamplesDir":	"",
	"platActiveSys":	"SEPmonG3V3",
	"systems":	[{
			"systemName":	"SEPmonG3V3",
			"systemDesc":	"SEPmonG3V3",
			"sysIsBootAutoGen":	"true",
			"systemDispName":	"SEPmonG3V3",
			"sysActiveDom":	"standalone_domain",
			"sysDefaultDom":	"standalone_domain",
			"domains":	[{
					"domainName":	"zynq_fsbl",
					"domainDispName":	"zynq_fsbl",
					"domainDesc":	"FSBL Application BSP - Auto Generated.",
					"processors":	"ps7_cortexa9_0",
					"os":	"standalone",
					"sdxOs":	"standalone",
					"debugEnable":	"",
					"domRuntimes":	["cpp"],
					"swRepo":	"",
					"mssOsVer":	"7.2",
					"mssFile":	"",
					"md5Digest":	"1c3d65b23234dc3ec6f7ff2cc82e7a29",
					"compatibleApp":	"zynq_fsbl",
					"domType":	"bootDomain",
					"appSettings":	{
						"appCompilerFlags":	"",
						"appLinkerFlags":	""
					},
					"addedLibs":	["xilffs:4.3", "xilrsa:1.6"],
					"libOptions":	{
						"libsContainingOptions":	[]
					},
					"prebuiltLibs":	{
						"prebuiltIncPath":	[],
						"prebuiltLibPath":	[]
					},
					"isolation":	{
					}
				}, {
					"domainName":	"standalone_domain",
					"domainDispName":	"standalone on ps7_cortexa9_0",
					"domainDesc":	"standalone_domain",
					"processors":	"ps7_cortexa9_0",
					"os":	"standalone",
					"sdxOs":	"standalone",
					"qemuArgs":	"C:/Xilinx/Vitis/2020.1/data/emulation/platforms/zynq/qemu/qemu_args.txt",
					"qemuData":	"C:/Xilinx/Vitis/2020.1/data/emulation/platforms/zynq/qemu/",
					"debugEnable":	"False",
					"domRuntimes":	["cpp"],
					"swRepo":	"",
					"mssOsVer":	"7.2",
					"mssFile":	"",
					"md5Digest":	"265d04d91c8cdd485e050a5ab4fc76b5",
					"compatibleApp":	"",
					"domType":	"mssDomain",
					"appSettings":	{
						"appCompilerFlags":	"",
						"appLinkerFlags":	""
					},
					"addedLibs":	[],
					"libOptions":	{
						"libsContainingOptions":	[]
					},
					"prebuiltLibs":	{
						"prebuiltIncPath":	[],
						"prebuiltLibPath":	[]
					},
					"isolation":	{
					}
				}]
		}]
}
KEYINFO::2024-07-07.18:43:58::SCWPlatform::updated the xpfm file.
TRACE::2024-07-07.18:43:58::SCWPlatform::Trying to open the hw design at C:/Users/gusta/Documents/SEP_projects/HW_SW/SEPmonG3/SEPmonG3V3/hw/SEPmonG3V8.xsa
TRACE::2024-07-07.18:43:58::SCWPlatform::DSA given C:/Users/gusta/Documents/SEP_projects/HW_SW/SEPmonG3/SEPmonG3V3/hw/SEPmonG3V8.xsa
TRACE::2024-07-07.18:43:58::SCWPlatform::DSA absoulate path C:/Users/gusta/Documents/SEP_projects/HW_SW/SEPmonG3/SEPmonG3V3/hw/SEPmonG3V8.xsa
TRACE::2024-07-07.18:43:58::SCWPlatform::DSA directory C:/Users/gusta/Documents/SEP_projects/HW_SW/SEPmonG3/SEPmonG3V3/hw
TRACE::2024-07-07.18:43:58::SCWPlatform:: Platform Path C:/Users/gusta/Documents/SEP_projects/HW_SW/SEPmonG3/SEPmonG3V3/hw/SEPmonG3V8.xsa
TRACE::2024-07-07.18:43:58::SCWPlatform:: Unique name xilinx:zybo-z7-10::0.0
TRACE::2024-07-07.18:43:58::SCWPlatform::Trying to set the existing hwdb with name DEMO_wrapper_54
TRACE::2024-07-07.18:43:58::SCWPlatform::Opened existing hwdb DEMO_wrapper_54
TRACE::2024-07-07.18:43:58::SCWPlatform::Found the Hw Db part of the input DSA
TRACE::2024-07-07.18:43:58::SCWMssOS::Checking the sw design at  C:/Users/gusta/Documents/SEP_projects/HW_SW/SEPmonG3/SEPmonG3V3/ps7_cortexa9_0/standalone_domain/bsp/system.mss
TRACE::2024-07-07.18:43:58::SCWMssOS::DEBUG:  swdes dump  C:/Users/gusta/Documents/SEP_projects/HW_SW/SEPmonG3/SEPmonG3/ps7_cortexa9_0/standalone_domain/bsp/system.mss|system_0||
C:/Users/gusta/Documents/SEP_projects/HW_SW/SEPmonG3/SEPmonG3/zynq_fsbl/zynq_fsbl_bsp/system.mss|system||
C:/Users/gusta/Documents/SEP_projects/HW_SW/SEPmonG3/SEPmonG3V3/ps7_cortexa9_0/standalone_domain/bsp/system.mss|system_2||
C:/Users/gusta/Documents/SEP_projects/HW_SW/SEPmonG3/SEPmonG3V3/zynq_fsbl/zynq_fsbl_bsp/system.mss|system_1||

TRACE::2024-07-07.18:43:58::SCWMssOS::Sw design exists and opened at  C:/Users/gusta/Documents/SEP_projects/HW_SW/SEPmonG3/SEPmonG3V3/ps7_cortexa9_0/standalone_domain/bsp/system.mss
TRACE::2024-07-07.21:22:59::SCWPlatform::Trying to open the hw design at C:/Users/gusta/Documents/SEP_projects/HW_SW/SEPmonG3/SEPmonG3V3/hw/SEPmonG3V8.xsa
TRACE::2024-07-07.21:22:59::SCWPlatform::DSA given C:/Users/gusta/Documents/SEP_projects/HW_SW/SEPmonG3/SEPmonG3V3/hw/SEPmonG3V8.xsa
TRACE::2024-07-07.21:22:59::SCWPlatform::DSA absoulate path C:/Users/gusta/Documents/SEP_projects/HW_SW/SEPmonG3/SEPmonG3V3/hw/SEPmonG3V8.xsa
TRACE::2024-07-07.21:22:59::SCWPlatform::DSA directory C:/Users/gusta/Documents/SEP_projects/HW_SW/SEPmonG3/SEPmonG3V3/hw
TRACE::2024-07-07.21:22:59::SCWPlatform:: Platform Path C:/Users/gusta/Documents/SEP_projects/HW_SW/SEPmonG3/SEPmonG3V3/hw/SEPmonG3V8.xsa
TRACE::2024-07-07.21:22:59::SCWPlatform:: Unique name xilinx:zybo-z7-10::0.0
TRACE::2024-07-07.21:22:59::SCWPlatform::Trying to set the existing hwdb with name DEMO_wrapper_54
TRACE::2024-07-07.21:22:59::SCWPlatform::Opened existing hwdb DEMO_wrapper_54
TRACE::2024-07-07.21:22:59::SCWPlatform::Found the Hw Db part of the input DSA
TRACE::2024-07-07.21:22:59::SCWPlatform::DSA given C:/Users/gusta/Documents/SEP_projects/HW_SW/SEPmonG3/SEPmonG3V3/tempdsa/SEPmonG3V9.xsa
TRACE::2024-07-07.21:22:59::SCWPlatform::DSA absoulate path C:/Users/gusta/Documents/SEP_projects/HW_SW/SEPmonG3/SEPmonG3V3/tempdsa/SEPmonG3V9.xsa
TRACE::2024-07-07.21:22:59::SCWPlatform:: Platform location is C:/Users/gusta/Documents/SEP_projects/HW_SW/SEPmonG3/SEPmonG3V3/tempdsa
TRACE::2024-07-07.21:22:59::SCWPlatform:: Platform Path C:/Users/gusta/Documents/SEP_projects/HW_SW/SEPmonG3/SEPmonG3V3/tempdsa/SEPmonG3V9.xsa
TRACE::2024-07-07.21:22:59::SCWPlatform:: Unique name xilinx:zybo-z7-10::0.0
TRACE::2024-07-07.21:23:01::SCWPlatform::Found the Hw Db part of the input DSA
TRACE::2024-07-07.21:23:01::SCWMssOS::Doing hw sync for the mss in domain: zynq_fsbl
TRACE::2024-07-07.21:23:01::SCWPlatform::Trying to open the hw design at C:/Users/gusta/Documents/SEP_projects/HW_SW/SEPmonG3/SEPmonG3V3/hw/SEPmonG3V8.xsa
TRACE::2024-07-07.21:23:01::SCWPlatform::DSA given C:/Users/gusta/Documents/SEP_projects/HW_SW/SEPmonG3/SEPmonG3V3/hw/SEPmonG3V8.xsa
TRACE::2024-07-07.21:23:01::SCWPlatform::DSA absoulate path C:/Users/gusta/Documents/SEP_projects/HW_SW/SEPmonG3/SEPmonG3V3/hw/SEPmonG3V8.xsa
TRACE::2024-07-07.21:23:01::SCWPlatform::DSA directory C:/Users/gusta/Documents/SEP_projects/HW_SW/SEPmonG3/SEPmonG3V3/hw
TRACE::2024-07-07.21:23:01::SCWPlatform:: Platform Path C:/Users/gusta/Documents/SEP_projects/HW_SW/SEPmonG3/SEPmonG3V3/hw/SEPmonG3V8.xsa
TRACE::2024-07-07.21:23:01::SCWPlatform:: Unique name xilinx:zybo-z7-10::0.0
TRACE::2024-07-07.21:23:01::SCWPlatform::Trying to set the existing hwdb with name DEMO_wrapper_54
TRACE::2024-07-07.21:23:01::SCWPlatform::Opened existing hwdb DEMO_wrapper_54
TRACE::2024-07-07.21:23:01::SCWPlatform::Found the Hw Db part of the input DSA
TRACE::2024-07-07.21:23:01::SCWPlatform::Trying to open the hw design at C:/Users/gusta/Documents/SEP_projects/HW_SW/SEPmonG3/SEPmonG3V3/hw/SEPmonG3V8.xsa
TRACE::2024-07-07.21:23:01::SCWPlatform::DSA given C:/Users/gusta/Documents/SEP_projects/HW_SW/SEPmonG3/SEPmonG3V3/hw/SEPmonG3V8.xsa
TRACE::2024-07-07.21:23:01::SCWPlatform::DSA absoulate path C:/Users/gusta/Documents/SEP_projects/HW_SW/SEPmonG3/SEPmonG3V3/hw/SEPmonG3V8.xsa
TRACE::2024-07-07.21:23:01::SCWPlatform::DSA directory C:/Users/gusta/Documents/SEP_projects/HW_SW/SEPmonG3/SEPmonG3V3/hw
TRACE::2024-07-07.21:23:02::SCWPlatform:: Platform Path C:/Users/gusta/Documents/SEP_projects/HW_SW/SEPmonG3/SEPmonG3V3/hw/SEPmonG3V8.xsa
TRACE::2024-07-07.21:23:02::SCWPlatform:: Unique name xilinx:zybo-z7-10::0.0
TRACE::2024-07-07.21:23:02::SCWPlatform::Trying to set the existing hwdb with name DEMO_wrapper_54
TRACE::2024-07-07.21:23:02::SCWPlatform::Opened existing hwdb DEMO_wrapper_54
TRACE::2024-07-07.21:23:02::SCWPlatform::Found the Hw Db part of the input DSA
TRACE::2024-07-07.21:23:02::SCWMssOS::Checking the sw design at  C:/Users/gusta/Documents/SEP_projects/HW_SW/SEPmonG3/SEPmonG3V3/zynq_fsbl/zynq_fsbl_bsp/system.mss
TRACE::2024-07-07.21:23:02::SCWMssOS::DEBUG:  swdes dump  C:/Users/gusta/Documents/SEP_projects/HW_SW/SEPmonG3/SEPmonG3/ps7_cortexa9_0/standalone_domain/bsp/system.mss|system_0||
C:/Users/gusta/Documents/SEP_projects/HW_SW/SEPmonG3/SEPmonG3/zynq_fsbl/zynq_fsbl_bsp/system.mss|system||
C:/Users/gusta/Documents/SEP_projects/HW_SW/SEPmonG3/SEPmonG3V3/ps7_cortexa9_0/standalone_domain/bsp/system.mss|system_2||
C:/Users/gusta/Documents/SEP_projects/HW_SW/SEPmonG3/SEPmonG3V3/zynq_fsbl/zynq_fsbl_bsp/system.mss|system_1||

TRACE::2024-07-07.21:23:02::SCWMssOS::Sw design exists and opened at  C:/Users/gusta/Documents/SEP_projects/HW_SW/SEPmonG3/SEPmonG3V3/zynq_fsbl/zynq_fsbl_bsp/system.mss
TRACE::2024-07-07.21:23:02::SCWPlatform::Trying to open the hw design at C:/Users/gusta/Documents/SEP_projects/HW_SW/SEPmonG3/SEPmonG3V3/tempdsa/SEPmonG3V9.xsa
TRACE::2024-07-07.21:23:02::SCWPlatform::DSA given C:/Users/gusta/Documents/SEP_projects/HW_SW/SEPmonG3/SEPmonG3V3/tempdsa/SEPmonG3V9.xsa
TRACE::2024-07-07.21:23:02::SCWPlatform::DSA absoulate path C:/Users/gusta/Documents/SEP_projects/HW_SW/SEPmonG3/SEPmonG3V3/tempdsa/SEPmonG3V9.xsa
TRACE::2024-07-07.21:23:02::SCWPlatform::DSA directory C:/Users/gusta/Documents/SEP_projects/HW_SW/SEPmonG3/SEPmonG3V3/tempdsa
TRACE::2024-07-07.21:23:02::SCWPlatform:: Platform Path C:/Users/gusta/Documents/SEP_projects/HW_SW/SEPmonG3/SEPmonG3V3/tempdsa/SEPmonG3V9.xsa
TRACE::2024-07-07.21:23:02::SCWPlatform:: Unique name xilinx:zybo-z7-10::0.0
TRACE::2024-07-07.21:23:02::SCWPlatform::update - Opened existing hwdb DEMO_wrapper_56
TRACE::2024-07-07.21:23:02::SCWPlatform::Found the Hw Db part of the input DSA
TRACE::2024-07-07.21:23:02::SCWMssOS::Doing hw sync for the mss in domain: standalone_domain
TRACE::2024-07-07.21:23:02::SCWPlatform::Trying to open the hw design at C:/Users/gusta/Documents/SEP_projects/HW_SW/SEPmonG3/SEPmonG3V3/hw/SEPmonG3V8.xsa
TRACE::2024-07-07.21:23:02::SCWPlatform::DSA given C:/Users/gusta/Documents/SEP_projects/HW_SW/SEPmonG3/SEPmonG3V3/hw/SEPmonG3V8.xsa
TRACE::2024-07-07.21:23:02::SCWPlatform::DSA absoulate path C:/Users/gusta/Documents/SEP_projects/HW_SW/SEPmonG3/SEPmonG3V3/hw/SEPmonG3V8.xsa
TRACE::2024-07-07.21:23:02::SCWPlatform::DSA directory C:/Users/gusta/Documents/SEP_projects/HW_SW/SEPmonG3/SEPmonG3V3/hw
TRACE::2024-07-07.21:23:02::SCWPlatform:: Platform Path C:/Users/gusta/Documents/SEP_projects/HW_SW/SEPmonG3/SEPmonG3V3/hw/SEPmonG3V8.xsa
TRACE::2024-07-07.21:23:02::SCWPlatform:: Unique name xilinx:zybo-z7-10::0.0
TRACE::2024-07-07.21:23:02::SCWPlatform::Trying to set the existing hwdb with name DEMO_wrapper_54
TRACE::2024-07-07.21:23:02::SCWPlatform::Opened existing hwdb DEMO_wrapper_54
TRACE::2024-07-07.21:23:02::SCWPlatform::Found the Hw Db part of the input DSA
TRACE::2024-07-07.21:23:02::SCWPlatform::Trying to open the hw design at C:/Users/gusta/Documents/SEP_projects/HW_SW/SEPmonG3/SEPmonG3V3/hw/SEPmonG3V8.xsa
TRACE::2024-07-07.21:23:02::SCWPlatform::DSA given C:/Users/gusta/Documents/SEP_projects/HW_SW/SEPmonG3/SEPmonG3V3/hw/SEPmonG3V8.xsa
TRACE::2024-07-07.21:23:02::SCWPlatform::DSA absoulate path C:/Users/gusta/Documents/SEP_projects/HW_SW/SEPmonG3/SEPmonG3V3/hw/SEPmonG3V8.xsa
TRACE::2024-07-07.21:23:02::SCWPlatform::DSA directory C:/Users/gusta/Documents/SEP_projects/HW_SW/SEPmonG3/SEPmonG3V3/hw
TRACE::2024-07-07.21:23:02::SCWPlatform:: Platform Path C:/Users/gusta/Documents/SEP_projects/HW_SW/SEPmonG3/SEPmonG3V3/hw/SEPmonG3V8.xsa
TRACE::2024-07-07.21:23:02::SCWPlatform:: Unique name xilinx:zybo-z7-10::0.0
TRACE::2024-07-07.21:23:02::SCWPlatform::Trying to set the existing hwdb with name DEMO_wrapper_54
TRACE::2024-07-07.21:23:02::SCWPlatform::Opened existing hwdb DEMO_wrapper_54
TRACE::2024-07-07.21:23:02::SCWPlatform::Found the Hw Db part of the input DSA
TRACE::2024-07-07.21:23:02::SCWMssOS::Checking the sw design at  C:/Users/gusta/Documents/SEP_projects/HW_SW/SEPmonG3/SEPmonG3V3/ps7_cortexa9_0/standalone_domain/bsp/system.mss
TRACE::2024-07-07.21:23:02::SCWMssOS::DEBUG:  swdes dump  C:/Users/gusta/Documents/SEP_projects/HW_SW/SEPmonG3/SEPmonG3/ps7_cortexa9_0/standalone_domain/bsp/system.mss|system_0||
C:/Users/gusta/Documents/SEP_projects/HW_SW/SEPmonG3/SEPmonG3/zynq_fsbl/zynq_fsbl_bsp/system.mss|system||
C:/Users/gusta/Documents/SEP_projects/HW_SW/SEPmonG3/SEPmonG3V3/ps7_cortexa9_0/standalone_domain/bsp/system.mss|system_2||
C:/Users/gusta/Documents/SEP_projects/HW_SW/SEPmonG3/SEPmonG3V3/zynq_fsbl/zynq_fsbl_bsp/system.mss|system_1||

TRACE::2024-07-07.21:23:02::SCWMssOS::Sw design exists and opened at  C:/Users/gusta/Documents/SEP_projects/HW_SW/SEPmonG3/SEPmonG3V3/ps7_cortexa9_0/standalone_domain/bsp/system.mss
TRACE::2024-07-07.21:23:02::SCWPlatform::Trying to open the hw design at C:/Users/gusta/Documents/SEP_projects/HW_SW/SEPmonG3/SEPmonG3V3/tempdsa/SEPmonG3V9.xsa
TRACE::2024-07-07.21:23:02::SCWPlatform::DSA given C:/Users/gusta/Documents/SEP_projects/HW_SW/SEPmonG3/SEPmonG3V3/tempdsa/SEPmonG3V9.xsa
TRACE::2024-07-07.21:23:02::SCWPlatform::DSA absoulate path C:/Users/gusta/Documents/SEP_projects/HW_SW/SEPmonG3/SEPmonG3V3/tempdsa/SEPmonG3V9.xsa
TRACE::2024-07-07.21:23:02::SCWPlatform::DSA directory C:/Users/gusta/Documents/SEP_projects/HW_SW/SEPmonG3/SEPmonG3V3/tempdsa
TRACE::2024-07-07.21:23:02::SCWPlatform:: Platform Path C:/Users/gusta/Documents/SEP_projects/HW_SW/SEPmonG3/SEPmonG3V3/tempdsa/SEPmonG3V9.xsa
TRACE::2024-07-07.21:23:02::SCWPlatform:: Unique name xilinx:zybo-z7-10::0.0
TRACE::2024-07-07.21:23:02::SCWPlatform::update - Opened existing hwdb DEMO_wrapper_56
TRACE::2024-07-07.21:23:02::SCWPlatform::Found the Hw Db part of the input DSA
TRACE::2024-07-07.21:23:02::SCWMssOS::Saving the mss changes C:/Users/gusta/Documents/SEP_projects/HW_SW/SEPmonG3/SEPmonG3V3/zynq_fsbl/zynq_fsbl_bsp/system.mss
TRACE::2024-07-07.21:23:02::SCWMssOS::Found a swdesign opened with the mssfile.
TRACE::2024-07-07.21:23:02::SCWMssOS::Completed writemss as part of save.
TRACE::2024-07-07.21:23:02::SCWMssOS::Commit changes completed.
TRACE::2024-07-07.21:23:02::SCWMssOS::Completed hw sync for the mss in domain: zynq_fsbl
TRACE::2024-07-07.21:23:02::SCWMssOS::Removing the swdes entry for  C:/Users/gusta/Documents/SEP_projects/HW_SW/SEPmonG3/SEPmonG3V3/zynq_fsbl/zynq_fsbl_bsp/system.mss
TRACE::2024-07-07.21:23:02::SCWMssOS::Saving the mss changes C:/Users/gusta/Documents/SEP_projects/HW_SW/SEPmonG3/SEPmonG3V3/ps7_cortexa9_0/standalone_domain/bsp/system.mss
TRACE::2024-07-07.21:23:02::SCWMssOS::Found a swdesign opened with the mssfile.
TRACE::2024-07-07.21:23:02::SCWMssOS::Completed writemss as part of save.
TRACE::2024-07-07.21:23:02::SCWMssOS::Commit changes completed.
TRACE::2024-07-07.21:23:02::SCWMssOS::Completed hw sync for the mss in domain: standalone_domain
TRACE::2024-07-07.21:23:02::SCWMssOS::Removing the swdes entry for  C:/Users/gusta/Documents/SEP_projects/HW_SW/SEPmonG3/SEPmonG3V3/ps7_cortexa9_0/standalone_domain/bsp/system.mss
TRACE::2024-07-07.21:23:02::SCWPlatform::Trying to open the hw design at C:/Users/gusta/Documents/SEP_projects/HW_SW/SEPmonG3/SEPmonG3V3/hw/SEPmonG3V9.xsa
TRACE::2024-07-07.21:23:02::SCWPlatform::DSA given C:/Users/gusta/Documents/SEP_projects/HW_SW/SEPmonG3/SEPmonG3V3/hw/SEPmonG3V9.xsa
TRACE::2024-07-07.21:23:02::SCWPlatform::DSA absoulate path C:/Users/gusta/Documents/SEP_projects/HW_SW/SEPmonG3/SEPmonG3V3/hw/SEPmonG3V9.xsa
TRACE::2024-07-07.21:23:02::SCWPlatform::DSA directory C:/Users/gusta/Documents/SEP_projects/HW_SW/SEPmonG3/SEPmonG3V3/hw
TRACE::2024-07-07.21:23:02::SCWPlatform:: Platform Path C:/Users/gusta/Documents/SEP_projects/HW_SW/SEPmonG3/SEPmonG3V3/hw/SEPmonG3V9.xsa
TRACE::2024-07-07.21:23:02::SCWPlatform:: Unique name xilinx:zybo-z7-10::0.0
TRACE::2024-07-07.21:23:02::SCWPlatform::Do not have an existing db opened. 
TRACE::2024-07-07.21:23:04::SCWPlatform::Opened new HwDB with name DEMO_wrapper_57
TRACE::2024-07-07.21:23:04::SCWPlatform::Trying to open the hw design at C:/Users/gusta/Documents/SEP_projects/HW_SW/SEPmonG3/SEPmonG3V3/hw/SEPmonG3V9.xsa
TRACE::2024-07-07.21:23:04::SCWPlatform::DSA given C:/Users/gusta/Documents/SEP_projects/HW_SW/SEPmonG3/SEPmonG3V3/hw/SEPmonG3V9.xsa
TRACE::2024-07-07.21:23:04::SCWPlatform::DSA absoulate path C:/Users/gusta/Documents/SEP_projects/HW_SW/SEPmonG3/SEPmonG3V3/hw/SEPmonG3V9.xsa
TRACE::2024-07-07.21:23:04::SCWPlatform::DSA directory C:/Users/gusta/Documents/SEP_projects/HW_SW/SEPmonG3/SEPmonG3V3/hw
TRACE::2024-07-07.21:23:04::SCWPlatform:: Platform Path C:/Users/gusta/Documents/SEP_projects/HW_SW/SEPmonG3/SEPmonG3V3/hw/SEPmonG3V9.xsa
TRACE::2024-07-07.21:23:04::SCWPlatform:: Unique name xilinx:zybo-z7-10::0.0
TRACE::2024-07-07.21:23:04::SCWPlatform::Trying to set the existing hwdb with name DEMO_wrapper_57
TRACE::2024-07-07.21:23:04::SCWPlatform::Opened existing hwdb DEMO_wrapper_57
TRACE::2024-07-07.21:23:04::SCWPlatform::Found the Hw Db part of the input DSA
TRACE::2024-07-07.21:23:04::SCWMssOS::Checking the sw design at  C:/Users/gusta/Documents/SEP_projects/HW_SW/SEPmonG3/SEPmonG3V3/zynq_fsbl/zynq_fsbl_bsp/system.mss
TRACE::2024-07-07.21:23:04::SCWMssOS::DEBUG:  swdes dump  C:/Users/gusta/Documents/SEP_projects/HW_SW/SEPmonG3/SEPmonG3/ps7_cortexa9_0/standalone_domain/bsp/system.mss|system_0||
C:/Users/gusta/Documents/SEP_projects/HW_SW/SEPmonG3/SEPmonG3/zynq_fsbl/zynq_fsbl_bsp/system.mss|system||

TRACE::2024-07-07.21:23:04::SCWMssOS::No sw design opened at  C:/Users/gusta/Documents/SEP_projects/HW_SW/SEPmonG3/SEPmonG3V3/zynq_fsbl/zynq_fsbl_bsp/system.mss
TRACE::2024-07-07.21:23:04::SCWMssOS::mss exists loading the mss file  C:/Users/gusta/Documents/SEP_projects/HW_SW/SEPmonG3/SEPmonG3V3/zynq_fsbl/zynq_fsbl_bsp/system.mss
TRACE::2024-07-07.21:23:04::SCWMssOS::Opened the sw design from mss  C:/Users/gusta/Documents/SEP_projects/HW_SW/SEPmonG3/SEPmonG3V3/zynq_fsbl/zynq_fsbl_bsp/system.mss
TRACE::2024-07-07.21:23:04::SCWMssOS::Adding the swdes entry C:/Users/gusta/Documents/SEP_projects/HW_SW/SEPmonG3/SEPmonG3V3/zynq_fsbl/zynq_fsbl_bsp/system.mss with des name system_1
TRACE::2024-07-07.21:23:04::SCWMssOS::updating the scw layer about changes
TRACE::2024-07-07.21:23:04::SCWMssOS::Opened the sw design.  C:/Users/gusta/Documents/SEP_projects/HW_SW/SEPmonG3/SEPmonG3V3/zynq_fsbl/zynq_fsbl_bsp/system.mss
TRACE::2024-07-07.21:23:04::SCWMssOS::Saving the mss changes C:/Users/gusta/Documents/SEP_projects/HW_SW/SEPmonG3/SEPmonG3V3/zynq_fsbl/zynq_fsbl_bsp/system.mss
TRACE::2024-07-07.21:23:04::SCWMssOS::Found a swdesign opened with the mssfile.
TRACE::2024-07-07.21:23:04::SCWMssOS::Completed writemss as part of save.
TRACE::2024-07-07.21:23:04::SCWMssOS::Commit changes completed.
TRACE::2024-07-07.21:23:04::SCWMssOS::Saving the mss changes C:/Users/gusta/Documents/SEP_projects/HW_SW/SEPmonG3/SEPmonG3V3/ps7_cortexa9_0/standalone_domain/bsp/system.mss
TRACE::2024-07-07.21:23:04::SCWMssOS::Adding the swdes entry, mss present, able to open swdb C:/Users/gusta/Documents/SEP_projects/HW_SW/SEPmonG3/SEPmonG3V3/ps7_cortexa9_0/standalone_domain/bsp/system.mss with des name system_2
TRACE::2024-07-07.21:23:04::SCWMssOS::Writing the mss file completed C:/Users/gusta/Documents/SEP_projects/HW_SW/SEPmonG3/SEPmonG3V3/ps7_cortexa9_0/standalone_domain/bsp/system.mss
TRACE::2024-07-07.21:23:04::SCWMssOS::Commit changes completed.
TRACE::2024-07-07.21:23:04::SCWPlatform::Trying to open the hw design at C:/Users/gusta/Documents/SEP_projects/HW_SW/SEPmonG3/SEPmonG3V3/hw/SEPmonG3V9.xsa
TRACE::2024-07-07.21:23:04::SCWPlatform::DSA given C:/Users/gusta/Documents/SEP_projects/HW_SW/SEPmonG3/SEPmonG3V3/hw/SEPmonG3V9.xsa
TRACE::2024-07-07.21:23:04::SCWPlatform::DSA absoulate path C:/Users/gusta/Documents/SEP_projects/HW_SW/SEPmonG3/SEPmonG3V3/hw/SEPmonG3V9.xsa
TRACE::2024-07-07.21:23:04::SCWPlatform::DSA directory C:/Users/gusta/Documents/SEP_projects/HW_SW/SEPmonG3/SEPmonG3V3/hw
TRACE::2024-07-07.21:23:04::SCWPlatform:: Platform Path C:/Users/gusta/Documents/SEP_projects/HW_SW/SEPmonG3/SEPmonG3V3/hw/SEPmonG3V9.xsa
TRACE::2024-07-07.21:23:04::SCWPlatform:: Unique name xilinx:zybo-z7-10::0.0
TRACE::2024-07-07.21:23:04::SCWPlatform::Trying to set the existing hwdb with name DEMO_wrapper_57
TRACE::2024-07-07.21:23:04::SCWPlatform::Opened existing hwdb DEMO_wrapper_57
TRACE::2024-07-07.21:23:04::SCWPlatform::Found the Hw Db part of the input DSA
TRACE::2024-07-07.21:23:04::SCWMssOS::Checking the sw design at  C:/Users/gusta/Documents/SEP_projects/HW_SW/SEPmonG3/SEPmonG3V3/zynq_fsbl/zynq_fsbl_bsp/system.mss
TRACE::2024-07-07.21:23:04::SCWMssOS::DEBUG:  swdes dump  C:/Users/gusta/Documents/SEP_projects/HW_SW/SEPmonG3/SEPmonG3/ps7_cortexa9_0/standalone_domain/bsp/system.mss|system_0||
C:/Users/gusta/Documents/SEP_projects/HW_SW/SEPmonG3/SEPmonG3/zynq_fsbl/zynq_fsbl_bsp/system.mss|system||
C:/Users/gusta/Documents/SEP_projects/HW_SW/SEPmonG3/SEPmonG3V3/ps7_cortexa9_0/standalone_domain/bsp/system.mss|system_2||
C:/Users/gusta/Documents/SEP_projects/HW_SW/SEPmonG3/SEPmonG3V3/zynq_fsbl/zynq_fsbl_bsp/system.mss|system_1||

TRACE::2024-07-07.21:23:04::SCWMssOS::Sw design exists and opened at  C:/Users/gusta/Documents/SEP_projects/HW_SW/SEPmonG3/SEPmonG3V3/zynq_fsbl/zynq_fsbl_bsp/system.mss
TRACE::2024-07-07.21:23:04::SCWPlatform::Trying to open the hw design at C:/Users/gusta/Documents/SEP_projects/HW_SW/SEPmonG3/SEPmonG3V3/hw/SEPmonG3V9.xsa
TRACE::2024-07-07.21:23:04::SCWPlatform::DSA given C:/Users/gusta/Documents/SEP_projects/HW_SW/SEPmonG3/SEPmonG3V3/hw/SEPmonG3V9.xsa
TRACE::2024-07-07.21:23:04::SCWPlatform::DSA absoulate path C:/Users/gusta/Documents/SEP_projects/HW_SW/SEPmonG3/SEPmonG3V3/hw/SEPmonG3V9.xsa
TRACE::2024-07-07.21:23:04::SCWPlatform::DSA directory C:/Users/gusta/Documents/SEP_projects/HW_SW/SEPmonG3/SEPmonG3V3/hw
TRACE::2024-07-07.21:23:04::SCWPlatform:: Platform Path C:/Users/gusta/Documents/SEP_projects/HW_SW/SEPmonG3/SEPmonG3V3/hw/SEPmonG3V9.xsa
TRACE::2024-07-07.21:23:04::SCWPlatform:: Unique name xilinx:zybo-z7-10::0.0
TRACE::2024-07-07.21:23:04::SCWPlatform::Trying to set the existing hwdb with name DEMO_wrapper_57
TRACE::2024-07-07.21:23:04::SCWPlatform::Opened existing hwdb DEMO_wrapper_57
TRACE::2024-07-07.21:23:04::SCWPlatform::Found the Hw Db part of the input DSA
TRACE::2024-07-07.21:23:04::SCWMssOS::Checking the sw design at  C:/Users/gusta/Documents/SEP_projects/HW_SW/SEPmonG3/SEPmonG3V3/ps7_cortexa9_0/standalone_domain/bsp/system.mss
TRACE::2024-07-07.21:23:04::SCWMssOS::DEBUG:  swdes dump  C:/Users/gusta/Documents/SEP_projects/HW_SW/SEPmonG3/SEPmonG3/ps7_cortexa9_0/standalone_domain/bsp/system.mss|system_0||
C:/Users/gusta/Documents/SEP_projects/HW_SW/SEPmonG3/SEPmonG3/zynq_fsbl/zynq_fsbl_bsp/system.mss|system||
C:/Users/gusta/Documents/SEP_projects/HW_SW/SEPmonG3/SEPmonG3V3/ps7_cortexa9_0/standalone_domain/bsp/system.mss|system_2||
C:/Users/gusta/Documents/SEP_projects/HW_SW/SEPmonG3/SEPmonG3V3/zynq_fsbl/zynq_fsbl_bsp/system.mss|system_1||

TRACE::2024-07-07.21:23:04::SCWMssOS::Sw design exists and opened at  C:/Users/gusta/Documents/SEP_projects/HW_SW/SEPmonG3/SEPmonG3V3/ps7_cortexa9_0/standalone_domain/bsp/system.mss
TRACE::2024-07-07.21:23:04::SCWWriter::formatted JSON is {
	"platformName":	"SEPmonG3V3",
	"sprVersion":	"2.0",
	"mode":	"gui",
	"dsaType":	"Fixed",
	"platformDesc":	"SEPmonG3V3",
	"platHandOff":	"C:/Users/gusta/Documents/SEP_projects/HW_SW/SEPmonG3/SEPmon/SEPmonG3V9.xsa",
	"platIntHandOff":	"<platformDir>/hw/SEPmonG3V9.xsa",
	"deviceType":	"zynq",
	"platIsPrebuiltAutogen":	"false",
	"platIsNoBootBsp":	"false",
	"hasFsblMakeHasChanges":	"false",
	"hasPmufwMakeHasChanges":	"false",
	"fsblExtraCompilerFlags":	"-MMD -MP       -mcpu=cortex-a9 -mfpu=vfpv3 -mfloat-abi=hard ",
	"platPreBuiltFlag":	false,
	"platformSamplesDir":	"",
	"platActiveSys":	"SEPmonG3V3",
	"systems":	[{
			"systemName":	"SEPmonG3V3",
			"systemDesc":	"SEPmonG3V3",
			"sysIsBootAutoGen":	"true",
			"systemDispName":	"SEPmonG3V3",
			"sysActiveDom":	"standalone_domain",
			"sysDefaultDom":	"standalone_domain",
			"domains":	[{
					"domainName":	"zynq_fsbl",
					"domainDispName":	"zynq_fsbl",
					"domainDesc":	"FSBL Application BSP - Auto Generated.",
					"processors":	"ps7_cortexa9_0",
					"os":	"standalone",
					"sdxOs":	"standalone",
					"debugEnable":	"",
					"domRuntimes":	["cpp"],
					"swRepo":	"",
					"mssOsVer":	"7.2",
					"mssFile":	"",
					"md5Digest":	"1c3d65b23234dc3ec6f7ff2cc82e7a29",
					"compatibleApp":	"zynq_fsbl",
					"domType":	"bootDomain",
					"appSettings":	{
						"appCompilerFlags":	"",
						"appLinkerFlags":	""
					},
					"addedLibs":	["xilffs:4.3", "xilrsa:1.6"],
					"libOptions":	{
						"libsContainingOptions":	[]
					},
					"prebuiltLibs":	{
						"prebuiltIncPath":	[],
						"prebuiltLibPath":	[]
					},
					"isolation":	{
					}
				}, {
					"domainName":	"standalone_domain",
					"domainDispName":	"standalone on ps7_cortexa9_0",
					"domainDesc":	"standalone_domain",
					"processors":	"ps7_cortexa9_0",
					"os":	"standalone",
					"sdxOs":	"standalone",
					"qemuArgs":	"C:/Xilinx/Vitis/2020.1/data/emulation/platforms/zynq/qemu/qemu_args.txt",
					"qemuData":	"C:/Xilinx/Vitis/2020.1/data/emulation/platforms/zynq/qemu/",
					"debugEnable":	"False",
					"domRuntimes":	["cpp"],
					"swRepo":	"",
					"mssOsVer":	"7.2",
					"mssFile":	"",
					"md5Digest":	"265d04d91c8cdd485e050a5ab4fc76b5",
					"compatibleApp":	"",
					"domType":	"mssDomain",
					"appSettings":	{
						"appCompilerFlags":	"",
						"appLinkerFlags":	""
					},
					"addedLibs":	[],
					"libOptions":	{
						"libsContainingOptions":	[]
					},
					"prebuiltLibs":	{
						"prebuiltIncPath":	[],
						"prebuiltLibPath":	[]
					},
					"isolation":	{
					}
				}]
		}]
}
TRACE::2024-07-07.21:23:05::SCWPlatform::Clearing the existing platform
TRACE::2024-07-07.21:23:05::SCWSystem::Clearing the existing sysconfig
TRACE::2024-07-07.21:23:05::SCWBDomain::clearing the fsbl build
TRACE::2024-07-07.21:23:05::SCWMssOS::Removing the swdes entry for  C:/Users/gusta/Documents/SEP_projects/HW_SW/SEPmonG3/SEPmonG3V3/zynq_fsbl/zynq_fsbl_bsp/system.mss
TRACE::2024-07-07.21:23:05::SCWMssOS::Removing the swdes entry for  C:/Users/gusta/Documents/SEP_projects/HW_SW/SEPmonG3/SEPmonG3V3/ps7_cortexa9_0/standalone_domain/bsp/system.mss
TRACE::2024-07-07.21:23:05::SCWSystem::Clearing the domains completed.
TRACE::2024-07-07.21:23:05::SCWPlatform::Clearing the opened hw db.
TRACE::2024-07-07.21:23:05::SCWPlatform::DSA given C:/Users/gusta/Documents/SEP_projects/HW_SW/SEPmonG3/SEPmonG3V3/hw/SEPmonG3V9.xsa
TRACE::2024-07-07.21:23:05::SCWPlatform::DSA absoulate path C:/Users/gusta/Documents/SEP_projects/HW_SW/SEPmonG3/SEPmonG3V3/hw/SEPmonG3V9.xsa
TRACE::2024-07-07.21:23:05::SCWPlatform:: Platform location is C:/Users/gusta/Documents/SEP_projects/HW_SW/SEPmonG3/SEPmonG3V3/hw
TRACE::2024-07-07.21:23:05::SCWPlatform:: Platform Path C:/Users/gusta/Documents/SEP_projects/HW_SW/SEPmonG3/SEPmonG3V3/hw/SEPmonG3V9.xsa
TRACE::2024-07-07.21:23:05::SCWPlatform:: Unique name xilinx:zybo-z7-10::0.0
TRACE::2024-07-07.21:23:05::SCWPlatform::Removing the HwDB with name C:/Users/gusta/Documents/SEP_projects/HW_SW/SEPmonG3/SEPmonG3V3/hw/SEPmonG3V9.xsa
TRACE::2024-07-07.21:23:05::SCWPlatform::Trying to open the hw design at C:/Users/gusta/Documents/SEP_projects/HW_SW/SEPmonG3/SEPmonG3V3/hw/SEPmonG3V9.xsa
TRACE::2024-07-07.21:23:05::SCWPlatform::DSA given C:/Users/gusta/Documents/SEP_projects/HW_SW/SEPmonG3/SEPmonG3V3/hw/SEPmonG3V9.xsa
TRACE::2024-07-07.21:23:05::SCWPlatform::DSA absoulate path C:/Users/gusta/Documents/SEP_projects/HW_SW/SEPmonG3/SEPmonG3V3/hw/SEPmonG3V9.xsa
TRACE::2024-07-07.21:23:05::SCWPlatform::DSA directory C:/Users/gusta/Documents/SEP_projects/HW_SW/SEPmonG3/SEPmonG3V3/hw
TRACE::2024-07-07.21:23:05::SCWPlatform:: Platform Path C:/Users/gusta/Documents/SEP_projects/HW_SW/SEPmonG3/SEPmonG3V3/hw/SEPmonG3V9.xsa
TRACE::2024-07-07.21:23:05::SCWPlatform:: Unique name xilinx:zybo-z7-10::0.0
TRACE::2024-07-07.21:23:05::SCWPlatform::Do not have an existing db opened. 
TRACE::2024-07-07.21:23:07::SCWPlatform::Opened new HwDB with name DEMO_wrapper_58
TRACE::2024-07-07.21:23:07::SCWReader::Active system found as  SEPmonG3V3
TRACE::2024-07-07.21:23:07::SCWReader::Handling sysconfig SEPmonG3V3
TRACE::2024-07-07.21:23:07::SCWDomain::checking for install qemu data   : 
TRACE::2024-07-07.21:23:07::SCWDomain:: Using the QEMU Data from install at  : C:/Xilinx/Vitis/2020.1/data/emulation/platforms/zynq/qemu/
TRACE::2024-07-07.21:23:07::SCWDomain:: Using the QEMU args  from install at  : C:/Xilinx/Vitis/2020.1/data/emulation/platforms/zynq/qemu/qemu_args.txt
TRACE::2024-07-07.21:23:07::SCWPlatform::Trying to open the hw design at C:/Users/gusta/Documents/SEP_projects/HW_SW/SEPmonG3/SEPmonG3V3/hw/SEPmonG3V9.xsa
TRACE::2024-07-07.21:23:07::SCWPlatform::DSA given C:/Users/gusta/Documents/SEP_projects/HW_SW/SEPmonG3/SEPmonG3V3/hw/SEPmonG3V9.xsa
TRACE::2024-07-07.21:23:07::SCWPlatform::DSA absoulate path C:/Users/gusta/Documents/SEP_projects/HW_SW/SEPmonG3/SEPmonG3V3/hw/SEPmonG3V9.xsa
TRACE::2024-07-07.21:23:07::SCWPlatform::DSA directory C:/Users/gusta/Documents/SEP_projects/HW_SW/SEPmonG3/SEPmonG3V3/hw
TRACE::2024-07-07.21:23:07::SCWPlatform:: Platform Path C:/Users/gusta/Documents/SEP_projects/HW_SW/SEPmonG3/SEPmonG3V3/hw/SEPmonG3V9.xsa
TRACE::2024-07-07.21:23:07::SCWPlatform:: Unique name xilinx:zybo-z7-10::0.0
TRACE::2024-07-07.21:23:07::SCWPlatform::Trying to set the existing hwdb with name DEMO_wrapper_58
TRACE::2024-07-07.21:23:07::SCWPlatform::Opened existing hwdb DEMO_wrapper_58
TRACE::2024-07-07.21:23:07::SCWPlatform::Found the Hw Db part of the input DSA
TRACE::2024-07-07.21:23:07::SCWPlatform::Trying to open the hw design at C:/Users/gusta/Documents/SEP_projects/HW_SW/SEPmonG3/SEPmonG3V3/hw/SEPmonG3V9.xsa
TRACE::2024-07-07.21:23:07::SCWPlatform::DSA given C:/Users/gusta/Documents/SEP_projects/HW_SW/SEPmonG3/SEPmonG3V3/hw/SEPmonG3V9.xsa
TRACE::2024-07-07.21:23:07::SCWPlatform::DSA absoulate path C:/Users/gusta/Documents/SEP_projects/HW_SW/SEPmonG3/SEPmonG3V3/hw/SEPmonG3V9.xsa
TRACE::2024-07-07.21:23:07::SCWPlatform::DSA directory C:/Users/gusta/Documents/SEP_projects/HW_SW/SEPmonG3/SEPmonG3V3/hw
TRACE::2024-07-07.21:23:07::SCWPlatform:: Platform Path C:/Users/gusta/Documents/SEP_projects/HW_SW/SEPmonG3/SEPmonG3V3/hw/SEPmonG3V9.xsa
TRACE::2024-07-07.21:23:07::SCWPlatform:: Unique name xilinx:zybo-z7-10::0.0
TRACE::2024-07-07.21:23:07::SCWPlatform::Trying to set the existing hwdb with name DEMO_wrapper_58
TRACE::2024-07-07.21:23:07::SCWPlatform::Opened existing hwdb DEMO_wrapper_58
TRACE::2024-07-07.21:23:07::SCWPlatform::Found the Hw Db part of the input DSA
TRACE::2024-07-07.21:23:07::SCWPlatform::Trying to open the hw design at C:/Users/gusta/Documents/SEP_projects/HW_SW/SEPmonG3/SEPmonG3V3/hw/SEPmonG3V9.xsa
TRACE::2024-07-07.21:23:07::SCWPlatform::DSA given C:/Users/gusta/Documents/SEP_projects/HW_SW/SEPmonG3/SEPmonG3V3/hw/SEPmonG3V9.xsa
TRACE::2024-07-07.21:23:07::SCWPlatform::DSA absoulate path C:/Users/gusta/Documents/SEP_projects/HW_SW/SEPmonG3/SEPmonG3V3/hw/SEPmonG3V9.xsa
TRACE::2024-07-07.21:23:07::SCWPlatform::DSA directory C:/Users/gusta/Documents/SEP_projects/HW_SW/SEPmonG3/SEPmonG3V3/hw
TRACE::2024-07-07.21:23:07::SCWPlatform:: Platform Path C:/Users/gusta/Documents/SEP_projects/HW_SW/SEPmonG3/SEPmonG3V3/hw/SEPmonG3V9.xsa
TRACE::2024-07-07.21:23:07::SCWPlatform:: Unique name xilinx:zybo-z7-10::0.0
TRACE::2024-07-07.21:23:07::SCWPlatform::Trying to set the existing hwdb with name DEMO_wrapper_58
TRACE::2024-07-07.21:23:07::SCWPlatform::Opened existing hwdb DEMO_wrapper_58
TRACE::2024-07-07.21:23:07::SCWPlatform::Found the Hw Db part of the input DSA
TRACE::2024-07-07.21:23:07::SCWReader::Boot application domain added for zynq_fsbl
TRACE::2024-07-07.21:23:07::SCWPlatform::Trying to open the hw design at C:/Users/gusta/Documents/SEP_projects/HW_SW/SEPmonG3/SEPmonG3V3/hw/SEPmonG3V9.xsa
TRACE::2024-07-07.21:23:07::SCWPlatform::DSA given C:/Users/gusta/Documents/SEP_projects/HW_SW/SEPmonG3/SEPmonG3V3/hw/SEPmonG3V9.xsa
TRACE::2024-07-07.21:23:07::SCWPlatform::DSA absoulate path C:/Users/gusta/Documents/SEP_projects/HW_SW/SEPmonG3/SEPmonG3V3/hw/SEPmonG3V9.xsa
TRACE::2024-07-07.21:23:07::SCWPlatform::DSA directory C:/Users/gusta/Documents/SEP_projects/HW_SW/SEPmonG3/SEPmonG3V3/hw
TRACE::2024-07-07.21:23:07::SCWPlatform:: Platform Path C:/Users/gusta/Documents/SEP_projects/HW_SW/SEPmonG3/SEPmonG3V3/hw/SEPmonG3V9.xsa
TRACE::2024-07-07.21:23:07::SCWPlatform:: Unique name xilinx:zybo-z7-10::0.0
TRACE::2024-07-07.21:23:07::SCWPlatform::Trying to set the existing hwdb with name DEMO_wrapper_58
TRACE::2024-07-07.21:23:07::SCWPlatform::Opened existing hwdb DEMO_wrapper_58
TRACE::2024-07-07.21:23:07::SCWPlatform::Found the Hw Db part of the input DSA
TRACE::2024-07-07.21:23:07::SCWMssOS::Checking the sw design at  C:/Users/gusta/Documents/SEP_projects/HW_SW/SEPmonG3/SEPmonG3V3/zynq_fsbl/zynq_fsbl_bsp/system.mss
TRACE::2024-07-07.21:23:07::SCWMssOS::DEBUG:  swdes dump  C:/Users/gusta/Documents/SEP_projects/HW_SW/SEPmonG3/SEPmonG3/ps7_cortexa9_0/standalone_domain/bsp/system.mss|system_0||
C:/Users/gusta/Documents/SEP_projects/HW_SW/SEPmonG3/SEPmonG3/zynq_fsbl/zynq_fsbl_bsp/system.mss|system||

TRACE::2024-07-07.21:23:07::SCWMssOS::No sw design opened at  C:/Users/gusta/Documents/SEP_projects/HW_SW/SEPmonG3/SEPmonG3V3/zynq_fsbl/zynq_fsbl_bsp/system.mss
TRACE::2024-07-07.21:23:07::SCWMssOS::mss exists loading the mss file  C:/Users/gusta/Documents/SEP_projects/HW_SW/SEPmonG3/SEPmonG3V3/zynq_fsbl/zynq_fsbl_bsp/system.mss
TRACE::2024-07-07.21:23:07::SCWMssOS::Opened the sw design from mss  C:/Users/gusta/Documents/SEP_projects/HW_SW/SEPmonG3/SEPmonG3V3/zynq_fsbl/zynq_fsbl_bsp/system.mss
TRACE::2024-07-07.21:23:07::SCWMssOS::Adding the swdes entry C:/Users/gusta/Documents/SEP_projects/HW_SW/SEPmonG3/SEPmonG3V3/zynq_fsbl/zynq_fsbl_bsp/system.mss with des name system_1
TRACE::2024-07-07.21:23:07::SCWMssOS::updating the scw layer about changes
TRACE::2024-07-07.21:23:07::SCWMssOS::Opened the sw design.  C:/Users/gusta/Documents/SEP_projects/HW_SW/SEPmonG3/SEPmonG3V3/zynq_fsbl/zynq_fsbl_bsp/system.mss
TRACE::2024-07-07.21:23:07::SCWPlatform::Trying to open the hw design at C:/Users/gusta/Documents/SEP_projects/HW_SW/SEPmonG3/SEPmonG3V3/hw/SEPmonG3V9.xsa
TRACE::2024-07-07.21:23:07::SCWPlatform::DSA given C:/Users/gusta/Documents/SEP_projects/HW_SW/SEPmonG3/SEPmonG3V3/hw/SEPmonG3V9.xsa
TRACE::2024-07-07.21:23:07::SCWPlatform::DSA absoulate path C:/Users/gusta/Documents/SEP_projects/HW_SW/SEPmonG3/SEPmonG3V3/hw/SEPmonG3V9.xsa
TRACE::2024-07-07.21:23:07::SCWPlatform::DSA directory C:/Users/gusta/Documents/SEP_projects/HW_SW/SEPmonG3/SEPmonG3V3/hw
TRACE::2024-07-07.21:23:07::SCWPlatform:: Platform Path C:/Users/gusta/Documents/SEP_projects/HW_SW/SEPmonG3/SEPmonG3V3/hw/SEPmonG3V9.xsa
TRACE::2024-07-07.21:23:07::SCWPlatform:: Unique name xilinx:zybo-z7-10::0.0
TRACE::2024-07-07.21:23:07::SCWPlatform::Trying to set the existing hwdb with name DEMO_wrapper_58
TRACE::2024-07-07.21:23:07::SCWPlatform::Opened existing hwdb DEMO_wrapper_58
TRACE::2024-07-07.21:23:07::SCWPlatform::Found the Hw Db part of the input DSA
TRACE::2024-07-07.21:23:07::SCWMssOS::Checking the sw design at  C:/Users/gusta/Documents/SEP_projects/HW_SW/SEPmonG3/SEPmonG3V3/zynq_fsbl/zynq_fsbl_bsp/system.mss
TRACE::2024-07-07.21:23:07::SCWMssOS::DEBUG:  swdes dump  C:/Users/gusta/Documents/SEP_projects/HW_SW/SEPmonG3/SEPmonG3/ps7_cortexa9_0/standalone_domain/bsp/system.mss|system_0||
C:/Users/gusta/Documents/SEP_projects/HW_SW/SEPmonG3/SEPmonG3/zynq_fsbl/zynq_fsbl_bsp/system.mss|system||
C:/Users/gusta/Documents/SEP_projects/HW_SW/SEPmonG3/SEPmonG3V3/zynq_fsbl/zynq_fsbl_bsp/system.mss|system_1||

TRACE::2024-07-07.21:23:07::SCWMssOS::Sw design exists and opened at  C:/Users/gusta/Documents/SEP_projects/HW_SW/SEPmonG3/SEPmonG3V3/zynq_fsbl/zynq_fsbl_bsp/system.mss
TRACE::2024-07-07.21:23:07::SCWMssOS:: library already available in sw design:  xilffs:4.3
TRACE::2024-07-07.21:23:07::SCWPlatform::Trying to open the hw design at C:/Users/gusta/Documents/SEP_projects/HW_SW/SEPmonG3/SEPmonG3V3/hw/SEPmonG3V9.xsa
TRACE::2024-07-07.21:23:07::SCWPlatform::DSA given C:/Users/gusta/Documents/SEP_projects/HW_SW/SEPmonG3/SEPmonG3V3/hw/SEPmonG3V9.xsa
TRACE::2024-07-07.21:23:07::SCWPlatform::DSA absoulate path C:/Users/gusta/Documents/SEP_projects/HW_SW/SEPmonG3/SEPmonG3V3/hw/SEPmonG3V9.xsa
TRACE::2024-07-07.21:23:07::SCWPlatform::DSA directory C:/Users/gusta/Documents/SEP_projects/HW_SW/SEPmonG3/SEPmonG3V3/hw
TRACE::2024-07-07.21:23:07::SCWPlatform:: Platform Path C:/Users/gusta/Documents/SEP_projects/HW_SW/SEPmonG3/SEPmonG3V3/hw/SEPmonG3V9.xsa
TRACE::2024-07-07.21:23:07::SCWPlatform:: Unique name xilinx:zybo-z7-10::0.0
TRACE::2024-07-07.21:23:07::SCWPlatform::Trying to set the existing hwdb with name DEMO_wrapper_58
TRACE::2024-07-07.21:23:07::SCWPlatform::Opened existing hwdb DEMO_wrapper_58
TRACE::2024-07-07.21:23:07::SCWPlatform::Found the Hw Db part of the input DSA
TRACE::2024-07-07.21:23:07::SCWMssOS::Checking the sw design at  C:/Users/gusta/Documents/SEP_projects/HW_SW/SEPmonG3/SEPmonG3V3/zynq_fsbl/zynq_fsbl_bsp/system.mss
TRACE::2024-07-07.21:23:07::SCWMssOS::DEBUG:  swdes dump  C:/Users/gusta/Documents/SEP_projects/HW_SW/SEPmonG3/SEPmonG3/ps7_cortexa9_0/standalone_domain/bsp/system.mss|system_0||
C:/Users/gusta/Documents/SEP_projects/HW_SW/SEPmonG3/SEPmonG3/zynq_fsbl/zynq_fsbl_bsp/system.mss|system||
C:/Users/gusta/Documents/SEP_projects/HW_SW/SEPmonG3/SEPmonG3V3/zynq_fsbl/zynq_fsbl_bsp/system.mss|system_1||

TRACE::2024-07-07.21:23:07::SCWMssOS::Sw design exists and opened at  C:/Users/gusta/Documents/SEP_projects/HW_SW/SEPmonG3/SEPmonG3V3/zynq_fsbl/zynq_fsbl_bsp/system.mss
TRACE::2024-07-07.21:23:07::SCWMssOS:: library already available in sw design:  xilrsa:1.6
TRACE::2024-07-07.21:23:07::SCWMssOS::Saving the mss changes C:/Users/gusta/Documents/SEP_projects/HW_SW/SEPmonG3/SEPmonG3V3/zynq_fsbl/zynq_fsbl_bsp/system.mss
TRACE::2024-07-07.21:23:07::SCWMssOS::Found a swdesign opened with the mssfile.
TRACE::2024-07-07.21:23:07::SCWMssOS::Completed writemss as part of save.
TRACE::2024-07-07.21:23:07::SCWMssOS::Commit changes completed.
TRACE::2024-07-07.21:23:07::SCWReader::Adding prebuilt librarypaths as   
TRACE::2024-07-07.21:23:07::SCWReader::Adding prebuilt incpaths  as   
TRACE::2024-07-07.21:23:07::SCWPlatform::Trying to open the hw design at C:/Users/gusta/Documents/SEP_projects/HW_SW/SEPmonG3/SEPmonG3V3/hw/SEPmonG3V9.xsa
TRACE::2024-07-07.21:23:07::SCWPlatform::DSA given C:/Users/gusta/Documents/SEP_projects/HW_SW/SEPmonG3/SEPmonG3V3/hw/SEPmonG3V9.xsa
TRACE::2024-07-07.21:23:07::SCWPlatform::DSA absoulate path C:/Users/gusta/Documents/SEP_projects/HW_SW/SEPmonG3/SEPmonG3V3/hw/SEPmonG3V9.xsa
TRACE::2024-07-07.21:23:07::SCWPlatform::DSA directory C:/Users/gusta/Documents/SEP_projects/HW_SW/SEPmonG3/SEPmonG3V3/hw
TRACE::2024-07-07.21:23:07::SCWPlatform:: Platform Path C:/Users/gusta/Documents/SEP_projects/HW_SW/SEPmonG3/SEPmonG3V3/hw/SEPmonG3V9.xsa
TRACE::2024-07-07.21:23:07::SCWPlatform:: Unique name xilinx:zybo-z7-10::0.0
TRACE::2024-07-07.21:23:07::SCWPlatform::Trying to set the existing hwdb with name DEMO_wrapper_58
TRACE::2024-07-07.21:23:07::SCWPlatform::Opened existing hwdb DEMO_wrapper_58
TRACE::2024-07-07.21:23:07::SCWPlatform::Found the Hw Db part of the input DSA
TRACE::2024-07-07.21:23:07::SCWMssOS::Checking the sw design at  C:/Users/gusta/Documents/SEP_projects/HW_SW/SEPmonG3/SEPmonG3V3/zynq_fsbl/zynq_fsbl_bsp/system.mss
TRACE::2024-07-07.21:23:07::SCWMssOS::DEBUG:  swdes dump  C:/Users/gusta/Documents/SEP_projects/HW_SW/SEPmonG3/SEPmonG3/ps7_cortexa9_0/standalone_domain/bsp/system.mss|system_0||
C:/Users/gusta/Documents/SEP_projects/HW_SW/SEPmonG3/SEPmonG3/zynq_fsbl/zynq_fsbl_bsp/system.mss|system||
C:/Users/gusta/Documents/SEP_projects/HW_SW/SEPmonG3/SEPmonG3V3/zynq_fsbl/zynq_fsbl_bsp/system.mss|system_1||

TRACE::2024-07-07.21:23:07::SCWMssOS::Sw design exists and opened at  C:/Users/gusta/Documents/SEP_projects/HW_SW/SEPmonG3/SEPmonG3V3/zynq_fsbl/zynq_fsbl_bsp/system.mss
TRACE::2024-07-07.21:23:07::SCWReader::No isolation master present  
TRACE::2024-07-07.21:23:07::SCWDomain::checking for install qemu data   : 
TRACE::2024-07-07.21:23:07::SCWDomain:: Using the QEMU Data from install at  : C:/Xilinx/Vitis/2020.1/data/emulation/platforms/zynq/qemu/
TRACE::2024-07-07.21:23:07::SCWDomain:: Using the QEMU args  from install at  : C:/Xilinx/Vitis/2020.1/data/emulation/platforms/zynq/qemu/qemu_args.txt
TRACE::2024-07-07.21:23:07::SCWPlatform::Trying to open the hw design at C:/Users/gusta/Documents/SEP_projects/HW_SW/SEPmonG3/SEPmonG3V3/hw/SEPmonG3V9.xsa
TRACE::2024-07-07.21:23:07::SCWPlatform::DSA given C:/Users/gusta/Documents/SEP_projects/HW_SW/SEPmonG3/SEPmonG3V3/hw/SEPmonG3V9.xsa
TRACE::2024-07-07.21:23:07::SCWPlatform::DSA absoulate path C:/Users/gusta/Documents/SEP_projects/HW_SW/SEPmonG3/SEPmonG3V3/hw/SEPmonG3V9.xsa
TRACE::2024-07-07.21:23:07::SCWPlatform::DSA directory C:/Users/gusta/Documents/SEP_projects/HW_SW/SEPmonG3/SEPmonG3V3/hw
TRACE::2024-07-07.21:23:07::SCWPlatform:: Platform Path C:/Users/gusta/Documents/SEP_projects/HW_SW/SEPmonG3/SEPmonG3V3/hw/SEPmonG3V9.xsa
TRACE::2024-07-07.21:23:07::SCWPlatform:: Unique name xilinx:zybo-z7-10::0.0
TRACE::2024-07-07.21:23:07::SCWPlatform::Trying to set the existing hwdb with name DEMO_wrapper_58
TRACE::2024-07-07.21:23:07::SCWPlatform::Opened existing hwdb DEMO_wrapper_58
TRACE::2024-07-07.21:23:07::SCWPlatform::Found the Hw Db part of the input DSA
TRACE::2024-07-07.21:23:07::SCWPlatform::Trying to open the hw design at C:/Users/gusta/Documents/SEP_projects/HW_SW/SEPmonG3/SEPmonG3V3/hw/SEPmonG3V9.xsa
TRACE::2024-07-07.21:23:07::SCWPlatform::DSA given C:/Users/gusta/Documents/SEP_projects/HW_SW/SEPmonG3/SEPmonG3V3/hw/SEPmonG3V9.xsa
TRACE::2024-07-07.21:23:07::SCWPlatform::DSA absoulate path C:/Users/gusta/Documents/SEP_projects/HW_SW/SEPmonG3/SEPmonG3V3/hw/SEPmonG3V9.xsa
TRACE::2024-07-07.21:23:07::SCWPlatform::DSA directory C:/Users/gusta/Documents/SEP_projects/HW_SW/SEPmonG3/SEPmonG3V3/hw
TRACE::2024-07-07.21:23:07::SCWPlatform:: Platform Path C:/Users/gusta/Documents/SEP_projects/HW_SW/SEPmonG3/SEPmonG3V3/hw/SEPmonG3V9.xsa
TRACE::2024-07-07.21:23:07::SCWPlatform:: Unique name xilinx:zybo-z7-10::0.0
TRACE::2024-07-07.21:23:07::SCWPlatform::Trying to set the existing hwdb with name DEMO_wrapper_58
TRACE::2024-07-07.21:23:07::SCWPlatform::Opened existing hwdb DEMO_wrapper_58
TRACE::2024-07-07.21:23:07::SCWPlatform::Found the Hw Db part of the input DSA
TRACE::2024-07-07.21:23:07::SCWPlatform::Trying to open the hw design at C:/Users/gusta/Documents/SEP_projects/HW_SW/SEPmonG3/SEPmonG3V3/hw/SEPmonG3V9.xsa
TRACE::2024-07-07.21:23:07::SCWPlatform::DSA given C:/Users/gusta/Documents/SEP_projects/HW_SW/SEPmonG3/SEPmonG3V3/hw/SEPmonG3V9.xsa
TRACE::2024-07-07.21:23:07::SCWPlatform::DSA absoulate path C:/Users/gusta/Documents/SEP_projects/HW_SW/SEPmonG3/SEPmonG3V3/hw/SEPmonG3V9.xsa
TRACE::2024-07-07.21:23:07::SCWPlatform::DSA directory C:/Users/gusta/Documents/SEP_projects/HW_SW/SEPmonG3/SEPmonG3V3/hw
TRACE::2024-07-07.21:23:07::SCWPlatform:: Platform Path C:/Users/gusta/Documents/SEP_projects/HW_SW/SEPmonG3/SEPmonG3V3/hw/SEPmonG3V9.xsa
TRACE::2024-07-07.21:23:07::SCWPlatform:: Unique name xilinx:zybo-z7-10::0.0
TRACE::2024-07-07.21:23:07::SCWPlatform::Trying to set the existing hwdb with name DEMO_wrapper_58
TRACE::2024-07-07.21:23:07::SCWPlatform::Opened existing hwdb DEMO_wrapper_58
TRACE::2024-07-07.21:23:07::SCWPlatform::Found the Hw Db part of the input DSA
TRACE::2024-07-07.21:23:07::SCWMssOS::Checking the sw design at  C:/Users/gusta/Documents/SEP_projects/HW_SW/SEPmonG3/SEPmonG3V3/ps7_cortexa9_0/standalone_domain/bsp/system.mss
TRACE::2024-07-07.21:23:07::SCWMssOS::DEBUG:  swdes dump  C:/Users/gusta/Documents/SEP_projects/HW_SW/SEPmonG3/SEPmonG3/ps7_cortexa9_0/standalone_domain/bsp/system.mss|system_0||
C:/Users/gusta/Documents/SEP_projects/HW_SW/SEPmonG3/SEPmonG3/zynq_fsbl/zynq_fsbl_bsp/system.mss|system||
C:/Users/gusta/Documents/SEP_projects/HW_SW/SEPmonG3/SEPmonG3V3/zynq_fsbl/zynq_fsbl_bsp/system.mss|system_1||

TRACE::2024-07-07.21:23:07::SCWMssOS::No sw design opened at  C:/Users/gusta/Documents/SEP_projects/HW_SW/SEPmonG3/SEPmonG3V3/ps7_cortexa9_0/standalone_domain/bsp/system.mss
TRACE::2024-07-07.21:23:07::SCWMssOS::mss exists loading the mss file  C:/Users/gusta/Documents/SEP_projects/HW_SW/SEPmonG3/SEPmonG3V3/ps7_cortexa9_0/standalone_domain/bsp/system.mss
TRACE::2024-07-07.21:23:07::SCWMssOS::Opened the sw design from mss  C:/Users/gusta/Documents/SEP_projects/HW_SW/SEPmonG3/SEPmonG3V3/ps7_cortexa9_0/standalone_domain/bsp/system.mss
TRACE::2024-07-07.21:23:07::SCWMssOS::Adding the swdes entry C:/Users/gusta/Documents/SEP_projects/HW_SW/SEPmonG3/SEPmonG3V3/ps7_cortexa9_0/standalone_domain/bsp/system.mss with des name system_2
TRACE::2024-07-07.21:23:07::SCWMssOS::updating the scw layer about changes
TRACE::2024-07-07.21:23:07::SCWMssOS::Opened the sw design.  C:/Users/gusta/Documents/SEP_projects/HW_SW/SEPmonG3/SEPmonG3V3/ps7_cortexa9_0/standalone_domain/bsp/system.mss
TRACE::2024-07-07.21:23:07::SCWMssOS::Saving the mss changes C:/Users/gusta/Documents/SEP_projects/HW_SW/SEPmonG3/SEPmonG3V3/ps7_cortexa9_0/standalone_domain/bsp/system.mss
TRACE::2024-07-07.21:23:07::SCWMssOS::Found a swdesign opened with the mssfile.
TRACE::2024-07-07.21:23:07::SCWMssOS::Completed writemss as part of save.
TRACE::2024-07-07.21:23:07::SCWMssOS::Commit changes completed.
TRACE::2024-07-07.21:23:07::SCWReader::Adding prebuilt librarypaths as   
TRACE::2024-07-07.21:23:07::SCWReader::Adding prebuilt incpaths  as   
TRACE::2024-07-07.21:23:07::SCWPlatform::Trying to open the hw design at C:/Users/gusta/Documents/SEP_projects/HW_SW/SEPmonG3/SEPmonG3V3/hw/SEPmonG3V9.xsa
TRACE::2024-07-07.21:23:07::SCWPlatform::DSA given C:/Users/gusta/Documents/SEP_projects/HW_SW/SEPmonG3/SEPmonG3V3/hw/SEPmonG3V9.xsa
TRACE::2024-07-07.21:23:07::SCWPlatform::DSA absoulate path C:/Users/gusta/Documents/SEP_projects/HW_SW/SEPmonG3/SEPmonG3V3/hw/SEPmonG3V9.xsa
TRACE::2024-07-07.21:23:07::SCWPlatform::DSA directory C:/Users/gusta/Documents/SEP_projects/HW_SW/SEPmonG3/SEPmonG3V3/hw
TRACE::2024-07-07.21:23:07::SCWPlatform:: Platform Path C:/Users/gusta/Documents/SEP_projects/HW_SW/SEPmonG3/SEPmonG3V3/hw/SEPmonG3V9.xsa
TRACE::2024-07-07.21:23:07::SCWPlatform:: Unique name xilinx:zybo-z7-10::0.0
TRACE::2024-07-07.21:23:07::SCWPlatform::Trying to set the existing hwdb with name DEMO_wrapper_58
TRACE::2024-07-07.21:23:07::SCWPlatform::Opened existing hwdb DEMO_wrapper_58
TRACE::2024-07-07.21:23:07::SCWPlatform::Found the Hw Db part of the input DSA
TRACE::2024-07-07.21:23:07::SCWMssOS::Checking the sw design at  C:/Users/gusta/Documents/SEP_projects/HW_SW/SEPmonG3/SEPmonG3V3/ps7_cortexa9_0/standalone_domain/bsp/system.mss
TRACE::2024-07-07.21:23:07::SCWMssOS::DEBUG:  swdes dump  C:/Users/gusta/Documents/SEP_projects/HW_SW/SEPmonG3/SEPmonG3/ps7_cortexa9_0/standalone_domain/bsp/system.mss|system_0||
C:/Users/gusta/Documents/SEP_projects/HW_SW/SEPmonG3/SEPmonG3/zynq_fsbl/zynq_fsbl_bsp/system.mss|system||
C:/Users/gusta/Documents/SEP_projects/HW_SW/SEPmonG3/SEPmonG3V3/ps7_cortexa9_0/standalone_domain/bsp/system.mss|system_2||
C:/Users/gusta/Documents/SEP_projects/HW_SW/SEPmonG3/SEPmonG3V3/zynq_fsbl/zynq_fsbl_bsp/system.mss|system_1||

TRACE::2024-07-07.21:23:07::SCWMssOS::Sw design exists and opened at  C:/Users/gusta/Documents/SEP_projects/HW_SW/SEPmonG3/SEPmonG3V3/ps7_cortexa9_0/standalone_domain/bsp/system.mss
TRACE::2024-07-07.21:23:07::SCWReader::No isolation master present  
LOG::2024-07-07.21:23:10::SCWPlatform::Started generating the artifacts platform SEPmonG3V3
TRACE::2024-07-07.21:23:10::SCWPlatform::Sanity checking of platform is completed
LOG::2024-07-07.21:23:10::SCWPlatform::Started generating the artifacts for system configuration SEPmonG3V3
LOG::2024-07-07.21:23:10::SCWSystem::Checking the domain zynq_fsbl
LOG::2024-07-07.21:23:10::SCWSystem::Doing application build for :  zynq_fsbl
TRACE::2024-07-07.21:23:10::SCWBDomain::Not a forced makefile updation, No changes are present. 
TRACE::2024-07-07.21:23:10::SCWDomain::Skipping the build for domain :  zynq_fsbl
LOG::2024-07-07.21:23:10::SCWSystem::Checking the domain standalone_domain
LOG::2024-07-07.21:23:10::SCWSystem::Not a boot domain 
LOG::2024-07-07.21:23:10::SCWSystem::Started Processing the domain standalone_domain
TRACE::2024-07-07.21:23:10::SCWDomain::Generating domain artifcats
TRACE::2024-07-07.21:23:10::SCWMssOS::Generating standalone artifcats
TRACE::2024-07-07.21:23:10::SCWMssOS::Copying the qemu file from  C:/Xilinx/Vitis/2020.1/data/emulation/platforms/zynq/qemu/qemu_args.txt To C:/Users/gusta/Documents/SEP_projects/HW_SW/SEPmonG3/SEPmonG3V3/export/SEPmonG3V3/sw/SEPmonG3V3/qemu/
TRACE::2024-07-07.21:23:10::SCWMssOS::Copying the qemu file from  C:/Xilinx/Vitis/2020.1/data/emulation/platforms/zynq/qemu/qemu_args.txt To C:/Users/gusta/Documents/SEP_projects/HW_SW/SEPmonG3/SEPmonG3V3/export/SEPmonG3V3/sw/SEPmonG3V3/standalone_domain/qemu/
TRACE::2024-07-07.21:23:10::SCWMssOS:: Copying the user libraries. 
TRACE::2024-07-07.21:23:10::SCWPlatform::Trying to open the hw design at C:/Users/gusta/Documents/SEP_projects/HW_SW/SEPmonG3/SEPmonG3V3/hw/SEPmonG3V9.xsa
TRACE::2024-07-07.21:23:10::SCWPlatform::DSA given C:/Users/gusta/Documents/SEP_projects/HW_SW/SEPmonG3/SEPmonG3V3/hw/SEPmonG3V9.xsa
TRACE::2024-07-07.21:23:10::SCWPlatform::DSA absoulate path C:/Users/gusta/Documents/SEP_projects/HW_SW/SEPmonG3/SEPmonG3V3/hw/SEPmonG3V9.xsa
TRACE::2024-07-07.21:23:10::SCWPlatform::DSA directory C:/Users/gusta/Documents/SEP_projects/HW_SW/SEPmonG3/SEPmonG3V3/hw
TRACE::2024-07-07.21:23:10::SCWPlatform:: Platform Path C:/Users/gusta/Documents/SEP_projects/HW_SW/SEPmonG3/SEPmonG3V3/hw/SEPmonG3V9.xsa
TRACE::2024-07-07.21:23:10::SCWPlatform:: Unique name xilinx:zybo-z7-10::0.0
TRACE::2024-07-07.21:23:10::SCWPlatform::Trying to set the existing hwdb with name DEMO_wrapper_58
TRACE::2024-07-07.21:23:10::SCWPlatform::Opened existing hwdb DEMO_wrapper_58
TRACE::2024-07-07.21:23:10::SCWPlatform::Found the Hw Db part of the input DSA
TRACE::2024-07-07.21:23:10::SCWMssOS::Checking the sw design at  C:/Users/gusta/Documents/SEP_projects/HW_SW/SEPmonG3/SEPmonG3V3/ps7_cortexa9_0/standalone_domain/bsp/system.mss
TRACE::2024-07-07.21:23:10::SCWMssOS::DEBUG:  swdes dump  C:/Users/gusta/Documents/SEP_projects/HW_SW/SEPmonG3/SEPmonG3/ps7_cortexa9_0/standalone_domain/bsp/system.mss|system_0||
C:/Users/gusta/Documents/SEP_projects/HW_SW/SEPmonG3/SEPmonG3/zynq_fsbl/zynq_fsbl_bsp/system.mss|system||
C:/Users/gusta/Documents/SEP_projects/HW_SW/SEPmonG3/SEPmonG3V3/ps7_cortexa9_0/standalone_domain/bsp/system.mss|system_2||
C:/Users/gusta/Documents/SEP_projects/HW_SW/SEPmonG3/SEPmonG3V3/zynq_fsbl/zynq_fsbl_bsp/system.mss|system_1||

TRACE::2024-07-07.21:23:10::SCWMssOS::Sw design exists and opened at  C:/Users/gusta/Documents/SEP_projects/HW_SW/SEPmonG3/SEPmonG3V3/ps7_cortexa9_0/standalone_domain/bsp/system.mss
TRACE::2024-07-07.21:23:10::SCWMssOS::Completed writing the mss file at C:/Users/gusta/Documents/SEP_projects/HW_SW/SEPmonG3/SEPmonG3V3/ps7_cortexa9_0/standalone_domain/bsp
TRACE::2024-07-07.21:23:10::SCWMssOS::Mss edits present, copying mssfile into export location C:/Users/gusta/Documents/SEP_projects/HW_SW/SEPmonG3/SEPmonG3V3/ps7_cortexa9_0/standalone_domain/bsp/system.mss
TRACE::2024-07-07.21:23:10::SCWMssOS::bsp generated is upto date with the mss file. Skipping bsp generation.
TRACE::2024-07-07.21:23:10::SCWMssOS::BSP is already built. skipping the bsp build ... 
TRACE::2024-07-07.21:23:10::SCWDomain::Skipping the build for domain :  standalone_domain
TRACE::2024-07-07.21:23:10::SCWMssOS::skipping the bsp build ... 
TRACE::2024-07-07.21:23:10::SCWMssOS::Copying to export directory.
TRACE::2024-07-07.21:23:10::SCWMssOS:: Checking if to create the Supporting Applications
TRACE::2024-07-07.21:23:10::SCWMssOS:: No Linux domain exists, trying to generate FSBL 
LOG::2024-07-07.21:23:10::SCWSystem::Completed Processing the domain standalone_domain
LOG::2024-07-07.21:23:10::SCWSystem::Completed Processing the sysconfig SEPmonG3V3
LOG::2024-07-07.21:23:10::SCWPlatform::Completed generating the artifacts for system configuration SEPmonG3V3
TRACE::2024-07-07.21:23:10::SCWPlatform::Started preparing the platform 
TRACE::2024-07-07.21:23:10::SCWSystem::Writing the bif file for system config SEPmonG3V3
TRACE::2024-07-07.21:23:10::SCWSystem::dir created 
TRACE::2024-07-07.21:23:10::SCWSystem::Writing the bif 
TRACE::2024-07-07.21:23:10::SCWPlatform::Started writing the spfm file 
TRACE::2024-07-07.21:23:10::SCWPlatform::Started writing the xpfm file 
TRACE::2024-07-07.21:23:10::SCWPlatform::Completed generating the platform
TRACE::2024-07-07.21:23:10::SCWMssOS::Saving the mss changes C:/Users/gusta/Documents/SEP_projects/HW_SW/SEPmonG3/SEPmonG3V3/zynq_fsbl/zynq_fsbl_bsp/system.mss
TRACE::2024-07-07.21:23:10::SCWMssOS::Found a swdesign opened with the mssfile.
TRACE::2024-07-07.21:23:10::SCWMssOS::Completed writemss as part of save.
TRACE::2024-07-07.21:23:10::SCWMssOS::Commit changes completed.
TRACE::2024-07-07.21:23:10::SCWMssOS::Saving the mss changes C:/Users/gusta/Documents/SEP_projects/HW_SW/SEPmonG3/SEPmonG3V3/ps7_cortexa9_0/standalone_domain/bsp/system.mss
TRACE::2024-07-07.21:23:10::SCWMssOS::Found a swdesign opened with the mssfile.
TRACE::2024-07-07.21:23:10::SCWMssOS::Completed writemss as part of save.
TRACE::2024-07-07.21:23:10::SCWMssOS::Commit changes completed.
TRACE::2024-07-07.21:23:10::SCWPlatform::Trying to open the hw design at C:/Users/gusta/Documents/SEP_projects/HW_SW/SEPmonG3/SEPmonG3V3/hw/SEPmonG3V9.xsa
TRACE::2024-07-07.21:23:10::SCWPlatform::DSA given C:/Users/gusta/Documents/SEP_projects/HW_SW/SEPmonG3/SEPmonG3V3/hw/SEPmonG3V9.xsa
TRACE::2024-07-07.21:23:10::SCWPlatform::DSA absoulate path C:/Users/gusta/Documents/SEP_projects/HW_SW/SEPmonG3/SEPmonG3V3/hw/SEPmonG3V9.xsa
TRACE::2024-07-07.21:23:10::SCWPlatform::DSA directory C:/Users/gusta/Documents/SEP_projects/HW_SW/SEPmonG3/SEPmonG3V3/hw
TRACE::2024-07-07.21:23:10::SCWPlatform:: Platform Path C:/Users/gusta/Documents/SEP_projects/HW_SW/SEPmonG3/SEPmonG3V3/hw/SEPmonG3V9.xsa
TRACE::2024-07-07.21:23:10::SCWPlatform:: Unique name xilinx:zybo-z7-10::0.0
TRACE::2024-07-07.21:23:10::SCWPlatform::Trying to set the existing hwdb with name DEMO_wrapper_58
TRACE::2024-07-07.21:23:10::SCWPlatform::Opened existing hwdb DEMO_wrapper_58
TRACE::2024-07-07.21:23:10::SCWPlatform::Found the Hw Db part of the input DSA
TRACE::2024-07-07.21:23:10::SCWMssOS::Checking the sw design at  C:/Users/gusta/Documents/SEP_projects/HW_SW/SEPmonG3/SEPmonG3V3/zynq_fsbl/zynq_fsbl_bsp/system.mss
TRACE::2024-07-07.21:23:10::SCWMssOS::DEBUG:  swdes dump  C:/Users/gusta/Documents/SEP_projects/HW_SW/SEPmonG3/SEPmonG3/ps7_cortexa9_0/standalone_domain/bsp/system.mss|system_0||
C:/Users/gusta/Documents/SEP_projects/HW_SW/SEPmonG3/SEPmonG3/zynq_fsbl/zynq_fsbl_bsp/system.mss|system||
C:/Users/gusta/Documents/SEP_projects/HW_SW/SEPmonG3/SEPmonG3V3/ps7_cortexa9_0/standalone_domain/bsp/system.mss|system_2||
C:/Users/gusta/Documents/SEP_projects/HW_SW/SEPmonG3/SEPmonG3V3/zynq_fsbl/zynq_fsbl_bsp/system.mss|system_1||

TRACE::2024-07-07.21:23:10::SCWMssOS::Sw design exists and opened at  C:/Users/gusta/Documents/SEP_projects/HW_SW/SEPmonG3/SEPmonG3V3/zynq_fsbl/zynq_fsbl_bsp/system.mss
TRACE::2024-07-07.21:23:10::SCWPlatform::Trying to open the hw design at C:/Users/gusta/Documents/SEP_projects/HW_SW/SEPmonG3/SEPmonG3V3/hw/SEPmonG3V9.xsa
TRACE::2024-07-07.21:23:10::SCWPlatform::DSA given C:/Users/gusta/Documents/SEP_projects/HW_SW/SEPmonG3/SEPmonG3V3/hw/SEPmonG3V9.xsa
TRACE::2024-07-07.21:23:10::SCWPlatform::DSA absoulate path C:/Users/gusta/Documents/SEP_projects/HW_SW/SEPmonG3/SEPmonG3V3/hw/SEPmonG3V9.xsa
TRACE::2024-07-07.21:23:10::SCWPlatform::DSA directory C:/Users/gusta/Documents/SEP_projects/HW_SW/SEPmonG3/SEPmonG3V3/hw
TRACE::2024-07-07.21:23:10::SCWPlatform:: Platform Path C:/Users/gusta/Documents/SEP_projects/HW_SW/SEPmonG3/SEPmonG3V3/hw/SEPmonG3V9.xsa
TRACE::2024-07-07.21:23:10::SCWPlatform:: Unique name xilinx:zybo-z7-10::0.0
TRACE::2024-07-07.21:23:10::SCWPlatform::Trying to set the existing hwdb with name DEMO_wrapper_58
TRACE::2024-07-07.21:23:10::SCWPlatform::Opened existing hwdb DEMO_wrapper_58
TRACE::2024-07-07.21:23:10::SCWPlatform::Found the Hw Db part of the input DSA
TRACE::2024-07-07.21:23:10::SCWMssOS::Checking the sw design at  C:/Users/gusta/Documents/SEP_projects/HW_SW/SEPmonG3/SEPmonG3V3/ps7_cortexa9_0/standalone_domain/bsp/system.mss
TRACE::2024-07-07.21:23:10::SCWMssOS::DEBUG:  swdes dump  C:/Users/gusta/Documents/SEP_projects/HW_SW/SEPmonG3/SEPmonG3/ps7_cortexa9_0/standalone_domain/bsp/system.mss|system_0||
C:/Users/gusta/Documents/SEP_projects/HW_SW/SEPmonG3/SEPmonG3/zynq_fsbl/zynq_fsbl_bsp/system.mss|system||
C:/Users/gusta/Documents/SEP_projects/HW_SW/SEPmonG3/SEPmonG3V3/ps7_cortexa9_0/standalone_domain/bsp/system.mss|system_2||
C:/Users/gusta/Documents/SEP_projects/HW_SW/SEPmonG3/SEPmonG3V3/zynq_fsbl/zynq_fsbl_bsp/system.mss|system_1||

TRACE::2024-07-07.21:23:10::SCWMssOS::Sw design exists and opened at  C:/Users/gusta/Documents/SEP_projects/HW_SW/SEPmonG3/SEPmonG3V3/ps7_cortexa9_0/standalone_domain/bsp/system.mss
TRACE::2024-07-07.21:23:10::SCWWriter::formatted JSON is {
	"platformName":	"SEPmonG3V3",
	"sprVersion":	"2.0",
	"mode":	"gui",
	"dsaType":	"Fixed",
	"platformDesc":	"SEPmonG3V3",
	"platHandOff":	"C:/Users/gusta/Documents/SEP_projects/HW_SW/SEPmonG3/SEPmon/SEPmonG3V9.xsa",
	"platIntHandOff":	"<platformDir>/hw/SEPmonG3V9.xsa",
	"deviceType":	"zynq",
	"platIsPrebuiltAutogen":	"false",
	"platIsNoBootBsp":	"false",
	"hasFsblMakeHasChanges":	"false",
	"hasPmufwMakeHasChanges":	"false",
	"fsblExtraCompilerFlags":	"-MMD -MP       -mcpu=cortex-a9 -mfpu=vfpv3 -mfloat-abi=hard ",
	"platPreBuiltFlag":	false,
	"platformSamplesDir":	"",
	"platActiveSys":	"SEPmonG3V3",
	"systems":	[{
			"systemName":	"SEPmonG3V3",
			"systemDesc":	"SEPmonG3V3",
			"sysIsBootAutoGen":	"true",
			"systemDispName":	"SEPmonG3V3",
			"sysActiveDom":	"standalone_domain",
			"sysDefaultDom":	"standalone_domain",
			"domains":	[{
					"domainName":	"zynq_fsbl",
					"domainDispName":	"zynq_fsbl",
					"domainDesc":	"FSBL Application BSP - Auto Generated.",
					"processors":	"ps7_cortexa9_0",
					"os":	"standalone",
					"sdxOs":	"standalone",
					"debugEnable":	"",
					"domRuntimes":	["cpp"],
					"swRepo":	"",
					"mssOsVer":	"7.2",
					"mssFile":	"",
					"md5Digest":	"1c3d65b23234dc3ec6f7ff2cc82e7a29",
					"compatibleApp":	"zynq_fsbl",
					"domType":	"bootDomain",
					"appSettings":	{
						"appCompilerFlags":	"",
						"appLinkerFlags":	""
					},
					"addedLibs":	["xilffs:4.3", "xilrsa:1.6"],
					"libOptions":	{
						"libsContainingOptions":	[]
					},
					"prebuiltLibs":	{
						"prebuiltIncPath":	[],
						"prebuiltLibPath":	[]
					},
					"isolation":	{
					}
				}, {
					"domainName":	"standalone_domain",
					"domainDispName":	"standalone on ps7_cortexa9_0",
					"domainDesc":	"standalone_domain",
					"processors":	"ps7_cortexa9_0",
					"os":	"standalone",
					"sdxOs":	"standalone",
					"qemuArgs":	"C:/Xilinx/Vitis/2020.1/data/emulation/platforms/zynq/qemu/qemu_args.txt",
					"qemuData":	"C:/Xilinx/Vitis/2020.1/data/emulation/platforms/zynq/qemu/",
					"debugEnable":	"False",
					"domRuntimes":	["cpp"],
					"swRepo":	"",
					"mssOsVer":	"7.2",
					"mssFile":	"",
					"md5Digest":	"265d04d91c8cdd485e050a5ab4fc76b5",
					"compatibleApp":	"",
					"domType":	"mssDomain",
					"appSettings":	{
						"appCompilerFlags":	"",
						"appLinkerFlags":	""
					},
					"addedLibs":	[],
					"libOptions":	{
						"libsContainingOptions":	[]
					},
					"prebuiltLibs":	{
						"prebuiltIncPath":	[],
						"prebuiltLibPath":	[]
					},
					"isolation":	{
					}
				}]
		}]
}
KEYINFO::2024-07-07.21:23:10::SCWPlatform::updated the xpfm file.
TRACE::2024-07-07.21:23:10::SCWPlatform::Trying to open the hw design at C:/Users/gusta/Documents/SEP_projects/HW_SW/SEPmonG3/SEPmonG3V3/hw/SEPmonG3V9.xsa
TRACE::2024-07-07.21:23:10::SCWPlatform::DSA given C:/Users/gusta/Documents/SEP_projects/HW_SW/SEPmonG3/SEPmonG3V3/hw/SEPmonG3V9.xsa
TRACE::2024-07-07.21:23:10::SCWPlatform::DSA absoulate path C:/Users/gusta/Documents/SEP_projects/HW_SW/SEPmonG3/SEPmonG3V3/hw/SEPmonG3V9.xsa
TRACE::2024-07-07.21:23:10::SCWPlatform::DSA directory C:/Users/gusta/Documents/SEP_projects/HW_SW/SEPmonG3/SEPmonG3V3/hw
TRACE::2024-07-07.21:23:10::SCWPlatform:: Platform Path C:/Users/gusta/Documents/SEP_projects/HW_SW/SEPmonG3/SEPmonG3V3/hw/SEPmonG3V9.xsa
TRACE::2024-07-07.21:23:10::SCWPlatform:: Unique name xilinx:zybo-z7-10::0.0
TRACE::2024-07-07.21:23:10::SCWPlatform::Trying to set the existing hwdb with name DEMO_wrapper_58
TRACE::2024-07-07.21:23:10::SCWPlatform::Opened existing hwdb DEMO_wrapper_58
TRACE::2024-07-07.21:23:10::SCWPlatform::Found the Hw Db part of the input DSA
TRACE::2024-07-07.21:23:10::SCWMssOS::Checking the sw design at  C:/Users/gusta/Documents/SEP_projects/HW_SW/SEPmonG3/SEPmonG3V3/ps7_cortexa9_0/standalone_domain/bsp/system.mss
TRACE::2024-07-07.21:23:10::SCWMssOS::DEBUG:  swdes dump  C:/Users/gusta/Documents/SEP_projects/HW_SW/SEPmonG3/SEPmonG3/ps7_cortexa9_0/standalone_domain/bsp/system.mss|system_0||
C:/Users/gusta/Documents/SEP_projects/HW_SW/SEPmonG3/SEPmonG3/zynq_fsbl/zynq_fsbl_bsp/system.mss|system||
C:/Users/gusta/Documents/SEP_projects/HW_SW/SEPmonG3/SEPmonG3V3/ps7_cortexa9_0/standalone_domain/bsp/system.mss|system_2||
C:/Users/gusta/Documents/SEP_projects/HW_SW/SEPmonG3/SEPmonG3V3/zynq_fsbl/zynq_fsbl_bsp/system.mss|system_1||

TRACE::2024-07-07.21:23:10::SCWMssOS::Sw design exists and opened at  C:/Users/gusta/Documents/SEP_projects/HW_SW/SEPmonG3/SEPmonG3V3/ps7_cortexa9_0/standalone_domain/bsp/system.mss
TRACE::2024-07-07.21:40:21::SCWPlatform::Trying to open the hw design at C:/Users/gusta/Documents/SEP_projects/HW_SW/SEPmonG3/SEPmonG3V3/hw/SEPmonG3V9.xsa
TRACE::2024-07-07.21:40:21::SCWPlatform::DSA given C:/Users/gusta/Documents/SEP_projects/HW_SW/SEPmonG3/SEPmonG3V3/hw/SEPmonG3V9.xsa
TRACE::2024-07-07.21:40:21::SCWPlatform::DSA absoulate path C:/Users/gusta/Documents/SEP_projects/HW_SW/SEPmonG3/SEPmonG3V3/hw/SEPmonG3V9.xsa
TRACE::2024-07-07.21:40:21::SCWPlatform::DSA directory C:/Users/gusta/Documents/SEP_projects/HW_SW/SEPmonG3/SEPmonG3V3/hw
TRACE::2024-07-07.21:40:21::SCWPlatform:: Platform Path C:/Users/gusta/Documents/SEP_projects/HW_SW/SEPmonG3/SEPmonG3V3/hw/SEPmonG3V9.xsa
TRACE::2024-07-07.21:40:21::SCWPlatform:: Unique name xilinx:zybo-z7-10::0.0
TRACE::2024-07-07.21:40:21::SCWPlatform::Trying to set the existing hwdb with name DEMO_wrapper_58
TRACE::2024-07-07.21:40:21::SCWPlatform::Opened existing hwdb DEMO_wrapper_58
TRACE::2024-07-07.21:40:21::SCWPlatform::Found the Hw Db part of the input DSA
TRACE::2024-07-07.21:40:21::SCWPlatform::DSA given C:/Users/gusta/Documents/SEP_projects/HW_SW/SEPmonG3/SEPmonG3V3/tempdsa/SEPmonG3V10.xsa
TRACE::2024-07-07.21:40:21::SCWPlatform::DSA absoulate path C:/Users/gusta/Documents/SEP_projects/HW_SW/SEPmonG3/SEPmonG3V3/tempdsa/SEPmonG3V10.xsa
TRACE::2024-07-07.21:40:21::SCWPlatform:: Platform location is C:/Users/gusta/Documents/SEP_projects/HW_SW/SEPmonG3/SEPmonG3V3/tempdsa
TRACE::2024-07-07.21:40:21::SCWPlatform:: Platform Path C:/Users/gusta/Documents/SEP_projects/HW_SW/SEPmonG3/SEPmonG3V3/tempdsa/SEPmonG3V10.xsa
TRACE::2024-07-07.21:40:21::SCWPlatform:: Unique name xilinx:zybo-z7-10::0.0
TRACE::2024-07-07.21:40:23::SCWPlatform::Found the Hw Db part of the input DSA
TRACE::2024-07-07.21:40:23::SCWMssOS::Doing hw sync for the mss in domain: zynq_fsbl
TRACE::2024-07-07.21:40:23::SCWPlatform::Trying to open the hw design at C:/Users/gusta/Documents/SEP_projects/HW_SW/SEPmonG3/SEPmonG3V3/hw/SEPmonG3V9.xsa
TRACE::2024-07-07.21:40:23::SCWPlatform::DSA given C:/Users/gusta/Documents/SEP_projects/HW_SW/SEPmonG3/SEPmonG3V3/hw/SEPmonG3V9.xsa
TRACE::2024-07-07.21:40:23::SCWPlatform::DSA absoulate path C:/Users/gusta/Documents/SEP_projects/HW_SW/SEPmonG3/SEPmonG3V3/hw/SEPmonG3V9.xsa
TRACE::2024-07-07.21:40:23::SCWPlatform::DSA directory C:/Users/gusta/Documents/SEP_projects/HW_SW/SEPmonG3/SEPmonG3V3/hw
TRACE::2024-07-07.21:40:23::SCWPlatform:: Platform Path C:/Users/gusta/Documents/SEP_projects/HW_SW/SEPmonG3/SEPmonG3V3/hw/SEPmonG3V9.xsa
TRACE::2024-07-07.21:40:23::SCWPlatform:: Unique name xilinx:zybo-z7-10::0.0
TRACE::2024-07-07.21:40:23::SCWPlatform::Trying to set the existing hwdb with name DEMO_wrapper_58
TRACE::2024-07-07.21:40:23::SCWPlatform::Opened existing hwdb DEMO_wrapper_58
TRACE::2024-07-07.21:40:23::SCWPlatform::Found the Hw Db part of the input DSA
TRACE::2024-07-07.21:40:23::SCWPlatform::Trying to open the hw design at C:/Users/gusta/Documents/SEP_projects/HW_SW/SEPmonG3/SEPmonG3V3/hw/SEPmonG3V9.xsa
TRACE::2024-07-07.21:40:23::SCWPlatform::DSA given C:/Users/gusta/Documents/SEP_projects/HW_SW/SEPmonG3/SEPmonG3V3/hw/SEPmonG3V9.xsa
TRACE::2024-07-07.21:40:23::SCWPlatform::DSA absoulate path C:/Users/gusta/Documents/SEP_projects/HW_SW/SEPmonG3/SEPmonG3V3/hw/SEPmonG3V9.xsa
TRACE::2024-07-07.21:40:23::SCWPlatform::DSA directory C:/Users/gusta/Documents/SEP_projects/HW_SW/SEPmonG3/SEPmonG3V3/hw
TRACE::2024-07-07.21:40:23::SCWPlatform:: Platform Path C:/Users/gusta/Documents/SEP_projects/HW_SW/SEPmonG3/SEPmonG3V3/hw/SEPmonG3V9.xsa
TRACE::2024-07-07.21:40:23::SCWPlatform:: Unique name xilinx:zybo-z7-10::0.0
TRACE::2024-07-07.21:40:23::SCWPlatform::Trying to set the existing hwdb with name DEMO_wrapper_58
TRACE::2024-07-07.21:40:23::SCWPlatform::Opened existing hwdb DEMO_wrapper_58
TRACE::2024-07-07.21:40:23::SCWPlatform::Found the Hw Db part of the input DSA
TRACE::2024-07-07.21:40:23::SCWMssOS::Checking the sw design at  C:/Users/gusta/Documents/SEP_projects/HW_SW/SEPmonG3/SEPmonG3V3/zynq_fsbl/zynq_fsbl_bsp/system.mss
TRACE::2024-07-07.21:40:23::SCWMssOS::DEBUG:  swdes dump  C:/Users/gusta/Documents/SEP_projects/HW_SW/SEPmonG3/SEPmonG3/ps7_cortexa9_0/standalone_domain/bsp/system.mss|system_0||
C:/Users/gusta/Documents/SEP_projects/HW_SW/SEPmonG3/SEPmonG3/zynq_fsbl/zynq_fsbl_bsp/system.mss|system||
C:/Users/gusta/Documents/SEP_projects/HW_SW/SEPmonG3/SEPmonG3V3/ps7_cortexa9_0/standalone_domain/bsp/system.mss|system_2||
C:/Users/gusta/Documents/SEP_projects/HW_SW/SEPmonG3/SEPmonG3V3/zynq_fsbl/zynq_fsbl_bsp/system.mss|system_1||

TRACE::2024-07-07.21:40:23::SCWMssOS::Sw design exists and opened at  C:/Users/gusta/Documents/SEP_projects/HW_SW/SEPmonG3/SEPmonG3V3/zynq_fsbl/zynq_fsbl_bsp/system.mss
TRACE::2024-07-07.21:40:23::SCWPlatform::Trying to open the hw design at C:/Users/gusta/Documents/SEP_projects/HW_SW/SEPmonG3/SEPmonG3V3/tempdsa/SEPmonG3V10.xsa
TRACE::2024-07-07.21:40:23::SCWPlatform::DSA given C:/Users/gusta/Documents/SEP_projects/HW_SW/SEPmonG3/SEPmonG3V3/tempdsa/SEPmonG3V10.xsa
TRACE::2024-07-07.21:40:23::SCWPlatform::DSA absoulate path C:/Users/gusta/Documents/SEP_projects/HW_SW/SEPmonG3/SEPmonG3V3/tempdsa/SEPmonG3V10.xsa
TRACE::2024-07-07.21:40:23::SCWPlatform::DSA directory C:/Users/gusta/Documents/SEP_projects/HW_SW/SEPmonG3/SEPmonG3V3/tempdsa
TRACE::2024-07-07.21:40:23::SCWPlatform:: Platform Path C:/Users/gusta/Documents/SEP_projects/HW_SW/SEPmonG3/SEPmonG3V3/tempdsa/SEPmonG3V10.xsa
TRACE::2024-07-07.21:40:23::SCWPlatform:: Unique name xilinx:zybo-z7-10::0.0
TRACE::2024-07-07.21:40:23::SCWPlatform::update - Opened existing hwdb DEMO_wrapper_63
TRACE::2024-07-07.21:40:23::SCWPlatform::Found the Hw Db part of the input DSA
TRACE::2024-07-07.21:40:23::SCWMssOS::Doing hw sync for the mss in domain: standalone_domain
TRACE::2024-07-07.21:40:23::SCWPlatform::Trying to open the hw design at C:/Users/gusta/Documents/SEP_projects/HW_SW/SEPmonG3/SEPmonG3V3/hw/SEPmonG3V9.xsa
TRACE::2024-07-07.21:40:23::SCWPlatform::DSA given C:/Users/gusta/Documents/SEP_projects/HW_SW/SEPmonG3/SEPmonG3V3/hw/SEPmonG3V9.xsa
TRACE::2024-07-07.21:40:23::SCWPlatform::DSA absoulate path C:/Users/gusta/Documents/SEP_projects/HW_SW/SEPmonG3/SEPmonG3V3/hw/SEPmonG3V9.xsa
TRACE::2024-07-07.21:40:23::SCWPlatform::DSA directory C:/Users/gusta/Documents/SEP_projects/HW_SW/SEPmonG3/SEPmonG3V3/hw
TRACE::2024-07-07.21:40:23::SCWPlatform:: Platform Path C:/Users/gusta/Documents/SEP_projects/HW_SW/SEPmonG3/SEPmonG3V3/hw/SEPmonG3V9.xsa
TRACE::2024-07-07.21:40:23::SCWPlatform:: Unique name xilinx:zybo-z7-10::0.0
TRACE::2024-07-07.21:40:23::SCWPlatform::Trying to set the existing hwdb with name DEMO_wrapper_58
TRACE::2024-07-07.21:40:23::SCWPlatform::Opened existing hwdb DEMO_wrapper_58
TRACE::2024-07-07.21:40:23::SCWPlatform::Found the Hw Db part of the input DSA
TRACE::2024-07-07.21:40:23::SCWPlatform::Trying to open the hw design at C:/Users/gusta/Documents/SEP_projects/HW_SW/SEPmonG3/SEPmonG3V3/hw/SEPmonG3V9.xsa
TRACE::2024-07-07.21:40:23::SCWPlatform::DSA given C:/Users/gusta/Documents/SEP_projects/HW_SW/SEPmonG3/SEPmonG3V3/hw/SEPmonG3V9.xsa
TRACE::2024-07-07.21:40:23::SCWPlatform::DSA absoulate path C:/Users/gusta/Documents/SEP_projects/HW_SW/SEPmonG3/SEPmonG3V3/hw/SEPmonG3V9.xsa
TRACE::2024-07-07.21:40:23::SCWPlatform::DSA directory C:/Users/gusta/Documents/SEP_projects/HW_SW/SEPmonG3/SEPmonG3V3/hw
TRACE::2024-07-07.21:40:23::SCWPlatform:: Platform Path C:/Users/gusta/Documents/SEP_projects/HW_SW/SEPmonG3/SEPmonG3V3/hw/SEPmonG3V9.xsa
TRACE::2024-07-07.21:40:23::SCWPlatform:: Unique name xilinx:zybo-z7-10::0.0
TRACE::2024-07-07.21:40:23::SCWPlatform::Trying to set the existing hwdb with name DEMO_wrapper_58
TRACE::2024-07-07.21:40:23::SCWPlatform::Opened existing hwdb DEMO_wrapper_58
TRACE::2024-07-07.21:40:23::SCWPlatform::Found the Hw Db part of the input DSA
TRACE::2024-07-07.21:40:23::SCWMssOS::Checking the sw design at  C:/Users/gusta/Documents/SEP_projects/HW_SW/SEPmonG3/SEPmonG3V3/ps7_cortexa9_0/standalone_domain/bsp/system.mss
TRACE::2024-07-07.21:40:23::SCWMssOS::DEBUG:  swdes dump  C:/Users/gusta/Documents/SEP_projects/HW_SW/SEPmonG3/SEPmonG3/ps7_cortexa9_0/standalone_domain/bsp/system.mss|system_0||
C:/Users/gusta/Documents/SEP_projects/HW_SW/SEPmonG3/SEPmonG3/zynq_fsbl/zynq_fsbl_bsp/system.mss|system||
C:/Users/gusta/Documents/SEP_projects/HW_SW/SEPmonG3/SEPmonG3V3/ps7_cortexa9_0/standalone_domain/bsp/system.mss|system_2||
C:/Users/gusta/Documents/SEP_projects/HW_SW/SEPmonG3/SEPmonG3V3/zynq_fsbl/zynq_fsbl_bsp/system.mss|system_1||

TRACE::2024-07-07.21:40:23::SCWMssOS::Sw design exists and opened at  C:/Users/gusta/Documents/SEP_projects/HW_SW/SEPmonG3/SEPmonG3V3/ps7_cortexa9_0/standalone_domain/bsp/system.mss
TRACE::2024-07-07.21:40:23::SCWPlatform::Trying to open the hw design at C:/Users/gusta/Documents/SEP_projects/HW_SW/SEPmonG3/SEPmonG3V3/tempdsa/SEPmonG3V10.xsa
TRACE::2024-07-07.21:40:23::SCWPlatform::DSA given C:/Users/gusta/Documents/SEP_projects/HW_SW/SEPmonG3/SEPmonG3V3/tempdsa/SEPmonG3V10.xsa
TRACE::2024-07-07.21:40:23::SCWPlatform::DSA absoulate path C:/Users/gusta/Documents/SEP_projects/HW_SW/SEPmonG3/SEPmonG3V3/tempdsa/SEPmonG3V10.xsa
TRACE::2024-07-07.21:40:23::SCWPlatform::DSA directory C:/Users/gusta/Documents/SEP_projects/HW_SW/SEPmonG3/SEPmonG3V3/tempdsa
TRACE::2024-07-07.21:40:23::SCWPlatform:: Platform Path C:/Users/gusta/Documents/SEP_projects/HW_SW/SEPmonG3/SEPmonG3V3/tempdsa/SEPmonG3V10.xsa
TRACE::2024-07-07.21:40:23::SCWPlatform:: Unique name xilinx:zybo-z7-10::0.0
TRACE::2024-07-07.21:40:23::SCWPlatform::update - Opened existing hwdb DEMO_wrapper_63
TRACE::2024-07-07.21:40:23::SCWPlatform::Found the Hw Db part of the input DSA
TRACE::2024-07-07.21:40:23::SCWMssOS::Saving the mss changes C:/Users/gusta/Documents/SEP_projects/HW_SW/SEPmonG3/SEPmonG3V3/zynq_fsbl/zynq_fsbl_bsp/system.mss
TRACE::2024-07-07.21:40:23::SCWMssOS::Found a swdesign opened with the mssfile.
TRACE::2024-07-07.21:40:23::SCWMssOS::Completed writemss as part of save.
TRACE::2024-07-07.21:40:23::SCWMssOS::Commit changes completed.
TRACE::2024-07-07.21:40:23::SCWMssOS::Completed hw sync for the mss in domain: zynq_fsbl
TRACE::2024-07-07.21:40:23::SCWMssOS::Removing the swdes entry for  C:/Users/gusta/Documents/SEP_projects/HW_SW/SEPmonG3/SEPmonG3V3/zynq_fsbl/zynq_fsbl_bsp/system.mss
TRACE::2024-07-07.21:40:23::SCWMssOS::Saving the mss changes C:/Users/gusta/Documents/SEP_projects/HW_SW/SEPmonG3/SEPmonG3V3/ps7_cortexa9_0/standalone_domain/bsp/system.mss
TRACE::2024-07-07.21:40:23::SCWMssOS::Found a swdesign opened with the mssfile.
TRACE::2024-07-07.21:40:23::SCWMssOS::Completed writemss as part of save.
TRACE::2024-07-07.21:40:23::SCWMssOS::Commit changes completed.
TRACE::2024-07-07.21:40:23::SCWMssOS::Completed hw sync for the mss in domain: standalone_domain
TRACE::2024-07-07.21:40:23::SCWMssOS::Removing the swdes entry for  C:/Users/gusta/Documents/SEP_projects/HW_SW/SEPmonG3/SEPmonG3V3/ps7_cortexa9_0/standalone_domain/bsp/system.mss
TRACE::2024-07-07.21:40:23::SCWPlatform::Trying to open the hw design at C:/Users/gusta/Documents/SEP_projects/HW_SW/SEPmonG3/SEPmonG3V3/hw/SEPmonG3V10.xsa
TRACE::2024-07-07.21:40:23::SCWPlatform::DSA given C:/Users/gusta/Documents/SEP_projects/HW_SW/SEPmonG3/SEPmonG3V3/hw/SEPmonG3V10.xsa
TRACE::2024-07-07.21:40:23::SCWPlatform::DSA absoulate path C:/Users/gusta/Documents/SEP_projects/HW_SW/SEPmonG3/SEPmonG3V3/hw/SEPmonG3V10.xsa
TRACE::2024-07-07.21:40:23::SCWPlatform::DSA directory C:/Users/gusta/Documents/SEP_projects/HW_SW/SEPmonG3/SEPmonG3V3/hw
TRACE::2024-07-07.21:40:23::SCWPlatform:: Platform Path C:/Users/gusta/Documents/SEP_projects/HW_SW/SEPmonG3/SEPmonG3V3/hw/SEPmonG3V10.xsa
TRACE::2024-07-07.21:40:23::SCWPlatform:: Unique name xilinx:zybo-z7-10::0.0
TRACE::2024-07-07.21:40:23::SCWPlatform::Do not have an existing db opened. 
TRACE::2024-07-07.21:40:25::SCWPlatform::Opened new HwDB with name DEMO_wrapper_64
TRACE::2024-07-07.21:40:25::SCWPlatform::Trying to open the hw design at C:/Users/gusta/Documents/SEP_projects/HW_SW/SEPmonG3/SEPmonG3V3/hw/SEPmonG3V10.xsa
TRACE::2024-07-07.21:40:25::SCWPlatform::DSA given C:/Users/gusta/Documents/SEP_projects/HW_SW/SEPmonG3/SEPmonG3V3/hw/SEPmonG3V10.xsa
TRACE::2024-07-07.21:40:25::SCWPlatform::DSA absoulate path C:/Users/gusta/Documents/SEP_projects/HW_SW/SEPmonG3/SEPmonG3V3/hw/SEPmonG3V10.xsa
TRACE::2024-07-07.21:40:25::SCWPlatform::DSA directory C:/Users/gusta/Documents/SEP_projects/HW_SW/SEPmonG3/SEPmonG3V3/hw
TRACE::2024-07-07.21:40:25::SCWPlatform:: Platform Path C:/Users/gusta/Documents/SEP_projects/HW_SW/SEPmonG3/SEPmonG3V3/hw/SEPmonG3V10.xsa
TRACE::2024-07-07.21:40:25::SCWPlatform:: Unique name xilinx:zybo-z7-10::0.0
TRACE::2024-07-07.21:40:25::SCWPlatform::Trying to set the existing hwdb with name DEMO_wrapper_64
TRACE::2024-07-07.21:40:25::SCWPlatform::Opened existing hwdb DEMO_wrapper_64
TRACE::2024-07-07.21:40:25::SCWPlatform::Found the Hw Db part of the input DSA
TRACE::2024-07-07.21:40:25::SCWMssOS::Checking the sw design at  C:/Users/gusta/Documents/SEP_projects/HW_SW/SEPmonG3/SEPmonG3V3/zynq_fsbl/zynq_fsbl_bsp/system.mss
TRACE::2024-07-07.21:40:25::SCWMssOS::DEBUG:  swdes dump  C:/Users/gusta/Documents/SEP_projects/HW_SW/SEPmonG3/SEPmonG3/ps7_cortexa9_0/standalone_domain/bsp/system.mss|system_0||
C:/Users/gusta/Documents/SEP_projects/HW_SW/SEPmonG3/SEPmonG3/zynq_fsbl/zynq_fsbl_bsp/system.mss|system||

TRACE::2024-07-07.21:40:25::SCWMssOS::No sw design opened at  C:/Users/gusta/Documents/SEP_projects/HW_SW/SEPmonG3/SEPmonG3V3/zynq_fsbl/zynq_fsbl_bsp/system.mss
TRACE::2024-07-07.21:40:25::SCWMssOS::mss exists loading the mss file  C:/Users/gusta/Documents/SEP_projects/HW_SW/SEPmonG3/SEPmonG3V3/zynq_fsbl/zynq_fsbl_bsp/system.mss
TRACE::2024-07-07.21:40:25::SCWMssOS::Opened the sw design from mss  C:/Users/gusta/Documents/SEP_projects/HW_SW/SEPmonG3/SEPmonG3V3/zynq_fsbl/zynq_fsbl_bsp/system.mss
TRACE::2024-07-07.21:40:25::SCWMssOS::Adding the swdes entry C:/Users/gusta/Documents/SEP_projects/HW_SW/SEPmonG3/SEPmonG3V3/zynq_fsbl/zynq_fsbl_bsp/system.mss with des name system_1
TRACE::2024-07-07.21:40:25::SCWMssOS::updating the scw layer about changes
TRACE::2024-07-07.21:40:25::SCWMssOS::Opened the sw design.  C:/Users/gusta/Documents/SEP_projects/HW_SW/SEPmonG3/SEPmonG3V3/zynq_fsbl/zynq_fsbl_bsp/system.mss
TRACE::2024-07-07.21:40:25::SCWMssOS::Saving the mss changes C:/Users/gusta/Documents/SEP_projects/HW_SW/SEPmonG3/SEPmonG3V3/zynq_fsbl/zynq_fsbl_bsp/system.mss
TRACE::2024-07-07.21:40:25::SCWMssOS::Found a swdesign opened with the mssfile.
TRACE::2024-07-07.21:40:25::SCWMssOS::Completed writemss as part of save.
TRACE::2024-07-07.21:40:25::SCWMssOS::Commit changes completed.
TRACE::2024-07-07.21:40:25::SCWMssOS::Saving the mss changes C:/Users/gusta/Documents/SEP_projects/HW_SW/SEPmonG3/SEPmonG3V3/ps7_cortexa9_0/standalone_domain/bsp/system.mss
TRACE::2024-07-07.21:40:25::SCWMssOS::Adding the swdes entry, mss present, able to open swdb C:/Users/gusta/Documents/SEP_projects/HW_SW/SEPmonG3/SEPmonG3V3/ps7_cortexa9_0/standalone_domain/bsp/system.mss with des name system_2
TRACE::2024-07-07.21:40:25::SCWMssOS::Writing the mss file completed C:/Users/gusta/Documents/SEP_projects/HW_SW/SEPmonG3/SEPmonG3V3/ps7_cortexa9_0/standalone_domain/bsp/system.mss
TRACE::2024-07-07.21:40:25::SCWMssOS::Commit changes completed.
TRACE::2024-07-07.21:40:25::SCWPlatform::Trying to open the hw design at C:/Users/gusta/Documents/SEP_projects/HW_SW/SEPmonG3/SEPmonG3V3/hw/SEPmonG3V10.xsa
TRACE::2024-07-07.21:40:25::SCWPlatform::DSA given C:/Users/gusta/Documents/SEP_projects/HW_SW/SEPmonG3/SEPmonG3V3/hw/SEPmonG3V10.xsa
TRACE::2024-07-07.21:40:25::SCWPlatform::DSA absoulate path C:/Users/gusta/Documents/SEP_projects/HW_SW/SEPmonG3/SEPmonG3V3/hw/SEPmonG3V10.xsa
TRACE::2024-07-07.21:40:25::SCWPlatform::DSA directory C:/Users/gusta/Documents/SEP_projects/HW_SW/SEPmonG3/SEPmonG3V3/hw
TRACE::2024-07-07.21:40:25::SCWPlatform:: Platform Path C:/Users/gusta/Documents/SEP_projects/HW_SW/SEPmonG3/SEPmonG3V3/hw/SEPmonG3V10.xsa
TRACE::2024-07-07.21:40:25::SCWPlatform:: Unique name xilinx:zybo-z7-10::0.0
TRACE::2024-07-07.21:40:25::SCWPlatform::Trying to set the existing hwdb with name DEMO_wrapper_64
TRACE::2024-07-07.21:40:25::SCWPlatform::Opened existing hwdb DEMO_wrapper_64
TRACE::2024-07-07.21:40:25::SCWPlatform::Found the Hw Db part of the input DSA
TRACE::2024-07-07.21:40:25::SCWMssOS::Checking the sw design at  C:/Users/gusta/Documents/SEP_projects/HW_SW/SEPmonG3/SEPmonG3V3/zynq_fsbl/zynq_fsbl_bsp/system.mss
TRACE::2024-07-07.21:40:25::SCWMssOS::DEBUG:  swdes dump  C:/Users/gusta/Documents/SEP_projects/HW_SW/SEPmonG3/SEPmonG3/ps7_cortexa9_0/standalone_domain/bsp/system.mss|system_0||
C:/Users/gusta/Documents/SEP_projects/HW_SW/SEPmonG3/SEPmonG3/zynq_fsbl/zynq_fsbl_bsp/system.mss|system||
C:/Users/gusta/Documents/SEP_projects/HW_SW/SEPmonG3/SEPmonG3V3/ps7_cortexa9_0/standalone_domain/bsp/system.mss|system_2||
C:/Users/gusta/Documents/SEP_projects/HW_SW/SEPmonG3/SEPmonG3V3/zynq_fsbl/zynq_fsbl_bsp/system.mss|system_1||

TRACE::2024-07-07.21:40:25::SCWMssOS::Sw design exists and opened at  C:/Users/gusta/Documents/SEP_projects/HW_SW/SEPmonG3/SEPmonG3V3/zynq_fsbl/zynq_fsbl_bsp/system.mss
TRACE::2024-07-07.21:40:25::SCWPlatform::Trying to open the hw design at C:/Users/gusta/Documents/SEP_projects/HW_SW/SEPmonG3/SEPmonG3V3/hw/SEPmonG3V10.xsa
TRACE::2024-07-07.21:40:25::SCWPlatform::DSA given C:/Users/gusta/Documents/SEP_projects/HW_SW/SEPmonG3/SEPmonG3V3/hw/SEPmonG3V10.xsa
TRACE::2024-07-07.21:40:25::SCWPlatform::DSA absoulate path C:/Users/gusta/Documents/SEP_projects/HW_SW/SEPmonG3/SEPmonG3V3/hw/SEPmonG3V10.xsa
TRACE::2024-07-07.21:40:25::SCWPlatform::DSA directory C:/Users/gusta/Documents/SEP_projects/HW_SW/SEPmonG3/SEPmonG3V3/hw
TRACE::2024-07-07.21:40:25::SCWPlatform:: Platform Path C:/Users/gusta/Documents/SEP_projects/HW_SW/SEPmonG3/SEPmonG3V3/hw/SEPmonG3V10.xsa
TRACE::2024-07-07.21:40:25::SCWPlatform:: Unique name xilinx:zybo-z7-10::0.0
TRACE::2024-07-07.21:40:25::SCWPlatform::Trying to set the existing hwdb with name DEMO_wrapper_64
TRACE::2024-07-07.21:40:25::SCWPlatform::Opened existing hwdb DEMO_wrapper_64
TRACE::2024-07-07.21:40:25::SCWPlatform::Found the Hw Db part of the input DSA
TRACE::2024-07-07.21:40:25::SCWMssOS::Checking the sw design at  C:/Users/gusta/Documents/SEP_projects/HW_SW/SEPmonG3/SEPmonG3V3/ps7_cortexa9_0/standalone_domain/bsp/system.mss
TRACE::2024-07-07.21:40:25::SCWMssOS::DEBUG:  swdes dump  C:/Users/gusta/Documents/SEP_projects/HW_SW/SEPmonG3/SEPmonG3/ps7_cortexa9_0/standalone_domain/bsp/system.mss|system_0||
C:/Users/gusta/Documents/SEP_projects/HW_SW/SEPmonG3/SEPmonG3/zynq_fsbl/zynq_fsbl_bsp/system.mss|system||
C:/Users/gusta/Documents/SEP_projects/HW_SW/SEPmonG3/SEPmonG3V3/ps7_cortexa9_0/standalone_domain/bsp/system.mss|system_2||
C:/Users/gusta/Documents/SEP_projects/HW_SW/SEPmonG3/SEPmonG3V3/zynq_fsbl/zynq_fsbl_bsp/system.mss|system_1||

TRACE::2024-07-07.21:40:25::SCWMssOS::Sw design exists and opened at  C:/Users/gusta/Documents/SEP_projects/HW_SW/SEPmonG3/SEPmonG3V3/ps7_cortexa9_0/standalone_domain/bsp/system.mss
TRACE::2024-07-07.21:40:25::SCWWriter::formatted JSON is {
	"platformName":	"SEPmonG3V3",
	"sprVersion":	"2.0",
	"mode":	"gui",
	"dsaType":	"Fixed",
	"platformDesc":	"SEPmonG3V3",
	"platHandOff":	"C:/Users/gusta/Documents/SEP_projects/HW_SW/SEPmonG3/SEPmon/SEPmonG3V10.xsa",
	"platIntHandOff":	"<platformDir>/hw/SEPmonG3V10.xsa",
	"deviceType":	"zynq",
	"platIsPrebuiltAutogen":	"false",
	"platIsNoBootBsp":	"false",
	"hasFsblMakeHasChanges":	"false",
	"hasPmufwMakeHasChanges":	"false",
	"fsblExtraCompilerFlags":	"-MMD -MP       -mcpu=cortex-a9 -mfpu=vfpv3 -mfloat-abi=hard ",
	"platPreBuiltFlag":	false,
	"platformSamplesDir":	"",
	"platActiveSys":	"SEPmonG3V3",
	"systems":	[{
			"systemName":	"SEPmonG3V3",
			"systemDesc":	"SEPmonG3V3",
			"sysIsBootAutoGen":	"true",
			"systemDispName":	"SEPmonG3V3",
			"sysActiveDom":	"standalone_domain",
			"sysDefaultDom":	"standalone_domain",
			"domains":	[{
					"domainName":	"zynq_fsbl",
					"domainDispName":	"zynq_fsbl",
					"domainDesc":	"FSBL Application BSP - Auto Generated.",
					"processors":	"ps7_cortexa9_0",
					"os":	"standalone",
					"sdxOs":	"standalone",
					"debugEnable":	"",
					"domRuntimes":	["cpp"],
					"swRepo":	"",
					"mssOsVer":	"7.2",
					"mssFile":	"",
					"md5Digest":	"1c3d65b23234dc3ec6f7ff2cc82e7a29",
					"compatibleApp":	"zynq_fsbl",
					"domType":	"bootDomain",
					"appSettings":	{
						"appCompilerFlags":	"",
						"appLinkerFlags":	""
					},
					"addedLibs":	["xilffs:4.3", "xilrsa:1.6"],
					"libOptions":	{
						"libsContainingOptions":	[]
					},
					"prebuiltLibs":	{
						"prebuiltIncPath":	[],
						"prebuiltLibPath":	[]
					},
					"isolation":	{
					}
				}, {
					"domainName":	"standalone_domain",
					"domainDispName":	"standalone on ps7_cortexa9_0",
					"domainDesc":	"standalone_domain",
					"processors":	"ps7_cortexa9_0",
					"os":	"standalone",
					"sdxOs":	"standalone",
					"qemuArgs":	"C:/Xilinx/Vitis/2020.1/data/emulation/platforms/zynq/qemu/qemu_args.txt",
					"qemuData":	"C:/Xilinx/Vitis/2020.1/data/emulation/platforms/zynq/qemu/",
					"debugEnable":	"False",
					"domRuntimes":	["cpp"],
					"swRepo":	"",
					"mssOsVer":	"7.2",
					"mssFile":	"",
					"md5Digest":	"265d04d91c8cdd485e050a5ab4fc76b5",
					"compatibleApp":	"",
					"domType":	"mssDomain",
					"appSettings":	{
						"appCompilerFlags":	"",
						"appLinkerFlags":	""
					},
					"addedLibs":	[],
					"libOptions":	{
						"libsContainingOptions":	[]
					},
					"prebuiltLibs":	{
						"prebuiltIncPath":	[],
						"prebuiltLibPath":	[]
					},
					"isolation":	{
					}
				}]
		}]
}
TRACE::2024-07-07.21:40:26::SCWPlatform::Clearing the existing platform
TRACE::2024-07-07.21:40:26::SCWSystem::Clearing the existing sysconfig
TRACE::2024-07-07.21:40:26::SCWBDomain::clearing the fsbl build
TRACE::2024-07-07.21:40:26::SCWMssOS::Removing the swdes entry for  C:/Users/gusta/Documents/SEP_projects/HW_SW/SEPmonG3/SEPmonG3V3/zynq_fsbl/zynq_fsbl_bsp/system.mss
TRACE::2024-07-07.21:40:26::SCWMssOS::Removing the swdes entry for  C:/Users/gusta/Documents/SEP_projects/HW_SW/SEPmonG3/SEPmonG3V3/ps7_cortexa9_0/standalone_domain/bsp/system.mss
TRACE::2024-07-07.21:40:26::SCWSystem::Clearing the domains completed.
TRACE::2024-07-07.21:40:26::SCWPlatform::Clearing the opened hw db.
TRACE::2024-07-07.21:40:26::SCWPlatform::DSA given C:/Users/gusta/Documents/SEP_projects/HW_SW/SEPmonG3/SEPmonG3V3/hw/SEPmonG3V10.xsa
TRACE::2024-07-07.21:40:26::SCWPlatform::DSA absoulate path C:/Users/gusta/Documents/SEP_projects/HW_SW/SEPmonG3/SEPmonG3V3/hw/SEPmonG3V10.xsa
TRACE::2024-07-07.21:40:26::SCWPlatform:: Platform location is C:/Users/gusta/Documents/SEP_projects/HW_SW/SEPmonG3/SEPmonG3V3/hw
TRACE::2024-07-07.21:40:26::SCWPlatform:: Platform Path C:/Users/gusta/Documents/SEP_projects/HW_SW/SEPmonG3/SEPmonG3V3/hw/SEPmonG3V10.xsa
TRACE::2024-07-07.21:40:26::SCWPlatform:: Unique name xilinx:zybo-z7-10::0.0
TRACE::2024-07-07.21:40:26::SCWPlatform::Removing the HwDB with name C:/Users/gusta/Documents/SEP_projects/HW_SW/SEPmonG3/SEPmonG3V3/hw/SEPmonG3V10.xsa
TRACE::2024-07-07.21:40:26::SCWPlatform::Trying to open the hw design at C:/Users/gusta/Documents/SEP_projects/HW_SW/SEPmonG3/SEPmonG3V3/hw/SEPmonG3V10.xsa
TRACE::2024-07-07.21:40:26::SCWPlatform::DSA given C:/Users/gusta/Documents/SEP_projects/HW_SW/SEPmonG3/SEPmonG3V3/hw/SEPmonG3V10.xsa
TRACE::2024-07-07.21:40:26::SCWPlatform::DSA absoulate path C:/Users/gusta/Documents/SEP_projects/HW_SW/SEPmonG3/SEPmonG3V3/hw/SEPmonG3V10.xsa
TRACE::2024-07-07.21:40:26::SCWPlatform::DSA directory C:/Users/gusta/Documents/SEP_projects/HW_SW/SEPmonG3/SEPmonG3V3/hw
TRACE::2024-07-07.21:40:26::SCWPlatform:: Platform Path C:/Users/gusta/Documents/SEP_projects/HW_SW/SEPmonG3/SEPmonG3V3/hw/SEPmonG3V10.xsa
TRACE::2024-07-07.21:40:26::SCWPlatform:: Unique name xilinx:zybo-z7-10::0.0
TRACE::2024-07-07.21:40:26::SCWPlatform::Do not have an existing db opened. 
TRACE::2024-07-07.21:40:29::SCWPlatform::Opened new HwDB with name DEMO_wrapper_65
TRACE::2024-07-07.21:40:29::SCWReader::Active system found as  SEPmonG3V3
TRACE::2024-07-07.21:40:29::SCWReader::Handling sysconfig SEPmonG3V3
TRACE::2024-07-07.21:40:29::SCWDomain::checking for install qemu data   : 
TRACE::2024-07-07.21:40:29::SCWDomain:: Using the QEMU Data from install at  : C:/Xilinx/Vitis/2020.1/data/emulation/platforms/zynq/qemu/
TRACE::2024-07-07.21:40:29::SCWDomain:: Using the QEMU args  from install at  : C:/Xilinx/Vitis/2020.1/data/emulation/platforms/zynq/qemu/qemu_args.txt
TRACE::2024-07-07.21:40:29::SCWPlatform::Trying to open the hw design at C:/Users/gusta/Documents/SEP_projects/HW_SW/SEPmonG3/SEPmonG3V3/hw/SEPmonG3V10.xsa
TRACE::2024-07-07.21:40:29::SCWPlatform::DSA given C:/Users/gusta/Documents/SEP_projects/HW_SW/SEPmonG3/SEPmonG3V3/hw/SEPmonG3V10.xsa
TRACE::2024-07-07.21:40:29::SCWPlatform::DSA absoulate path C:/Users/gusta/Documents/SEP_projects/HW_SW/SEPmonG3/SEPmonG3V3/hw/SEPmonG3V10.xsa
TRACE::2024-07-07.21:40:29::SCWPlatform::DSA directory C:/Users/gusta/Documents/SEP_projects/HW_SW/SEPmonG3/SEPmonG3V3/hw
TRACE::2024-07-07.21:40:29::SCWPlatform:: Platform Path C:/Users/gusta/Documents/SEP_projects/HW_SW/SEPmonG3/SEPmonG3V3/hw/SEPmonG3V10.xsa
TRACE::2024-07-07.21:40:29::SCWPlatform:: Unique name xilinx:zybo-z7-10::0.0
TRACE::2024-07-07.21:40:29::SCWPlatform::Trying to set the existing hwdb with name DEMO_wrapper_65
TRACE::2024-07-07.21:40:29::SCWPlatform::Opened existing hwdb DEMO_wrapper_65
TRACE::2024-07-07.21:40:29::SCWPlatform::Found the Hw Db part of the input DSA
TRACE::2024-07-07.21:40:29::SCWPlatform::Trying to open the hw design at C:/Users/gusta/Documents/SEP_projects/HW_SW/SEPmonG3/SEPmonG3V3/hw/SEPmonG3V10.xsa
TRACE::2024-07-07.21:40:29::SCWPlatform::DSA given C:/Users/gusta/Documents/SEP_projects/HW_SW/SEPmonG3/SEPmonG3V3/hw/SEPmonG3V10.xsa
TRACE::2024-07-07.21:40:29::SCWPlatform::DSA absoulate path C:/Users/gusta/Documents/SEP_projects/HW_SW/SEPmonG3/SEPmonG3V3/hw/SEPmonG3V10.xsa
TRACE::2024-07-07.21:40:29::SCWPlatform::DSA directory C:/Users/gusta/Documents/SEP_projects/HW_SW/SEPmonG3/SEPmonG3V3/hw
TRACE::2024-07-07.21:40:29::SCWPlatform:: Platform Path C:/Users/gusta/Documents/SEP_projects/HW_SW/SEPmonG3/SEPmonG3V3/hw/SEPmonG3V10.xsa
TRACE::2024-07-07.21:40:29::SCWPlatform:: Unique name xilinx:zybo-z7-10::0.0
TRACE::2024-07-07.21:40:29::SCWPlatform::Trying to set the existing hwdb with name DEMO_wrapper_65
TRACE::2024-07-07.21:40:29::SCWPlatform::Opened existing hwdb DEMO_wrapper_65
TRACE::2024-07-07.21:40:29::SCWPlatform::Found the Hw Db part of the input DSA
TRACE::2024-07-07.21:40:29::SCWPlatform::Trying to open the hw design at C:/Users/gusta/Documents/SEP_projects/HW_SW/SEPmonG3/SEPmonG3V3/hw/SEPmonG3V10.xsa
TRACE::2024-07-07.21:40:29::SCWPlatform::DSA given C:/Users/gusta/Documents/SEP_projects/HW_SW/SEPmonG3/SEPmonG3V3/hw/SEPmonG3V10.xsa
TRACE::2024-07-07.21:40:29::SCWPlatform::DSA absoulate path C:/Users/gusta/Documents/SEP_projects/HW_SW/SEPmonG3/SEPmonG3V3/hw/SEPmonG3V10.xsa
TRACE::2024-07-07.21:40:29::SCWPlatform::DSA directory C:/Users/gusta/Documents/SEP_projects/HW_SW/SEPmonG3/SEPmonG3V3/hw
TRACE::2024-07-07.21:40:29::SCWPlatform:: Platform Path C:/Users/gusta/Documents/SEP_projects/HW_SW/SEPmonG3/SEPmonG3V3/hw/SEPmonG3V10.xsa
TRACE::2024-07-07.21:40:29::SCWPlatform:: Unique name xilinx:zybo-z7-10::0.0
TRACE::2024-07-07.21:40:29::SCWPlatform::Trying to set the existing hwdb with name DEMO_wrapper_65
TRACE::2024-07-07.21:40:29::SCWPlatform::Opened existing hwdb DEMO_wrapper_65
TRACE::2024-07-07.21:40:29::SCWPlatform::Found the Hw Db part of the input DSA
TRACE::2024-07-07.21:40:29::SCWReader::Boot application domain added for zynq_fsbl
TRACE::2024-07-07.21:40:29::SCWPlatform::Trying to open the hw design at C:/Users/gusta/Documents/SEP_projects/HW_SW/SEPmonG3/SEPmonG3V3/hw/SEPmonG3V10.xsa
TRACE::2024-07-07.21:40:29::SCWPlatform::DSA given C:/Users/gusta/Documents/SEP_projects/HW_SW/SEPmonG3/SEPmonG3V3/hw/SEPmonG3V10.xsa
TRACE::2024-07-07.21:40:29::SCWPlatform::DSA absoulate path C:/Users/gusta/Documents/SEP_projects/HW_SW/SEPmonG3/SEPmonG3V3/hw/SEPmonG3V10.xsa
TRACE::2024-07-07.21:40:29::SCWPlatform::DSA directory C:/Users/gusta/Documents/SEP_projects/HW_SW/SEPmonG3/SEPmonG3V3/hw
TRACE::2024-07-07.21:40:29::SCWPlatform:: Platform Path C:/Users/gusta/Documents/SEP_projects/HW_SW/SEPmonG3/SEPmonG3V3/hw/SEPmonG3V10.xsa
TRACE::2024-07-07.21:40:29::SCWPlatform:: Unique name xilinx:zybo-z7-10::0.0
TRACE::2024-07-07.21:40:29::SCWPlatform::Trying to set the existing hwdb with name DEMO_wrapper_65
TRACE::2024-07-07.21:40:29::SCWPlatform::Opened existing hwdb DEMO_wrapper_65
TRACE::2024-07-07.21:40:29::SCWPlatform::Found the Hw Db part of the input DSA
TRACE::2024-07-07.21:40:29::SCWMssOS::Checking the sw design at  C:/Users/gusta/Documents/SEP_projects/HW_SW/SEPmonG3/SEPmonG3V3/zynq_fsbl/zynq_fsbl_bsp/system.mss
TRACE::2024-07-07.21:40:29::SCWMssOS::DEBUG:  swdes dump  C:/Users/gusta/Documents/SEP_projects/HW_SW/SEPmonG3/SEPmonG3/ps7_cortexa9_0/standalone_domain/bsp/system.mss|system_0||
C:/Users/gusta/Documents/SEP_projects/HW_SW/SEPmonG3/SEPmonG3/zynq_fsbl/zynq_fsbl_bsp/system.mss|system||

TRACE::2024-07-07.21:40:29::SCWMssOS::No sw design opened at  C:/Users/gusta/Documents/SEP_projects/HW_SW/SEPmonG3/SEPmonG3V3/zynq_fsbl/zynq_fsbl_bsp/system.mss
TRACE::2024-07-07.21:40:29::SCWMssOS::mss exists loading the mss file  C:/Users/gusta/Documents/SEP_projects/HW_SW/SEPmonG3/SEPmonG3V3/zynq_fsbl/zynq_fsbl_bsp/system.mss
TRACE::2024-07-07.21:40:29::SCWMssOS::Opened the sw design from mss  C:/Users/gusta/Documents/SEP_projects/HW_SW/SEPmonG3/SEPmonG3V3/zynq_fsbl/zynq_fsbl_bsp/system.mss
TRACE::2024-07-07.21:40:29::SCWMssOS::Adding the swdes entry C:/Users/gusta/Documents/SEP_projects/HW_SW/SEPmonG3/SEPmonG3V3/zynq_fsbl/zynq_fsbl_bsp/system.mss with des name system_1
TRACE::2024-07-07.21:40:29::SCWMssOS::updating the scw layer about changes
TRACE::2024-07-07.21:40:29::SCWMssOS::Opened the sw design.  C:/Users/gusta/Documents/SEP_projects/HW_SW/SEPmonG3/SEPmonG3V3/zynq_fsbl/zynq_fsbl_bsp/system.mss
TRACE::2024-07-07.21:40:29::SCWPlatform::Trying to open the hw design at C:/Users/gusta/Documents/SEP_projects/HW_SW/SEPmonG3/SEPmonG3V3/hw/SEPmonG3V10.xsa
TRACE::2024-07-07.21:40:29::SCWPlatform::DSA given C:/Users/gusta/Documents/SEP_projects/HW_SW/SEPmonG3/SEPmonG3V3/hw/SEPmonG3V10.xsa
TRACE::2024-07-07.21:40:29::SCWPlatform::DSA absoulate path C:/Users/gusta/Documents/SEP_projects/HW_SW/SEPmonG3/SEPmonG3V3/hw/SEPmonG3V10.xsa
TRACE::2024-07-07.21:40:29::SCWPlatform::DSA directory C:/Users/gusta/Documents/SEP_projects/HW_SW/SEPmonG3/SEPmonG3V3/hw
TRACE::2024-07-07.21:40:29::SCWPlatform:: Platform Path C:/Users/gusta/Documents/SEP_projects/HW_SW/SEPmonG3/SEPmonG3V3/hw/SEPmonG3V10.xsa
TRACE::2024-07-07.21:40:29::SCWPlatform:: Unique name xilinx:zybo-z7-10::0.0
TRACE::2024-07-07.21:40:29::SCWPlatform::Trying to set the existing hwdb with name DEMO_wrapper_65
TRACE::2024-07-07.21:40:29::SCWPlatform::Opened existing hwdb DEMO_wrapper_65
TRACE::2024-07-07.21:40:29::SCWPlatform::Found the Hw Db part of the input DSA
TRACE::2024-07-07.21:40:29::SCWMssOS::Checking the sw design at  C:/Users/gusta/Documents/SEP_projects/HW_SW/SEPmonG3/SEPmonG3V3/zynq_fsbl/zynq_fsbl_bsp/system.mss
TRACE::2024-07-07.21:40:29::SCWMssOS::DEBUG:  swdes dump  C:/Users/gusta/Documents/SEP_projects/HW_SW/SEPmonG3/SEPmonG3/ps7_cortexa9_0/standalone_domain/bsp/system.mss|system_0||
C:/Users/gusta/Documents/SEP_projects/HW_SW/SEPmonG3/SEPmonG3/zynq_fsbl/zynq_fsbl_bsp/system.mss|system||
C:/Users/gusta/Documents/SEP_projects/HW_SW/SEPmonG3/SEPmonG3V3/zynq_fsbl/zynq_fsbl_bsp/system.mss|system_1||

TRACE::2024-07-07.21:40:29::SCWMssOS::Sw design exists and opened at  C:/Users/gusta/Documents/SEP_projects/HW_SW/SEPmonG3/SEPmonG3V3/zynq_fsbl/zynq_fsbl_bsp/system.mss
TRACE::2024-07-07.21:40:29::SCWMssOS:: library already available in sw design:  xilffs:4.3
TRACE::2024-07-07.21:40:29::SCWPlatform::Trying to open the hw design at C:/Users/gusta/Documents/SEP_projects/HW_SW/SEPmonG3/SEPmonG3V3/hw/SEPmonG3V10.xsa
TRACE::2024-07-07.21:40:29::SCWPlatform::DSA given C:/Users/gusta/Documents/SEP_projects/HW_SW/SEPmonG3/SEPmonG3V3/hw/SEPmonG3V10.xsa
TRACE::2024-07-07.21:40:29::SCWPlatform::DSA absoulate path C:/Users/gusta/Documents/SEP_projects/HW_SW/SEPmonG3/SEPmonG3V3/hw/SEPmonG3V10.xsa
TRACE::2024-07-07.21:40:29::SCWPlatform::DSA directory C:/Users/gusta/Documents/SEP_projects/HW_SW/SEPmonG3/SEPmonG3V3/hw
TRACE::2024-07-07.21:40:29::SCWPlatform:: Platform Path C:/Users/gusta/Documents/SEP_projects/HW_SW/SEPmonG3/SEPmonG3V3/hw/SEPmonG3V10.xsa
TRACE::2024-07-07.21:40:29::SCWPlatform:: Unique name xilinx:zybo-z7-10::0.0
TRACE::2024-07-07.21:40:29::SCWPlatform::Trying to set the existing hwdb with name DEMO_wrapper_65
TRACE::2024-07-07.21:40:29::SCWPlatform::Opened existing hwdb DEMO_wrapper_65
TRACE::2024-07-07.21:40:29::SCWPlatform::Found the Hw Db part of the input DSA
TRACE::2024-07-07.21:40:29::SCWMssOS::Checking the sw design at  C:/Users/gusta/Documents/SEP_projects/HW_SW/SEPmonG3/SEPmonG3V3/zynq_fsbl/zynq_fsbl_bsp/system.mss
TRACE::2024-07-07.21:40:29::SCWMssOS::DEBUG:  swdes dump  C:/Users/gusta/Documents/SEP_projects/HW_SW/SEPmonG3/SEPmonG3/ps7_cortexa9_0/standalone_domain/bsp/system.mss|system_0||
C:/Users/gusta/Documents/SEP_projects/HW_SW/SEPmonG3/SEPmonG3/zynq_fsbl/zynq_fsbl_bsp/system.mss|system||
C:/Users/gusta/Documents/SEP_projects/HW_SW/SEPmonG3/SEPmonG3V3/zynq_fsbl/zynq_fsbl_bsp/system.mss|system_1||

TRACE::2024-07-07.21:40:29::SCWMssOS::Sw design exists and opened at  C:/Users/gusta/Documents/SEP_projects/HW_SW/SEPmonG3/SEPmonG3V3/zynq_fsbl/zynq_fsbl_bsp/system.mss
TRACE::2024-07-07.21:40:29::SCWMssOS:: library already available in sw design:  xilrsa:1.6
TRACE::2024-07-07.21:40:29::SCWMssOS::Saving the mss changes C:/Users/gusta/Documents/SEP_projects/HW_SW/SEPmonG3/SEPmonG3V3/zynq_fsbl/zynq_fsbl_bsp/system.mss
TRACE::2024-07-07.21:40:29::SCWMssOS::Found a swdesign opened with the mssfile.
TRACE::2024-07-07.21:40:29::SCWMssOS::Completed writemss as part of save.
TRACE::2024-07-07.21:40:29::SCWMssOS::Commit changes completed.
TRACE::2024-07-07.21:40:29::SCWReader::Adding prebuilt librarypaths as   
TRACE::2024-07-07.21:40:29::SCWReader::Adding prebuilt incpaths  as   
TRACE::2024-07-07.21:40:29::SCWPlatform::Trying to open the hw design at C:/Users/gusta/Documents/SEP_projects/HW_SW/SEPmonG3/SEPmonG3V3/hw/SEPmonG3V10.xsa
TRACE::2024-07-07.21:40:29::SCWPlatform::DSA given C:/Users/gusta/Documents/SEP_projects/HW_SW/SEPmonG3/SEPmonG3V3/hw/SEPmonG3V10.xsa
TRACE::2024-07-07.21:40:29::SCWPlatform::DSA absoulate path C:/Users/gusta/Documents/SEP_projects/HW_SW/SEPmonG3/SEPmonG3V3/hw/SEPmonG3V10.xsa
TRACE::2024-07-07.21:40:29::SCWPlatform::DSA directory C:/Users/gusta/Documents/SEP_projects/HW_SW/SEPmonG3/SEPmonG3V3/hw
TRACE::2024-07-07.21:40:29::SCWPlatform:: Platform Path C:/Users/gusta/Documents/SEP_projects/HW_SW/SEPmonG3/SEPmonG3V3/hw/SEPmonG3V10.xsa
TRACE::2024-07-07.21:40:29::SCWPlatform:: Unique name xilinx:zybo-z7-10::0.0
TRACE::2024-07-07.21:40:29::SCWPlatform::Trying to set the existing hwdb with name DEMO_wrapper_65
TRACE::2024-07-07.21:40:29::SCWPlatform::Opened existing hwdb DEMO_wrapper_65
TRACE::2024-07-07.21:40:29::SCWPlatform::Found the Hw Db part of the input DSA
TRACE::2024-07-07.21:40:29::SCWMssOS::Checking the sw design at  C:/Users/gusta/Documents/SEP_projects/HW_SW/SEPmonG3/SEPmonG3V3/zynq_fsbl/zynq_fsbl_bsp/system.mss
TRACE::2024-07-07.21:40:29::SCWMssOS::DEBUG:  swdes dump  C:/Users/gusta/Documents/SEP_projects/HW_SW/SEPmonG3/SEPmonG3/ps7_cortexa9_0/standalone_domain/bsp/system.mss|system_0||
C:/Users/gusta/Documents/SEP_projects/HW_SW/SEPmonG3/SEPmonG3/zynq_fsbl/zynq_fsbl_bsp/system.mss|system||
C:/Users/gusta/Documents/SEP_projects/HW_SW/SEPmonG3/SEPmonG3V3/zynq_fsbl/zynq_fsbl_bsp/system.mss|system_1||

TRACE::2024-07-07.21:40:29::SCWMssOS::Sw design exists and opened at  C:/Users/gusta/Documents/SEP_projects/HW_SW/SEPmonG3/SEPmonG3V3/zynq_fsbl/zynq_fsbl_bsp/system.mss
TRACE::2024-07-07.21:40:29::SCWReader::No isolation master present  
TRACE::2024-07-07.21:40:29::SCWDomain::checking for install qemu data   : 
TRACE::2024-07-07.21:40:29::SCWDomain:: Using the QEMU Data from install at  : C:/Xilinx/Vitis/2020.1/data/emulation/platforms/zynq/qemu/
TRACE::2024-07-07.21:40:29::SCWDomain:: Using the QEMU args  from install at  : C:/Xilinx/Vitis/2020.1/data/emulation/platforms/zynq/qemu/qemu_args.txt
TRACE::2024-07-07.21:40:29::SCWPlatform::Trying to open the hw design at C:/Users/gusta/Documents/SEP_projects/HW_SW/SEPmonG3/SEPmonG3V3/hw/SEPmonG3V10.xsa
TRACE::2024-07-07.21:40:29::SCWPlatform::DSA given C:/Users/gusta/Documents/SEP_projects/HW_SW/SEPmonG3/SEPmonG3V3/hw/SEPmonG3V10.xsa
TRACE::2024-07-07.21:40:29::SCWPlatform::DSA absoulate path C:/Users/gusta/Documents/SEP_projects/HW_SW/SEPmonG3/SEPmonG3V3/hw/SEPmonG3V10.xsa
TRACE::2024-07-07.21:40:29::SCWPlatform::DSA directory C:/Users/gusta/Documents/SEP_projects/HW_SW/SEPmonG3/SEPmonG3V3/hw
TRACE::2024-07-07.21:40:29::SCWPlatform:: Platform Path C:/Users/gusta/Documents/SEP_projects/HW_SW/SEPmonG3/SEPmonG3V3/hw/SEPmonG3V10.xsa
TRACE::2024-07-07.21:40:29::SCWPlatform:: Unique name xilinx:zybo-z7-10::0.0
TRACE::2024-07-07.21:40:29::SCWPlatform::Trying to set the existing hwdb with name DEMO_wrapper_65
TRACE::2024-07-07.21:40:29::SCWPlatform::Opened existing hwdb DEMO_wrapper_65
TRACE::2024-07-07.21:40:29::SCWPlatform::Found the Hw Db part of the input DSA
TRACE::2024-07-07.21:40:29::SCWPlatform::Trying to open the hw design at C:/Users/gusta/Documents/SEP_projects/HW_SW/SEPmonG3/SEPmonG3V3/hw/SEPmonG3V10.xsa
TRACE::2024-07-07.21:40:29::SCWPlatform::DSA given C:/Users/gusta/Documents/SEP_projects/HW_SW/SEPmonG3/SEPmonG3V3/hw/SEPmonG3V10.xsa
TRACE::2024-07-07.21:40:29::SCWPlatform::DSA absoulate path C:/Users/gusta/Documents/SEP_projects/HW_SW/SEPmonG3/SEPmonG3V3/hw/SEPmonG3V10.xsa
TRACE::2024-07-07.21:40:29::SCWPlatform::DSA directory C:/Users/gusta/Documents/SEP_projects/HW_SW/SEPmonG3/SEPmonG3V3/hw
TRACE::2024-07-07.21:40:29::SCWPlatform:: Platform Path C:/Users/gusta/Documents/SEP_projects/HW_SW/SEPmonG3/SEPmonG3V3/hw/SEPmonG3V10.xsa
TRACE::2024-07-07.21:40:29::SCWPlatform:: Unique name xilinx:zybo-z7-10::0.0
TRACE::2024-07-07.21:40:29::SCWPlatform::Trying to set the existing hwdb with name DEMO_wrapper_65
TRACE::2024-07-07.21:40:29::SCWPlatform::Opened existing hwdb DEMO_wrapper_65
TRACE::2024-07-07.21:40:29::SCWPlatform::Found the Hw Db part of the input DSA
TRACE::2024-07-07.21:40:29::SCWPlatform::Trying to open the hw design at C:/Users/gusta/Documents/SEP_projects/HW_SW/SEPmonG3/SEPmonG3V3/hw/SEPmonG3V10.xsa
TRACE::2024-07-07.21:40:29::SCWPlatform::DSA given C:/Users/gusta/Documents/SEP_projects/HW_SW/SEPmonG3/SEPmonG3V3/hw/SEPmonG3V10.xsa
TRACE::2024-07-07.21:40:29::SCWPlatform::DSA absoulate path C:/Users/gusta/Documents/SEP_projects/HW_SW/SEPmonG3/SEPmonG3V3/hw/SEPmonG3V10.xsa
TRACE::2024-07-07.21:40:29::SCWPlatform::DSA directory C:/Users/gusta/Documents/SEP_projects/HW_SW/SEPmonG3/SEPmonG3V3/hw
TRACE::2024-07-07.21:40:29::SCWPlatform:: Platform Path C:/Users/gusta/Documents/SEP_projects/HW_SW/SEPmonG3/SEPmonG3V3/hw/SEPmonG3V10.xsa
TRACE::2024-07-07.21:40:29::SCWPlatform:: Unique name xilinx:zybo-z7-10::0.0
TRACE::2024-07-07.21:40:29::SCWPlatform::Trying to set the existing hwdb with name DEMO_wrapper_65
TRACE::2024-07-07.21:40:29::SCWPlatform::Opened existing hwdb DEMO_wrapper_65
TRACE::2024-07-07.21:40:29::SCWPlatform::Found the Hw Db part of the input DSA
TRACE::2024-07-07.21:40:29::SCWMssOS::Checking the sw design at  C:/Users/gusta/Documents/SEP_projects/HW_SW/SEPmonG3/SEPmonG3V3/ps7_cortexa9_0/standalone_domain/bsp/system.mss
TRACE::2024-07-07.21:40:29::SCWMssOS::DEBUG:  swdes dump  C:/Users/gusta/Documents/SEP_projects/HW_SW/SEPmonG3/SEPmonG3/ps7_cortexa9_0/standalone_domain/bsp/system.mss|system_0||
C:/Users/gusta/Documents/SEP_projects/HW_SW/SEPmonG3/SEPmonG3/zynq_fsbl/zynq_fsbl_bsp/system.mss|system||
C:/Users/gusta/Documents/SEP_projects/HW_SW/SEPmonG3/SEPmonG3V3/zynq_fsbl/zynq_fsbl_bsp/system.mss|system_1||

TRACE::2024-07-07.21:40:29::SCWMssOS::No sw design opened at  C:/Users/gusta/Documents/SEP_projects/HW_SW/SEPmonG3/SEPmonG3V3/ps7_cortexa9_0/standalone_domain/bsp/system.mss
TRACE::2024-07-07.21:40:29::SCWMssOS::mss exists loading the mss file  C:/Users/gusta/Documents/SEP_projects/HW_SW/SEPmonG3/SEPmonG3V3/ps7_cortexa9_0/standalone_domain/bsp/system.mss
TRACE::2024-07-07.21:40:29::SCWMssOS::Opened the sw design from mss  C:/Users/gusta/Documents/SEP_projects/HW_SW/SEPmonG3/SEPmonG3V3/ps7_cortexa9_0/standalone_domain/bsp/system.mss
TRACE::2024-07-07.21:40:29::SCWMssOS::Adding the swdes entry C:/Users/gusta/Documents/SEP_projects/HW_SW/SEPmonG3/SEPmonG3V3/ps7_cortexa9_0/standalone_domain/bsp/system.mss with des name system_2
TRACE::2024-07-07.21:40:29::SCWMssOS::updating the scw layer about changes
TRACE::2024-07-07.21:40:29::SCWMssOS::Opened the sw design.  C:/Users/gusta/Documents/SEP_projects/HW_SW/SEPmonG3/SEPmonG3V3/ps7_cortexa9_0/standalone_domain/bsp/system.mss
TRACE::2024-07-07.21:40:29::SCWMssOS::Saving the mss changes C:/Users/gusta/Documents/SEP_projects/HW_SW/SEPmonG3/SEPmonG3V3/ps7_cortexa9_0/standalone_domain/bsp/system.mss
TRACE::2024-07-07.21:40:29::SCWMssOS::Found a swdesign opened with the mssfile.
TRACE::2024-07-07.21:40:29::SCWMssOS::Completed writemss as part of save.
TRACE::2024-07-07.21:40:29::SCWMssOS::Commit changes completed.
TRACE::2024-07-07.21:40:29::SCWReader::Adding prebuilt librarypaths as   
TRACE::2024-07-07.21:40:29::SCWReader::Adding prebuilt incpaths  as   
TRACE::2024-07-07.21:40:29::SCWPlatform::Trying to open the hw design at C:/Users/gusta/Documents/SEP_projects/HW_SW/SEPmonG3/SEPmonG3V3/hw/SEPmonG3V10.xsa
TRACE::2024-07-07.21:40:29::SCWPlatform::DSA given C:/Users/gusta/Documents/SEP_projects/HW_SW/SEPmonG3/SEPmonG3V3/hw/SEPmonG3V10.xsa
TRACE::2024-07-07.21:40:29::SCWPlatform::DSA absoulate path C:/Users/gusta/Documents/SEP_projects/HW_SW/SEPmonG3/SEPmonG3V3/hw/SEPmonG3V10.xsa
TRACE::2024-07-07.21:40:29::SCWPlatform::DSA directory C:/Users/gusta/Documents/SEP_projects/HW_SW/SEPmonG3/SEPmonG3V3/hw
TRACE::2024-07-07.21:40:29::SCWPlatform:: Platform Path C:/Users/gusta/Documents/SEP_projects/HW_SW/SEPmonG3/SEPmonG3V3/hw/SEPmonG3V10.xsa
TRACE::2024-07-07.21:40:29::SCWPlatform:: Unique name xilinx:zybo-z7-10::0.0
TRACE::2024-07-07.21:40:29::SCWPlatform::Trying to set the existing hwdb with name DEMO_wrapper_65
TRACE::2024-07-07.21:40:29::SCWPlatform::Opened existing hwdb DEMO_wrapper_65
TRACE::2024-07-07.21:40:29::SCWPlatform::Found the Hw Db part of the input DSA
TRACE::2024-07-07.21:40:29::SCWMssOS::Checking the sw design at  C:/Users/gusta/Documents/SEP_projects/HW_SW/SEPmonG3/SEPmonG3V3/ps7_cortexa9_0/standalone_domain/bsp/system.mss
TRACE::2024-07-07.21:40:29::SCWMssOS::DEBUG:  swdes dump  C:/Users/gusta/Documents/SEP_projects/HW_SW/SEPmonG3/SEPmonG3/ps7_cortexa9_0/standalone_domain/bsp/system.mss|system_0||
C:/Users/gusta/Documents/SEP_projects/HW_SW/SEPmonG3/SEPmonG3/zynq_fsbl/zynq_fsbl_bsp/system.mss|system||
C:/Users/gusta/Documents/SEP_projects/HW_SW/SEPmonG3/SEPmonG3V3/ps7_cortexa9_0/standalone_domain/bsp/system.mss|system_2||
C:/Users/gusta/Documents/SEP_projects/HW_SW/SEPmonG3/SEPmonG3V3/zynq_fsbl/zynq_fsbl_bsp/system.mss|system_1||

TRACE::2024-07-07.21:40:29::SCWMssOS::Sw design exists and opened at  C:/Users/gusta/Documents/SEP_projects/HW_SW/SEPmonG3/SEPmonG3V3/ps7_cortexa9_0/standalone_domain/bsp/system.mss
TRACE::2024-07-07.21:40:29::SCWReader::No isolation master present  
LOG::2024-07-07.21:40:37::SCWPlatform::Started generating the artifacts platform SEPmonG3V3
TRACE::2024-07-07.21:40:37::SCWPlatform::Sanity checking of platform is completed
LOG::2024-07-07.21:40:37::SCWPlatform::Started generating the artifacts for system configuration SEPmonG3V3
LOG::2024-07-07.21:40:37::SCWSystem::Checking the domain zynq_fsbl
LOG::2024-07-07.21:40:37::SCWSystem::Doing application build for :  zynq_fsbl
TRACE::2024-07-07.21:40:37::SCWBDomain::Not a forced makefile updation, No changes are present. 
TRACE::2024-07-07.21:40:37::SCWDomain::Skipping the build for domain :  zynq_fsbl
LOG::2024-07-07.21:40:37::SCWSystem::Checking the domain standalone_domain
LOG::2024-07-07.21:40:37::SCWSystem::Not a boot domain 
LOG::2024-07-07.21:40:37::SCWSystem::Started Processing the domain standalone_domain
TRACE::2024-07-07.21:40:37::SCWDomain::Generating domain artifcats
TRACE::2024-07-07.21:40:37::SCWMssOS::Generating standalone artifcats
TRACE::2024-07-07.21:40:37::SCWMssOS::Copying the qemu file from  C:/Xilinx/Vitis/2020.1/data/emulation/platforms/zynq/qemu/qemu_args.txt To C:/Users/gusta/Documents/SEP_projects/HW_SW/SEPmonG3/SEPmonG3V3/export/SEPmonG3V3/sw/SEPmonG3V3/qemu/
TRACE::2024-07-07.21:40:37::SCWMssOS::Copying the qemu file from  C:/Xilinx/Vitis/2020.1/data/emulation/platforms/zynq/qemu/qemu_args.txt To C:/Users/gusta/Documents/SEP_projects/HW_SW/SEPmonG3/SEPmonG3V3/export/SEPmonG3V3/sw/SEPmonG3V3/standalone_domain/qemu/
TRACE::2024-07-07.21:40:37::SCWMssOS:: Copying the user libraries. 
TRACE::2024-07-07.21:40:37::SCWPlatform::Trying to open the hw design at C:/Users/gusta/Documents/SEP_projects/HW_SW/SEPmonG3/SEPmonG3V3/hw/SEPmonG3V10.xsa
TRACE::2024-07-07.21:40:37::SCWPlatform::DSA given C:/Users/gusta/Documents/SEP_projects/HW_SW/SEPmonG3/SEPmonG3V3/hw/SEPmonG3V10.xsa
TRACE::2024-07-07.21:40:37::SCWPlatform::DSA absoulate path C:/Users/gusta/Documents/SEP_projects/HW_SW/SEPmonG3/SEPmonG3V3/hw/SEPmonG3V10.xsa
TRACE::2024-07-07.21:40:37::SCWPlatform::DSA directory C:/Users/gusta/Documents/SEP_projects/HW_SW/SEPmonG3/SEPmonG3V3/hw
TRACE::2024-07-07.21:40:37::SCWPlatform:: Platform Path C:/Users/gusta/Documents/SEP_projects/HW_SW/SEPmonG3/SEPmonG3V3/hw/SEPmonG3V10.xsa
TRACE::2024-07-07.21:40:37::SCWPlatform:: Unique name xilinx:zybo-z7-10::0.0
TRACE::2024-07-07.21:40:37::SCWPlatform::Trying to set the existing hwdb with name DEMO_wrapper_65
TRACE::2024-07-07.21:40:37::SCWPlatform::Opened existing hwdb DEMO_wrapper_65
TRACE::2024-07-07.21:40:37::SCWPlatform::Found the Hw Db part of the input DSA
TRACE::2024-07-07.21:40:37::SCWMssOS::Checking the sw design at  C:/Users/gusta/Documents/SEP_projects/HW_SW/SEPmonG3/SEPmonG3V3/ps7_cortexa9_0/standalone_domain/bsp/system.mss
TRACE::2024-07-07.21:40:37::SCWMssOS::DEBUG:  swdes dump  C:/Users/gusta/Documents/SEP_projects/HW_SW/SEPmonG3/SEPmonG3/ps7_cortexa9_0/standalone_domain/bsp/system.mss|system_0||
C:/Users/gusta/Documents/SEP_projects/HW_SW/SEPmonG3/SEPmonG3/zynq_fsbl/zynq_fsbl_bsp/system.mss|system||
C:/Users/gusta/Documents/SEP_projects/HW_SW/SEPmonG3/SEPmonG3V3/ps7_cortexa9_0/standalone_domain/bsp/system.mss|system_2||
C:/Users/gusta/Documents/SEP_projects/HW_SW/SEPmonG3/SEPmonG3V3/zynq_fsbl/zynq_fsbl_bsp/system.mss|system_1||

TRACE::2024-07-07.21:40:37::SCWMssOS::Sw design exists and opened at  C:/Users/gusta/Documents/SEP_projects/HW_SW/SEPmonG3/SEPmonG3V3/ps7_cortexa9_0/standalone_domain/bsp/system.mss
TRACE::2024-07-07.21:40:37::SCWMssOS::Completed writing the mss file at C:/Users/gusta/Documents/SEP_projects/HW_SW/SEPmonG3/SEPmonG3V3/ps7_cortexa9_0/standalone_domain/bsp
TRACE::2024-07-07.21:40:37::SCWMssOS::Mss edits present, copying mssfile into export location C:/Users/gusta/Documents/SEP_projects/HW_SW/SEPmonG3/SEPmonG3V3/ps7_cortexa9_0/standalone_domain/bsp/system.mss
TRACE::2024-07-07.21:40:37::SCWMssOS::bsp generated is upto date with the mss file. Skipping bsp generation.
TRACE::2024-07-07.21:40:37::SCWMssOS::BSP is already built. skipping the bsp build ... 
TRACE::2024-07-07.21:40:37::SCWDomain::Skipping the build for domain :  standalone_domain
TRACE::2024-07-07.21:40:37::SCWMssOS::skipping the bsp build ... 
TRACE::2024-07-07.21:40:37::SCWMssOS::Copying to export directory.
TRACE::2024-07-07.21:40:38::SCWMssOS:: Checking if to create the Supporting Applications
TRACE::2024-07-07.21:40:38::SCWMssOS:: No Linux domain exists, trying to generate FSBL 
LOG::2024-07-07.21:40:38::SCWSystem::Completed Processing the domain standalone_domain
LOG::2024-07-07.21:40:38::SCWSystem::Completed Processing the sysconfig SEPmonG3V3
LOG::2024-07-07.21:40:38::SCWPlatform::Completed generating the artifacts for system configuration SEPmonG3V3
TRACE::2024-07-07.21:40:38::SCWPlatform::Started preparing the platform 
TRACE::2024-07-07.21:40:38::SCWSystem::Writing the bif file for system config SEPmonG3V3
TRACE::2024-07-07.21:40:38::SCWSystem::dir created 
TRACE::2024-07-07.21:40:38::SCWSystem::Writing the bif 
TRACE::2024-07-07.21:40:38::SCWPlatform::Started writing the spfm file 
TRACE::2024-07-07.21:40:38::SCWPlatform::Started writing the xpfm file 
TRACE::2024-07-07.21:40:38::SCWPlatform::Completed generating the platform
TRACE::2024-07-07.21:40:38::SCWMssOS::Saving the mss changes C:/Users/gusta/Documents/SEP_projects/HW_SW/SEPmonG3/SEPmonG3V3/zynq_fsbl/zynq_fsbl_bsp/system.mss
TRACE::2024-07-07.21:40:38::SCWMssOS::Found a swdesign opened with the mssfile.
TRACE::2024-07-07.21:40:38::SCWMssOS::Completed writemss as part of save.
TRACE::2024-07-07.21:40:38::SCWMssOS::Commit changes completed.
TRACE::2024-07-07.21:40:38::SCWMssOS::Saving the mss changes C:/Users/gusta/Documents/SEP_projects/HW_SW/SEPmonG3/SEPmonG3V3/ps7_cortexa9_0/standalone_domain/bsp/system.mss
TRACE::2024-07-07.21:40:38::SCWMssOS::Found a swdesign opened with the mssfile.
TRACE::2024-07-07.21:40:38::SCWMssOS::Completed writemss as part of save.
TRACE::2024-07-07.21:40:38::SCWMssOS::Commit changes completed.
TRACE::2024-07-07.21:40:38::SCWPlatform::Trying to open the hw design at C:/Users/gusta/Documents/SEP_projects/HW_SW/SEPmonG3/SEPmonG3V3/hw/SEPmonG3V10.xsa
TRACE::2024-07-07.21:40:38::SCWPlatform::DSA given C:/Users/gusta/Documents/SEP_projects/HW_SW/SEPmonG3/SEPmonG3V3/hw/SEPmonG3V10.xsa
TRACE::2024-07-07.21:40:38::SCWPlatform::DSA absoulate path C:/Users/gusta/Documents/SEP_projects/HW_SW/SEPmonG3/SEPmonG3V3/hw/SEPmonG3V10.xsa
TRACE::2024-07-07.21:40:38::SCWPlatform::DSA directory C:/Users/gusta/Documents/SEP_projects/HW_SW/SEPmonG3/SEPmonG3V3/hw
TRACE::2024-07-07.21:40:38::SCWPlatform:: Platform Path C:/Users/gusta/Documents/SEP_projects/HW_SW/SEPmonG3/SEPmonG3V3/hw/SEPmonG3V10.xsa
TRACE::2024-07-07.21:40:38::SCWPlatform:: Unique name xilinx:zybo-z7-10::0.0
TRACE::2024-07-07.21:40:38::SCWPlatform::Trying to set the existing hwdb with name DEMO_wrapper_65
TRACE::2024-07-07.21:40:38::SCWPlatform::Opened existing hwdb DEMO_wrapper_65
TRACE::2024-07-07.21:40:38::SCWPlatform::Found the Hw Db part of the input DSA
TRACE::2024-07-07.21:40:38::SCWMssOS::Checking the sw design at  C:/Users/gusta/Documents/SEP_projects/HW_SW/SEPmonG3/SEPmonG3V3/zynq_fsbl/zynq_fsbl_bsp/system.mss
TRACE::2024-07-07.21:40:38::SCWMssOS::DEBUG:  swdes dump  C:/Users/gusta/Documents/SEP_projects/HW_SW/SEPmonG3/SEPmonG3/ps7_cortexa9_0/standalone_domain/bsp/system.mss|system_0||
C:/Users/gusta/Documents/SEP_projects/HW_SW/SEPmonG3/SEPmonG3/zynq_fsbl/zynq_fsbl_bsp/system.mss|system||
C:/Users/gusta/Documents/SEP_projects/HW_SW/SEPmonG3/SEPmonG3V3/ps7_cortexa9_0/standalone_domain/bsp/system.mss|system_2||
C:/Users/gusta/Documents/SEP_projects/HW_SW/SEPmonG3/SEPmonG3V3/zynq_fsbl/zynq_fsbl_bsp/system.mss|system_1||

TRACE::2024-07-07.21:40:38::SCWMssOS::Sw design exists and opened at  C:/Users/gusta/Documents/SEP_projects/HW_SW/SEPmonG3/SEPmonG3V3/zynq_fsbl/zynq_fsbl_bsp/system.mss
TRACE::2024-07-07.21:40:38::SCWPlatform::Trying to open the hw design at C:/Users/gusta/Documents/SEP_projects/HW_SW/SEPmonG3/SEPmonG3V3/hw/SEPmonG3V10.xsa
TRACE::2024-07-07.21:40:38::SCWPlatform::DSA given C:/Users/gusta/Documents/SEP_projects/HW_SW/SEPmonG3/SEPmonG3V3/hw/SEPmonG3V10.xsa
TRACE::2024-07-07.21:40:38::SCWPlatform::DSA absoulate path C:/Users/gusta/Documents/SEP_projects/HW_SW/SEPmonG3/SEPmonG3V3/hw/SEPmonG3V10.xsa
TRACE::2024-07-07.21:40:38::SCWPlatform::DSA directory C:/Users/gusta/Documents/SEP_projects/HW_SW/SEPmonG3/SEPmonG3V3/hw
TRACE::2024-07-07.21:40:38::SCWPlatform:: Platform Path C:/Users/gusta/Documents/SEP_projects/HW_SW/SEPmonG3/SEPmonG3V3/hw/SEPmonG3V10.xsa
TRACE::2024-07-07.21:40:38::SCWPlatform:: Unique name xilinx:zybo-z7-10::0.0
TRACE::2024-07-07.21:40:38::SCWPlatform::Trying to set the existing hwdb with name DEMO_wrapper_65
TRACE::2024-07-07.21:40:38::SCWPlatform::Opened existing hwdb DEMO_wrapper_65
TRACE::2024-07-07.21:40:38::SCWPlatform::Found the Hw Db part of the input DSA
TRACE::2024-07-07.21:40:38::SCWMssOS::Checking the sw design at  C:/Users/gusta/Documents/SEP_projects/HW_SW/SEPmonG3/SEPmonG3V3/ps7_cortexa9_0/standalone_domain/bsp/system.mss
TRACE::2024-07-07.21:40:38::SCWMssOS::DEBUG:  swdes dump  C:/Users/gusta/Documents/SEP_projects/HW_SW/SEPmonG3/SEPmonG3/ps7_cortexa9_0/standalone_domain/bsp/system.mss|system_0||
C:/Users/gusta/Documents/SEP_projects/HW_SW/SEPmonG3/SEPmonG3/zynq_fsbl/zynq_fsbl_bsp/system.mss|system||
C:/Users/gusta/Documents/SEP_projects/HW_SW/SEPmonG3/SEPmonG3V3/ps7_cortexa9_0/standalone_domain/bsp/system.mss|system_2||
C:/Users/gusta/Documents/SEP_projects/HW_SW/SEPmonG3/SEPmonG3V3/zynq_fsbl/zynq_fsbl_bsp/system.mss|system_1||

TRACE::2024-07-07.21:40:38::SCWMssOS::Sw design exists and opened at  C:/Users/gusta/Documents/SEP_projects/HW_SW/SEPmonG3/SEPmonG3V3/ps7_cortexa9_0/standalone_domain/bsp/system.mss
TRACE::2024-07-07.21:40:38::SCWWriter::formatted JSON is {
	"platformName":	"SEPmonG3V3",
	"sprVersion":	"2.0",
	"mode":	"gui",
	"dsaType":	"Fixed",
	"platformDesc":	"SEPmonG3V3",
	"platHandOff":	"C:/Users/gusta/Documents/SEP_projects/HW_SW/SEPmonG3/SEPmon/SEPmonG3V10.xsa",
	"platIntHandOff":	"<platformDir>/hw/SEPmonG3V10.xsa",
	"deviceType":	"zynq",
	"platIsPrebuiltAutogen":	"false",
	"platIsNoBootBsp":	"false",
	"hasFsblMakeHasChanges":	"false",
	"hasPmufwMakeHasChanges":	"false",
	"fsblExtraCompilerFlags":	"-MMD -MP       -mcpu=cortex-a9 -mfpu=vfpv3 -mfloat-abi=hard ",
	"platPreBuiltFlag":	false,
	"platformSamplesDir":	"",
	"platActiveSys":	"SEPmonG3V3",
	"systems":	[{
			"systemName":	"SEPmonG3V3",
			"systemDesc":	"SEPmonG3V3",
			"sysIsBootAutoGen":	"true",
			"systemDispName":	"SEPmonG3V3",
			"sysActiveDom":	"standalone_domain",
			"sysDefaultDom":	"standalone_domain",
			"domains":	[{
					"domainName":	"zynq_fsbl",
					"domainDispName":	"zynq_fsbl",
					"domainDesc":	"FSBL Application BSP - Auto Generated.",
					"processors":	"ps7_cortexa9_0",
					"os":	"standalone",
					"sdxOs":	"standalone",
					"debugEnable":	"",
					"domRuntimes":	["cpp"],
					"swRepo":	"",
					"mssOsVer":	"7.2",
					"mssFile":	"",
					"md5Digest":	"1c3d65b23234dc3ec6f7ff2cc82e7a29",
					"compatibleApp":	"zynq_fsbl",
					"domType":	"bootDomain",
					"appSettings":	{
						"appCompilerFlags":	"",
						"appLinkerFlags":	""
					},
					"addedLibs":	["xilffs:4.3", "xilrsa:1.6"],
					"libOptions":	{
						"libsContainingOptions":	[]
					},
					"prebuiltLibs":	{
						"prebuiltIncPath":	[],
						"prebuiltLibPath":	[]
					},
					"isolation":	{
					}
				}, {
					"domainName":	"standalone_domain",
					"domainDispName":	"standalone on ps7_cortexa9_0",
					"domainDesc":	"standalone_domain",
					"processors":	"ps7_cortexa9_0",
					"os":	"standalone",
					"sdxOs":	"standalone",
					"qemuArgs":	"C:/Xilinx/Vitis/2020.1/data/emulation/platforms/zynq/qemu/qemu_args.txt",
					"qemuData":	"C:/Xilinx/Vitis/2020.1/data/emulation/platforms/zynq/qemu/",
					"debugEnable":	"False",
					"domRuntimes":	["cpp"],
					"swRepo":	"",
					"mssOsVer":	"7.2",
					"mssFile":	"",
					"md5Digest":	"265d04d91c8cdd485e050a5ab4fc76b5",
					"compatibleApp":	"",
					"domType":	"mssDomain",
					"appSettings":	{
						"appCompilerFlags":	"",
						"appLinkerFlags":	""
					},
					"addedLibs":	[],
					"libOptions":	{
						"libsContainingOptions":	[]
					},
					"prebuiltLibs":	{
						"prebuiltIncPath":	[],
						"prebuiltLibPath":	[]
					},
					"isolation":	{
					}
				}]
		}]
}
KEYINFO::2024-07-07.21:40:38::SCWPlatform::updated the xpfm file.
TRACE::2024-07-07.21:40:38::SCWPlatform::Trying to open the hw design at C:/Users/gusta/Documents/SEP_projects/HW_SW/SEPmonG3/SEPmonG3V3/hw/SEPmonG3V10.xsa
TRACE::2024-07-07.21:40:38::SCWPlatform::DSA given C:/Users/gusta/Documents/SEP_projects/HW_SW/SEPmonG3/SEPmonG3V3/hw/SEPmonG3V10.xsa
TRACE::2024-07-07.21:40:38::SCWPlatform::DSA absoulate path C:/Users/gusta/Documents/SEP_projects/HW_SW/SEPmonG3/SEPmonG3V3/hw/SEPmonG3V10.xsa
TRACE::2024-07-07.21:40:38::SCWPlatform::DSA directory C:/Users/gusta/Documents/SEP_projects/HW_SW/SEPmonG3/SEPmonG3V3/hw
TRACE::2024-07-07.21:40:38::SCWPlatform:: Platform Path C:/Users/gusta/Documents/SEP_projects/HW_SW/SEPmonG3/SEPmonG3V3/hw/SEPmonG3V10.xsa
TRACE::2024-07-07.21:40:38::SCWPlatform:: Unique name xilinx:zybo-z7-10::0.0
TRACE::2024-07-07.21:40:38::SCWPlatform::Trying to set the existing hwdb with name DEMO_wrapper_65
TRACE::2024-07-07.21:40:38::SCWPlatform::Opened existing hwdb DEMO_wrapper_65
TRACE::2024-07-07.21:40:38::SCWPlatform::Found the Hw Db part of the input DSA
TRACE::2024-07-07.21:40:38::SCWMssOS::Checking the sw design at  C:/Users/gusta/Documents/SEP_projects/HW_SW/SEPmonG3/SEPmonG3V3/ps7_cortexa9_0/standalone_domain/bsp/system.mss
TRACE::2024-07-07.21:40:38::SCWMssOS::DEBUG:  swdes dump  C:/Users/gusta/Documents/SEP_projects/HW_SW/SEPmonG3/SEPmonG3/ps7_cortexa9_0/standalone_domain/bsp/system.mss|system_0||
C:/Users/gusta/Documents/SEP_projects/HW_SW/SEPmonG3/SEPmonG3/zynq_fsbl/zynq_fsbl_bsp/system.mss|system||
C:/Users/gusta/Documents/SEP_projects/HW_SW/SEPmonG3/SEPmonG3V3/ps7_cortexa9_0/standalone_domain/bsp/system.mss|system_2||
C:/Users/gusta/Documents/SEP_projects/HW_SW/SEPmonG3/SEPmonG3V3/zynq_fsbl/zynq_fsbl_bsp/system.mss|system_1||

TRACE::2024-07-07.21:40:38::SCWMssOS::Sw design exists and opened at  C:/Users/gusta/Documents/SEP_projects/HW_SW/SEPmonG3/SEPmonG3V3/ps7_cortexa9_0/standalone_domain/bsp/system.mss
TRACE::2024-07-07.21:53:08::SCWPlatform::Trying to open the hw design at C:/Users/gusta/Documents/SEP_projects/HW_SW/SEPmonG3/SEPmonG3V3/hw/SEPmonG3V10.xsa
TRACE::2024-07-07.21:53:08::SCWPlatform::DSA given C:/Users/gusta/Documents/SEP_projects/HW_SW/SEPmonG3/SEPmonG3V3/hw/SEPmonG3V10.xsa
TRACE::2024-07-07.21:53:08::SCWPlatform::DSA absoulate path C:/Users/gusta/Documents/SEP_projects/HW_SW/SEPmonG3/SEPmonG3V3/hw/SEPmonG3V10.xsa
TRACE::2024-07-07.21:53:08::SCWPlatform::DSA directory C:/Users/gusta/Documents/SEP_projects/HW_SW/SEPmonG3/SEPmonG3V3/hw
TRACE::2024-07-07.21:53:08::SCWPlatform:: Platform Path C:/Users/gusta/Documents/SEP_projects/HW_SW/SEPmonG3/SEPmonG3V3/hw/SEPmonG3V10.xsa
TRACE::2024-07-07.21:53:08::SCWPlatform:: Unique name xilinx:zybo-z7-10::0.0
TRACE::2024-07-07.21:53:08::SCWPlatform::Trying to set the existing hwdb with name DEMO_wrapper_65
TRACE::2024-07-07.21:53:08::SCWPlatform::Opened existing hwdb DEMO_wrapper_65
TRACE::2024-07-07.21:53:08::SCWPlatform::Found the Hw Db part of the input DSA
TRACE::2024-07-07.21:53:08::SCWPlatform::DSA given C:/Users/gusta/Documents/SEP_projects/HW_SW/SEPmonG3/SEPmonG3V3/tempdsa/SEPmonG3V11.xsa
TRACE::2024-07-07.21:53:08::SCWPlatform::DSA absoulate path C:/Users/gusta/Documents/SEP_projects/HW_SW/SEPmonG3/SEPmonG3V3/tempdsa/SEPmonG3V11.xsa
TRACE::2024-07-07.21:53:08::SCWPlatform:: Platform location is C:/Users/gusta/Documents/SEP_projects/HW_SW/SEPmonG3/SEPmonG3V3/tempdsa
TRACE::2024-07-07.21:53:08::SCWPlatform:: Platform Path C:/Users/gusta/Documents/SEP_projects/HW_SW/SEPmonG3/SEPmonG3V3/tempdsa/SEPmonG3V11.xsa
TRACE::2024-07-07.21:53:08::SCWPlatform:: Unique name xilinx:zybo-z7-10::0.0
TRACE::2024-07-07.21:53:10::SCWPlatform::Found the Hw Db part of the input DSA
TRACE::2024-07-07.21:53:10::SCWMssOS::Doing hw sync for the mss in domain: zynq_fsbl
TRACE::2024-07-07.21:53:10::SCWPlatform::Trying to open the hw design at C:/Users/gusta/Documents/SEP_projects/HW_SW/SEPmonG3/SEPmonG3V3/hw/SEPmonG3V10.xsa
TRACE::2024-07-07.21:53:10::SCWPlatform::DSA given C:/Users/gusta/Documents/SEP_projects/HW_SW/SEPmonG3/SEPmonG3V3/hw/SEPmonG3V10.xsa
TRACE::2024-07-07.21:53:10::SCWPlatform::DSA absoulate path C:/Users/gusta/Documents/SEP_projects/HW_SW/SEPmonG3/SEPmonG3V3/hw/SEPmonG3V10.xsa
TRACE::2024-07-07.21:53:10::SCWPlatform::DSA directory C:/Users/gusta/Documents/SEP_projects/HW_SW/SEPmonG3/SEPmonG3V3/hw
TRACE::2024-07-07.21:53:10::SCWPlatform:: Platform Path C:/Users/gusta/Documents/SEP_projects/HW_SW/SEPmonG3/SEPmonG3V3/hw/SEPmonG3V10.xsa
TRACE::2024-07-07.21:53:10::SCWPlatform:: Unique name xilinx:zybo-z7-10::0.0
TRACE::2024-07-07.21:53:10::SCWPlatform::Trying to set the existing hwdb with name DEMO_wrapper_65
TRACE::2024-07-07.21:53:10::SCWPlatform::Opened existing hwdb DEMO_wrapper_65
TRACE::2024-07-07.21:53:10::SCWPlatform::Found the Hw Db part of the input DSA
TRACE::2024-07-07.21:53:10::SCWPlatform::Trying to open the hw design at C:/Users/gusta/Documents/SEP_projects/HW_SW/SEPmonG3/SEPmonG3V3/hw/SEPmonG3V10.xsa
TRACE::2024-07-07.21:53:10::SCWPlatform::DSA given C:/Users/gusta/Documents/SEP_projects/HW_SW/SEPmonG3/SEPmonG3V3/hw/SEPmonG3V10.xsa
TRACE::2024-07-07.21:53:10::SCWPlatform::DSA absoulate path C:/Users/gusta/Documents/SEP_projects/HW_SW/SEPmonG3/SEPmonG3V3/hw/SEPmonG3V10.xsa
TRACE::2024-07-07.21:53:10::SCWPlatform::DSA directory C:/Users/gusta/Documents/SEP_projects/HW_SW/SEPmonG3/SEPmonG3V3/hw
TRACE::2024-07-07.21:53:10::SCWPlatform:: Platform Path C:/Users/gusta/Documents/SEP_projects/HW_SW/SEPmonG3/SEPmonG3V3/hw/SEPmonG3V10.xsa
TRACE::2024-07-07.21:53:10::SCWPlatform:: Unique name xilinx:zybo-z7-10::0.0
TRACE::2024-07-07.21:53:10::SCWPlatform::Trying to set the existing hwdb with name DEMO_wrapper_65
TRACE::2024-07-07.21:53:10::SCWPlatform::Opened existing hwdb DEMO_wrapper_65
TRACE::2024-07-07.21:53:10::SCWPlatform::Found the Hw Db part of the input DSA
TRACE::2024-07-07.21:53:10::SCWMssOS::Checking the sw design at  C:/Users/gusta/Documents/SEP_projects/HW_SW/SEPmonG3/SEPmonG3V3/zynq_fsbl/zynq_fsbl_bsp/system.mss
TRACE::2024-07-07.21:53:10::SCWMssOS::DEBUG:  swdes dump  C:/Users/gusta/Documents/SEP_projects/HW_SW/SEPmonG3/SEPmonG3/ps7_cortexa9_0/standalone_domain/bsp/system.mss|system_0||
C:/Users/gusta/Documents/SEP_projects/HW_SW/SEPmonG3/SEPmonG3/zynq_fsbl/zynq_fsbl_bsp/system.mss|system||
C:/Users/gusta/Documents/SEP_projects/HW_SW/SEPmonG3/SEPmonG3V3/ps7_cortexa9_0/standalone_domain/bsp/system.mss|system_2||
C:/Users/gusta/Documents/SEP_projects/HW_SW/SEPmonG3/SEPmonG3V3/zynq_fsbl/zynq_fsbl_bsp/system.mss|system_1||

TRACE::2024-07-07.21:53:10::SCWMssOS::Sw design exists and opened at  C:/Users/gusta/Documents/SEP_projects/HW_SW/SEPmonG3/SEPmonG3V3/zynq_fsbl/zynq_fsbl_bsp/system.mss
TRACE::2024-07-07.21:53:10::SCWPlatform::Trying to open the hw design at C:/Users/gusta/Documents/SEP_projects/HW_SW/SEPmonG3/SEPmonG3V3/tempdsa/SEPmonG3V11.xsa
TRACE::2024-07-07.21:53:10::SCWPlatform::DSA given C:/Users/gusta/Documents/SEP_projects/HW_SW/SEPmonG3/SEPmonG3V3/tempdsa/SEPmonG3V11.xsa
TRACE::2024-07-07.21:53:10::SCWPlatform::DSA absoulate path C:/Users/gusta/Documents/SEP_projects/HW_SW/SEPmonG3/SEPmonG3V3/tempdsa/SEPmonG3V11.xsa
TRACE::2024-07-07.21:53:10::SCWPlatform::DSA directory C:/Users/gusta/Documents/SEP_projects/HW_SW/SEPmonG3/SEPmonG3V3/tempdsa
TRACE::2024-07-07.21:53:10::SCWPlatform:: Platform Path C:/Users/gusta/Documents/SEP_projects/HW_SW/SEPmonG3/SEPmonG3V3/tempdsa/SEPmonG3V11.xsa
TRACE::2024-07-07.21:53:10::SCWPlatform:: Unique name xilinx:zybo-z7-10::0.0
TRACE::2024-07-07.21:53:10::SCWPlatform::update - Opened existing hwdb DEMO_wrapper_66
TRACE::2024-07-07.21:53:10::SCWPlatform::Found the Hw Db part of the input DSA
TRACE::2024-07-07.21:53:10::SCWMssOS::Doing hw sync for the mss in domain: standalone_domain
TRACE::2024-07-07.21:53:10::SCWPlatform::Trying to open the hw design at C:/Users/gusta/Documents/SEP_projects/HW_SW/SEPmonG3/SEPmonG3V3/hw/SEPmonG3V10.xsa
TRACE::2024-07-07.21:53:10::SCWPlatform::DSA given C:/Users/gusta/Documents/SEP_projects/HW_SW/SEPmonG3/SEPmonG3V3/hw/SEPmonG3V10.xsa
TRACE::2024-07-07.21:53:10::SCWPlatform::DSA absoulate path C:/Users/gusta/Documents/SEP_projects/HW_SW/SEPmonG3/SEPmonG3V3/hw/SEPmonG3V10.xsa
TRACE::2024-07-07.21:53:10::SCWPlatform::DSA directory C:/Users/gusta/Documents/SEP_projects/HW_SW/SEPmonG3/SEPmonG3V3/hw
TRACE::2024-07-07.21:53:10::SCWPlatform:: Platform Path C:/Users/gusta/Documents/SEP_projects/HW_SW/SEPmonG3/SEPmonG3V3/hw/SEPmonG3V10.xsa
TRACE::2024-07-07.21:53:10::SCWPlatform:: Unique name xilinx:zybo-z7-10::0.0
TRACE::2024-07-07.21:53:10::SCWPlatform::Trying to set the existing hwdb with name DEMO_wrapper_65
TRACE::2024-07-07.21:53:10::SCWPlatform::Opened existing hwdb DEMO_wrapper_65
TRACE::2024-07-07.21:53:10::SCWPlatform::Found the Hw Db part of the input DSA
TRACE::2024-07-07.21:53:10::SCWPlatform::Trying to open the hw design at C:/Users/gusta/Documents/SEP_projects/HW_SW/SEPmonG3/SEPmonG3V3/hw/SEPmonG3V10.xsa
TRACE::2024-07-07.21:53:10::SCWPlatform::DSA given C:/Users/gusta/Documents/SEP_projects/HW_SW/SEPmonG3/SEPmonG3V3/hw/SEPmonG3V10.xsa
TRACE::2024-07-07.21:53:10::SCWPlatform::DSA absoulate path C:/Users/gusta/Documents/SEP_projects/HW_SW/SEPmonG3/SEPmonG3V3/hw/SEPmonG3V10.xsa
TRACE::2024-07-07.21:53:10::SCWPlatform::DSA directory C:/Users/gusta/Documents/SEP_projects/HW_SW/SEPmonG3/SEPmonG3V3/hw
TRACE::2024-07-07.21:53:10::SCWPlatform:: Platform Path C:/Users/gusta/Documents/SEP_projects/HW_SW/SEPmonG3/SEPmonG3V3/hw/SEPmonG3V10.xsa
TRACE::2024-07-07.21:53:10::SCWPlatform:: Unique name xilinx:zybo-z7-10::0.0
TRACE::2024-07-07.21:53:10::SCWPlatform::Trying to set the existing hwdb with name DEMO_wrapper_65
TRACE::2024-07-07.21:53:10::SCWPlatform::Opened existing hwdb DEMO_wrapper_65
TRACE::2024-07-07.21:53:10::SCWPlatform::Found the Hw Db part of the input DSA
TRACE::2024-07-07.21:53:10::SCWMssOS::Checking the sw design at  C:/Users/gusta/Documents/SEP_projects/HW_SW/SEPmonG3/SEPmonG3V3/ps7_cortexa9_0/standalone_domain/bsp/system.mss
TRACE::2024-07-07.21:53:10::SCWMssOS::DEBUG:  swdes dump  C:/Users/gusta/Documents/SEP_projects/HW_SW/SEPmonG3/SEPmonG3/ps7_cortexa9_0/standalone_domain/bsp/system.mss|system_0||
C:/Users/gusta/Documents/SEP_projects/HW_SW/SEPmonG3/SEPmonG3/zynq_fsbl/zynq_fsbl_bsp/system.mss|system||
C:/Users/gusta/Documents/SEP_projects/HW_SW/SEPmonG3/SEPmonG3V3/ps7_cortexa9_0/standalone_domain/bsp/system.mss|system_2||
C:/Users/gusta/Documents/SEP_projects/HW_SW/SEPmonG3/SEPmonG3V3/zynq_fsbl/zynq_fsbl_bsp/system.mss|system_1||

TRACE::2024-07-07.21:53:10::SCWMssOS::Sw design exists and opened at  C:/Users/gusta/Documents/SEP_projects/HW_SW/SEPmonG3/SEPmonG3V3/ps7_cortexa9_0/standalone_domain/bsp/system.mss
TRACE::2024-07-07.21:53:10::SCWPlatform::Trying to open the hw design at C:/Users/gusta/Documents/SEP_projects/HW_SW/SEPmonG3/SEPmonG3V3/tempdsa/SEPmonG3V11.xsa
TRACE::2024-07-07.21:53:10::SCWPlatform::DSA given C:/Users/gusta/Documents/SEP_projects/HW_SW/SEPmonG3/SEPmonG3V3/tempdsa/SEPmonG3V11.xsa
TRACE::2024-07-07.21:53:10::SCWPlatform::DSA absoulate path C:/Users/gusta/Documents/SEP_projects/HW_SW/SEPmonG3/SEPmonG3V3/tempdsa/SEPmonG3V11.xsa
TRACE::2024-07-07.21:53:10::SCWPlatform::DSA directory C:/Users/gusta/Documents/SEP_projects/HW_SW/SEPmonG3/SEPmonG3V3/tempdsa
TRACE::2024-07-07.21:53:10::SCWPlatform:: Platform Path C:/Users/gusta/Documents/SEP_projects/HW_SW/SEPmonG3/SEPmonG3V3/tempdsa/SEPmonG3V11.xsa
TRACE::2024-07-07.21:53:10::SCWPlatform:: Unique name xilinx:zybo-z7-10::0.0
TRACE::2024-07-07.21:53:10::SCWPlatform::update - Opened existing hwdb DEMO_wrapper_66
TRACE::2024-07-07.21:53:10::SCWPlatform::Found the Hw Db part of the input DSA
TRACE::2024-07-07.21:53:10::SCWMssOS::Saving the mss changes C:/Users/gusta/Documents/SEP_projects/HW_SW/SEPmonG3/SEPmonG3V3/zynq_fsbl/zynq_fsbl_bsp/system.mss
TRACE::2024-07-07.21:53:10::SCWMssOS::Found a swdesign opened with the mssfile.
TRACE::2024-07-07.21:53:10::SCWMssOS::Completed writemss as part of save.
TRACE::2024-07-07.21:53:10::SCWMssOS::Commit changes completed.
TRACE::2024-07-07.21:53:10::SCWMssOS::Completed hw sync for the mss in domain: zynq_fsbl
TRACE::2024-07-07.21:53:10::SCWMssOS::Removing the swdes entry for  C:/Users/gusta/Documents/SEP_projects/HW_SW/SEPmonG3/SEPmonG3V3/zynq_fsbl/zynq_fsbl_bsp/system.mss
TRACE::2024-07-07.21:53:10::SCWMssOS::Saving the mss changes C:/Users/gusta/Documents/SEP_projects/HW_SW/SEPmonG3/SEPmonG3V3/ps7_cortexa9_0/standalone_domain/bsp/system.mss
TRACE::2024-07-07.21:53:10::SCWMssOS::Found a swdesign opened with the mssfile.
TRACE::2024-07-07.21:53:10::SCWMssOS::Completed writemss as part of save.
TRACE::2024-07-07.21:53:10::SCWMssOS::Commit changes completed.
TRACE::2024-07-07.21:53:10::SCWMssOS::Completed hw sync for the mss in domain: standalone_domain
TRACE::2024-07-07.21:53:10::SCWMssOS::Removing the swdes entry for  C:/Users/gusta/Documents/SEP_projects/HW_SW/SEPmonG3/SEPmonG3V3/ps7_cortexa9_0/standalone_domain/bsp/system.mss
TRACE::2024-07-07.21:53:10::SCWPlatform::Trying to open the hw design at C:/Users/gusta/Documents/SEP_projects/HW_SW/SEPmonG3/SEPmonG3V3/hw/SEPmonG3V11.xsa
TRACE::2024-07-07.21:53:10::SCWPlatform::DSA given C:/Users/gusta/Documents/SEP_projects/HW_SW/SEPmonG3/SEPmonG3V3/hw/SEPmonG3V11.xsa
TRACE::2024-07-07.21:53:10::SCWPlatform::DSA absoulate path C:/Users/gusta/Documents/SEP_projects/HW_SW/SEPmonG3/SEPmonG3V3/hw/SEPmonG3V11.xsa
TRACE::2024-07-07.21:53:10::SCWPlatform::DSA directory C:/Users/gusta/Documents/SEP_projects/HW_SW/SEPmonG3/SEPmonG3V3/hw
TRACE::2024-07-07.21:53:10::SCWPlatform:: Platform Path C:/Users/gusta/Documents/SEP_projects/HW_SW/SEPmonG3/SEPmonG3V3/hw/SEPmonG3V11.xsa
TRACE::2024-07-07.21:53:10::SCWPlatform:: Unique name xilinx:zybo-z7-10::0.0
TRACE::2024-07-07.21:53:10::SCWPlatform::Do not have an existing db opened. 
TRACE::2024-07-07.21:53:12::SCWPlatform::Opened new HwDB with name DEMO_wrapper_67
TRACE::2024-07-07.21:53:12::SCWPlatform::Trying to open the hw design at C:/Users/gusta/Documents/SEP_projects/HW_SW/SEPmonG3/SEPmonG3V3/hw/SEPmonG3V11.xsa
TRACE::2024-07-07.21:53:12::SCWPlatform::DSA given C:/Users/gusta/Documents/SEP_projects/HW_SW/SEPmonG3/SEPmonG3V3/hw/SEPmonG3V11.xsa
TRACE::2024-07-07.21:53:12::SCWPlatform::DSA absoulate path C:/Users/gusta/Documents/SEP_projects/HW_SW/SEPmonG3/SEPmonG3V3/hw/SEPmonG3V11.xsa
TRACE::2024-07-07.21:53:12::SCWPlatform::DSA directory C:/Users/gusta/Documents/SEP_projects/HW_SW/SEPmonG3/SEPmonG3V3/hw
TRACE::2024-07-07.21:53:12::SCWPlatform:: Platform Path C:/Users/gusta/Documents/SEP_projects/HW_SW/SEPmonG3/SEPmonG3V3/hw/SEPmonG3V11.xsa
TRACE::2024-07-07.21:53:12::SCWPlatform:: Unique name xilinx:zybo-z7-10::0.0
TRACE::2024-07-07.21:53:12::SCWPlatform::Trying to set the existing hwdb with name DEMO_wrapper_67
TRACE::2024-07-07.21:53:12::SCWPlatform::Opened existing hwdb DEMO_wrapper_67
TRACE::2024-07-07.21:53:12::SCWPlatform::Found the Hw Db part of the input DSA
TRACE::2024-07-07.21:53:12::SCWMssOS::Checking the sw design at  C:/Users/gusta/Documents/SEP_projects/HW_SW/SEPmonG3/SEPmonG3V3/zynq_fsbl/zynq_fsbl_bsp/system.mss
TRACE::2024-07-07.21:53:12::SCWMssOS::DEBUG:  swdes dump  C:/Users/gusta/Documents/SEP_projects/HW_SW/SEPmonG3/SEPmonG3/ps7_cortexa9_0/standalone_domain/bsp/system.mss|system_0||
C:/Users/gusta/Documents/SEP_projects/HW_SW/SEPmonG3/SEPmonG3/zynq_fsbl/zynq_fsbl_bsp/system.mss|system||

TRACE::2024-07-07.21:53:12::SCWMssOS::No sw design opened at  C:/Users/gusta/Documents/SEP_projects/HW_SW/SEPmonG3/SEPmonG3V3/zynq_fsbl/zynq_fsbl_bsp/system.mss
TRACE::2024-07-07.21:53:12::SCWMssOS::mss exists loading the mss file  C:/Users/gusta/Documents/SEP_projects/HW_SW/SEPmonG3/SEPmonG3V3/zynq_fsbl/zynq_fsbl_bsp/system.mss
TRACE::2024-07-07.21:53:12::SCWMssOS::Opened the sw design from mss  C:/Users/gusta/Documents/SEP_projects/HW_SW/SEPmonG3/SEPmonG3V3/zynq_fsbl/zynq_fsbl_bsp/system.mss
TRACE::2024-07-07.21:53:12::SCWMssOS::Adding the swdes entry C:/Users/gusta/Documents/SEP_projects/HW_SW/SEPmonG3/SEPmonG3V3/zynq_fsbl/zynq_fsbl_bsp/system.mss with des name system_1
TRACE::2024-07-07.21:53:12::SCWMssOS::updating the scw layer about changes
TRACE::2024-07-07.21:53:12::SCWMssOS::Opened the sw design.  C:/Users/gusta/Documents/SEP_projects/HW_SW/SEPmonG3/SEPmonG3V3/zynq_fsbl/zynq_fsbl_bsp/system.mss
TRACE::2024-07-07.21:53:12::SCWMssOS::Saving the mss changes C:/Users/gusta/Documents/SEP_projects/HW_SW/SEPmonG3/SEPmonG3V3/zynq_fsbl/zynq_fsbl_bsp/system.mss
TRACE::2024-07-07.21:53:12::SCWMssOS::Found a swdesign opened with the mssfile.
TRACE::2024-07-07.21:53:12::SCWMssOS::Completed writemss as part of save.
TRACE::2024-07-07.21:53:12::SCWMssOS::Commit changes completed.
TRACE::2024-07-07.21:53:12::SCWMssOS::Saving the mss changes C:/Users/gusta/Documents/SEP_projects/HW_SW/SEPmonG3/SEPmonG3V3/ps7_cortexa9_0/standalone_domain/bsp/system.mss
TRACE::2024-07-07.21:53:12::SCWMssOS::Adding the swdes entry, mss present, able to open swdb C:/Users/gusta/Documents/SEP_projects/HW_SW/SEPmonG3/SEPmonG3V3/ps7_cortexa9_0/standalone_domain/bsp/system.mss with des name system_2
TRACE::2024-07-07.21:53:12::SCWMssOS::Writing the mss file completed C:/Users/gusta/Documents/SEP_projects/HW_SW/SEPmonG3/SEPmonG3V3/ps7_cortexa9_0/standalone_domain/bsp/system.mss
TRACE::2024-07-07.21:53:12::SCWMssOS::Commit changes completed.
TRACE::2024-07-07.21:53:12::SCWPlatform::Trying to open the hw design at C:/Users/gusta/Documents/SEP_projects/HW_SW/SEPmonG3/SEPmonG3V3/hw/SEPmonG3V11.xsa
TRACE::2024-07-07.21:53:12::SCWPlatform::DSA given C:/Users/gusta/Documents/SEP_projects/HW_SW/SEPmonG3/SEPmonG3V3/hw/SEPmonG3V11.xsa
TRACE::2024-07-07.21:53:12::SCWPlatform::DSA absoulate path C:/Users/gusta/Documents/SEP_projects/HW_SW/SEPmonG3/SEPmonG3V3/hw/SEPmonG3V11.xsa
TRACE::2024-07-07.21:53:12::SCWPlatform::DSA directory C:/Users/gusta/Documents/SEP_projects/HW_SW/SEPmonG3/SEPmonG3V3/hw
TRACE::2024-07-07.21:53:12::SCWPlatform:: Platform Path C:/Users/gusta/Documents/SEP_projects/HW_SW/SEPmonG3/SEPmonG3V3/hw/SEPmonG3V11.xsa
TRACE::2024-07-07.21:53:12::SCWPlatform:: Unique name xilinx:zybo-z7-10::0.0
TRACE::2024-07-07.21:53:12::SCWPlatform::Trying to set the existing hwdb with name DEMO_wrapper_67
TRACE::2024-07-07.21:53:12::SCWPlatform::Opened existing hwdb DEMO_wrapper_67
TRACE::2024-07-07.21:53:12::SCWPlatform::Found the Hw Db part of the input DSA
TRACE::2024-07-07.21:53:12::SCWMssOS::Checking the sw design at  C:/Users/gusta/Documents/SEP_projects/HW_SW/SEPmonG3/SEPmonG3V3/zynq_fsbl/zynq_fsbl_bsp/system.mss
TRACE::2024-07-07.21:53:12::SCWMssOS::DEBUG:  swdes dump  C:/Users/gusta/Documents/SEP_projects/HW_SW/SEPmonG3/SEPmonG3/ps7_cortexa9_0/standalone_domain/bsp/system.mss|system_0||
C:/Users/gusta/Documents/SEP_projects/HW_SW/SEPmonG3/SEPmonG3/zynq_fsbl/zynq_fsbl_bsp/system.mss|system||
C:/Users/gusta/Documents/SEP_projects/HW_SW/SEPmonG3/SEPmonG3V3/ps7_cortexa9_0/standalone_domain/bsp/system.mss|system_2||
C:/Users/gusta/Documents/SEP_projects/HW_SW/SEPmonG3/SEPmonG3V3/zynq_fsbl/zynq_fsbl_bsp/system.mss|system_1||

TRACE::2024-07-07.21:53:12::SCWMssOS::Sw design exists and opened at  C:/Users/gusta/Documents/SEP_projects/HW_SW/SEPmonG3/SEPmonG3V3/zynq_fsbl/zynq_fsbl_bsp/system.mss
TRACE::2024-07-07.21:53:12::SCWPlatform::Trying to open the hw design at C:/Users/gusta/Documents/SEP_projects/HW_SW/SEPmonG3/SEPmonG3V3/hw/SEPmonG3V11.xsa
TRACE::2024-07-07.21:53:12::SCWPlatform::DSA given C:/Users/gusta/Documents/SEP_projects/HW_SW/SEPmonG3/SEPmonG3V3/hw/SEPmonG3V11.xsa
TRACE::2024-07-07.21:53:12::SCWPlatform::DSA absoulate path C:/Users/gusta/Documents/SEP_projects/HW_SW/SEPmonG3/SEPmonG3V3/hw/SEPmonG3V11.xsa
TRACE::2024-07-07.21:53:12::SCWPlatform::DSA directory C:/Users/gusta/Documents/SEP_projects/HW_SW/SEPmonG3/SEPmonG3V3/hw
TRACE::2024-07-07.21:53:12::SCWPlatform:: Platform Path C:/Users/gusta/Documents/SEP_projects/HW_SW/SEPmonG3/SEPmonG3V3/hw/SEPmonG3V11.xsa
TRACE::2024-07-07.21:53:12::SCWPlatform:: Unique name xilinx:zybo-z7-10::0.0
TRACE::2024-07-07.21:53:12::SCWPlatform::Trying to set the existing hwdb with name DEMO_wrapper_67
TRACE::2024-07-07.21:53:12::SCWPlatform::Opened existing hwdb DEMO_wrapper_67
TRACE::2024-07-07.21:53:12::SCWPlatform::Found the Hw Db part of the input DSA
TRACE::2024-07-07.21:53:12::SCWMssOS::Checking the sw design at  C:/Users/gusta/Documents/SEP_projects/HW_SW/SEPmonG3/SEPmonG3V3/ps7_cortexa9_0/standalone_domain/bsp/system.mss
TRACE::2024-07-07.21:53:12::SCWMssOS::DEBUG:  swdes dump  C:/Users/gusta/Documents/SEP_projects/HW_SW/SEPmonG3/SEPmonG3/ps7_cortexa9_0/standalone_domain/bsp/system.mss|system_0||
C:/Users/gusta/Documents/SEP_projects/HW_SW/SEPmonG3/SEPmonG3/zynq_fsbl/zynq_fsbl_bsp/system.mss|system||
C:/Users/gusta/Documents/SEP_projects/HW_SW/SEPmonG3/SEPmonG3V3/ps7_cortexa9_0/standalone_domain/bsp/system.mss|system_2||
C:/Users/gusta/Documents/SEP_projects/HW_SW/SEPmonG3/SEPmonG3V3/zynq_fsbl/zynq_fsbl_bsp/system.mss|system_1||

TRACE::2024-07-07.21:53:12::SCWMssOS::Sw design exists and opened at  C:/Users/gusta/Documents/SEP_projects/HW_SW/SEPmonG3/SEPmonG3V3/ps7_cortexa9_0/standalone_domain/bsp/system.mss
TRACE::2024-07-07.21:53:12::SCWWriter::formatted JSON is {
	"platformName":	"SEPmonG3V3",
	"sprVersion":	"2.0",
	"mode":	"gui",
	"dsaType":	"Fixed",
	"platformDesc":	"SEPmonG3V3",
	"platHandOff":	"C:/Users/gusta/Documents/SEP_projects/HW_SW/SEPmonG3/SEPmon/SEPmonG3V11.xsa",
	"platIntHandOff":	"<platformDir>/hw/SEPmonG3V11.xsa",
	"deviceType":	"zynq",
	"platIsPrebuiltAutogen":	"false",
	"platIsNoBootBsp":	"false",
	"hasFsblMakeHasChanges":	"false",
	"hasPmufwMakeHasChanges":	"false",
	"fsblExtraCompilerFlags":	"-MMD -MP       -mcpu=cortex-a9 -mfpu=vfpv3 -mfloat-abi=hard ",
	"platPreBuiltFlag":	false,
	"platformSamplesDir":	"",
	"platActiveSys":	"SEPmonG3V3",
	"systems":	[{
			"systemName":	"SEPmonG3V3",
			"systemDesc":	"SEPmonG3V3",
			"sysIsBootAutoGen":	"true",
			"systemDispName":	"SEPmonG3V3",
			"sysActiveDom":	"standalone_domain",
			"sysDefaultDom":	"standalone_domain",
			"domains":	[{
					"domainName":	"zynq_fsbl",
					"domainDispName":	"zynq_fsbl",
					"domainDesc":	"FSBL Application BSP - Auto Generated.",
					"processors":	"ps7_cortexa9_0",
					"os":	"standalone",
					"sdxOs":	"standalone",
					"debugEnable":	"",
					"domRuntimes":	["cpp"],
					"swRepo":	"",
					"mssOsVer":	"7.2",
					"mssFile":	"",
					"md5Digest":	"1c3d65b23234dc3ec6f7ff2cc82e7a29",
					"compatibleApp":	"zynq_fsbl",
					"domType":	"bootDomain",
					"appSettings":	{
						"appCompilerFlags":	"",
						"appLinkerFlags":	""
					},
					"addedLibs":	["xilffs:4.3", "xilrsa:1.6"],
					"libOptions":	{
						"libsContainingOptions":	[]
					},
					"prebuiltLibs":	{
						"prebuiltIncPath":	[],
						"prebuiltLibPath":	[]
					},
					"isolation":	{
					}
				}, {
					"domainName":	"standalone_domain",
					"domainDispName":	"standalone on ps7_cortexa9_0",
					"domainDesc":	"standalone_domain",
					"processors":	"ps7_cortexa9_0",
					"os":	"standalone",
					"sdxOs":	"standalone",
					"qemuArgs":	"C:/Xilinx/Vitis/2020.1/data/emulation/platforms/zynq/qemu/qemu_args.txt",
					"qemuData":	"C:/Xilinx/Vitis/2020.1/data/emulation/platforms/zynq/qemu/",
					"debugEnable":	"False",
					"domRuntimes":	["cpp"],
					"swRepo":	"",
					"mssOsVer":	"7.2",
					"mssFile":	"",
					"md5Digest":	"265d04d91c8cdd485e050a5ab4fc76b5",
					"compatibleApp":	"",
					"domType":	"mssDomain",
					"appSettings":	{
						"appCompilerFlags":	"",
						"appLinkerFlags":	""
					},
					"addedLibs":	[],
					"libOptions":	{
						"libsContainingOptions":	[]
					},
					"prebuiltLibs":	{
						"prebuiltIncPath":	[],
						"prebuiltLibPath":	[]
					},
					"isolation":	{
					}
				}]
		}]
}
TRACE::2024-07-07.21:53:13::SCWPlatform::Clearing the existing platform
TRACE::2024-07-07.21:53:13::SCWSystem::Clearing the existing sysconfig
TRACE::2024-07-07.21:53:13::SCWBDomain::clearing the fsbl build
TRACE::2024-07-07.21:53:13::SCWMssOS::Removing the swdes entry for  C:/Users/gusta/Documents/SEP_projects/HW_SW/SEPmonG3/SEPmonG3V3/zynq_fsbl/zynq_fsbl_bsp/system.mss
TRACE::2024-07-07.21:53:13::SCWMssOS::Removing the swdes entry for  C:/Users/gusta/Documents/SEP_projects/HW_SW/SEPmonG3/SEPmonG3V3/ps7_cortexa9_0/standalone_domain/bsp/system.mss
TRACE::2024-07-07.21:53:13::SCWSystem::Clearing the domains completed.
TRACE::2024-07-07.21:53:13::SCWPlatform::Clearing the opened hw db.
TRACE::2024-07-07.21:53:13::SCWPlatform::DSA given C:/Users/gusta/Documents/SEP_projects/HW_SW/SEPmonG3/SEPmonG3V3/hw/SEPmonG3V11.xsa
TRACE::2024-07-07.21:53:13::SCWPlatform::DSA absoulate path C:/Users/gusta/Documents/SEP_projects/HW_SW/SEPmonG3/SEPmonG3V3/hw/SEPmonG3V11.xsa
TRACE::2024-07-07.21:53:13::SCWPlatform:: Platform location is C:/Users/gusta/Documents/SEP_projects/HW_SW/SEPmonG3/SEPmonG3V3/hw
TRACE::2024-07-07.21:53:13::SCWPlatform:: Platform Path C:/Users/gusta/Documents/SEP_projects/HW_SW/SEPmonG3/SEPmonG3V3/hw/SEPmonG3V11.xsa
TRACE::2024-07-07.21:53:13::SCWPlatform:: Unique name xilinx:zybo-z7-10::0.0
TRACE::2024-07-07.21:53:13::SCWPlatform::Removing the HwDB with name C:/Users/gusta/Documents/SEP_projects/HW_SW/SEPmonG3/SEPmonG3V3/hw/SEPmonG3V11.xsa
TRACE::2024-07-07.21:53:13::SCWPlatform::Trying to open the hw design at C:/Users/gusta/Documents/SEP_projects/HW_SW/SEPmonG3/SEPmonG3V3/hw/SEPmonG3V11.xsa
TRACE::2024-07-07.21:53:13::SCWPlatform::DSA given C:/Users/gusta/Documents/SEP_projects/HW_SW/SEPmonG3/SEPmonG3V3/hw/SEPmonG3V11.xsa
TRACE::2024-07-07.21:53:13::SCWPlatform::DSA absoulate path C:/Users/gusta/Documents/SEP_projects/HW_SW/SEPmonG3/SEPmonG3V3/hw/SEPmonG3V11.xsa
TRACE::2024-07-07.21:53:13::SCWPlatform::DSA directory C:/Users/gusta/Documents/SEP_projects/HW_SW/SEPmonG3/SEPmonG3V3/hw
TRACE::2024-07-07.21:53:13::SCWPlatform:: Platform Path C:/Users/gusta/Documents/SEP_projects/HW_SW/SEPmonG3/SEPmonG3V3/hw/SEPmonG3V11.xsa
TRACE::2024-07-07.21:53:13::SCWPlatform:: Unique name xilinx:zybo-z7-10::0.0
TRACE::2024-07-07.21:53:13::SCWPlatform::Do not have an existing db opened. 
TRACE::2024-07-07.21:53:16::SCWPlatform::Opened new HwDB with name DEMO_wrapper_68
TRACE::2024-07-07.21:53:16::SCWReader::Active system found as  SEPmonG3V3
TRACE::2024-07-07.21:53:16::SCWReader::Handling sysconfig SEPmonG3V3
TRACE::2024-07-07.21:53:16::SCWDomain::checking for install qemu data   : 
TRACE::2024-07-07.21:53:16::SCWDomain:: Using the QEMU Data from install at  : C:/Xilinx/Vitis/2020.1/data/emulation/platforms/zynq/qemu/
TRACE::2024-07-07.21:53:16::SCWDomain:: Using the QEMU args  from install at  : C:/Xilinx/Vitis/2020.1/data/emulation/platforms/zynq/qemu/qemu_args.txt
TRACE::2024-07-07.21:53:16::SCWPlatform::Trying to open the hw design at C:/Users/gusta/Documents/SEP_projects/HW_SW/SEPmonG3/SEPmonG3V3/hw/SEPmonG3V11.xsa
TRACE::2024-07-07.21:53:16::SCWPlatform::DSA given C:/Users/gusta/Documents/SEP_projects/HW_SW/SEPmonG3/SEPmonG3V3/hw/SEPmonG3V11.xsa
TRACE::2024-07-07.21:53:16::SCWPlatform::DSA absoulate path C:/Users/gusta/Documents/SEP_projects/HW_SW/SEPmonG3/SEPmonG3V3/hw/SEPmonG3V11.xsa
TRACE::2024-07-07.21:53:16::SCWPlatform::DSA directory C:/Users/gusta/Documents/SEP_projects/HW_SW/SEPmonG3/SEPmonG3V3/hw
TRACE::2024-07-07.21:53:16::SCWPlatform:: Platform Path C:/Users/gusta/Documents/SEP_projects/HW_SW/SEPmonG3/SEPmonG3V3/hw/SEPmonG3V11.xsa
TRACE::2024-07-07.21:53:16::SCWPlatform:: Unique name xilinx:zybo-z7-10::0.0
TRACE::2024-07-07.21:53:16::SCWPlatform::Trying to set the existing hwdb with name DEMO_wrapper_68
TRACE::2024-07-07.21:53:16::SCWPlatform::Opened existing hwdb DEMO_wrapper_68
TRACE::2024-07-07.21:53:16::SCWPlatform::Found the Hw Db part of the input DSA
TRACE::2024-07-07.21:53:16::SCWPlatform::Trying to open the hw design at C:/Users/gusta/Documents/SEP_projects/HW_SW/SEPmonG3/SEPmonG3V3/hw/SEPmonG3V11.xsa
TRACE::2024-07-07.21:53:16::SCWPlatform::DSA given C:/Users/gusta/Documents/SEP_projects/HW_SW/SEPmonG3/SEPmonG3V3/hw/SEPmonG3V11.xsa
TRACE::2024-07-07.21:53:16::SCWPlatform::DSA absoulate path C:/Users/gusta/Documents/SEP_projects/HW_SW/SEPmonG3/SEPmonG3V3/hw/SEPmonG3V11.xsa
TRACE::2024-07-07.21:53:16::SCWPlatform::DSA directory C:/Users/gusta/Documents/SEP_projects/HW_SW/SEPmonG3/SEPmonG3V3/hw
TRACE::2024-07-07.21:53:16::SCWPlatform:: Platform Path C:/Users/gusta/Documents/SEP_projects/HW_SW/SEPmonG3/SEPmonG3V3/hw/SEPmonG3V11.xsa
TRACE::2024-07-07.21:53:16::SCWPlatform:: Unique name xilinx:zybo-z7-10::0.0
TRACE::2024-07-07.21:53:16::SCWPlatform::Trying to set the existing hwdb with name DEMO_wrapper_68
TRACE::2024-07-07.21:53:16::SCWPlatform::Opened existing hwdb DEMO_wrapper_68
TRACE::2024-07-07.21:53:16::SCWPlatform::Found the Hw Db part of the input DSA
TRACE::2024-07-07.21:53:16::SCWPlatform::Trying to open the hw design at C:/Users/gusta/Documents/SEP_projects/HW_SW/SEPmonG3/SEPmonG3V3/hw/SEPmonG3V11.xsa
TRACE::2024-07-07.21:53:16::SCWPlatform::DSA given C:/Users/gusta/Documents/SEP_projects/HW_SW/SEPmonG3/SEPmonG3V3/hw/SEPmonG3V11.xsa
TRACE::2024-07-07.21:53:16::SCWPlatform::DSA absoulate path C:/Users/gusta/Documents/SEP_projects/HW_SW/SEPmonG3/SEPmonG3V3/hw/SEPmonG3V11.xsa
TRACE::2024-07-07.21:53:16::SCWPlatform::DSA directory C:/Users/gusta/Documents/SEP_projects/HW_SW/SEPmonG3/SEPmonG3V3/hw
TRACE::2024-07-07.21:53:16::SCWPlatform:: Platform Path C:/Users/gusta/Documents/SEP_projects/HW_SW/SEPmonG3/SEPmonG3V3/hw/SEPmonG3V11.xsa
TRACE::2024-07-07.21:53:16::SCWPlatform:: Unique name xilinx:zybo-z7-10::0.0
TRACE::2024-07-07.21:53:16::SCWPlatform::Trying to set the existing hwdb with name DEMO_wrapper_68
TRACE::2024-07-07.21:53:16::SCWPlatform::Opened existing hwdb DEMO_wrapper_68
TRACE::2024-07-07.21:53:16::SCWPlatform::Found the Hw Db part of the input DSA
TRACE::2024-07-07.21:53:16::SCWReader::Boot application domain added for zynq_fsbl
TRACE::2024-07-07.21:53:16::SCWPlatform::Trying to open the hw design at C:/Users/gusta/Documents/SEP_projects/HW_SW/SEPmonG3/SEPmonG3V3/hw/SEPmonG3V11.xsa
TRACE::2024-07-07.21:53:16::SCWPlatform::DSA given C:/Users/gusta/Documents/SEP_projects/HW_SW/SEPmonG3/SEPmonG3V3/hw/SEPmonG3V11.xsa
TRACE::2024-07-07.21:53:16::SCWPlatform::DSA absoulate path C:/Users/gusta/Documents/SEP_projects/HW_SW/SEPmonG3/SEPmonG3V3/hw/SEPmonG3V11.xsa
TRACE::2024-07-07.21:53:16::SCWPlatform::DSA directory C:/Users/gusta/Documents/SEP_projects/HW_SW/SEPmonG3/SEPmonG3V3/hw
TRACE::2024-07-07.21:53:16::SCWPlatform:: Platform Path C:/Users/gusta/Documents/SEP_projects/HW_SW/SEPmonG3/SEPmonG3V3/hw/SEPmonG3V11.xsa
TRACE::2024-07-07.21:53:16::SCWPlatform:: Unique name xilinx:zybo-z7-10::0.0
TRACE::2024-07-07.21:53:16::SCWPlatform::Trying to set the existing hwdb with name DEMO_wrapper_68
TRACE::2024-07-07.21:53:16::SCWPlatform::Opened existing hwdb DEMO_wrapper_68
TRACE::2024-07-07.21:53:16::SCWPlatform::Found the Hw Db part of the input DSA
TRACE::2024-07-07.21:53:16::SCWMssOS::Checking the sw design at  C:/Users/gusta/Documents/SEP_projects/HW_SW/SEPmonG3/SEPmonG3V3/zynq_fsbl/zynq_fsbl_bsp/system.mss
TRACE::2024-07-07.21:53:16::SCWMssOS::DEBUG:  swdes dump  C:/Users/gusta/Documents/SEP_projects/HW_SW/SEPmonG3/SEPmonG3/ps7_cortexa9_0/standalone_domain/bsp/system.mss|system_0||
C:/Users/gusta/Documents/SEP_projects/HW_SW/SEPmonG3/SEPmonG3/zynq_fsbl/zynq_fsbl_bsp/system.mss|system||

TRACE::2024-07-07.21:53:16::SCWMssOS::No sw design opened at  C:/Users/gusta/Documents/SEP_projects/HW_SW/SEPmonG3/SEPmonG3V3/zynq_fsbl/zynq_fsbl_bsp/system.mss
TRACE::2024-07-07.21:53:16::SCWMssOS::mss exists loading the mss file  C:/Users/gusta/Documents/SEP_projects/HW_SW/SEPmonG3/SEPmonG3V3/zynq_fsbl/zynq_fsbl_bsp/system.mss
TRACE::2024-07-07.21:53:16::SCWMssOS::Opened the sw design from mss  C:/Users/gusta/Documents/SEP_projects/HW_SW/SEPmonG3/SEPmonG3V3/zynq_fsbl/zynq_fsbl_bsp/system.mss
TRACE::2024-07-07.21:53:16::SCWMssOS::Adding the swdes entry C:/Users/gusta/Documents/SEP_projects/HW_SW/SEPmonG3/SEPmonG3V3/zynq_fsbl/zynq_fsbl_bsp/system.mss with des name system_1
TRACE::2024-07-07.21:53:16::SCWMssOS::updating the scw layer about changes
TRACE::2024-07-07.21:53:16::SCWMssOS::Opened the sw design.  C:/Users/gusta/Documents/SEP_projects/HW_SW/SEPmonG3/SEPmonG3V3/zynq_fsbl/zynq_fsbl_bsp/system.mss
TRACE::2024-07-07.21:53:16::SCWPlatform::Trying to open the hw design at C:/Users/gusta/Documents/SEP_projects/HW_SW/SEPmonG3/SEPmonG3V3/hw/SEPmonG3V11.xsa
TRACE::2024-07-07.21:53:16::SCWPlatform::DSA given C:/Users/gusta/Documents/SEP_projects/HW_SW/SEPmonG3/SEPmonG3V3/hw/SEPmonG3V11.xsa
TRACE::2024-07-07.21:53:16::SCWPlatform::DSA absoulate path C:/Users/gusta/Documents/SEP_projects/HW_SW/SEPmonG3/SEPmonG3V3/hw/SEPmonG3V11.xsa
TRACE::2024-07-07.21:53:16::SCWPlatform::DSA directory C:/Users/gusta/Documents/SEP_projects/HW_SW/SEPmonG3/SEPmonG3V3/hw
TRACE::2024-07-07.21:53:16::SCWPlatform:: Platform Path C:/Users/gusta/Documents/SEP_projects/HW_SW/SEPmonG3/SEPmonG3V3/hw/SEPmonG3V11.xsa
TRACE::2024-07-07.21:53:16::SCWPlatform:: Unique name xilinx:zybo-z7-10::0.0
TRACE::2024-07-07.21:53:16::SCWPlatform::Trying to set the existing hwdb with name DEMO_wrapper_68
TRACE::2024-07-07.21:53:16::SCWPlatform::Opened existing hwdb DEMO_wrapper_68
TRACE::2024-07-07.21:53:16::SCWPlatform::Found the Hw Db part of the input DSA
TRACE::2024-07-07.21:53:16::SCWMssOS::Checking the sw design at  C:/Users/gusta/Documents/SEP_projects/HW_SW/SEPmonG3/SEPmonG3V3/zynq_fsbl/zynq_fsbl_bsp/system.mss
TRACE::2024-07-07.21:53:16::SCWMssOS::DEBUG:  swdes dump  C:/Users/gusta/Documents/SEP_projects/HW_SW/SEPmonG3/SEPmonG3/ps7_cortexa9_0/standalone_domain/bsp/system.mss|system_0||
C:/Users/gusta/Documents/SEP_projects/HW_SW/SEPmonG3/SEPmonG3/zynq_fsbl/zynq_fsbl_bsp/system.mss|system||
C:/Users/gusta/Documents/SEP_projects/HW_SW/SEPmonG3/SEPmonG3V3/zynq_fsbl/zynq_fsbl_bsp/system.mss|system_1||

TRACE::2024-07-07.21:53:16::SCWMssOS::Sw design exists and opened at  C:/Users/gusta/Documents/SEP_projects/HW_SW/SEPmonG3/SEPmonG3V3/zynq_fsbl/zynq_fsbl_bsp/system.mss
TRACE::2024-07-07.21:53:16::SCWMssOS:: library already available in sw design:  xilffs:4.3
TRACE::2024-07-07.21:53:16::SCWPlatform::Trying to open the hw design at C:/Users/gusta/Documents/SEP_projects/HW_SW/SEPmonG3/SEPmonG3V3/hw/SEPmonG3V11.xsa
TRACE::2024-07-07.21:53:16::SCWPlatform::DSA given C:/Users/gusta/Documents/SEP_projects/HW_SW/SEPmonG3/SEPmonG3V3/hw/SEPmonG3V11.xsa
TRACE::2024-07-07.21:53:16::SCWPlatform::DSA absoulate path C:/Users/gusta/Documents/SEP_projects/HW_SW/SEPmonG3/SEPmonG3V3/hw/SEPmonG3V11.xsa
TRACE::2024-07-07.21:53:16::SCWPlatform::DSA directory C:/Users/gusta/Documents/SEP_projects/HW_SW/SEPmonG3/SEPmonG3V3/hw
TRACE::2024-07-07.21:53:16::SCWPlatform:: Platform Path C:/Users/gusta/Documents/SEP_projects/HW_SW/SEPmonG3/SEPmonG3V3/hw/SEPmonG3V11.xsa
TRACE::2024-07-07.21:53:16::SCWPlatform:: Unique name xilinx:zybo-z7-10::0.0
TRACE::2024-07-07.21:53:16::SCWPlatform::Trying to set the existing hwdb with name DEMO_wrapper_68
TRACE::2024-07-07.21:53:16::SCWPlatform::Opened existing hwdb DEMO_wrapper_68
TRACE::2024-07-07.21:53:16::SCWPlatform::Found the Hw Db part of the input DSA
TRACE::2024-07-07.21:53:16::SCWMssOS::Checking the sw design at  C:/Users/gusta/Documents/SEP_projects/HW_SW/SEPmonG3/SEPmonG3V3/zynq_fsbl/zynq_fsbl_bsp/system.mss
TRACE::2024-07-07.21:53:16::SCWMssOS::DEBUG:  swdes dump  C:/Users/gusta/Documents/SEP_projects/HW_SW/SEPmonG3/SEPmonG3/ps7_cortexa9_0/standalone_domain/bsp/system.mss|system_0||
C:/Users/gusta/Documents/SEP_projects/HW_SW/SEPmonG3/SEPmonG3/zynq_fsbl/zynq_fsbl_bsp/system.mss|system||
C:/Users/gusta/Documents/SEP_projects/HW_SW/SEPmonG3/SEPmonG3V3/zynq_fsbl/zynq_fsbl_bsp/system.mss|system_1||

TRACE::2024-07-07.21:53:16::SCWMssOS::Sw design exists and opened at  C:/Users/gusta/Documents/SEP_projects/HW_SW/SEPmonG3/SEPmonG3V3/zynq_fsbl/zynq_fsbl_bsp/system.mss
TRACE::2024-07-07.21:53:16::SCWMssOS:: library already available in sw design:  xilrsa:1.6
TRACE::2024-07-07.21:53:16::SCWMssOS::Saving the mss changes C:/Users/gusta/Documents/SEP_projects/HW_SW/SEPmonG3/SEPmonG3V3/zynq_fsbl/zynq_fsbl_bsp/system.mss
TRACE::2024-07-07.21:53:16::SCWMssOS::Found a swdesign opened with the mssfile.
TRACE::2024-07-07.21:53:16::SCWMssOS::Completed writemss as part of save.
TRACE::2024-07-07.21:53:16::SCWMssOS::Commit changes completed.
TRACE::2024-07-07.21:53:16::SCWReader::Adding prebuilt librarypaths as   
TRACE::2024-07-07.21:53:16::SCWReader::Adding prebuilt incpaths  as   
TRACE::2024-07-07.21:53:16::SCWPlatform::Trying to open the hw design at C:/Users/gusta/Documents/SEP_projects/HW_SW/SEPmonG3/SEPmonG3V3/hw/SEPmonG3V11.xsa
TRACE::2024-07-07.21:53:16::SCWPlatform::DSA given C:/Users/gusta/Documents/SEP_projects/HW_SW/SEPmonG3/SEPmonG3V3/hw/SEPmonG3V11.xsa
TRACE::2024-07-07.21:53:16::SCWPlatform::DSA absoulate path C:/Users/gusta/Documents/SEP_projects/HW_SW/SEPmonG3/SEPmonG3V3/hw/SEPmonG3V11.xsa
TRACE::2024-07-07.21:53:16::SCWPlatform::DSA directory C:/Users/gusta/Documents/SEP_projects/HW_SW/SEPmonG3/SEPmonG3V3/hw
TRACE::2024-07-07.21:53:16::SCWPlatform:: Platform Path C:/Users/gusta/Documents/SEP_projects/HW_SW/SEPmonG3/SEPmonG3V3/hw/SEPmonG3V11.xsa
TRACE::2024-07-07.21:53:16::SCWPlatform:: Unique name xilinx:zybo-z7-10::0.0
TRACE::2024-07-07.21:53:16::SCWPlatform::Trying to set the existing hwdb with name DEMO_wrapper_68
TRACE::2024-07-07.21:53:16::SCWPlatform::Opened existing hwdb DEMO_wrapper_68
TRACE::2024-07-07.21:53:16::SCWPlatform::Found the Hw Db part of the input DSA
TRACE::2024-07-07.21:53:16::SCWMssOS::Checking the sw design at  C:/Users/gusta/Documents/SEP_projects/HW_SW/SEPmonG3/SEPmonG3V3/zynq_fsbl/zynq_fsbl_bsp/system.mss
TRACE::2024-07-07.21:53:16::SCWMssOS::DEBUG:  swdes dump  C:/Users/gusta/Documents/SEP_projects/HW_SW/SEPmonG3/SEPmonG3/ps7_cortexa9_0/standalone_domain/bsp/system.mss|system_0||
C:/Users/gusta/Documents/SEP_projects/HW_SW/SEPmonG3/SEPmonG3/zynq_fsbl/zynq_fsbl_bsp/system.mss|system||
C:/Users/gusta/Documents/SEP_projects/HW_SW/SEPmonG3/SEPmonG3V3/zynq_fsbl/zynq_fsbl_bsp/system.mss|system_1||

TRACE::2024-07-07.21:53:16::SCWMssOS::Sw design exists and opened at  C:/Users/gusta/Documents/SEP_projects/HW_SW/SEPmonG3/SEPmonG3V3/zynq_fsbl/zynq_fsbl_bsp/system.mss
TRACE::2024-07-07.21:53:16::SCWReader::No isolation master present  
TRACE::2024-07-07.21:53:16::SCWDomain::checking for install qemu data   : 
TRACE::2024-07-07.21:53:16::SCWDomain:: Using the QEMU Data from install at  : C:/Xilinx/Vitis/2020.1/data/emulation/platforms/zynq/qemu/
TRACE::2024-07-07.21:53:16::SCWDomain:: Using the QEMU args  from install at  : C:/Xilinx/Vitis/2020.1/data/emulation/platforms/zynq/qemu/qemu_args.txt
TRACE::2024-07-07.21:53:16::SCWPlatform::Trying to open the hw design at C:/Users/gusta/Documents/SEP_projects/HW_SW/SEPmonG3/SEPmonG3V3/hw/SEPmonG3V11.xsa
TRACE::2024-07-07.21:53:16::SCWPlatform::DSA given C:/Users/gusta/Documents/SEP_projects/HW_SW/SEPmonG3/SEPmonG3V3/hw/SEPmonG3V11.xsa
TRACE::2024-07-07.21:53:16::SCWPlatform::DSA absoulate path C:/Users/gusta/Documents/SEP_projects/HW_SW/SEPmonG3/SEPmonG3V3/hw/SEPmonG3V11.xsa
TRACE::2024-07-07.21:53:16::SCWPlatform::DSA directory C:/Users/gusta/Documents/SEP_projects/HW_SW/SEPmonG3/SEPmonG3V3/hw
TRACE::2024-07-07.21:53:16::SCWPlatform:: Platform Path C:/Users/gusta/Documents/SEP_projects/HW_SW/SEPmonG3/SEPmonG3V3/hw/SEPmonG3V11.xsa
TRACE::2024-07-07.21:53:16::SCWPlatform:: Unique name xilinx:zybo-z7-10::0.0
TRACE::2024-07-07.21:53:16::SCWPlatform::Trying to set the existing hwdb with name DEMO_wrapper_68
TRACE::2024-07-07.21:53:16::SCWPlatform::Opened existing hwdb DEMO_wrapper_68
TRACE::2024-07-07.21:53:16::SCWPlatform::Found the Hw Db part of the input DSA
TRACE::2024-07-07.21:53:16::SCWPlatform::Trying to open the hw design at C:/Users/gusta/Documents/SEP_projects/HW_SW/SEPmonG3/SEPmonG3V3/hw/SEPmonG3V11.xsa
TRACE::2024-07-07.21:53:16::SCWPlatform::DSA given C:/Users/gusta/Documents/SEP_projects/HW_SW/SEPmonG3/SEPmonG3V3/hw/SEPmonG3V11.xsa
TRACE::2024-07-07.21:53:16::SCWPlatform::DSA absoulate path C:/Users/gusta/Documents/SEP_projects/HW_SW/SEPmonG3/SEPmonG3V3/hw/SEPmonG3V11.xsa
TRACE::2024-07-07.21:53:16::SCWPlatform::DSA directory C:/Users/gusta/Documents/SEP_projects/HW_SW/SEPmonG3/SEPmonG3V3/hw
TRACE::2024-07-07.21:53:16::SCWPlatform:: Platform Path C:/Users/gusta/Documents/SEP_projects/HW_SW/SEPmonG3/SEPmonG3V3/hw/SEPmonG3V11.xsa
TRACE::2024-07-07.21:53:16::SCWPlatform:: Unique name xilinx:zybo-z7-10::0.0
TRACE::2024-07-07.21:53:16::SCWPlatform::Trying to set the existing hwdb with name DEMO_wrapper_68
TRACE::2024-07-07.21:53:16::SCWPlatform::Opened existing hwdb DEMO_wrapper_68
TRACE::2024-07-07.21:53:16::SCWPlatform::Found the Hw Db part of the input DSA
TRACE::2024-07-07.21:53:16::SCWPlatform::Trying to open the hw design at C:/Users/gusta/Documents/SEP_projects/HW_SW/SEPmonG3/SEPmonG3V3/hw/SEPmonG3V11.xsa
TRACE::2024-07-07.21:53:16::SCWPlatform::DSA given C:/Users/gusta/Documents/SEP_projects/HW_SW/SEPmonG3/SEPmonG3V3/hw/SEPmonG3V11.xsa
TRACE::2024-07-07.21:53:16::SCWPlatform::DSA absoulate path C:/Users/gusta/Documents/SEP_projects/HW_SW/SEPmonG3/SEPmonG3V3/hw/SEPmonG3V11.xsa
TRACE::2024-07-07.21:53:16::SCWPlatform::DSA directory C:/Users/gusta/Documents/SEP_projects/HW_SW/SEPmonG3/SEPmonG3V3/hw
TRACE::2024-07-07.21:53:16::SCWPlatform:: Platform Path C:/Users/gusta/Documents/SEP_projects/HW_SW/SEPmonG3/SEPmonG3V3/hw/SEPmonG3V11.xsa
TRACE::2024-07-07.21:53:16::SCWPlatform:: Unique name xilinx:zybo-z7-10::0.0
TRACE::2024-07-07.21:53:16::SCWPlatform::Trying to set the existing hwdb with name DEMO_wrapper_68
TRACE::2024-07-07.21:53:16::SCWPlatform::Opened existing hwdb DEMO_wrapper_68
TRACE::2024-07-07.21:53:16::SCWPlatform::Found the Hw Db part of the input DSA
TRACE::2024-07-07.21:53:16::SCWMssOS::Checking the sw design at  C:/Users/gusta/Documents/SEP_projects/HW_SW/SEPmonG3/SEPmonG3V3/ps7_cortexa9_0/standalone_domain/bsp/system.mss
TRACE::2024-07-07.21:53:16::SCWMssOS::DEBUG:  swdes dump  C:/Users/gusta/Documents/SEP_projects/HW_SW/SEPmonG3/SEPmonG3/ps7_cortexa9_0/standalone_domain/bsp/system.mss|system_0||
C:/Users/gusta/Documents/SEP_projects/HW_SW/SEPmonG3/SEPmonG3/zynq_fsbl/zynq_fsbl_bsp/system.mss|system||
C:/Users/gusta/Documents/SEP_projects/HW_SW/SEPmonG3/SEPmonG3V3/zynq_fsbl/zynq_fsbl_bsp/system.mss|system_1||

TRACE::2024-07-07.21:53:16::SCWMssOS::No sw design opened at  C:/Users/gusta/Documents/SEP_projects/HW_SW/SEPmonG3/SEPmonG3V3/ps7_cortexa9_0/standalone_domain/bsp/system.mss
TRACE::2024-07-07.21:53:16::SCWMssOS::mss exists loading the mss file  C:/Users/gusta/Documents/SEP_projects/HW_SW/SEPmonG3/SEPmonG3V3/ps7_cortexa9_0/standalone_domain/bsp/system.mss
TRACE::2024-07-07.21:53:16::SCWMssOS::Opened the sw design from mss  C:/Users/gusta/Documents/SEP_projects/HW_SW/SEPmonG3/SEPmonG3V3/ps7_cortexa9_0/standalone_domain/bsp/system.mss
TRACE::2024-07-07.21:53:16::SCWMssOS::Adding the swdes entry C:/Users/gusta/Documents/SEP_projects/HW_SW/SEPmonG3/SEPmonG3V3/ps7_cortexa9_0/standalone_domain/bsp/system.mss with des name system_2
TRACE::2024-07-07.21:53:16::SCWMssOS::updating the scw layer about changes
TRACE::2024-07-07.21:53:16::SCWMssOS::Opened the sw design.  C:/Users/gusta/Documents/SEP_projects/HW_SW/SEPmonG3/SEPmonG3V3/ps7_cortexa9_0/standalone_domain/bsp/system.mss
TRACE::2024-07-07.21:53:16::SCWMssOS::Saving the mss changes C:/Users/gusta/Documents/SEP_projects/HW_SW/SEPmonG3/SEPmonG3V3/ps7_cortexa9_0/standalone_domain/bsp/system.mss
TRACE::2024-07-07.21:53:16::SCWMssOS::Found a swdesign opened with the mssfile.
TRACE::2024-07-07.21:53:16::SCWMssOS::Completed writemss as part of save.
TRACE::2024-07-07.21:53:16::SCWMssOS::Commit changes completed.
TRACE::2024-07-07.21:53:16::SCWReader::Adding prebuilt librarypaths as   
TRACE::2024-07-07.21:53:16::SCWReader::Adding prebuilt incpaths  as   
TRACE::2024-07-07.21:53:16::SCWPlatform::Trying to open the hw design at C:/Users/gusta/Documents/SEP_projects/HW_SW/SEPmonG3/SEPmonG3V3/hw/SEPmonG3V11.xsa
TRACE::2024-07-07.21:53:16::SCWPlatform::DSA given C:/Users/gusta/Documents/SEP_projects/HW_SW/SEPmonG3/SEPmonG3V3/hw/SEPmonG3V11.xsa
TRACE::2024-07-07.21:53:16::SCWPlatform::DSA absoulate path C:/Users/gusta/Documents/SEP_projects/HW_SW/SEPmonG3/SEPmonG3V3/hw/SEPmonG3V11.xsa
TRACE::2024-07-07.21:53:16::SCWPlatform::DSA directory C:/Users/gusta/Documents/SEP_projects/HW_SW/SEPmonG3/SEPmonG3V3/hw
TRACE::2024-07-07.21:53:16::SCWPlatform:: Platform Path C:/Users/gusta/Documents/SEP_projects/HW_SW/SEPmonG3/SEPmonG3V3/hw/SEPmonG3V11.xsa
TRACE::2024-07-07.21:53:16::SCWPlatform:: Unique name xilinx:zybo-z7-10::0.0
TRACE::2024-07-07.21:53:16::SCWPlatform::Trying to set the existing hwdb with name DEMO_wrapper_68
TRACE::2024-07-07.21:53:16::SCWPlatform::Opened existing hwdb DEMO_wrapper_68
TRACE::2024-07-07.21:53:16::SCWPlatform::Found the Hw Db part of the input DSA
TRACE::2024-07-07.21:53:16::SCWMssOS::Checking the sw design at  C:/Users/gusta/Documents/SEP_projects/HW_SW/SEPmonG3/SEPmonG3V3/ps7_cortexa9_0/standalone_domain/bsp/system.mss
TRACE::2024-07-07.21:53:16::SCWMssOS::DEBUG:  swdes dump  C:/Users/gusta/Documents/SEP_projects/HW_SW/SEPmonG3/SEPmonG3/ps7_cortexa9_0/standalone_domain/bsp/system.mss|system_0||
C:/Users/gusta/Documents/SEP_projects/HW_SW/SEPmonG3/SEPmonG3/zynq_fsbl/zynq_fsbl_bsp/system.mss|system||
C:/Users/gusta/Documents/SEP_projects/HW_SW/SEPmonG3/SEPmonG3V3/ps7_cortexa9_0/standalone_domain/bsp/system.mss|system_2||
C:/Users/gusta/Documents/SEP_projects/HW_SW/SEPmonG3/SEPmonG3V3/zynq_fsbl/zynq_fsbl_bsp/system.mss|system_1||

TRACE::2024-07-07.21:53:16::SCWMssOS::Sw design exists and opened at  C:/Users/gusta/Documents/SEP_projects/HW_SW/SEPmonG3/SEPmonG3V3/ps7_cortexa9_0/standalone_domain/bsp/system.mss
TRACE::2024-07-07.21:53:16::SCWReader::No isolation master present  
LOG::2024-07-07.21:53:55::SCWPlatform::Started generating the artifacts platform SEPmonG3V3
TRACE::2024-07-07.21:53:55::SCWPlatform::Sanity checking of platform is completed
LOG::2024-07-07.21:53:55::SCWPlatform::Started generating the artifacts for system configuration SEPmonG3V3
LOG::2024-07-07.21:53:55::SCWSystem::Checking the domain zynq_fsbl
LOG::2024-07-07.21:53:55::SCWSystem::Doing application build for :  zynq_fsbl
TRACE::2024-07-07.21:53:55::SCWBDomain::Not a forced makefile updation, No changes are present. 
TRACE::2024-07-07.21:53:55::SCWDomain::Skipping the build for domain :  zynq_fsbl
LOG::2024-07-07.21:53:55::SCWSystem::Checking the domain standalone_domain
LOG::2024-07-07.21:53:55::SCWSystem::Not a boot domain 
LOG::2024-07-07.21:53:55::SCWSystem::Started Processing the domain standalone_domain
TRACE::2024-07-07.21:53:55::SCWDomain::Generating domain artifcats
TRACE::2024-07-07.21:53:55::SCWMssOS::Generating standalone artifcats
TRACE::2024-07-07.21:53:55::SCWMssOS::Copying the qemu file from  C:/Xilinx/Vitis/2020.1/data/emulation/platforms/zynq/qemu/qemu_args.txt To C:/Users/gusta/Documents/SEP_projects/HW_SW/SEPmonG3/SEPmonG3V3/export/SEPmonG3V3/sw/SEPmonG3V3/qemu/
TRACE::2024-07-07.21:53:55::SCWMssOS::Copying the qemu file from  C:/Xilinx/Vitis/2020.1/data/emulation/platforms/zynq/qemu/qemu_args.txt To C:/Users/gusta/Documents/SEP_projects/HW_SW/SEPmonG3/SEPmonG3V3/export/SEPmonG3V3/sw/SEPmonG3V3/standalone_domain/qemu/
TRACE::2024-07-07.21:53:55::SCWMssOS:: Copying the user libraries. 
TRACE::2024-07-07.21:53:55::SCWPlatform::Trying to open the hw design at C:/Users/gusta/Documents/SEP_projects/HW_SW/SEPmonG3/SEPmonG3V3/hw/SEPmonG3V11.xsa
TRACE::2024-07-07.21:53:55::SCWPlatform::DSA given C:/Users/gusta/Documents/SEP_projects/HW_SW/SEPmonG3/SEPmonG3V3/hw/SEPmonG3V11.xsa
TRACE::2024-07-07.21:53:55::SCWPlatform::DSA absoulate path C:/Users/gusta/Documents/SEP_projects/HW_SW/SEPmonG3/SEPmonG3V3/hw/SEPmonG3V11.xsa
TRACE::2024-07-07.21:53:55::SCWPlatform::DSA directory C:/Users/gusta/Documents/SEP_projects/HW_SW/SEPmonG3/SEPmonG3V3/hw
TRACE::2024-07-07.21:53:55::SCWPlatform:: Platform Path C:/Users/gusta/Documents/SEP_projects/HW_SW/SEPmonG3/SEPmonG3V3/hw/SEPmonG3V11.xsa
TRACE::2024-07-07.21:53:55::SCWPlatform:: Unique name xilinx:zybo-z7-10::0.0
TRACE::2024-07-07.21:53:55::SCWPlatform::Trying to set the existing hwdb with name DEMO_wrapper_68
TRACE::2024-07-07.21:53:55::SCWPlatform::Opened existing hwdb DEMO_wrapper_68
TRACE::2024-07-07.21:53:55::SCWPlatform::Found the Hw Db part of the input DSA
TRACE::2024-07-07.21:53:55::SCWMssOS::Checking the sw design at  C:/Users/gusta/Documents/SEP_projects/HW_SW/SEPmonG3/SEPmonG3V3/ps7_cortexa9_0/standalone_domain/bsp/system.mss
TRACE::2024-07-07.21:53:55::SCWMssOS::DEBUG:  swdes dump  C:/Users/gusta/Documents/SEP_projects/HW_SW/SEPmonG3/SEPmonG3/ps7_cortexa9_0/standalone_domain/bsp/system.mss|system_0||
C:/Users/gusta/Documents/SEP_projects/HW_SW/SEPmonG3/SEPmonG3/zynq_fsbl/zynq_fsbl_bsp/system.mss|system||
C:/Users/gusta/Documents/SEP_projects/HW_SW/SEPmonG3/SEPmonG3V3/ps7_cortexa9_0/standalone_domain/bsp/system.mss|system_2||
C:/Users/gusta/Documents/SEP_projects/HW_SW/SEPmonG3/SEPmonG3V3/zynq_fsbl/zynq_fsbl_bsp/system.mss|system_1||

TRACE::2024-07-07.21:53:55::SCWMssOS::Sw design exists and opened at  C:/Users/gusta/Documents/SEP_projects/HW_SW/SEPmonG3/SEPmonG3V3/ps7_cortexa9_0/standalone_domain/bsp/system.mss
TRACE::2024-07-07.21:53:55::SCWMssOS::Completed writing the mss file at C:/Users/gusta/Documents/SEP_projects/HW_SW/SEPmonG3/SEPmonG3V3/ps7_cortexa9_0/standalone_domain/bsp
TRACE::2024-07-07.21:53:55::SCWMssOS::Mss edits present, copying mssfile into export location C:/Users/gusta/Documents/SEP_projects/HW_SW/SEPmonG3/SEPmonG3V3/ps7_cortexa9_0/standalone_domain/bsp/system.mss
TRACE::2024-07-07.21:53:55::SCWMssOS::bsp generated is upto date with the mss file. Skipping bsp generation.
TRACE::2024-07-07.21:53:55::SCWMssOS::BSP is already built. skipping the bsp build ... 
TRACE::2024-07-07.21:53:55::SCWDomain::Skipping the build for domain :  standalone_domain
TRACE::2024-07-07.21:53:55::SCWMssOS::skipping the bsp build ... 
TRACE::2024-07-07.21:53:55::SCWMssOS::Copying to export directory.
TRACE::2024-07-07.21:53:55::SCWMssOS:: Checking if to create the Supporting Applications
TRACE::2024-07-07.21:53:55::SCWMssOS:: No Linux domain exists, trying to generate FSBL 
LOG::2024-07-07.21:53:55::SCWSystem::Completed Processing the domain standalone_domain
LOG::2024-07-07.21:53:55::SCWSystem::Completed Processing the sysconfig SEPmonG3V3
LOG::2024-07-07.21:53:55::SCWPlatform::Completed generating the artifacts for system configuration SEPmonG3V3
TRACE::2024-07-07.21:53:55::SCWPlatform::Started preparing the platform 
TRACE::2024-07-07.21:53:55::SCWSystem::Writing the bif file for system config SEPmonG3V3
TRACE::2024-07-07.21:53:55::SCWSystem::dir created 
TRACE::2024-07-07.21:53:55::SCWSystem::Writing the bif 
TRACE::2024-07-07.21:53:55::SCWPlatform::Started writing the spfm file 
TRACE::2024-07-07.21:53:55::SCWPlatform::Started writing the xpfm file 
TRACE::2024-07-07.21:53:55::SCWPlatform::Completed generating the platform
TRACE::2024-07-07.21:53:55::SCWMssOS::Saving the mss changes C:/Users/gusta/Documents/SEP_projects/HW_SW/SEPmonG3/SEPmonG3V3/zynq_fsbl/zynq_fsbl_bsp/system.mss
TRACE::2024-07-07.21:53:55::SCWMssOS::Found a swdesign opened with the mssfile.
TRACE::2024-07-07.21:53:55::SCWMssOS::Completed writemss as part of save.
TRACE::2024-07-07.21:53:55::SCWMssOS::Commit changes completed.
TRACE::2024-07-07.21:53:55::SCWMssOS::Saving the mss changes C:/Users/gusta/Documents/SEP_projects/HW_SW/SEPmonG3/SEPmonG3V3/ps7_cortexa9_0/standalone_domain/bsp/system.mss
TRACE::2024-07-07.21:53:55::SCWMssOS::Found a swdesign opened with the mssfile.
TRACE::2024-07-07.21:53:55::SCWMssOS::Completed writemss as part of save.
TRACE::2024-07-07.21:53:55::SCWMssOS::Commit changes completed.
TRACE::2024-07-07.21:53:55::SCWPlatform::Trying to open the hw design at C:/Users/gusta/Documents/SEP_projects/HW_SW/SEPmonG3/SEPmonG3V3/hw/SEPmonG3V11.xsa
TRACE::2024-07-07.21:53:55::SCWPlatform::DSA given C:/Users/gusta/Documents/SEP_projects/HW_SW/SEPmonG3/SEPmonG3V3/hw/SEPmonG3V11.xsa
TRACE::2024-07-07.21:53:55::SCWPlatform::DSA absoulate path C:/Users/gusta/Documents/SEP_projects/HW_SW/SEPmonG3/SEPmonG3V3/hw/SEPmonG3V11.xsa
TRACE::2024-07-07.21:53:55::SCWPlatform::DSA directory C:/Users/gusta/Documents/SEP_projects/HW_SW/SEPmonG3/SEPmonG3V3/hw
TRACE::2024-07-07.21:53:55::SCWPlatform:: Platform Path C:/Users/gusta/Documents/SEP_projects/HW_SW/SEPmonG3/SEPmonG3V3/hw/SEPmonG3V11.xsa
TRACE::2024-07-07.21:53:55::SCWPlatform:: Unique name xilinx:zybo-z7-10::0.0
TRACE::2024-07-07.21:53:55::SCWPlatform::Trying to set the existing hwdb with name DEMO_wrapper_68
TRACE::2024-07-07.21:53:55::SCWPlatform::Opened existing hwdb DEMO_wrapper_68
TRACE::2024-07-07.21:53:55::SCWPlatform::Found the Hw Db part of the input DSA
TRACE::2024-07-07.21:53:55::SCWMssOS::Checking the sw design at  C:/Users/gusta/Documents/SEP_projects/HW_SW/SEPmonG3/SEPmonG3V3/zynq_fsbl/zynq_fsbl_bsp/system.mss
TRACE::2024-07-07.21:53:55::SCWMssOS::DEBUG:  swdes dump  C:/Users/gusta/Documents/SEP_projects/HW_SW/SEPmonG3/SEPmonG3/ps7_cortexa9_0/standalone_domain/bsp/system.mss|system_0||
C:/Users/gusta/Documents/SEP_projects/HW_SW/SEPmonG3/SEPmonG3/zynq_fsbl/zynq_fsbl_bsp/system.mss|system||
C:/Users/gusta/Documents/SEP_projects/HW_SW/SEPmonG3/SEPmonG3V3/ps7_cortexa9_0/standalone_domain/bsp/system.mss|system_2||
C:/Users/gusta/Documents/SEP_projects/HW_SW/SEPmonG3/SEPmonG3V3/zynq_fsbl/zynq_fsbl_bsp/system.mss|system_1||

TRACE::2024-07-07.21:53:55::SCWMssOS::Sw design exists and opened at  C:/Users/gusta/Documents/SEP_projects/HW_SW/SEPmonG3/SEPmonG3V3/zynq_fsbl/zynq_fsbl_bsp/system.mss
TRACE::2024-07-07.21:53:55::SCWPlatform::Trying to open the hw design at C:/Users/gusta/Documents/SEP_projects/HW_SW/SEPmonG3/SEPmonG3V3/hw/SEPmonG3V11.xsa
TRACE::2024-07-07.21:53:55::SCWPlatform::DSA given C:/Users/gusta/Documents/SEP_projects/HW_SW/SEPmonG3/SEPmonG3V3/hw/SEPmonG3V11.xsa
TRACE::2024-07-07.21:53:55::SCWPlatform::DSA absoulate path C:/Users/gusta/Documents/SEP_projects/HW_SW/SEPmonG3/SEPmonG3V3/hw/SEPmonG3V11.xsa
TRACE::2024-07-07.21:53:55::SCWPlatform::DSA directory C:/Users/gusta/Documents/SEP_projects/HW_SW/SEPmonG3/SEPmonG3V3/hw
TRACE::2024-07-07.21:53:55::SCWPlatform:: Platform Path C:/Users/gusta/Documents/SEP_projects/HW_SW/SEPmonG3/SEPmonG3V3/hw/SEPmonG3V11.xsa
TRACE::2024-07-07.21:53:55::SCWPlatform:: Unique name xilinx:zybo-z7-10::0.0
TRACE::2024-07-07.21:53:55::SCWPlatform::Trying to set the existing hwdb with name DEMO_wrapper_68
TRACE::2024-07-07.21:53:55::SCWPlatform::Opened existing hwdb DEMO_wrapper_68
TRACE::2024-07-07.21:53:55::SCWPlatform::Found the Hw Db part of the input DSA
TRACE::2024-07-07.21:53:55::SCWMssOS::Checking the sw design at  C:/Users/gusta/Documents/SEP_projects/HW_SW/SEPmonG3/SEPmonG3V3/ps7_cortexa9_0/standalone_domain/bsp/system.mss
TRACE::2024-07-07.21:53:55::SCWMssOS::DEBUG:  swdes dump  C:/Users/gusta/Documents/SEP_projects/HW_SW/SEPmonG3/SEPmonG3/ps7_cortexa9_0/standalone_domain/bsp/system.mss|system_0||
C:/Users/gusta/Documents/SEP_projects/HW_SW/SEPmonG3/SEPmonG3/zynq_fsbl/zynq_fsbl_bsp/system.mss|system||
C:/Users/gusta/Documents/SEP_projects/HW_SW/SEPmonG3/SEPmonG3V3/ps7_cortexa9_0/standalone_domain/bsp/system.mss|system_2||
C:/Users/gusta/Documents/SEP_projects/HW_SW/SEPmonG3/SEPmonG3V3/zynq_fsbl/zynq_fsbl_bsp/system.mss|system_1||

TRACE::2024-07-07.21:53:55::SCWMssOS::Sw design exists and opened at  C:/Users/gusta/Documents/SEP_projects/HW_SW/SEPmonG3/SEPmonG3V3/ps7_cortexa9_0/standalone_domain/bsp/system.mss
TRACE::2024-07-07.21:53:55::SCWWriter::formatted JSON is {
	"platformName":	"SEPmonG3V3",
	"sprVersion":	"2.0",
	"mode":	"gui",
	"dsaType":	"Fixed",
	"platformDesc":	"SEPmonG3V3",
	"platHandOff":	"C:/Users/gusta/Documents/SEP_projects/HW_SW/SEPmonG3/SEPmon/SEPmonG3V11.xsa",
	"platIntHandOff":	"<platformDir>/hw/SEPmonG3V11.xsa",
	"deviceType":	"zynq",
	"platIsPrebuiltAutogen":	"false",
	"platIsNoBootBsp":	"false",
	"hasFsblMakeHasChanges":	"false",
	"hasPmufwMakeHasChanges":	"false",
	"fsblExtraCompilerFlags":	"-MMD -MP       -mcpu=cortex-a9 -mfpu=vfpv3 -mfloat-abi=hard ",
	"platPreBuiltFlag":	false,
	"platformSamplesDir":	"",
	"platActiveSys":	"SEPmonG3V3",
	"systems":	[{
			"systemName":	"SEPmonG3V3",
			"systemDesc":	"SEPmonG3V3",
			"sysIsBootAutoGen":	"true",
			"systemDispName":	"SEPmonG3V3",
			"sysActiveDom":	"standalone_domain",
			"sysDefaultDom":	"standalone_domain",
			"domains":	[{
					"domainName":	"zynq_fsbl",
					"domainDispName":	"zynq_fsbl",
					"domainDesc":	"FSBL Application BSP - Auto Generated.",
					"processors":	"ps7_cortexa9_0",
					"os":	"standalone",
					"sdxOs":	"standalone",
					"debugEnable":	"",
					"domRuntimes":	["cpp"],
					"swRepo":	"",
					"mssOsVer":	"7.2",
					"mssFile":	"",
					"md5Digest":	"1c3d65b23234dc3ec6f7ff2cc82e7a29",
					"compatibleApp":	"zynq_fsbl",
					"domType":	"bootDomain",
					"appSettings":	{
						"appCompilerFlags":	"",
						"appLinkerFlags":	""
					},
					"addedLibs":	["xilffs:4.3", "xilrsa:1.6"],
					"libOptions":	{
						"libsContainingOptions":	[]
					},
					"prebuiltLibs":	{
						"prebuiltIncPath":	[],
						"prebuiltLibPath":	[]
					},
					"isolation":	{
					}
				}, {
					"domainName":	"standalone_domain",
					"domainDispName":	"standalone on ps7_cortexa9_0",
					"domainDesc":	"standalone_domain",
					"processors":	"ps7_cortexa9_0",
					"os":	"standalone",
					"sdxOs":	"standalone",
					"qemuArgs":	"C:/Xilinx/Vitis/2020.1/data/emulation/platforms/zynq/qemu/qemu_args.txt",
					"qemuData":	"C:/Xilinx/Vitis/2020.1/data/emulation/platforms/zynq/qemu/",
					"debugEnable":	"False",
					"domRuntimes":	["cpp"],
					"swRepo":	"",
					"mssOsVer":	"7.2",
					"mssFile":	"",
					"md5Digest":	"265d04d91c8cdd485e050a5ab4fc76b5",
					"compatibleApp":	"",
					"domType":	"mssDomain",
					"appSettings":	{
						"appCompilerFlags":	"",
						"appLinkerFlags":	""
					},
					"addedLibs":	[],
					"libOptions":	{
						"libsContainingOptions":	[]
					},
					"prebuiltLibs":	{
						"prebuiltIncPath":	[],
						"prebuiltLibPath":	[]
					},
					"isolation":	{
					}
				}]
		}]
}
KEYINFO::2024-07-07.21:53:55::SCWPlatform::updated the xpfm file.
TRACE::2024-07-07.21:53:55::SCWPlatform::Trying to open the hw design at C:/Users/gusta/Documents/SEP_projects/HW_SW/SEPmonG3/SEPmonG3V3/hw/SEPmonG3V11.xsa
TRACE::2024-07-07.21:53:55::SCWPlatform::DSA given C:/Users/gusta/Documents/SEP_projects/HW_SW/SEPmonG3/SEPmonG3V3/hw/SEPmonG3V11.xsa
TRACE::2024-07-07.21:53:55::SCWPlatform::DSA absoulate path C:/Users/gusta/Documents/SEP_projects/HW_SW/SEPmonG3/SEPmonG3V3/hw/SEPmonG3V11.xsa
TRACE::2024-07-07.21:53:55::SCWPlatform::DSA directory C:/Users/gusta/Documents/SEP_projects/HW_SW/SEPmonG3/SEPmonG3V3/hw
TRACE::2024-07-07.21:53:55::SCWPlatform:: Platform Path C:/Users/gusta/Documents/SEP_projects/HW_SW/SEPmonG3/SEPmonG3V3/hw/SEPmonG3V11.xsa
TRACE::2024-07-07.21:53:55::SCWPlatform:: Unique name xilinx:zybo-z7-10::0.0
TRACE::2024-07-07.21:53:55::SCWPlatform::Trying to set the existing hwdb with name DEMO_wrapper_68
TRACE::2024-07-07.21:53:55::SCWPlatform::Opened existing hwdb DEMO_wrapper_68
TRACE::2024-07-07.21:53:55::SCWPlatform::Found the Hw Db part of the input DSA
TRACE::2024-07-07.21:53:55::SCWMssOS::Checking the sw design at  C:/Users/gusta/Documents/SEP_projects/HW_SW/SEPmonG3/SEPmonG3V3/ps7_cortexa9_0/standalone_domain/bsp/system.mss
TRACE::2024-07-07.21:53:55::SCWMssOS::DEBUG:  swdes dump  C:/Users/gusta/Documents/SEP_projects/HW_SW/SEPmonG3/SEPmonG3/ps7_cortexa9_0/standalone_domain/bsp/system.mss|system_0||
C:/Users/gusta/Documents/SEP_projects/HW_SW/SEPmonG3/SEPmonG3/zynq_fsbl/zynq_fsbl_bsp/system.mss|system||
C:/Users/gusta/Documents/SEP_projects/HW_SW/SEPmonG3/SEPmonG3V3/ps7_cortexa9_0/standalone_domain/bsp/system.mss|system_2||
C:/Users/gusta/Documents/SEP_projects/HW_SW/SEPmonG3/SEPmonG3V3/zynq_fsbl/zynq_fsbl_bsp/system.mss|system_1||

TRACE::2024-07-07.21:53:55::SCWMssOS::Sw design exists and opened at  C:/Users/gusta/Documents/SEP_projects/HW_SW/SEPmonG3/SEPmonG3V3/ps7_cortexa9_0/standalone_domain/bsp/system.mss
