18:05:03 INFO  : Launching XSCT server: xsct.bat -n  -interactive C:\Users\gusta\OneDrive\Documents\universidad\4to\1r\SEP\Proyectos\pr2\SEPmonG3\temp_xsdb_launch_script.tcl
18:05:03 INFO  : Registering command handlers for Vitis TCF services
18:05:07 INFO  : Platform repository initialization has completed.
18:05:07 INFO  : XSCT server has started successfully.
18:05:07 INFO  : plnx-install-location is set to ''
18:05:13 INFO  : Successfully done setting XSCT server connection channel  
18:05:13 INFO  : Successfully done query RDI_DATADIR 
18:05:13 INFO  : Successfully done setting workspace for the tool. 
18:06:22 INFO  : Result from executing command 'getProjects': SEPmonG3
18:06:22 INFO  : Result from executing command 'getPlatforms': 
18:07:27 INFO  : Result from executing command 'getProjects': SEPmonG3
18:07:27 INFO  : Result from executing command 'getPlatforms': SEPmonG3|C:/Users/gusta/OneDrive/Documents/universidad/4to/1r/SEP/Proyectos/pr2/SEPmonG3/SEPmonG3/export/SEPmonG3/SEPmonG3.xpfm
18:09:05 INFO  : Checking for BSP changes to sync application flags for project 'SEPmon_SW'...
18:09:50 INFO  : Checking for BSP changes to sync application flags for project 'SEPmon_SW'...
18:11:18 INFO  : Checking for BSP changes to sync application flags for project 'SEPmon_SW'...
18:11:28 INFO  : Checking for BSP changes to sync application flags for project 'SEPmon_SW'...
18:11:37 INFO  : Connected to target on host '127.0.0.1' and port '3121'.
18:11:37 INFO  : Jtag cable 'Digilent Zybo Z7 210351B3FC88A' is selected.
18:11:37 INFO  : 'jtag frequency' command is executed.
18:11:37 INFO  : Context for 'APU' is selected.
18:11:37 INFO  : System reset is completed.
18:11:40 INFO  : 'after 3000' command is executed.
18:11:40 INFO  : 'targets -set -filter {jtag_cable_name =~ "Digilent Zybo Z7 210351B3FC88A" && level==0 && jtag_device_ctx=="jsn-Zybo Z7-210351B3FC88A-13722093-0"}' command is executed.
18:11:41 INFO  : FPGA configured successfully with bitstream "C:/Users/gusta/OneDrive/Documents/universidad/4to/1r/SEP/Proyectos/pr2/SEPmonG3/SEPmon_SW/_ide/bitstream/SEPmon.bit"
18:11:41 INFO  : Context for 'APU' is selected.
18:11:42 INFO  : Hardware design and registers information is loaded from 'C:/Users/gusta/OneDrive/Documents/universidad/4to/1r/SEP/Proyectos/pr2/SEPmonG3/SEPmonG3/export/SEPmonG3/hw/SEPmon.xsa'.
18:11:42 INFO  : 'configparams force-mem-access 1' command is executed.
18:11:42 INFO  : Context for 'APU' is selected.
18:11:42 INFO  : Sourcing of 'C:/Users/gusta/OneDrive/Documents/universidad/4to/1r/SEP/Proyectos/pr2/SEPmonG3/SEPmon_SW/_ide/psinit/ps7_init.tcl' is done.
18:11:42 INFO  : 'ps7_init' command is executed.
18:11:42 INFO  : 'ps7_post_config' command is executed.
18:11:42 INFO  : Context for processor 'ps7_cortexa9_0' is selected.
18:11:43 INFO  : The application 'C:/Users/gusta/OneDrive/Documents/universidad/4to/1r/SEP/Proyectos/pr2/SEPmonG3/SEPmon_SW/Debug/SEPmon_SW.elf' is downloaded to processor 'ps7_cortexa9_0'.
18:11:43 INFO  : 'configparams force-mem-access 0' command is executed.
18:11:43 INFO  : ----------------XSDB Script----------------
connect -url tcp:127.0.0.1:3121
targets -set -nocase -filter {name =~"APU*"}
rst -system
after 3000
targets -set -filter {jtag_cable_name =~ "Digilent Zybo Z7 210351B3FC88A" && level==0 && jtag_device_ctx=="jsn-Zybo Z7-210351B3FC88A-13722093-0"}
fpga -file C:/Users/gusta/OneDrive/Documents/universidad/4to/1r/SEP/Proyectos/pr2/SEPmonG3/SEPmon_SW/_ide/bitstream/SEPmon.bit
targets -set -nocase -filter {name =~"APU*"}
loadhw -hw C:/Users/gusta/OneDrive/Documents/universidad/4to/1r/SEP/Proyectos/pr2/SEPmonG3/SEPmonG3/export/SEPmonG3/hw/SEPmon.xsa -mem-ranges [list {0x40000000 0xbfffffff}] -regs
configparams force-mem-access 1
targets -set -nocase -filter {name =~"APU*"}
source C:/Users/gusta/OneDrive/Documents/universidad/4to/1r/SEP/Proyectos/pr2/SEPmonG3/SEPmon_SW/_ide/psinit/ps7_init.tcl
ps7_init
ps7_post_config
targets -set -nocase -filter {name =~ "*A9*#0"}
dow C:/Users/gusta/OneDrive/Documents/universidad/4to/1r/SEP/Proyectos/pr2/SEPmonG3/SEPmon_SW/Debug/SEPmon_SW.elf
configparams force-mem-access 0
----------------End of Script----------------

18:11:43 INFO  : Context for processor 'ps7_cortexa9_0' is selected.
18:11:43 INFO  : 'con' command is executed.
18:11:43 INFO  : ----------------XSDB Script (After Launch)----------------
targets -set -nocase -filter {name =~ "*A9*#0"}
con
----------------End of Script----------------

18:11:43 INFO  : Launch script is exported to file 'C:\Users\gusta\OneDrive\Documents\universidad\4to\1r\SEP\Proyectos\pr2\SEPmonG3\.sdk\launch_scripts\single_application_debug\debugger_sepmon_sw-default.tcl'
18:15:34 INFO  : Checking for BSP changes to sync application flags for project 'SEPmon_SW'...
18:15:39 INFO  : Disconnected from the channel tcfchan#2.
18:15:40 INFO  : Connected to target on host '127.0.0.1' and port '3121'.
18:15:40 INFO  : Jtag cable 'Digilent Zybo Z7 210351B3FC88A' is selected.
18:15:40 INFO  : 'jtag frequency' command is executed.
18:15:40 INFO  : Context for 'APU' is selected.
18:15:41 INFO  : System reset is completed.
18:15:44 INFO  : 'after 3000' command is executed.
18:15:44 INFO  : 'targets -set -filter {jtag_cable_name =~ "Digilent Zybo Z7 210351B3FC88A" && level==0 && jtag_device_ctx=="jsn-Zybo Z7-210351B3FC88A-13722093-0"}' command is executed.
18:15:45 INFO  : FPGA configured successfully with bitstream "C:/Users/gusta/OneDrive/Documents/universidad/4to/1r/SEP/Proyectos/pr2/SEPmonG3/SEPmon_SW/_ide/bitstream/SEPmon.bit"
18:15:45 INFO  : Context for 'APU' is selected.
18:15:45 INFO  : Hardware design and registers information is loaded from 'C:/Users/gusta/OneDrive/Documents/universidad/4to/1r/SEP/Proyectos/pr2/SEPmonG3/SEPmonG3/export/SEPmonG3/hw/SEPmon.xsa'.
18:15:45 INFO  : 'configparams force-mem-access 1' command is executed.
18:15:45 INFO  : Context for 'APU' is selected.
18:15:45 INFO  : Sourcing of 'C:/Users/gusta/OneDrive/Documents/universidad/4to/1r/SEP/Proyectos/pr2/SEPmonG3/SEPmon_SW/_ide/psinit/ps7_init.tcl' is done.
18:15:45 INFO  : 'ps7_init' command is executed.
18:15:45 INFO  : 'ps7_post_config' command is executed.
18:15:45 INFO  : Context for processor 'ps7_cortexa9_0' is selected.
18:15:46 INFO  : The application 'C:/Users/gusta/OneDrive/Documents/universidad/4to/1r/SEP/Proyectos/pr2/SEPmonG3/SEPmon_SW/Debug/SEPmon_SW.elf' is downloaded to processor 'ps7_cortexa9_0'.
18:15:46 INFO  : 'configparams force-mem-access 0' command is executed.
18:15:46 INFO  : ----------------XSDB Script----------------
connect -url tcp:127.0.0.1:3121
targets -set -nocase -filter {name =~"APU*"}
rst -system
after 3000
targets -set -filter {jtag_cable_name =~ "Digilent Zybo Z7 210351B3FC88A" && level==0 && jtag_device_ctx=="jsn-Zybo Z7-210351B3FC88A-13722093-0"}
fpga -file C:/Users/gusta/OneDrive/Documents/universidad/4to/1r/SEP/Proyectos/pr2/SEPmonG3/SEPmon_SW/_ide/bitstream/SEPmon.bit
targets -set -nocase -filter {name =~"APU*"}
loadhw -hw C:/Users/gusta/OneDrive/Documents/universidad/4to/1r/SEP/Proyectos/pr2/SEPmonG3/SEPmonG3/export/SEPmonG3/hw/SEPmon.xsa -mem-ranges [list {0x40000000 0xbfffffff}] -regs
configparams force-mem-access 1
targets -set -nocase -filter {name =~"APU*"}
source C:/Users/gusta/OneDrive/Documents/universidad/4to/1r/SEP/Proyectos/pr2/SEPmonG3/SEPmon_SW/_ide/psinit/ps7_init.tcl
ps7_init
ps7_post_config
targets -set -nocase -filter {name =~ "*A9*#0"}
dow C:/Users/gusta/OneDrive/Documents/universidad/4to/1r/SEP/Proyectos/pr2/SEPmonG3/SEPmon_SW/Debug/SEPmon_SW.elf
configparams force-mem-access 0
----------------End of Script----------------

18:15:46 INFO  : Context for processor 'ps7_cortexa9_0' is selected.
18:15:46 INFO  : 'con' command is executed.
18:15:46 INFO  : ----------------XSDB Script (After Launch)----------------
targets -set -nocase -filter {name =~ "*A9*#0"}
con
----------------End of Script----------------

18:15:46 INFO  : Launch script is exported to file 'C:\Users\gusta\OneDrive\Documents\universidad\4to\1r\SEP\Proyectos\pr2\SEPmonG3\.sdk\launch_scripts\single_application_debug\debugger_sepmon_sw-default.tcl'
18:17:03 INFO  : Disconnected from the channel tcfchan#3.
18:17:04 INFO  : Connected to target on host '127.0.0.1' and port '3121'.
18:17:05 INFO  : Jtag cable 'Digilent Zybo Z7 210351B3FC88A' is selected.
18:17:05 INFO  : 'jtag frequency' command is executed.
18:17:05 INFO  : Context for 'APU' is selected.
18:17:05 INFO  : System reset is completed.
18:17:08 INFO  : 'after 3000' command is executed.
18:17:08 INFO  : 'targets -set -filter {jtag_cable_name =~ "Digilent Zybo Z7 210351B3FC88A" && level==0 && jtag_device_ctx=="jsn-Zybo Z7-210351B3FC88A-13722093-0"}' command is executed.
18:17:09 INFO  : FPGA configured successfully with bitstream "C:/Users/gusta/OneDrive/Documents/universidad/4to/1r/SEP/Proyectos/pr2/SEPmonG3/SEPmon_SW/_ide/bitstream/SEPmon.bit"
18:17:09 INFO  : Context for 'APU' is selected.
18:17:09 INFO  : Hardware design and registers information is loaded from 'C:/Users/gusta/OneDrive/Documents/universidad/4to/1r/SEP/Proyectos/pr2/SEPmonG3/SEPmonG3/export/SEPmonG3/hw/SEPmon.xsa'.
18:17:09 INFO  : 'configparams force-mem-access 1' command is executed.
18:17:09 INFO  : Context for 'APU' is selected.
18:17:09 INFO  : Sourcing of 'C:/Users/gusta/OneDrive/Documents/universidad/4to/1r/SEP/Proyectos/pr2/SEPmonG3/SEPmon_SW/_ide/psinit/ps7_init.tcl' is done.
18:17:09 INFO  : 'ps7_init' command is executed.
18:17:09 INFO  : 'ps7_post_config' command is executed.
18:17:09 INFO  : Context for processor 'ps7_cortexa9_0' is selected.
18:17:10 INFO  : The application 'C:/Users/gusta/OneDrive/Documents/universidad/4to/1r/SEP/Proyectos/pr2/SEPmonG3/SEPmon_SW/Debug/SEPmon_SW.elf' is downloaded to processor 'ps7_cortexa9_0'.
18:17:10 INFO  : 'configparams force-mem-access 0' command is executed.
18:17:10 INFO  : ----------------XSDB Script----------------
connect -url tcp:127.0.0.1:3121
targets -set -nocase -filter {name =~"APU*"}
rst -system
after 3000
targets -set -filter {jtag_cable_name =~ "Digilent Zybo Z7 210351B3FC88A" && level==0 && jtag_device_ctx=="jsn-Zybo Z7-210351B3FC88A-13722093-0"}
fpga -file C:/Users/gusta/OneDrive/Documents/universidad/4to/1r/SEP/Proyectos/pr2/SEPmonG3/SEPmon_SW/_ide/bitstream/SEPmon.bit
targets -set -nocase -filter {name =~"APU*"}
loadhw -hw C:/Users/gusta/OneDrive/Documents/universidad/4to/1r/SEP/Proyectos/pr2/SEPmonG3/SEPmonG3/export/SEPmonG3/hw/SEPmon.xsa -mem-ranges [list {0x40000000 0xbfffffff}] -regs
configparams force-mem-access 1
targets -set -nocase -filter {name =~"APU*"}
source C:/Users/gusta/OneDrive/Documents/universidad/4to/1r/SEP/Proyectos/pr2/SEPmonG3/SEPmon_SW/_ide/psinit/ps7_init.tcl
ps7_init
ps7_post_config
targets -set -nocase -filter {name =~ "*A9*#0"}
dow C:/Users/gusta/OneDrive/Documents/universidad/4to/1r/SEP/Proyectos/pr2/SEPmonG3/SEPmon_SW/Debug/SEPmon_SW.elf
configparams force-mem-access 0
----------------End of Script----------------

18:17:10 INFO  : Context for processor 'ps7_cortexa9_0' is selected.
18:17:10 INFO  : 'con' command is executed.
18:17:10 INFO  : ----------------XSDB Script (After Launch)----------------
targets -set -nocase -filter {name =~ "*A9*#0"}
con
----------------End of Script----------------

18:17:10 INFO  : Launch script is exported to file 'C:\Users\gusta\OneDrive\Documents\universidad\4to\1r\SEP\Proyectos\pr2\SEPmonG3\.sdk\launch_scripts\single_application_debug\debugger_sepmon_sw-default.tcl'
18:17:47 INFO  : Checking for BSP changes to sync application flags for project 'SEPmon_SW'...
18:18:37 INFO  : Checking for BSP changes to sync application flags for project 'SEPmon_SW'...
18:19:03 INFO  : Checking for BSP changes to sync application flags for project 'SEPmon_SW'...
18:19:29 INFO  : Checking for BSP changes to sync application flags for project 'SEPmon_SW'...
18:19:36 INFO  : Disconnected from the channel tcfchan#4.
18:19:37 INFO  : Connected to target on host '127.0.0.1' and port '3121'.
18:19:37 INFO  : Jtag cable 'Digilent Zybo Z7 210351B3FC88A' is selected.
18:19:37 INFO  : 'jtag frequency' command is executed.
18:19:37 INFO  : Context for 'APU' is selected.
18:19:37 INFO  : System reset is completed.
18:19:40 INFO  : 'after 3000' command is executed.
18:19:40 INFO  : 'targets -set -filter {jtag_cable_name =~ "Digilent Zybo Z7 210351B3FC88A" && level==0 && jtag_device_ctx=="jsn-Zybo Z7-210351B3FC88A-13722093-0"}' command is executed.
18:19:41 INFO  : FPGA configured successfully with bitstream "C:/Users/gusta/OneDrive/Documents/universidad/4to/1r/SEP/Proyectos/pr2/SEPmonG3/SEPmon_SW/_ide/bitstream/SEPmon.bit"
18:19:41 INFO  : Context for 'APU' is selected.
18:19:41 INFO  : Hardware design and registers information is loaded from 'C:/Users/gusta/OneDrive/Documents/universidad/4to/1r/SEP/Proyectos/pr2/SEPmonG3/SEPmonG3/export/SEPmonG3/hw/SEPmon.xsa'.
18:19:41 INFO  : 'configparams force-mem-access 1' command is executed.
18:19:41 INFO  : Context for 'APU' is selected.
18:19:41 INFO  : Sourcing of 'C:/Users/gusta/OneDrive/Documents/universidad/4to/1r/SEP/Proyectos/pr2/SEPmonG3/SEPmon_SW/_ide/psinit/ps7_init.tcl' is done.
18:19:42 INFO  : 'ps7_init' command is executed.
18:19:42 INFO  : 'ps7_post_config' command is executed.
18:19:42 INFO  : Context for processor 'ps7_cortexa9_0' is selected.
18:19:42 INFO  : The application 'C:/Users/gusta/OneDrive/Documents/universidad/4to/1r/SEP/Proyectos/pr2/SEPmonG3/SEPmon_SW/Debug/SEPmon_SW.elf' is downloaded to processor 'ps7_cortexa9_0'.
18:19:42 INFO  : 'configparams force-mem-access 0' command is executed.
18:19:42 INFO  : ----------------XSDB Script----------------
connect -url tcp:127.0.0.1:3121
targets -set -nocase -filter {name =~"APU*"}
rst -system
after 3000
targets -set -filter {jtag_cable_name =~ "Digilent Zybo Z7 210351B3FC88A" && level==0 && jtag_device_ctx=="jsn-Zybo Z7-210351B3FC88A-13722093-0"}
fpga -file C:/Users/gusta/OneDrive/Documents/universidad/4to/1r/SEP/Proyectos/pr2/SEPmonG3/SEPmon_SW/_ide/bitstream/SEPmon.bit
targets -set -nocase -filter {name =~"APU*"}
loadhw -hw C:/Users/gusta/OneDrive/Documents/universidad/4to/1r/SEP/Proyectos/pr2/SEPmonG3/SEPmonG3/export/SEPmonG3/hw/SEPmon.xsa -mem-ranges [list {0x40000000 0xbfffffff}] -regs
configparams force-mem-access 1
targets -set -nocase -filter {name =~"APU*"}
source C:/Users/gusta/OneDrive/Documents/universidad/4to/1r/SEP/Proyectos/pr2/SEPmonG3/SEPmon_SW/_ide/psinit/ps7_init.tcl
ps7_init
ps7_post_config
targets -set -nocase -filter {name =~ "*A9*#0"}
dow C:/Users/gusta/OneDrive/Documents/universidad/4to/1r/SEP/Proyectos/pr2/SEPmonG3/SEPmon_SW/Debug/SEPmon_SW.elf
configparams force-mem-access 0
----------------End of Script----------------

18:19:42 INFO  : Context for processor 'ps7_cortexa9_0' is selected.
18:19:43 INFO  : 'con' command is executed.
18:19:43 INFO  : ----------------XSDB Script (After Launch)----------------
targets -set -nocase -filter {name =~ "*A9*#0"}
con
----------------End of Script----------------

18:19:43 INFO  : Launch script is exported to file 'C:\Users\gusta\OneDrive\Documents\universidad\4to\1r\SEP\Proyectos\pr2\SEPmonG3\.sdk\launch_scripts\single_application_debug\debugger_sepmon_sw-default.tcl'
18:24:07 INFO  : Checking for BSP changes to sync application flags for project 'SEPmon_SW'...
18:24:12 INFO  : Disconnected from the channel tcfchan#5.
18:24:13 INFO  : Connected to target on host '127.0.0.1' and port '3121'.
18:24:14 INFO  : Jtag cable 'Digilent Zybo Z7 210351B3FC88A' is selected.
18:24:14 INFO  : 'jtag frequency' command is executed.
18:24:14 INFO  : Context for 'APU' is selected.
18:24:14 INFO  : System reset is completed.
18:24:17 INFO  : 'after 3000' command is executed.
18:24:17 INFO  : 'targets -set -filter {jtag_cable_name =~ "Digilent Zybo Z7 210351B3FC88A" && level==0 && jtag_device_ctx=="jsn-Zybo Z7-210351B3FC88A-13722093-0"}' command is executed.
18:24:18 INFO  : FPGA configured successfully with bitstream "C:/Users/gusta/OneDrive/Documents/universidad/4to/1r/SEP/Proyectos/pr2/SEPmonG3/SEPmon_SW/_ide/bitstream/SEPmon.bit"
18:24:18 INFO  : Context for 'APU' is selected.
18:24:18 INFO  : Hardware design and registers information is loaded from 'C:/Users/gusta/OneDrive/Documents/universidad/4to/1r/SEP/Proyectos/pr2/SEPmonG3/SEPmonG3/export/SEPmonG3/hw/SEPmon.xsa'.
18:24:18 INFO  : 'configparams force-mem-access 1' command is executed.
18:24:18 INFO  : Context for 'APU' is selected.
18:24:18 INFO  : Sourcing of 'C:/Users/gusta/OneDrive/Documents/universidad/4to/1r/SEP/Proyectos/pr2/SEPmonG3/SEPmon_SW/_ide/psinit/ps7_init.tcl' is done.
18:24:18 INFO  : 'ps7_init' command is executed.
18:24:18 INFO  : 'ps7_post_config' command is executed.
18:24:18 INFO  : Context for processor 'ps7_cortexa9_0' is selected.
18:24:19 INFO  : The application 'C:/Users/gusta/OneDrive/Documents/universidad/4to/1r/SEP/Proyectos/pr2/SEPmonG3/SEPmon_SW/Debug/SEPmon_SW.elf' is downloaded to processor 'ps7_cortexa9_0'.
18:24:19 INFO  : 'configparams force-mem-access 0' command is executed.
18:24:19 INFO  : ----------------XSDB Script----------------
connect -url tcp:127.0.0.1:3121
targets -set -nocase -filter {name =~"APU*"}
rst -system
after 3000
targets -set -filter {jtag_cable_name =~ "Digilent Zybo Z7 210351B3FC88A" && level==0 && jtag_device_ctx=="jsn-Zybo Z7-210351B3FC88A-13722093-0"}
fpga -file C:/Users/gusta/OneDrive/Documents/universidad/4to/1r/SEP/Proyectos/pr2/SEPmonG3/SEPmon_SW/_ide/bitstream/SEPmon.bit
targets -set -nocase -filter {name =~"APU*"}
loadhw -hw C:/Users/gusta/OneDrive/Documents/universidad/4to/1r/SEP/Proyectos/pr2/SEPmonG3/SEPmonG3/export/SEPmonG3/hw/SEPmon.xsa -mem-ranges [list {0x40000000 0xbfffffff}] -regs
configparams force-mem-access 1
targets -set -nocase -filter {name =~"APU*"}
source C:/Users/gusta/OneDrive/Documents/universidad/4to/1r/SEP/Proyectos/pr2/SEPmonG3/SEPmon_SW/_ide/psinit/ps7_init.tcl
ps7_init
ps7_post_config
targets -set -nocase -filter {name =~ "*A9*#0"}
dow C:/Users/gusta/OneDrive/Documents/universidad/4to/1r/SEP/Proyectos/pr2/SEPmonG3/SEPmon_SW/Debug/SEPmon_SW.elf
configparams force-mem-access 0
----------------End of Script----------------

18:24:19 INFO  : Context for processor 'ps7_cortexa9_0' is selected.
18:24:19 INFO  : 'con' command is executed.
18:24:19 INFO  : ----------------XSDB Script (After Launch)----------------
targets -set -nocase -filter {name =~ "*A9*#0"}
con
----------------End of Script----------------

18:24:19 INFO  : Launch script is exported to file 'C:\Users\gusta\OneDrive\Documents\universidad\4to\1r\SEP\Proyectos\pr2\SEPmonG3\.sdk\launch_scripts\single_application_debug\debugger_sepmon_sw-default.tcl'
18:25:11 INFO  : Checking for BSP changes to sync application flags for project 'SEPmon_SW'...
18:25:17 INFO  : Disconnected from the channel tcfchan#6.
18:25:18 INFO  : Connected to target on host '127.0.0.1' and port '3121'.
18:25:18 INFO  : Jtag cable 'Digilent Zybo Z7 210351B3FC88A' is selected.
18:25:18 INFO  : 'jtag frequency' command is executed.
18:25:18 INFO  : Context for 'APU' is selected.
18:25:18 INFO  : System reset is completed.
18:25:21 INFO  : 'after 3000' command is executed.
18:25:21 INFO  : 'targets -set -filter {jtag_cable_name =~ "Digilent Zybo Z7 210351B3FC88A" && level==0 && jtag_device_ctx=="jsn-Zybo Z7-210351B3FC88A-13722093-0"}' command is executed.
18:25:22 INFO  : FPGA configured successfully with bitstream "C:/Users/gusta/OneDrive/Documents/universidad/4to/1r/SEP/Proyectos/pr2/SEPmonG3/SEPmon_SW/_ide/bitstream/SEPmon.bit"
18:25:22 INFO  : Context for 'APU' is selected.
18:25:22 INFO  : Hardware design and registers information is loaded from 'C:/Users/gusta/OneDrive/Documents/universidad/4to/1r/SEP/Proyectos/pr2/SEPmonG3/SEPmonG3/export/SEPmonG3/hw/SEPmon.xsa'.
18:25:22 INFO  : 'configparams force-mem-access 1' command is executed.
18:25:22 INFO  : Context for 'APU' is selected.
18:25:22 INFO  : Sourcing of 'C:/Users/gusta/OneDrive/Documents/universidad/4to/1r/SEP/Proyectos/pr2/SEPmonG3/SEPmon_SW/_ide/psinit/ps7_init.tcl' is done.
18:25:23 INFO  : 'ps7_init' command is executed.
18:25:23 INFO  : 'ps7_post_config' command is executed.
18:25:23 INFO  : Context for processor 'ps7_cortexa9_0' is selected.
18:25:23 INFO  : The application 'C:/Users/gusta/OneDrive/Documents/universidad/4to/1r/SEP/Proyectos/pr2/SEPmonG3/SEPmon_SW/Debug/SEPmon_SW.elf' is downloaded to processor 'ps7_cortexa9_0'.
18:25:24 INFO  : 'configparams force-mem-access 0' command is executed.
18:25:24 INFO  : ----------------XSDB Script----------------
connect -url tcp:127.0.0.1:3121
targets -set -nocase -filter {name =~"APU*"}
rst -system
after 3000
targets -set -filter {jtag_cable_name =~ "Digilent Zybo Z7 210351B3FC88A" && level==0 && jtag_device_ctx=="jsn-Zybo Z7-210351B3FC88A-13722093-0"}
fpga -file C:/Users/gusta/OneDrive/Documents/universidad/4to/1r/SEP/Proyectos/pr2/SEPmonG3/SEPmon_SW/_ide/bitstream/SEPmon.bit
targets -set -nocase -filter {name =~"APU*"}
loadhw -hw C:/Users/gusta/OneDrive/Documents/universidad/4to/1r/SEP/Proyectos/pr2/SEPmonG3/SEPmonG3/export/SEPmonG3/hw/SEPmon.xsa -mem-ranges [list {0x40000000 0xbfffffff}] -regs
configparams force-mem-access 1
targets -set -nocase -filter {name =~"APU*"}
source C:/Users/gusta/OneDrive/Documents/universidad/4to/1r/SEP/Proyectos/pr2/SEPmonG3/SEPmon_SW/_ide/psinit/ps7_init.tcl
ps7_init
ps7_post_config
targets -set -nocase -filter {name =~ "*A9*#0"}
dow C:/Users/gusta/OneDrive/Documents/universidad/4to/1r/SEP/Proyectos/pr2/SEPmonG3/SEPmon_SW/Debug/SEPmon_SW.elf
configparams force-mem-access 0
----------------End of Script----------------

18:25:24 INFO  : Context for processor 'ps7_cortexa9_0' is selected.
18:25:24 INFO  : 'con' command is executed.
18:25:24 INFO  : ----------------XSDB Script (After Launch)----------------
targets -set -nocase -filter {name =~ "*A9*#0"}
con
----------------End of Script----------------

18:25:24 INFO  : Launch script is exported to file 'C:\Users\gusta\OneDrive\Documents\universidad\4to\1r\SEP\Proyectos\pr2\SEPmonG3\.sdk\launch_scripts\single_application_debug\debugger_sepmon_sw-default.tcl'
18:26:01 INFO  : Checking for BSP changes to sync application flags for project 'SEPmon_SW'...
18:26:08 INFO  : Disconnected from the channel tcfchan#7.
18:26:09 INFO  : Connected to target on host '127.0.0.1' and port '3121'.
18:26:09 INFO  : Jtag cable 'Digilent Zybo Z7 210351B3FC88A' is selected.
18:26:09 INFO  : 'jtag frequency' command is executed.
18:26:09 INFO  : Context for 'APU' is selected.
18:26:09 INFO  : System reset is completed.
18:26:12 INFO  : 'after 3000' command is executed.
18:26:12 INFO  : 'targets -set -filter {jtag_cable_name =~ "Digilent Zybo Z7 210351B3FC88A" && level==0 && jtag_device_ctx=="jsn-Zybo Z7-210351B3FC88A-13722093-0"}' command is executed.
18:26:13 INFO  : FPGA configured successfully with bitstream "C:/Users/gusta/OneDrive/Documents/universidad/4to/1r/SEP/Proyectos/pr2/SEPmonG3/SEPmon_SW/_ide/bitstream/SEPmon.bit"
18:26:13 INFO  : Context for 'APU' is selected.
18:26:13 INFO  : Hardware design and registers information is loaded from 'C:/Users/gusta/OneDrive/Documents/universidad/4to/1r/SEP/Proyectos/pr2/SEPmonG3/SEPmonG3/export/SEPmonG3/hw/SEPmon.xsa'.
18:26:13 INFO  : 'configparams force-mem-access 1' command is executed.
18:26:13 INFO  : Context for 'APU' is selected.
18:26:13 INFO  : Sourcing of 'C:/Users/gusta/OneDrive/Documents/universidad/4to/1r/SEP/Proyectos/pr2/SEPmonG3/SEPmon_SW/_ide/psinit/ps7_init.tcl' is done.
18:26:14 INFO  : 'ps7_init' command is executed.
18:26:14 INFO  : 'ps7_post_config' command is executed.
18:26:14 INFO  : Context for processor 'ps7_cortexa9_0' is selected.
18:26:15 INFO  : The application 'C:/Users/gusta/OneDrive/Documents/universidad/4to/1r/SEP/Proyectos/pr2/SEPmonG3/SEPmon_SW/Debug/SEPmon_SW.elf' is downloaded to processor 'ps7_cortexa9_0'.
18:26:15 INFO  : 'configparams force-mem-access 0' command is executed.
18:26:15 INFO  : ----------------XSDB Script----------------
connect -url tcp:127.0.0.1:3121
targets -set -nocase -filter {name =~"APU*"}
rst -system
after 3000
targets -set -filter {jtag_cable_name =~ "Digilent Zybo Z7 210351B3FC88A" && level==0 && jtag_device_ctx=="jsn-Zybo Z7-210351B3FC88A-13722093-0"}
fpga -file C:/Users/gusta/OneDrive/Documents/universidad/4to/1r/SEP/Proyectos/pr2/SEPmonG3/SEPmon_SW/_ide/bitstream/SEPmon.bit
targets -set -nocase -filter {name =~"APU*"}
loadhw -hw C:/Users/gusta/OneDrive/Documents/universidad/4to/1r/SEP/Proyectos/pr2/SEPmonG3/SEPmonG3/export/SEPmonG3/hw/SEPmon.xsa -mem-ranges [list {0x40000000 0xbfffffff}] -regs
configparams force-mem-access 1
targets -set -nocase -filter {name =~"APU*"}
source C:/Users/gusta/OneDrive/Documents/universidad/4to/1r/SEP/Proyectos/pr2/SEPmonG3/SEPmon_SW/_ide/psinit/ps7_init.tcl
ps7_init
ps7_post_config
targets -set -nocase -filter {name =~ "*A9*#0"}
dow C:/Users/gusta/OneDrive/Documents/universidad/4to/1r/SEP/Proyectos/pr2/SEPmonG3/SEPmon_SW/Debug/SEPmon_SW.elf
configparams force-mem-access 0
----------------End of Script----------------

18:26:15 INFO  : Context for processor 'ps7_cortexa9_0' is selected.
18:26:15 INFO  : 'con' command is executed.
18:26:15 INFO  : ----------------XSDB Script (After Launch)----------------
targets -set -nocase -filter {name =~ "*A9*#0"}
con
----------------End of Script----------------

18:26:15 INFO  : Launch script is exported to file 'C:\Users\gusta\OneDrive\Documents\universidad\4to\1r\SEP\Proyectos\pr2\SEPmonG3\.sdk\launch_scripts\single_application_debug\debugger_sepmon_sw-default.tcl'
18:29:34 INFO  : Checking for BSP changes to sync application flags for project 'SEPmon_SW'...
18:29:41 INFO  : Disconnected from the channel tcfchan#8.
18:29:42 INFO  : Connected to target on host '127.0.0.1' and port '3121'.
18:29:42 INFO  : Jtag cable 'Digilent Zybo Z7 210351B3FC88A' is selected.
18:29:42 INFO  : 'jtag frequency' command is executed.
18:29:42 INFO  : Context for 'APU' is selected.
18:29:42 INFO  : System reset is completed.
18:29:45 INFO  : 'after 3000' command is executed.
18:29:45 INFO  : 'targets -set -filter {jtag_cable_name =~ "Digilent Zybo Z7 210351B3FC88A" && level==0 && jtag_device_ctx=="jsn-Zybo Z7-210351B3FC88A-13722093-0"}' command is executed.
18:29:46 INFO  : FPGA configured successfully with bitstream "C:/Users/gusta/OneDrive/Documents/universidad/4to/1r/SEP/Proyectos/pr2/SEPmonG3/SEPmon_SW/_ide/bitstream/SEPmon.bit"
18:29:46 INFO  : Context for 'APU' is selected.
18:29:46 INFO  : Hardware design and registers information is loaded from 'C:/Users/gusta/OneDrive/Documents/universidad/4to/1r/SEP/Proyectos/pr2/SEPmonG3/SEPmonG3/export/SEPmonG3/hw/SEPmon.xsa'.
18:29:46 INFO  : 'configparams force-mem-access 1' command is executed.
18:29:46 INFO  : Context for 'APU' is selected.
18:29:46 INFO  : Sourcing of 'C:/Users/gusta/OneDrive/Documents/universidad/4to/1r/SEP/Proyectos/pr2/SEPmonG3/SEPmon_SW/_ide/psinit/ps7_init.tcl' is done.
18:29:47 INFO  : 'ps7_init' command is executed.
18:29:47 INFO  : 'ps7_post_config' command is executed.
18:29:47 INFO  : Context for processor 'ps7_cortexa9_0' is selected.
18:29:47 INFO  : The application 'C:/Users/gusta/OneDrive/Documents/universidad/4to/1r/SEP/Proyectos/pr2/SEPmonG3/SEPmon_SW/Debug/SEPmon_SW.elf' is downloaded to processor 'ps7_cortexa9_0'.
18:29:47 INFO  : 'configparams force-mem-access 0' command is executed.
18:29:47 INFO  : ----------------XSDB Script----------------
connect -url tcp:127.0.0.1:3121
targets -set -nocase -filter {name =~"APU*"}
rst -system
after 3000
targets -set -filter {jtag_cable_name =~ "Digilent Zybo Z7 210351B3FC88A" && level==0 && jtag_device_ctx=="jsn-Zybo Z7-210351B3FC88A-13722093-0"}
fpga -file C:/Users/gusta/OneDrive/Documents/universidad/4to/1r/SEP/Proyectos/pr2/SEPmonG3/SEPmon_SW/_ide/bitstream/SEPmon.bit
targets -set -nocase -filter {name =~"APU*"}
loadhw -hw C:/Users/gusta/OneDrive/Documents/universidad/4to/1r/SEP/Proyectos/pr2/SEPmonG3/SEPmonG3/export/SEPmonG3/hw/SEPmon.xsa -mem-ranges [list {0x40000000 0xbfffffff}] -regs
configparams force-mem-access 1
targets -set -nocase -filter {name =~"APU*"}
source C:/Users/gusta/OneDrive/Documents/universidad/4to/1r/SEP/Proyectos/pr2/SEPmonG3/SEPmon_SW/_ide/psinit/ps7_init.tcl
ps7_init
ps7_post_config
targets -set -nocase -filter {name =~ "*A9*#0"}
dow C:/Users/gusta/OneDrive/Documents/universidad/4to/1r/SEP/Proyectos/pr2/SEPmonG3/SEPmon_SW/Debug/SEPmon_SW.elf
configparams force-mem-access 0
----------------End of Script----------------

18:29:47 INFO  : Context for processor 'ps7_cortexa9_0' is selected.
18:29:47 INFO  : 'con' command is executed.
18:29:47 INFO  : ----------------XSDB Script (After Launch)----------------
targets -set -nocase -filter {name =~ "*A9*#0"}
con
----------------End of Script----------------

18:29:47 INFO  : Launch script is exported to file 'C:\Users\gusta\OneDrive\Documents\universidad\4to\1r\SEP\Proyectos\pr2\SEPmonG3\.sdk\launch_scripts\single_application_debug\debugger_sepmon_sw-default.tcl'
18:32:11 INFO  : Checking for BSP changes to sync application flags for project 'SEPmon_SW'...
18:32:18 INFO  : Disconnected from the channel tcfchan#9.
18:32:19 INFO  : Connected to target on host '127.0.0.1' and port '3121'.
18:32:19 INFO  : Jtag cable 'Digilent Zybo Z7 210351B3FC88A' is selected.
18:32:19 INFO  : 'jtag frequency' command is executed.
18:32:19 INFO  : Context for 'APU' is selected.
18:32:19 INFO  : System reset is completed.
18:32:22 INFO  : 'after 3000' command is executed.
18:32:22 INFO  : 'targets -set -filter {jtag_cable_name =~ "Digilent Zybo Z7 210351B3FC88A" && level==0 && jtag_device_ctx=="jsn-Zybo Z7-210351B3FC88A-13722093-0"}' command is executed.
18:32:23 INFO  : FPGA configured successfully with bitstream "C:/Users/gusta/OneDrive/Documents/universidad/4to/1r/SEP/Proyectos/pr2/SEPmonG3/SEPmon_SW/_ide/bitstream/SEPmon.bit"
18:32:23 INFO  : Context for 'APU' is selected.
18:32:23 INFO  : Hardware design and registers information is loaded from 'C:/Users/gusta/OneDrive/Documents/universidad/4to/1r/SEP/Proyectos/pr2/SEPmonG3/SEPmonG3/export/SEPmonG3/hw/SEPmon.xsa'.
18:32:23 INFO  : 'configparams force-mem-access 1' command is executed.
18:32:23 INFO  : Context for 'APU' is selected.
18:32:23 INFO  : Sourcing of 'C:/Users/gusta/OneDrive/Documents/universidad/4to/1r/SEP/Proyectos/pr2/SEPmonG3/SEPmon_SW/_ide/psinit/ps7_init.tcl' is done.
18:32:24 INFO  : 'ps7_init' command is executed.
18:32:24 INFO  : 'ps7_post_config' command is executed.
18:32:24 INFO  : Context for processor 'ps7_cortexa9_0' is selected.
18:32:24 INFO  : The application 'C:/Users/gusta/OneDrive/Documents/universidad/4to/1r/SEP/Proyectos/pr2/SEPmonG3/SEPmon_SW/Debug/SEPmon_SW.elf' is downloaded to processor 'ps7_cortexa9_0'.
18:32:24 INFO  : 'configparams force-mem-access 0' command is executed.
18:32:24 INFO  : ----------------XSDB Script----------------
connect -url tcp:127.0.0.1:3121
targets -set -nocase -filter {name =~"APU*"}
rst -system
after 3000
targets -set -filter {jtag_cable_name =~ "Digilent Zybo Z7 210351B3FC88A" && level==0 && jtag_device_ctx=="jsn-Zybo Z7-210351B3FC88A-13722093-0"}
fpga -file C:/Users/gusta/OneDrive/Documents/universidad/4to/1r/SEP/Proyectos/pr2/SEPmonG3/SEPmon_SW/_ide/bitstream/SEPmon.bit
targets -set -nocase -filter {name =~"APU*"}
loadhw -hw C:/Users/gusta/OneDrive/Documents/universidad/4to/1r/SEP/Proyectos/pr2/SEPmonG3/SEPmonG3/export/SEPmonG3/hw/SEPmon.xsa -mem-ranges [list {0x40000000 0xbfffffff}] -regs
configparams force-mem-access 1
targets -set -nocase -filter {name =~"APU*"}
source C:/Users/gusta/OneDrive/Documents/universidad/4to/1r/SEP/Proyectos/pr2/SEPmonG3/SEPmon_SW/_ide/psinit/ps7_init.tcl
ps7_init
ps7_post_config
targets -set -nocase -filter {name =~ "*A9*#0"}
dow C:/Users/gusta/OneDrive/Documents/universidad/4to/1r/SEP/Proyectos/pr2/SEPmonG3/SEPmon_SW/Debug/SEPmon_SW.elf
configparams force-mem-access 0
----------------End of Script----------------

18:32:24 INFO  : Context for processor 'ps7_cortexa9_0' is selected.
18:32:24 INFO  : 'con' command is executed.
18:32:24 INFO  : ----------------XSDB Script (After Launch)----------------
targets -set -nocase -filter {name =~ "*A9*#0"}
con
----------------End of Script----------------

18:32:24 INFO  : Launch script is exported to file 'C:\Users\gusta\OneDrive\Documents\universidad\4to\1r\SEP\Proyectos\pr2\SEPmonG3\.sdk\launch_scripts\single_application_debug\debugger_sepmon_sw-default.tcl'
18:35:26 INFO  : Checking for BSP changes to sync application flags for project 'SEPmon_SW'...
18:35:31 INFO  : Disconnected from the channel tcfchan#10.
18:35:32 INFO  : Connected to target on host '127.0.0.1' and port '3121'.
18:35:32 INFO  : Jtag cable 'Digilent Zybo Z7 210351B3FC88A' is selected.
18:35:32 INFO  : 'jtag frequency' command is executed.
18:35:32 INFO  : Context for 'APU' is selected.
18:35:32 INFO  : System reset is completed.
18:35:35 INFO  : 'after 3000' command is executed.
18:35:35 INFO  : 'targets -set -filter {jtag_cable_name =~ "Digilent Zybo Z7 210351B3FC88A" && level==0 && jtag_device_ctx=="jsn-Zybo Z7-210351B3FC88A-13722093-0"}' command is executed.
18:35:37 INFO  : FPGA configured successfully with bitstream "C:/Users/gusta/OneDrive/Documents/universidad/4to/1r/SEP/Proyectos/pr2/SEPmonG3/SEPmon_SW/_ide/bitstream/SEPmon.bit"
18:35:37 INFO  : Context for 'APU' is selected.
18:35:37 INFO  : Hardware design and registers information is loaded from 'C:/Users/gusta/OneDrive/Documents/universidad/4to/1r/SEP/Proyectos/pr2/SEPmonG3/SEPmonG3/export/SEPmonG3/hw/SEPmon.xsa'.
18:35:37 INFO  : 'configparams force-mem-access 1' command is executed.
18:35:37 INFO  : Context for 'APU' is selected.
18:35:37 INFO  : Sourcing of 'C:/Users/gusta/OneDrive/Documents/universidad/4to/1r/SEP/Proyectos/pr2/SEPmonG3/SEPmon_SW/_ide/psinit/ps7_init.tcl' is done.
18:35:37 INFO  : 'ps7_init' command is executed.
18:35:37 INFO  : 'ps7_post_config' command is executed.
18:35:37 INFO  : Context for processor 'ps7_cortexa9_0' is selected.
18:35:38 INFO  : The application 'C:/Users/gusta/OneDrive/Documents/universidad/4to/1r/SEP/Proyectos/pr2/SEPmonG3/SEPmon_SW/Debug/SEPmon_SW.elf' is downloaded to processor 'ps7_cortexa9_0'.
18:35:38 INFO  : 'configparams force-mem-access 0' command is executed.
18:35:38 INFO  : ----------------XSDB Script----------------
connect -url tcp:127.0.0.1:3121
targets -set -nocase -filter {name =~"APU*"}
rst -system
after 3000
targets -set -filter {jtag_cable_name =~ "Digilent Zybo Z7 210351B3FC88A" && level==0 && jtag_device_ctx=="jsn-Zybo Z7-210351B3FC88A-13722093-0"}
fpga -file C:/Users/gusta/OneDrive/Documents/universidad/4to/1r/SEP/Proyectos/pr2/SEPmonG3/SEPmon_SW/_ide/bitstream/SEPmon.bit
targets -set -nocase -filter {name =~"APU*"}
loadhw -hw C:/Users/gusta/OneDrive/Documents/universidad/4to/1r/SEP/Proyectos/pr2/SEPmonG3/SEPmonG3/export/SEPmonG3/hw/SEPmon.xsa -mem-ranges [list {0x40000000 0xbfffffff}] -regs
configparams force-mem-access 1
targets -set -nocase -filter {name =~"APU*"}
source C:/Users/gusta/OneDrive/Documents/universidad/4to/1r/SEP/Proyectos/pr2/SEPmonG3/SEPmon_SW/_ide/psinit/ps7_init.tcl
ps7_init
ps7_post_config
targets -set -nocase -filter {name =~ "*A9*#0"}
dow C:/Users/gusta/OneDrive/Documents/universidad/4to/1r/SEP/Proyectos/pr2/SEPmonG3/SEPmon_SW/Debug/SEPmon_SW.elf
configparams force-mem-access 0
----------------End of Script----------------

18:35:38 INFO  : Context for processor 'ps7_cortexa9_0' is selected.
18:35:38 INFO  : 'con' command is executed.
18:35:38 INFO  : ----------------XSDB Script (After Launch)----------------
targets -set -nocase -filter {name =~ "*A9*#0"}
con
----------------End of Script----------------

18:35:38 INFO  : Launch script is exported to file 'C:\Users\gusta\OneDrive\Documents\universidad\4to\1r\SEP\Proyectos\pr2\SEPmonG3\.sdk\launch_scripts\single_application_debug\debugger_sepmon_sw-default.tcl'
18:37:56 INFO  : Checking for BSP changes to sync application flags for project 'SEPmon_SW'...
18:45:29 INFO  : Checking for BSP changes to sync application flags for project 'SEPmon_SW'...
19:05:07 INFO  : Checking for BSP changes to sync application flags for project 'SEPmon_SW'...
19:06:25 INFO  : Checking for BSP changes to sync application flags for project 'SEPmon_SW'...
19:06:32 INFO  : Disconnected from the channel tcfchan#11.
19:06:33 INFO  : Connected to target on host '127.0.0.1' and port '3121'.
19:06:33 INFO  : Jtag cable 'Digilent Zybo Z7 210351B3FC88A' is selected.
19:06:33 INFO  : 'jtag frequency' command is executed.
19:06:33 INFO  : Context for 'APU' is selected.
19:06:33 INFO  : System reset is completed.
19:06:36 INFO  : 'after 3000' command is executed.
19:06:36 INFO  : 'targets -set -filter {jtag_cable_name =~ "Digilent Zybo Z7 210351B3FC88A" && level==0 && jtag_device_ctx=="jsn-Zybo Z7-210351B3FC88A-13722093-0"}' command is executed.
19:06:37 INFO  : FPGA configured successfully with bitstream "C:/Users/gusta/OneDrive/Documents/universidad/4to/1r/SEP/Proyectos/pr2/SEPmonG3/SEPmon_SW/_ide/bitstream/SEPmon.bit"
19:06:37 INFO  : Context for 'APU' is selected.
19:06:37 INFO  : Hardware design and registers information is loaded from 'C:/Users/gusta/OneDrive/Documents/universidad/4to/1r/SEP/Proyectos/pr2/SEPmonG3/SEPmonG3/export/SEPmonG3/hw/SEPmon.xsa'.
19:06:37 INFO  : 'configparams force-mem-access 1' command is executed.
19:06:37 INFO  : Context for 'APU' is selected.
19:06:37 INFO  : Sourcing of 'C:/Users/gusta/OneDrive/Documents/universidad/4to/1r/SEP/Proyectos/pr2/SEPmonG3/SEPmon_SW/_ide/psinit/ps7_init.tcl' is done.
19:06:38 INFO  : 'ps7_init' command is executed.
19:06:38 INFO  : 'ps7_post_config' command is executed.
19:06:38 INFO  : Context for processor 'ps7_cortexa9_0' is selected.
19:06:38 INFO  : The application 'C:/Users/gusta/OneDrive/Documents/universidad/4to/1r/SEP/Proyectos/pr2/SEPmonG3/SEPmon_SW/Debug/SEPmon_SW.elf' is downloaded to processor 'ps7_cortexa9_0'.
19:06:39 INFO  : 'configparams force-mem-access 0' command is executed.
19:06:39 INFO  : ----------------XSDB Script----------------
connect -url tcp:127.0.0.1:3121
targets -set -nocase -filter {name =~"APU*"}
rst -system
after 3000
targets -set -filter {jtag_cable_name =~ "Digilent Zybo Z7 210351B3FC88A" && level==0 && jtag_device_ctx=="jsn-Zybo Z7-210351B3FC88A-13722093-0"}
fpga -file C:/Users/gusta/OneDrive/Documents/universidad/4to/1r/SEP/Proyectos/pr2/SEPmonG3/SEPmon_SW/_ide/bitstream/SEPmon.bit
targets -set -nocase -filter {name =~"APU*"}
loadhw -hw C:/Users/gusta/OneDrive/Documents/universidad/4to/1r/SEP/Proyectos/pr2/SEPmonG3/SEPmonG3/export/SEPmonG3/hw/SEPmon.xsa -mem-ranges [list {0x40000000 0xbfffffff}] -regs
configparams force-mem-access 1
targets -set -nocase -filter {name =~"APU*"}
source C:/Users/gusta/OneDrive/Documents/universidad/4to/1r/SEP/Proyectos/pr2/SEPmonG3/SEPmon_SW/_ide/psinit/ps7_init.tcl
ps7_init
ps7_post_config
targets -set -nocase -filter {name =~ "*A9*#0"}
dow C:/Users/gusta/OneDrive/Documents/universidad/4to/1r/SEP/Proyectos/pr2/SEPmonG3/SEPmon_SW/Debug/SEPmon_SW.elf
configparams force-mem-access 0
----------------End of Script----------------

19:06:39 INFO  : Context for processor 'ps7_cortexa9_0' is selected.
19:06:39 INFO  : 'con' command is executed.
19:06:39 INFO  : ----------------XSDB Script (After Launch)----------------
targets -set -nocase -filter {name =~ "*A9*#0"}
con
----------------End of Script----------------

19:06:39 INFO  : Launch script is exported to file 'C:\Users\gusta\OneDrive\Documents\universidad\4to\1r\SEP\Proyectos\pr2\SEPmonG3\.sdk\launch_scripts\single_application_debug\debugger_sepmon_sw-default.tcl'
19:08:27 INFO  : Checking for BSP changes to sync application flags for project 'SEPmon_SW'...
19:09:04 INFO  : Disconnected from the channel tcfchan#12.
19:09:05 INFO  : Connected to target on host '127.0.0.1' and port '3121'.
19:09:05 INFO  : Jtag cable 'Digilent Zybo Z7 210351B3FC88A' is selected.
19:09:05 INFO  : 'jtag frequency' command is executed.
19:09:05 INFO  : Context for 'APU' is selected.
19:09:05 INFO  : System reset is completed.
19:09:08 INFO  : 'after 3000' command is executed.
19:09:08 INFO  : 'targets -set -filter {jtag_cable_name =~ "Digilent Zybo Z7 210351B3FC88A" && level==0 && jtag_device_ctx=="jsn-Zybo Z7-210351B3FC88A-13722093-0"}' command is executed.
19:09:09 INFO  : FPGA configured successfully with bitstream "C:/Users/gusta/OneDrive/Documents/universidad/4to/1r/SEP/Proyectos/pr2/SEPmonG3/SEPmon_SW/_ide/bitstream/SEPmon.bit"
19:09:09 INFO  : Context for 'APU' is selected.
19:09:09 INFO  : Hardware design and registers information is loaded from 'C:/Users/gusta/OneDrive/Documents/universidad/4to/1r/SEP/Proyectos/pr2/SEPmonG3/SEPmonG3/export/SEPmonG3/hw/SEPmon.xsa'.
19:09:09 INFO  : 'configparams force-mem-access 1' command is executed.
19:09:09 INFO  : Context for 'APU' is selected.
19:09:09 INFO  : Sourcing of 'C:/Users/gusta/OneDrive/Documents/universidad/4to/1r/SEP/Proyectos/pr2/SEPmonG3/SEPmon_SW/_ide/psinit/ps7_init.tcl' is done.
19:09:10 INFO  : 'ps7_init' command is executed.
19:09:10 INFO  : 'ps7_post_config' command is executed.
19:09:10 INFO  : Context for processor 'ps7_cortexa9_0' is selected.
19:09:11 INFO  : The application 'C:/Users/gusta/OneDrive/Documents/universidad/4to/1r/SEP/Proyectos/pr2/SEPmonG3/SEPmon_SW/Debug/SEPmon_SW.elf' is downloaded to processor 'ps7_cortexa9_0'.
19:09:11 INFO  : 'configparams force-mem-access 0' command is executed.
19:09:11 INFO  : ----------------XSDB Script----------------
connect -url tcp:127.0.0.1:3121
targets -set -nocase -filter {name =~"APU*"}
rst -system
after 3000
targets -set -filter {jtag_cable_name =~ "Digilent Zybo Z7 210351B3FC88A" && level==0 && jtag_device_ctx=="jsn-Zybo Z7-210351B3FC88A-13722093-0"}
fpga -file C:/Users/gusta/OneDrive/Documents/universidad/4to/1r/SEP/Proyectos/pr2/SEPmonG3/SEPmon_SW/_ide/bitstream/SEPmon.bit
targets -set -nocase -filter {name =~"APU*"}
loadhw -hw C:/Users/gusta/OneDrive/Documents/universidad/4to/1r/SEP/Proyectos/pr2/SEPmonG3/SEPmonG3/export/SEPmonG3/hw/SEPmon.xsa -mem-ranges [list {0x40000000 0xbfffffff}] -regs
configparams force-mem-access 1
targets -set -nocase -filter {name =~"APU*"}
source C:/Users/gusta/OneDrive/Documents/universidad/4to/1r/SEP/Proyectos/pr2/SEPmonG3/SEPmon_SW/_ide/psinit/ps7_init.tcl
ps7_init
ps7_post_config
targets -set -nocase -filter {name =~ "*A9*#0"}
dow C:/Users/gusta/OneDrive/Documents/universidad/4to/1r/SEP/Proyectos/pr2/SEPmonG3/SEPmon_SW/Debug/SEPmon_SW.elf
configparams force-mem-access 0
----------------End of Script----------------

19:09:11 INFO  : Context for processor 'ps7_cortexa9_0' is selected.
19:09:11 INFO  : 'con' command is executed.
19:09:11 INFO  : ----------------XSDB Script (After Launch)----------------
targets -set -nocase -filter {name =~ "*A9*#0"}
con
----------------End of Script----------------

19:09:11 INFO  : Launch script is exported to file 'C:\Users\gusta\OneDrive\Documents\universidad\4to\1r\SEP\Proyectos\pr2\SEPmonG3\.sdk\launch_scripts\single_application_debug\debugger_sepmon_sw-default.tcl'
19:10:25 INFO  : Checking for BSP changes to sync application flags for project 'SEPmon_SW'...
19:10:30 INFO  : Disconnected from the channel tcfchan#13.
19:10:31 INFO  : Connected to target on host '127.0.0.1' and port '3121'.
19:10:31 INFO  : Jtag cable 'Digilent Zybo Z7 210351B3FC88A' is selected.
19:10:31 INFO  : 'jtag frequency' command is executed.
19:10:31 INFO  : Context for 'APU' is selected.
19:10:31 INFO  : System reset is completed.
19:10:34 INFO  : 'after 3000' command is executed.
19:10:34 INFO  : 'targets -set -filter {jtag_cable_name =~ "Digilent Zybo Z7 210351B3FC88A" && level==0 && jtag_device_ctx=="jsn-Zybo Z7-210351B3FC88A-13722093-0"}' command is executed.
19:10:36 INFO  : FPGA configured successfully with bitstream "C:/Users/gusta/OneDrive/Documents/universidad/4to/1r/SEP/Proyectos/pr2/SEPmonG3/SEPmon_SW/_ide/bitstream/SEPmon.bit"
19:10:36 INFO  : Context for 'APU' is selected.
19:10:36 INFO  : Hardware design and registers information is loaded from 'C:/Users/gusta/OneDrive/Documents/universidad/4to/1r/SEP/Proyectos/pr2/SEPmonG3/SEPmonG3/export/SEPmonG3/hw/SEPmon.xsa'.
19:10:36 INFO  : 'configparams force-mem-access 1' command is executed.
19:10:36 INFO  : Context for 'APU' is selected.
19:10:36 INFO  : Sourcing of 'C:/Users/gusta/OneDrive/Documents/universidad/4to/1r/SEP/Proyectos/pr2/SEPmonG3/SEPmon_SW/_ide/psinit/ps7_init.tcl' is done.
19:10:36 INFO  : 'ps7_init' command is executed.
19:10:36 INFO  : 'ps7_post_config' command is executed.
19:10:36 INFO  : Context for processor 'ps7_cortexa9_0' is selected.
19:10:37 INFO  : The application 'C:/Users/gusta/OneDrive/Documents/universidad/4to/1r/SEP/Proyectos/pr2/SEPmonG3/SEPmon_SW/Debug/SEPmon_SW.elf' is downloaded to processor 'ps7_cortexa9_0'.
19:10:37 INFO  : 'configparams force-mem-access 0' command is executed.
19:10:37 INFO  : ----------------XSDB Script----------------
connect -url tcp:127.0.0.1:3121
targets -set -nocase -filter {name =~"APU*"}
rst -system
after 3000
targets -set -filter {jtag_cable_name =~ "Digilent Zybo Z7 210351B3FC88A" && level==0 && jtag_device_ctx=="jsn-Zybo Z7-210351B3FC88A-13722093-0"}
fpga -file C:/Users/gusta/OneDrive/Documents/universidad/4to/1r/SEP/Proyectos/pr2/SEPmonG3/SEPmon_SW/_ide/bitstream/SEPmon.bit
targets -set -nocase -filter {name =~"APU*"}
loadhw -hw C:/Users/gusta/OneDrive/Documents/universidad/4to/1r/SEP/Proyectos/pr2/SEPmonG3/SEPmonG3/export/SEPmonG3/hw/SEPmon.xsa -mem-ranges [list {0x40000000 0xbfffffff}] -regs
configparams force-mem-access 1
targets -set -nocase -filter {name =~"APU*"}
source C:/Users/gusta/OneDrive/Documents/universidad/4to/1r/SEP/Proyectos/pr2/SEPmonG3/SEPmon_SW/_ide/psinit/ps7_init.tcl
ps7_init
ps7_post_config
targets -set -nocase -filter {name =~ "*A9*#0"}
dow C:/Users/gusta/OneDrive/Documents/universidad/4to/1r/SEP/Proyectos/pr2/SEPmonG3/SEPmon_SW/Debug/SEPmon_SW.elf
configparams force-mem-access 0
----------------End of Script----------------

19:10:37 INFO  : Context for processor 'ps7_cortexa9_0' is selected.
19:10:37 INFO  : 'con' command is executed.
19:10:37 INFO  : ----------------XSDB Script (After Launch)----------------
targets -set -nocase -filter {name =~ "*A9*#0"}
con
----------------End of Script----------------

19:10:37 INFO  : Launch script is exported to file 'C:\Users\gusta\OneDrive\Documents\universidad\4to\1r\SEP\Proyectos\pr2\SEPmonG3\.sdk\launch_scripts\single_application_debug\debugger_sepmon_sw-default.tcl'
19:28:50 INFO  : Checking for BSP changes to sync application flags for project 'SEPmon_SW'...
19:29:13 INFO  : Checking for BSP changes to sync application flags for project 'SEPmon_SW'...
19:29:41 INFO  : Disconnected from the channel tcfchan#14.
19:29:42 INFO  : Connected to target on host '127.0.0.1' and port '3121'.
19:29:49 INFO  : Jtag cable 'Digilent Zybo Z7 210351B3FC88A' is selected.
19:29:49 INFO  : 'jtag frequency' command is executed.
19:29:49 INFO  : Context for 'APU' is selected.
19:29:49 INFO  : System reset is completed.
19:29:52 INFO  : 'after 3000' command is executed.
19:29:52 INFO  : 'targets -set -filter {jtag_cable_name =~ "Digilent Zybo Z7 210351B3FC88A" && level==0 && jtag_device_ctx=="jsn-Zybo Z7-210351B3FC88A-13722093-0"}' command is executed.
19:29:53 INFO  : FPGA configured successfully with bitstream "C:/Users/gusta/OneDrive/Documents/universidad/4to/1r/SEP/Proyectos/pr2/SEPmonG3/SEPmon_SW/_ide/bitstream/SEPmon.bit"
19:29:53 INFO  : Context for 'APU' is selected.
19:29:53 INFO  : Hardware design and registers information is loaded from 'C:/Users/gusta/OneDrive/Documents/universidad/4to/1r/SEP/Proyectos/pr2/SEPmonG3/SEPmonG3/export/SEPmonG3/hw/SEPmon.xsa'.
19:29:53 INFO  : 'configparams force-mem-access 1' command is executed.
19:29:53 INFO  : Context for 'APU' is selected.
19:29:53 INFO  : Sourcing of 'C:/Users/gusta/OneDrive/Documents/universidad/4to/1r/SEP/Proyectos/pr2/SEPmonG3/SEPmon_SW/_ide/psinit/ps7_init.tcl' is done.
19:29:54 INFO  : 'ps7_init' command is executed.
19:29:54 INFO  : 'ps7_post_config' command is executed.
19:29:54 INFO  : Context for processor 'ps7_cortexa9_0' is selected.
19:29:56 INFO  : The application 'C:/Users/gusta/OneDrive/Documents/universidad/4to/1r/SEP/Proyectos/pr2/SEPmonG3/SEPmon_SW/Debug/SEPmon_SW.elf' is downloaded to processor 'ps7_cortexa9_0'.
19:29:56 INFO  : 'configparams force-mem-access 0' command is executed.
19:29:56 INFO  : ----------------XSDB Script----------------
connect -url tcp:127.0.0.1:3121
targets -set -nocase -filter {name =~"APU*"}
rst -system
after 3000
targets -set -filter {jtag_cable_name =~ "Digilent Zybo Z7 210351B3FC88A" && level==0 && jtag_device_ctx=="jsn-Zybo Z7-210351B3FC88A-13722093-0"}
fpga -file C:/Users/gusta/OneDrive/Documents/universidad/4to/1r/SEP/Proyectos/pr2/SEPmonG3/SEPmon_SW/_ide/bitstream/SEPmon.bit
targets -set -nocase -filter {name =~"APU*"}
loadhw -hw C:/Users/gusta/OneDrive/Documents/universidad/4to/1r/SEP/Proyectos/pr2/SEPmonG3/SEPmonG3/export/SEPmonG3/hw/SEPmon.xsa -mem-ranges [list {0x40000000 0xbfffffff}] -regs
configparams force-mem-access 1
targets -set -nocase -filter {name =~"APU*"}
source C:/Users/gusta/OneDrive/Documents/universidad/4to/1r/SEP/Proyectos/pr2/SEPmonG3/SEPmon_SW/_ide/psinit/ps7_init.tcl
ps7_init
ps7_post_config
targets -set -nocase -filter {name =~ "*A9*#0"}
dow C:/Users/gusta/OneDrive/Documents/universidad/4to/1r/SEP/Proyectos/pr2/SEPmonG3/SEPmon_SW/Debug/SEPmon_SW.elf
configparams force-mem-access 0
----------------End of Script----------------

19:29:56 INFO  : Context for processor 'ps7_cortexa9_0' is selected.
19:29:56 INFO  : 'con' command is executed.
19:29:56 INFO  : ----------------XSDB Script (After Launch)----------------
targets -set -nocase -filter {name =~ "*A9*#0"}
con
----------------End of Script----------------

19:29:56 INFO  : Launch script is exported to file 'C:\Users\gusta\OneDrive\Documents\universidad\4to\1r\SEP\Proyectos\pr2\SEPmonG3\.sdk\launch_scripts\single_application_debug\debugger_sepmon_sw-default.tcl'
19:31:02 INFO  : Disconnected from the channel tcfchan#15.
19:31:03 INFO  : Connected to target on host '127.0.0.1' and port '3121'.
19:31:04 INFO  : Jtag cable 'Digilent Zybo Z7 210351B3FC88A' is selected.
19:31:04 INFO  : 'jtag frequency' command is executed.
19:31:04 INFO  : Context for 'APU' is selected.
19:31:04 INFO  : System reset is completed.
19:31:07 INFO  : 'after 3000' command is executed.
19:31:07 INFO  : 'targets -set -filter {jtag_cable_name =~ "Digilent Zybo Z7 210351B3FC88A" && level==0 && jtag_device_ctx=="jsn-Zybo Z7-210351B3FC88A-13722093-0"}' command is executed.
19:31:08 INFO  : FPGA configured successfully with bitstream "C:/Users/gusta/OneDrive/Documents/universidad/4to/1r/SEP/Proyectos/pr2/SEPmonG3/SEPmon_SW/_ide/bitstream/SEPmon.bit"
19:31:08 INFO  : Context for 'APU' is selected.
19:31:08 INFO  : Hardware design and registers information is loaded from 'C:/Users/gusta/OneDrive/Documents/universidad/4to/1r/SEP/Proyectos/pr2/SEPmonG3/SEPmonG3/export/SEPmonG3/hw/SEPmon.xsa'.
19:31:08 INFO  : 'configparams force-mem-access 1' command is executed.
19:31:08 INFO  : Context for 'APU' is selected.
19:31:08 INFO  : Sourcing of 'C:/Users/gusta/OneDrive/Documents/universidad/4to/1r/SEP/Proyectos/pr2/SEPmonG3/SEPmon_SW/_ide/psinit/ps7_init.tcl' is done.
19:31:08 INFO  : 'ps7_init' command is executed.
19:31:08 INFO  : 'ps7_post_config' command is executed.
19:31:09 INFO  : Context for processor 'ps7_cortexa9_0' is selected.
19:31:10 INFO  : The application 'C:/Users/gusta/OneDrive/Documents/universidad/4to/1r/SEP/Proyectos/pr2/SEPmonG3/SEPmon_SW/Debug/SEPmon_SW.elf' is downloaded to processor 'ps7_cortexa9_0'.
19:31:10 INFO  : 'configparams force-mem-access 0' command is executed.
19:31:10 INFO  : ----------------XSDB Script----------------
connect -url tcp:127.0.0.1:3121
targets -set -nocase -filter {name =~"APU*"}
rst -system
after 3000
targets -set -filter {jtag_cable_name =~ "Digilent Zybo Z7 210351B3FC88A" && level==0 && jtag_device_ctx=="jsn-Zybo Z7-210351B3FC88A-13722093-0"}
fpga -file C:/Users/gusta/OneDrive/Documents/universidad/4to/1r/SEP/Proyectos/pr2/SEPmonG3/SEPmon_SW/_ide/bitstream/SEPmon.bit
targets -set -nocase -filter {name =~"APU*"}
loadhw -hw C:/Users/gusta/OneDrive/Documents/universidad/4to/1r/SEP/Proyectos/pr2/SEPmonG3/SEPmonG3/export/SEPmonG3/hw/SEPmon.xsa -mem-ranges [list {0x40000000 0xbfffffff}] -regs
configparams force-mem-access 1
targets -set -nocase -filter {name =~"APU*"}
source C:/Users/gusta/OneDrive/Documents/universidad/4to/1r/SEP/Proyectos/pr2/SEPmonG3/SEPmon_SW/_ide/psinit/ps7_init.tcl
ps7_init
ps7_post_config
targets -set -nocase -filter {name =~ "*A9*#0"}
dow C:/Users/gusta/OneDrive/Documents/universidad/4to/1r/SEP/Proyectos/pr2/SEPmonG3/SEPmon_SW/Debug/SEPmon_SW.elf
configparams force-mem-access 0
----------------End of Script----------------

19:31:10 INFO  : Context for processor 'ps7_cortexa9_0' is selected.
19:31:10 INFO  : 'con' command is executed.
19:31:10 INFO  : ----------------XSDB Script (After Launch)----------------
targets -set -nocase -filter {name =~ "*A9*#0"}
con
----------------End of Script----------------

19:31:10 INFO  : Launch script is exported to file 'C:\Users\gusta\OneDrive\Documents\universidad\4to\1r\SEP\Proyectos\pr2\SEPmonG3\.sdk\launch_scripts\single_application_debug\debugger_sepmon_sw-default.tcl'
19:33:49 INFO  : Checking for BSP changes to sync application flags for project 'SEPmon_SW'...
19:34:10 INFO  : Disconnected from the channel tcfchan#16.
19:34:11 INFO  : Connected to target on host '127.0.0.1' and port '3121'.
19:34:11 INFO  : Jtag cable 'Digilent Zybo Z7 210351B3FC88A' is selected.
19:34:11 INFO  : 'jtag frequency' command is executed.
19:34:12 INFO  : Context for 'APU' is selected.
19:34:12 INFO  : System reset is completed.
19:34:15 INFO  : 'after 3000' command is executed.
19:34:15 INFO  : 'targets -set -filter {jtag_cable_name =~ "Digilent Zybo Z7 210351B3FC88A" && level==0 && jtag_device_ctx=="jsn-Zybo Z7-210351B3FC88A-13722093-0"}' command is executed.
19:34:16 INFO  : FPGA configured successfully with bitstream "C:/Users/gusta/OneDrive/Documents/universidad/4to/1r/SEP/Proyectos/pr2/SEPmonG3/SEPmon_SW/_ide/bitstream/SEPmon.bit"
19:34:16 INFO  : Context for 'APU' is selected.
19:34:16 INFO  : Hardware design and registers information is loaded from 'C:/Users/gusta/OneDrive/Documents/universidad/4to/1r/SEP/Proyectos/pr2/SEPmonG3/SEPmonG3/export/SEPmonG3/hw/SEPmon.xsa'.
19:34:16 INFO  : 'configparams force-mem-access 1' command is executed.
19:34:16 INFO  : Context for 'APU' is selected.
19:34:16 INFO  : Sourcing of 'C:/Users/gusta/OneDrive/Documents/universidad/4to/1r/SEP/Proyectos/pr2/SEPmonG3/SEPmon_SW/_ide/psinit/ps7_init.tcl' is done.
19:34:16 INFO  : 'ps7_init' command is executed.
19:34:16 INFO  : 'ps7_post_config' command is executed.
19:34:16 INFO  : Context for processor 'ps7_cortexa9_0' is selected.
19:34:18 INFO  : The application 'C:/Users/gusta/OneDrive/Documents/universidad/4to/1r/SEP/Proyectos/pr2/SEPmonG3/SEPmon_SW/Debug/SEPmon_SW.elf' is downloaded to processor 'ps7_cortexa9_0'.
19:34:18 INFO  : 'configparams force-mem-access 0' command is executed.
19:34:18 INFO  : ----------------XSDB Script----------------
connect -url tcp:127.0.0.1:3121
targets -set -nocase -filter {name =~"APU*"}
rst -system
after 3000
targets -set -filter {jtag_cable_name =~ "Digilent Zybo Z7 210351B3FC88A" && level==0 && jtag_device_ctx=="jsn-Zybo Z7-210351B3FC88A-13722093-0"}
fpga -file C:/Users/gusta/OneDrive/Documents/universidad/4to/1r/SEP/Proyectos/pr2/SEPmonG3/SEPmon_SW/_ide/bitstream/SEPmon.bit
targets -set -nocase -filter {name =~"APU*"}
loadhw -hw C:/Users/gusta/OneDrive/Documents/universidad/4to/1r/SEP/Proyectos/pr2/SEPmonG3/SEPmonG3/export/SEPmonG3/hw/SEPmon.xsa -mem-ranges [list {0x40000000 0xbfffffff}] -regs
configparams force-mem-access 1
targets -set -nocase -filter {name =~"APU*"}
source C:/Users/gusta/OneDrive/Documents/universidad/4to/1r/SEP/Proyectos/pr2/SEPmonG3/SEPmon_SW/_ide/psinit/ps7_init.tcl
ps7_init
ps7_post_config
targets -set -nocase -filter {name =~ "*A9*#0"}
dow C:/Users/gusta/OneDrive/Documents/universidad/4to/1r/SEP/Proyectos/pr2/SEPmonG3/SEPmon_SW/Debug/SEPmon_SW.elf
configparams force-mem-access 0
----------------End of Script----------------

19:34:18 INFO  : Context for processor 'ps7_cortexa9_0' is selected.
19:34:18 INFO  : 'con' command is executed.
19:34:18 INFO  : ----------------XSDB Script (After Launch)----------------
targets -set -nocase -filter {name =~ "*A9*#0"}
con
----------------End of Script----------------

19:34:18 INFO  : Launch script is exported to file 'C:\Users\gusta\OneDrive\Documents\universidad\4to\1r\SEP\Proyectos\pr2\SEPmonG3\.sdk\launch_scripts\single_application_debug\debugger_sepmon_sw-default.tcl'
19:36:42 INFO  : Checking for BSP changes to sync application flags for project 'SEPmon_SW'...
19:36:49 INFO  : Disconnected from the channel tcfchan#17.
19:36:50 INFO  : Connected to target on host '127.0.0.1' and port '3121'.
19:36:50 INFO  : Jtag cable 'Digilent Zybo Z7 210351B3FC88A' is selected.
19:36:50 INFO  : 'jtag frequency' command is executed.
19:36:50 INFO  : Context for 'APU' is selected.
19:36:50 INFO  : System reset is completed.
19:36:53 INFO  : 'after 3000' command is executed.
19:36:53 INFO  : 'targets -set -filter {jtag_cable_name =~ "Digilent Zybo Z7 210351B3FC88A" && level==0 && jtag_device_ctx=="jsn-Zybo Z7-210351B3FC88A-13722093-0"}' command is executed.
19:36:54 INFO  : FPGA configured successfully with bitstream "C:/Users/gusta/OneDrive/Documents/universidad/4to/1r/SEP/Proyectos/pr2/SEPmonG3/SEPmon_SW/_ide/bitstream/SEPmon.bit"
19:36:54 INFO  : Context for 'APU' is selected.
19:36:54 INFO  : Hardware design and registers information is loaded from 'C:/Users/gusta/OneDrive/Documents/universidad/4to/1r/SEP/Proyectos/pr2/SEPmonG3/SEPmonG3/export/SEPmonG3/hw/SEPmon.xsa'.
19:36:54 INFO  : 'configparams force-mem-access 1' command is executed.
19:36:54 INFO  : Context for 'APU' is selected.
19:36:54 INFO  : Sourcing of 'C:/Users/gusta/OneDrive/Documents/universidad/4to/1r/SEP/Proyectos/pr2/SEPmonG3/SEPmon_SW/_ide/psinit/ps7_init.tcl' is done.
19:36:55 INFO  : 'ps7_init' command is executed.
19:36:55 INFO  : 'ps7_post_config' command is executed.
19:36:55 INFO  : Context for processor 'ps7_cortexa9_0' is selected.
19:36:56 INFO  : The application 'C:/Users/gusta/OneDrive/Documents/universidad/4to/1r/SEP/Proyectos/pr2/SEPmonG3/SEPmon_SW/Debug/SEPmon_SW.elf' is downloaded to processor 'ps7_cortexa9_0'.
19:36:56 INFO  : 'configparams force-mem-access 0' command is executed.
19:36:56 INFO  : ----------------XSDB Script----------------
connect -url tcp:127.0.0.1:3121
targets -set -nocase -filter {name =~"APU*"}
rst -system
after 3000
targets -set -filter {jtag_cable_name =~ "Digilent Zybo Z7 210351B3FC88A" && level==0 && jtag_device_ctx=="jsn-Zybo Z7-210351B3FC88A-13722093-0"}
fpga -file C:/Users/gusta/OneDrive/Documents/universidad/4to/1r/SEP/Proyectos/pr2/SEPmonG3/SEPmon_SW/_ide/bitstream/SEPmon.bit
targets -set -nocase -filter {name =~"APU*"}
loadhw -hw C:/Users/gusta/OneDrive/Documents/universidad/4to/1r/SEP/Proyectos/pr2/SEPmonG3/SEPmonG3/export/SEPmonG3/hw/SEPmon.xsa -mem-ranges [list {0x40000000 0xbfffffff}] -regs
configparams force-mem-access 1
targets -set -nocase -filter {name =~"APU*"}
source C:/Users/gusta/OneDrive/Documents/universidad/4to/1r/SEP/Proyectos/pr2/SEPmonG3/SEPmon_SW/_ide/psinit/ps7_init.tcl
ps7_init
ps7_post_config
targets -set -nocase -filter {name =~ "*A9*#0"}
dow C:/Users/gusta/OneDrive/Documents/universidad/4to/1r/SEP/Proyectos/pr2/SEPmonG3/SEPmon_SW/Debug/SEPmon_SW.elf
configparams force-mem-access 0
----------------End of Script----------------

19:36:56 INFO  : Context for processor 'ps7_cortexa9_0' is selected.
19:36:56 INFO  : 'con' command is executed.
19:36:56 INFO  : ----------------XSDB Script (After Launch)----------------
targets -set -nocase -filter {name =~ "*A9*#0"}
con
----------------End of Script----------------

19:36:56 INFO  : Launch script is exported to file 'C:\Users\gusta\OneDrive\Documents\universidad\4to\1r\SEP\Proyectos\pr2\SEPmonG3\.sdk\launch_scripts\single_application_debug\debugger_sepmon_sw-default.tcl'
19:39:42 INFO  : Checking for BSP changes to sync application flags for project 'SEPmon_SW'...
19:39:54 INFO  : Disconnected from the channel tcfchan#18.
19:39:55 INFO  : Connected to target on host '127.0.0.1' and port '3121'.
19:39:55 INFO  : Jtag cable 'Digilent Zybo Z7 210351B3FC88A' is selected.
19:39:55 INFO  : 'jtag frequency' command is executed.
19:39:55 INFO  : Context for 'APU' is selected.
19:39:55 INFO  : System reset is completed.
19:39:58 INFO  : 'after 3000' command is executed.
19:39:58 INFO  : 'targets -set -filter {jtag_cable_name =~ "Digilent Zybo Z7 210351B3FC88A" && level==0 && jtag_device_ctx=="jsn-Zybo Z7-210351B3FC88A-13722093-0"}' command is executed.
19:40:00 INFO  : FPGA configured successfully with bitstream "C:/Users/gusta/OneDrive/Documents/universidad/4to/1r/SEP/Proyectos/pr2/SEPmonG3/SEPmon_SW/_ide/bitstream/SEPmon.bit"
19:40:00 INFO  : Context for 'APU' is selected.
19:40:00 INFO  : Hardware design and registers information is loaded from 'C:/Users/gusta/OneDrive/Documents/universidad/4to/1r/SEP/Proyectos/pr2/SEPmonG3/SEPmonG3/export/SEPmonG3/hw/SEPmon.xsa'.
19:40:00 INFO  : 'configparams force-mem-access 1' command is executed.
19:40:00 INFO  : Context for 'APU' is selected.
19:40:00 INFO  : Sourcing of 'C:/Users/gusta/OneDrive/Documents/universidad/4to/1r/SEP/Proyectos/pr2/SEPmonG3/SEPmon_SW/_ide/psinit/ps7_init.tcl' is done.
19:40:00 INFO  : 'ps7_init' command is executed.
19:40:00 INFO  : 'ps7_post_config' command is executed.
19:40:00 INFO  : Context for processor 'ps7_cortexa9_0' is selected.
19:40:02 INFO  : The application 'C:/Users/gusta/OneDrive/Documents/universidad/4to/1r/SEP/Proyectos/pr2/SEPmonG3/SEPmon_SW/Debug/SEPmon_SW.elf' is downloaded to processor 'ps7_cortexa9_0'.
19:40:02 INFO  : 'configparams force-mem-access 0' command is executed.
19:40:02 INFO  : ----------------XSDB Script----------------
connect -url tcp:127.0.0.1:3121
targets -set -nocase -filter {name =~"APU*"}
rst -system
after 3000
targets -set -filter {jtag_cable_name =~ "Digilent Zybo Z7 210351B3FC88A" && level==0 && jtag_device_ctx=="jsn-Zybo Z7-210351B3FC88A-13722093-0"}
fpga -file C:/Users/gusta/OneDrive/Documents/universidad/4to/1r/SEP/Proyectos/pr2/SEPmonG3/SEPmon_SW/_ide/bitstream/SEPmon.bit
targets -set -nocase -filter {name =~"APU*"}
loadhw -hw C:/Users/gusta/OneDrive/Documents/universidad/4to/1r/SEP/Proyectos/pr2/SEPmonG3/SEPmonG3/export/SEPmonG3/hw/SEPmon.xsa -mem-ranges [list {0x40000000 0xbfffffff}] -regs
configparams force-mem-access 1
targets -set -nocase -filter {name =~"APU*"}
source C:/Users/gusta/OneDrive/Documents/universidad/4to/1r/SEP/Proyectos/pr2/SEPmonG3/SEPmon_SW/_ide/psinit/ps7_init.tcl
ps7_init
ps7_post_config
targets -set -nocase -filter {name =~ "*A9*#0"}
dow C:/Users/gusta/OneDrive/Documents/universidad/4to/1r/SEP/Proyectos/pr2/SEPmonG3/SEPmon_SW/Debug/SEPmon_SW.elf
configparams force-mem-access 0
----------------End of Script----------------

19:40:02 INFO  : Context for processor 'ps7_cortexa9_0' is selected.
19:40:02 INFO  : 'con' command is executed.
19:40:02 INFO  : ----------------XSDB Script (After Launch)----------------
targets -set -nocase -filter {name =~ "*A9*#0"}
con
----------------End of Script----------------

19:40:02 INFO  : Launch script is exported to file 'C:\Users\gusta\OneDrive\Documents\universidad\4to\1r\SEP\Proyectos\pr2\SEPmonG3\.sdk\launch_scripts\single_application_debug\debugger_sepmon_sw-default.tcl'
19:41:21 INFO  : Checking for BSP changes to sync application flags for project 'SEPmon_SW'...
19:41:27 INFO  : Disconnected from the channel tcfchan#19.
19:41:28 INFO  : Connected to target on host '127.0.0.1' and port '3121'.
19:41:28 INFO  : Jtag cable 'Digilent Zybo Z7 210351B3FC88A' is selected.
19:41:28 INFO  : 'jtag frequency' command is executed.
19:41:28 INFO  : Context for 'APU' is selected.
19:41:28 INFO  : System reset is completed.
19:41:31 INFO  : 'after 3000' command is executed.
19:41:31 INFO  : 'targets -set -filter {jtag_cable_name =~ "Digilent Zybo Z7 210351B3FC88A" && level==0 && jtag_device_ctx=="jsn-Zybo Z7-210351B3FC88A-13722093-0"}' command is executed.
19:41:33 INFO  : FPGA configured successfully with bitstream "C:/Users/gusta/OneDrive/Documents/universidad/4to/1r/SEP/Proyectos/pr2/SEPmonG3/SEPmon_SW/_ide/bitstream/SEPmon.bit"
19:41:33 INFO  : Context for 'APU' is selected.
19:41:33 INFO  : Hardware design and registers information is loaded from 'C:/Users/gusta/OneDrive/Documents/universidad/4to/1r/SEP/Proyectos/pr2/SEPmonG3/SEPmonG3/export/SEPmonG3/hw/SEPmon.xsa'.
19:41:33 INFO  : 'configparams force-mem-access 1' command is executed.
19:41:33 INFO  : Context for 'APU' is selected.
19:41:33 INFO  : Sourcing of 'C:/Users/gusta/OneDrive/Documents/universidad/4to/1r/SEP/Proyectos/pr2/SEPmonG3/SEPmon_SW/_ide/psinit/ps7_init.tcl' is done.
19:41:33 INFO  : 'ps7_init' command is executed.
19:41:33 INFO  : 'ps7_post_config' command is executed.
19:41:33 INFO  : Context for processor 'ps7_cortexa9_0' is selected.
19:41:35 INFO  : The application 'C:/Users/gusta/OneDrive/Documents/universidad/4to/1r/SEP/Proyectos/pr2/SEPmonG3/SEPmon_SW/Debug/SEPmon_SW.elf' is downloaded to processor 'ps7_cortexa9_0'.
19:41:35 INFO  : 'configparams force-mem-access 0' command is executed.
19:41:35 INFO  : ----------------XSDB Script----------------
connect -url tcp:127.0.0.1:3121
targets -set -nocase -filter {name =~"APU*"}
rst -system
after 3000
targets -set -filter {jtag_cable_name =~ "Digilent Zybo Z7 210351B3FC88A" && level==0 && jtag_device_ctx=="jsn-Zybo Z7-210351B3FC88A-13722093-0"}
fpga -file C:/Users/gusta/OneDrive/Documents/universidad/4to/1r/SEP/Proyectos/pr2/SEPmonG3/SEPmon_SW/_ide/bitstream/SEPmon.bit
targets -set -nocase -filter {name =~"APU*"}
loadhw -hw C:/Users/gusta/OneDrive/Documents/universidad/4to/1r/SEP/Proyectos/pr2/SEPmonG3/SEPmonG3/export/SEPmonG3/hw/SEPmon.xsa -mem-ranges [list {0x40000000 0xbfffffff}] -regs
configparams force-mem-access 1
targets -set -nocase -filter {name =~"APU*"}
source C:/Users/gusta/OneDrive/Documents/universidad/4to/1r/SEP/Proyectos/pr2/SEPmonG3/SEPmon_SW/_ide/psinit/ps7_init.tcl
ps7_init
ps7_post_config
targets -set -nocase -filter {name =~ "*A9*#0"}
dow C:/Users/gusta/OneDrive/Documents/universidad/4to/1r/SEP/Proyectos/pr2/SEPmonG3/SEPmon_SW/Debug/SEPmon_SW.elf
configparams force-mem-access 0
----------------End of Script----------------

19:41:35 INFO  : Context for processor 'ps7_cortexa9_0' is selected.
19:41:35 INFO  : 'con' command is executed.
19:41:35 INFO  : ----------------XSDB Script (After Launch)----------------
targets -set -nocase -filter {name =~ "*A9*#0"}
con
----------------End of Script----------------

19:41:35 INFO  : Launch script is exported to file 'C:\Users\gusta\OneDrive\Documents\universidad\4to\1r\SEP\Proyectos\pr2\SEPmonG3\.sdk\launch_scripts\single_application_debug\debugger_sepmon_sw-default.tcl'
20:06:03 INFO  : Checking for BSP changes to sync application flags for project 'SEPmon_SW'...
20:06:22 INFO  : Disconnected from the channel tcfchan#20.
20:06:23 INFO  : Connected to target on host '127.0.0.1' and port '3121'.
20:06:23 INFO  : Jtag cable 'Digilent Zybo Z7 210351B3FC88A' is selected.
20:06:23 INFO  : 'jtag frequency' command is executed.
20:06:23 INFO  : Context for 'APU' is selected.
20:06:23 INFO  : System reset is completed.
20:06:26 INFO  : 'after 3000' command is executed.
20:06:26 INFO  : 'targets -set -filter {jtag_cable_name =~ "Digilent Zybo Z7 210351B3FC88A" && level==0 && jtag_device_ctx=="jsn-Zybo Z7-210351B3FC88A-13722093-0"}' command is executed.
20:06:28 INFO  : FPGA configured successfully with bitstream "C:/Users/gusta/OneDrive/Documents/universidad/4to/1r/SEP/Proyectos/pr2/SEPmonG3/SEPmon_SW/_ide/bitstream/SEPmon.bit"
20:06:28 INFO  : Context for 'APU' is selected.
20:06:28 INFO  : Hardware design and registers information is loaded from 'C:/Users/gusta/OneDrive/Documents/universidad/4to/1r/SEP/Proyectos/pr2/SEPmonG3/SEPmonG3/export/SEPmonG3/hw/SEPmon.xsa'.
20:06:28 INFO  : 'configparams force-mem-access 1' command is executed.
20:06:28 INFO  : Context for 'APU' is selected.
20:06:28 INFO  : Sourcing of 'C:/Users/gusta/OneDrive/Documents/universidad/4to/1r/SEP/Proyectos/pr2/SEPmonG3/SEPmon_SW/_ide/psinit/ps7_init.tcl' is done.
20:06:28 INFO  : 'ps7_init' command is executed.
20:06:28 INFO  : 'ps7_post_config' command is executed.
20:06:28 INFO  : Context for processor 'ps7_cortexa9_0' is selected.
20:06:30 INFO  : The application 'C:/Users/gusta/OneDrive/Documents/universidad/4to/1r/SEP/Proyectos/pr2/SEPmonG3/SEPmon_SW/Debug/SEPmon_SW.elf' is downloaded to processor 'ps7_cortexa9_0'.
20:06:30 INFO  : 'configparams force-mem-access 0' command is executed.
20:06:30 INFO  : ----------------XSDB Script----------------
connect -url tcp:127.0.0.1:3121
targets -set -nocase -filter {name =~"APU*"}
rst -system
after 3000
targets -set -filter {jtag_cable_name =~ "Digilent Zybo Z7 210351B3FC88A" && level==0 && jtag_device_ctx=="jsn-Zybo Z7-210351B3FC88A-13722093-0"}
fpga -file C:/Users/gusta/OneDrive/Documents/universidad/4to/1r/SEP/Proyectos/pr2/SEPmonG3/SEPmon_SW/_ide/bitstream/SEPmon.bit
targets -set -nocase -filter {name =~"APU*"}
loadhw -hw C:/Users/gusta/OneDrive/Documents/universidad/4to/1r/SEP/Proyectos/pr2/SEPmonG3/SEPmonG3/export/SEPmonG3/hw/SEPmon.xsa -mem-ranges [list {0x40000000 0xbfffffff}] -regs
configparams force-mem-access 1
targets -set -nocase -filter {name =~"APU*"}
source C:/Users/gusta/OneDrive/Documents/universidad/4to/1r/SEP/Proyectos/pr2/SEPmonG3/SEPmon_SW/_ide/psinit/ps7_init.tcl
ps7_init
ps7_post_config
targets -set -nocase -filter {name =~ "*A9*#0"}
dow C:/Users/gusta/OneDrive/Documents/universidad/4to/1r/SEP/Proyectos/pr2/SEPmonG3/SEPmon_SW/Debug/SEPmon_SW.elf
configparams force-mem-access 0
----------------End of Script----------------

20:06:30 INFO  : Context for processor 'ps7_cortexa9_0' is selected.
20:06:30 INFO  : 'con' command is executed.
20:06:30 INFO  : ----------------XSDB Script (After Launch)----------------
targets -set -nocase -filter {name =~ "*A9*#0"}
con
----------------End of Script----------------

20:06:30 INFO  : Launch script is exported to file 'C:\Users\gusta\OneDrive\Documents\universidad\4to\1r\SEP\Proyectos\pr2\SEPmonG3\.sdk\launch_scripts\single_application_debug\debugger_sepmon_sw-default.tcl'
20:08:42 INFO  : Checking for BSP changes to sync application flags for project 'SEPmon_SW'...
20:08:47 INFO  : Disconnected from the channel tcfchan#21.
20:08:48 INFO  : Connected to target on host '127.0.0.1' and port '3121'.
20:08:48 INFO  : Jtag cable 'Digilent Zybo Z7 210351B3FC88A' is selected.
20:08:48 INFO  : 'jtag frequency' command is executed.
20:08:48 INFO  : Context for 'APU' is selected.
20:08:48 INFO  : System reset is completed.
20:08:51 INFO  : 'after 3000' command is executed.
20:08:51 INFO  : 'targets -set -filter {jtag_cable_name =~ "Digilent Zybo Z7 210351B3FC88A" && level==0 && jtag_device_ctx=="jsn-Zybo Z7-210351B3FC88A-13722093-0"}' command is executed.
20:08:52 INFO  : FPGA configured successfully with bitstream "C:/Users/gusta/OneDrive/Documents/universidad/4to/1r/SEP/Proyectos/pr2/SEPmonG3/SEPmon_SW/_ide/bitstream/SEPmon.bit"
20:08:52 INFO  : Context for 'APU' is selected.
20:08:52 INFO  : Hardware design and registers information is loaded from 'C:/Users/gusta/OneDrive/Documents/universidad/4to/1r/SEP/Proyectos/pr2/SEPmonG3/SEPmonG3/export/SEPmonG3/hw/SEPmon.xsa'.
20:08:52 INFO  : 'configparams force-mem-access 1' command is executed.
20:08:52 INFO  : Context for 'APU' is selected.
20:08:52 INFO  : Sourcing of 'C:/Users/gusta/OneDrive/Documents/universidad/4to/1r/SEP/Proyectos/pr2/SEPmonG3/SEPmon_SW/_ide/psinit/ps7_init.tcl' is done.
20:08:53 INFO  : 'ps7_init' command is executed.
20:08:53 INFO  : 'ps7_post_config' command is executed.
20:08:53 INFO  : Context for processor 'ps7_cortexa9_0' is selected.
20:08:54 INFO  : The application 'C:/Users/gusta/OneDrive/Documents/universidad/4to/1r/SEP/Proyectos/pr2/SEPmonG3/SEPmon_SW/Debug/SEPmon_SW.elf' is downloaded to processor 'ps7_cortexa9_0'.
20:08:54 INFO  : 'configparams force-mem-access 0' command is executed.
20:08:54 INFO  : ----------------XSDB Script----------------
connect -url tcp:127.0.0.1:3121
targets -set -nocase -filter {name =~"APU*"}
rst -system
after 3000
targets -set -filter {jtag_cable_name =~ "Digilent Zybo Z7 210351B3FC88A" && level==0 && jtag_device_ctx=="jsn-Zybo Z7-210351B3FC88A-13722093-0"}
fpga -file C:/Users/gusta/OneDrive/Documents/universidad/4to/1r/SEP/Proyectos/pr2/SEPmonG3/SEPmon_SW/_ide/bitstream/SEPmon.bit
targets -set -nocase -filter {name =~"APU*"}
loadhw -hw C:/Users/gusta/OneDrive/Documents/universidad/4to/1r/SEP/Proyectos/pr2/SEPmonG3/SEPmonG3/export/SEPmonG3/hw/SEPmon.xsa -mem-ranges [list {0x40000000 0xbfffffff}] -regs
configparams force-mem-access 1
targets -set -nocase -filter {name =~"APU*"}
source C:/Users/gusta/OneDrive/Documents/universidad/4to/1r/SEP/Proyectos/pr2/SEPmonG3/SEPmon_SW/_ide/psinit/ps7_init.tcl
ps7_init
ps7_post_config
targets -set -nocase -filter {name =~ "*A9*#0"}
dow C:/Users/gusta/OneDrive/Documents/universidad/4to/1r/SEP/Proyectos/pr2/SEPmonG3/SEPmon_SW/Debug/SEPmon_SW.elf
configparams force-mem-access 0
----------------End of Script----------------

20:08:54 INFO  : Context for processor 'ps7_cortexa9_0' is selected.
20:08:54 INFO  : 'con' command is executed.
20:08:54 INFO  : ----------------XSDB Script (After Launch)----------------
targets -set -nocase -filter {name =~ "*A9*#0"}
con
----------------End of Script----------------

20:08:54 INFO  : Launch script is exported to file 'C:\Users\gusta\OneDrive\Documents\universidad\4to\1r\SEP\Proyectos\pr2\SEPmonG3\.sdk\launch_scripts\single_application_debug\debugger_sepmon_sw-default.tcl'
20:09:41 INFO  : Checking for BSP changes to sync application flags for project 'SEPmon_SW'...
20:09:55 INFO  : Disconnected from the channel tcfchan#22.
20:09:56 INFO  : Connected to target on host '127.0.0.1' and port '3121'.
20:09:56 INFO  : Jtag cable 'Digilent Zybo Z7 210351B3FC88A' is selected.
20:09:56 INFO  : 'jtag frequency' command is executed.
20:09:56 INFO  : Context for 'APU' is selected.
20:09:56 INFO  : System reset is completed.
20:09:59 INFO  : 'after 3000' command is executed.
20:09:59 INFO  : 'targets -set -filter {jtag_cable_name =~ "Digilent Zybo Z7 210351B3FC88A" && level==0 && jtag_device_ctx=="jsn-Zybo Z7-210351B3FC88A-13722093-0"}' command is executed.
20:10:00 INFO  : FPGA configured successfully with bitstream "C:/Users/gusta/OneDrive/Documents/universidad/4to/1r/SEP/Proyectos/pr2/SEPmonG3/SEPmon_SW/_ide/bitstream/SEPmon.bit"
20:10:00 INFO  : Context for 'APU' is selected.
20:10:00 INFO  : Hardware design and registers information is loaded from 'C:/Users/gusta/OneDrive/Documents/universidad/4to/1r/SEP/Proyectos/pr2/SEPmonG3/SEPmonG3/export/SEPmonG3/hw/SEPmon.xsa'.
20:10:00 INFO  : 'configparams force-mem-access 1' command is executed.
20:10:00 INFO  : Context for 'APU' is selected.
20:10:00 INFO  : Sourcing of 'C:/Users/gusta/OneDrive/Documents/universidad/4to/1r/SEP/Proyectos/pr2/SEPmonG3/SEPmon_SW/_ide/psinit/ps7_init.tcl' is done.
20:10:01 INFO  : 'ps7_init' command is executed.
20:10:01 INFO  : 'ps7_post_config' command is executed.
20:10:01 INFO  : Context for processor 'ps7_cortexa9_0' is selected.
20:10:02 INFO  : The application 'C:/Users/gusta/OneDrive/Documents/universidad/4to/1r/SEP/Proyectos/pr2/SEPmonG3/SEPmon_SW/Debug/SEPmon_SW.elf' is downloaded to processor 'ps7_cortexa9_0'.
20:10:02 INFO  : 'configparams force-mem-access 0' command is executed.
20:10:02 INFO  : ----------------XSDB Script----------------
connect -url tcp:127.0.0.1:3121
targets -set -nocase -filter {name =~"APU*"}
rst -system
after 3000
targets -set -filter {jtag_cable_name =~ "Digilent Zybo Z7 210351B3FC88A" && level==0 && jtag_device_ctx=="jsn-Zybo Z7-210351B3FC88A-13722093-0"}
fpga -file C:/Users/gusta/OneDrive/Documents/universidad/4to/1r/SEP/Proyectos/pr2/SEPmonG3/SEPmon_SW/_ide/bitstream/SEPmon.bit
targets -set -nocase -filter {name =~"APU*"}
loadhw -hw C:/Users/gusta/OneDrive/Documents/universidad/4to/1r/SEP/Proyectos/pr2/SEPmonG3/SEPmonG3/export/SEPmonG3/hw/SEPmon.xsa -mem-ranges [list {0x40000000 0xbfffffff}] -regs
configparams force-mem-access 1
targets -set -nocase -filter {name =~"APU*"}
source C:/Users/gusta/OneDrive/Documents/universidad/4to/1r/SEP/Proyectos/pr2/SEPmonG3/SEPmon_SW/_ide/psinit/ps7_init.tcl
ps7_init
ps7_post_config
targets -set -nocase -filter {name =~ "*A9*#0"}
dow C:/Users/gusta/OneDrive/Documents/universidad/4to/1r/SEP/Proyectos/pr2/SEPmonG3/SEPmon_SW/Debug/SEPmon_SW.elf
configparams force-mem-access 0
----------------End of Script----------------

20:10:02 INFO  : Context for processor 'ps7_cortexa9_0' is selected.
20:10:02 INFO  : 'con' command is executed.
20:10:02 INFO  : ----------------XSDB Script (After Launch)----------------
targets -set -nocase -filter {name =~ "*A9*#0"}
con
----------------End of Script----------------

20:10:02 INFO  : Launch script is exported to file 'C:\Users\gusta\OneDrive\Documents\universidad\4to\1r\SEP\Proyectos\pr2\SEPmonG3\.sdk\launch_scripts\single_application_debug\debugger_sepmon_sw-default.tcl'
20:11:17 INFO  : Checking for BSP changes to sync application flags for project 'SEPmon_SW'...
20:11:22 INFO  : Disconnected from the channel tcfchan#23.
20:11:23 INFO  : Connected to target on host '127.0.0.1' and port '3121'.
20:11:23 INFO  : Jtag cable 'Digilent Zybo Z7 210351B3FC88A' is selected.
20:11:23 INFO  : 'jtag frequency' command is executed.
20:11:24 INFO  : Context for 'APU' is selected.
20:11:24 INFO  : System reset is completed.
20:11:27 INFO  : 'after 3000' command is executed.
20:11:27 INFO  : 'targets -set -filter {jtag_cable_name =~ "Digilent Zybo Z7 210351B3FC88A" && level==0 && jtag_device_ctx=="jsn-Zybo Z7-210351B3FC88A-13722093-0"}' command is executed.
20:11:28 INFO  : FPGA configured successfully with bitstream "C:/Users/gusta/OneDrive/Documents/universidad/4to/1r/SEP/Proyectos/pr2/SEPmonG3/SEPmon_SW/_ide/bitstream/SEPmon.bit"
20:11:28 INFO  : Context for 'APU' is selected.
20:11:28 INFO  : Hardware design and registers information is loaded from 'C:/Users/gusta/OneDrive/Documents/universidad/4to/1r/SEP/Proyectos/pr2/SEPmonG3/SEPmonG3/export/SEPmonG3/hw/SEPmon.xsa'.
20:11:28 INFO  : 'configparams force-mem-access 1' command is executed.
20:11:28 INFO  : Context for 'APU' is selected.
20:11:28 INFO  : Sourcing of 'C:/Users/gusta/OneDrive/Documents/universidad/4to/1r/SEP/Proyectos/pr2/SEPmonG3/SEPmon_SW/_ide/psinit/ps7_init.tcl' is done.
20:11:28 INFO  : 'ps7_init' command is executed.
20:11:28 INFO  : 'ps7_post_config' command is executed.
20:11:28 INFO  : Context for processor 'ps7_cortexa9_0' is selected.
20:11:30 INFO  : The application 'C:/Users/gusta/OneDrive/Documents/universidad/4to/1r/SEP/Proyectos/pr2/SEPmonG3/SEPmon_SW/Debug/SEPmon_SW.elf' is downloaded to processor 'ps7_cortexa9_0'.
20:11:30 INFO  : 'configparams force-mem-access 0' command is executed.
20:11:30 INFO  : ----------------XSDB Script----------------
connect -url tcp:127.0.0.1:3121
targets -set -nocase -filter {name =~"APU*"}
rst -system
after 3000
targets -set -filter {jtag_cable_name =~ "Digilent Zybo Z7 210351B3FC88A" && level==0 && jtag_device_ctx=="jsn-Zybo Z7-210351B3FC88A-13722093-0"}
fpga -file C:/Users/gusta/OneDrive/Documents/universidad/4to/1r/SEP/Proyectos/pr2/SEPmonG3/SEPmon_SW/_ide/bitstream/SEPmon.bit
targets -set -nocase -filter {name =~"APU*"}
loadhw -hw C:/Users/gusta/OneDrive/Documents/universidad/4to/1r/SEP/Proyectos/pr2/SEPmonG3/SEPmonG3/export/SEPmonG3/hw/SEPmon.xsa -mem-ranges [list {0x40000000 0xbfffffff}] -regs
configparams force-mem-access 1
targets -set -nocase -filter {name =~"APU*"}
source C:/Users/gusta/OneDrive/Documents/universidad/4to/1r/SEP/Proyectos/pr2/SEPmonG3/SEPmon_SW/_ide/psinit/ps7_init.tcl
ps7_init
ps7_post_config
targets -set -nocase -filter {name =~ "*A9*#0"}
dow C:/Users/gusta/OneDrive/Documents/universidad/4to/1r/SEP/Proyectos/pr2/SEPmonG3/SEPmon_SW/Debug/SEPmon_SW.elf
configparams force-mem-access 0
----------------End of Script----------------

20:11:30 INFO  : Context for processor 'ps7_cortexa9_0' is selected.
20:11:30 INFO  : 'con' command is executed.
20:11:30 INFO  : ----------------XSDB Script (After Launch)----------------
targets -set -nocase -filter {name =~ "*A9*#0"}
con
----------------End of Script----------------

20:11:30 INFO  : Launch script is exported to file 'C:\Users\gusta\OneDrive\Documents\universidad\4to\1r\SEP\Proyectos\pr2\SEPmonG3\.sdk\launch_scripts\single_application_debug\debugger_sepmon_sw-default.tcl'
20:12:39 INFO  : Checking for BSP changes to sync application flags for project 'SEPmon_SW'...
20:12:46 INFO  : Disconnected from the channel tcfchan#24.
20:12:47 INFO  : Connected to target on host '127.0.0.1' and port '3121'.
20:12:47 INFO  : Jtag cable 'Digilent Zybo Z7 210351B3FC88A' is selected.
20:12:47 INFO  : 'jtag frequency' command is executed.
20:12:47 INFO  : Context for 'APU' is selected.
20:12:47 INFO  : System reset is completed.
20:12:50 INFO  : 'after 3000' command is executed.
20:12:50 INFO  : 'targets -set -filter {jtag_cable_name =~ "Digilent Zybo Z7 210351B3FC88A" && level==0 && jtag_device_ctx=="jsn-Zybo Z7-210351B3FC88A-13722093-0"}' command is executed.
20:12:51 INFO  : FPGA configured successfully with bitstream "C:/Users/gusta/OneDrive/Documents/universidad/4to/1r/SEP/Proyectos/pr2/SEPmonG3/SEPmon_SW/_ide/bitstream/SEPmon.bit"
20:12:51 INFO  : Context for 'APU' is selected.
20:12:51 INFO  : Hardware design and registers information is loaded from 'C:/Users/gusta/OneDrive/Documents/universidad/4to/1r/SEP/Proyectos/pr2/SEPmonG3/SEPmonG3/export/SEPmonG3/hw/SEPmon.xsa'.
20:12:51 INFO  : 'configparams force-mem-access 1' command is executed.
20:12:51 INFO  : Context for 'APU' is selected.
20:12:51 INFO  : Sourcing of 'C:/Users/gusta/OneDrive/Documents/universidad/4to/1r/SEP/Proyectos/pr2/SEPmonG3/SEPmon_SW/_ide/psinit/ps7_init.tcl' is done.
20:12:52 INFO  : 'ps7_init' command is executed.
20:12:52 INFO  : 'ps7_post_config' command is executed.
20:12:52 INFO  : Context for processor 'ps7_cortexa9_0' is selected.
20:12:53 INFO  : The application 'C:/Users/gusta/OneDrive/Documents/universidad/4to/1r/SEP/Proyectos/pr2/SEPmonG3/SEPmon_SW/Debug/SEPmon_SW.elf' is downloaded to processor 'ps7_cortexa9_0'.
20:12:53 INFO  : 'configparams force-mem-access 0' command is executed.
20:12:53 INFO  : ----------------XSDB Script----------------
connect -url tcp:127.0.0.1:3121
targets -set -nocase -filter {name =~"APU*"}
rst -system
after 3000
targets -set -filter {jtag_cable_name =~ "Digilent Zybo Z7 210351B3FC88A" && level==0 && jtag_device_ctx=="jsn-Zybo Z7-210351B3FC88A-13722093-0"}
fpga -file C:/Users/gusta/OneDrive/Documents/universidad/4to/1r/SEP/Proyectos/pr2/SEPmonG3/SEPmon_SW/_ide/bitstream/SEPmon.bit
targets -set -nocase -filter {name =~"APU*"}
loadhw -hw C:/Users/gusta/OneDrive/Documents/universidad/4to/1r/SEP/Proyectos/pr2/SEPmonG3/SEPmonG3/export/SEPmonG3/hw/SEPmon.xsa -mem-ranges [list {0x40000000 0xbfffffff}] -regs
configparams force-mem-access 1
targets -set -nocase -filter {name =~"APU*"}
source C:/Users/gusta/OneDrive/Documents/universidad/4to/1r/SEP/Proyectos/pr2/SEPmonG3/SEPmon_SW/_ide/psinit/ps7_init.tcl
ps7_init
ps7_post_config
targets -set -nocase -filter {name =~ "*A9*#0"}
dow C:/Users/gusta/OneDrive/Documents/universidad/4to/1r/SEP/Proyectos/pr2/SEPmonG3/SEPmon_SW/Debug/SEPmon_SW.elf
configparams force-mem-access 0
----------------End of Script----------------

20:12:53 INFO  : Context for processor 'ps7_cortexa9_0' is selected.
20:12:53 INFO  : 'con' command is executed.
20:12:53 INFO  : ----------------XSDB Script (After Launch)----------------
targets -set -nocase -filter {name =~ "*A9*#0"}
con
----------------End of Script----------------

20:12:53 INFO  : Launch script is exported to file 'C:\Users\gusta\OneDrive\Documents\universidad\4to\1r\SEP\Proyectos\pr2\SEPmonG3\.sdk\launch_scripts\single_application_debug\debugger_sepmon_sw-default.tcl'
20:13:23 INFO  : Checking for BSP changes to sync application flags for project 'SEPmon_SW'...
20:13:29 INFO  : Disconnected from the channel tcfchan#25.
20:13:30 INFO  : Connected to target on host '127.0.0.1' and port '3121'.
20:13:30 INFO  : Jtag cable 'Digilent Zybo Z7 210351B3FC88A' is selected.
20:13:30 INFO  : 'jtag frequency' command is executed.
20:13:30 INFO  : Context for 'APU' is selected.
20:13:30 INFO  : System reset is completed.
20:13:33 INFO  : 'after 3000' command is executed.
20:13:33 INFO  : 'targets -set -filter {jtag_cable_name =~ "Digilent Zybo Z7 210351B3FC88A" && level==0 && jtag_device_ctx=="jsn-Zybo Z7-210351B3FC88A-13722093-0"}' command is executed.
20:13:35 INFO  : FPGA configured successfully with bitstream "C:/Users/gusta/OneDrive/Documents/universidad/4to/1r/SEP/Proyectos/pr2/SEPmonG3/SEPmon_SW/_ide/bitstream/SEPmon.bit"
20:13:35 INFO  : Context for 'APU' is selected.
20:13:35 INFO  : Hardware design and registers information is loaded from 'C:/Users/gusta/OneDrive/Documents/universidad/4to/1r/SEP/Proyectos/pr2/SEPmonG3/SEPmonG3/export/SEPmonG3/hw/SEPmon.xsa'.
20:13:35 INFO  : 'configparams force-mem-access 1' command is executed.
20:13:35 INFO  : Context for 'APU' is selected.
20:13:35 INFO  : Sourcing of 'C:/Users/gusta/OneDrive/Documents/universidad/4to/1r/SEP/Proyectos/pr2/SEPmonG3/SEPmon_SW/_ide/psinit/ps7_init.tcl' is done.
20:13:35 INFO  : 'ps7_init' command is executed.
20:13:35 INFO  : 'ps7_post_config' command is executed.
20:13:35 INFO  : Context for processor 'ps7_cortexa9_0' is selected.
20:13:37 INFO  : The application 'C:/Users/gusta/OneDrive/Documents/universidad/4to/1r/SEP/Proyectos/pr2/SEPmonG3/SEPmon_SW/Debug/SEPmon_SW.elf' is downloaded to processor 'ps7_cortexa9_0'.
20:13:37 INFO  : 'configparams force-mem-access 0' command is executed.
20:13:37 INFO  : ----------------XSDB Script----------------
connect -url tcp:127.0.0.1:3121
targets -set -nocase -filter {name =~"APU*"}
rst -system
after 3000
targets -set -filter {jtag_cable_name =~ "Digilent Zybo Z7 210351B3FC88A" && level==0 && jtag_device_ctx=="jsn-Zybo Z7-210351B3FC88A-13722093-0"}
fpga -file C:/Users/gusta/OneDrive/Documents/universidad/4to/1r/SEP/Proyectos/pr2/SEPmonG3/SEPmon_SW/_ide/bitstream/SEPmon.bit
targets -set -nocase -filter {name =~"APU*"}
loadhw -hw C:/Users/gusta/OneDrive/Documents/universidad/4to/1r/SEP/Proyectos/pr2/SEPmonG3/SEPmonG3/export/SEPmonG3/hw/SEPmon.xsa -mem-ranges [list {0x40000000 0xbfffffff}] -regs
configparams force-mem-access 1
targets -set -nocase -filter {name =~"APU*"}
source C:/Users/gusta/OneDrive/Documents/universidad/4to/1r/SEP/Proyectos/pr2/SEPmonG3/SEPmon_SW/_ide/psinit/ps7_init.tcl
ps7_init
ps7_post_config
targets -set -nocase -filter {name =~ "*A9*#0"}
dow C:/Users/gusta/OneDrive/Documents/universidad/4to/1r/SEP/Proyectos/pr2/SEPmonG3/SEPmon_SW/Debug/SEPmon_SW.elf
configparams force-mem-access 0
----------------End of Script----------------

20:13:37 INFO  : Context for processor 'ps7_cortexa9_0' is selected.
20:13:37 INFO  : 'con' command is executed.
20:13:37 INFO  : ----------------XSDB Script (After Launch)----------------
targets -set -nocase -filter {name =~ "*A9*#0"}
con
----------------End of Script----------------

20:13:37 INFO  : Launch script is exported to file 'C:\Users\gusta\OneDrive\Documents\universidad\4to\1r\SEP\Proyectos\pr2\SEPmonG3\.sdk\launch_scripts\single_application_debug\debugger_sepmon_sw-default.tcl'
02:09:18 INFO  : Launching XSCT server: xsct.bat -n  -interactive C:\Users\gusta\OneDrive\Documents\universidad\4to\1r\SEP\Proyectos\pr2\SEPmonG3\temp_xsdb_launch_script.tcl
15:37:30 INFO  : Launching XSCT server: xsct.bat -n  -interactive C:\Users\gusta\OneDrive\Documents\universidad\4to\1r\SEP\Proyectos\pr2\SEPmonG3\temp_xsdb_launch_script.tcl
15:37:32 INFO  : XSCT server has started successfully.
15:37:32 INFO  : Successfully done setting XSCT server connection channel  
15:37:32 INFO  : plnx-install-location is set to ''
15:37:32 INFO  : Successfully done setting workspace for the tool. 
15:37:35 INFO  : Platform repository initialization has completed.
15:37:35 INFO  : Registering command handlers for Vitis TCF services
15:37:35 INFO  : Successfully done query RDI_DATADIR 
15:39:30 INFO  : Result from executing command 'getProjects': SEPmonG3
15:39:30 INFO  : Result from executing command 'getPlatforms': SEPmonG3|C:/Users/gusta/OneDrive/Documents/universidad/4to/1r/SEP/Proyectos/pr2/SEPmonG3/SEPmonG3/export/SEPmonG3/SEPmonG3.xpfm
15:39:30 INFO  : Checking for BSP changes to sync application flags for project 'SEPmon_SW'...
15:41:33 INFO  : Checking for BSP changes to sync application flags for project 'SEPmon_SW'...
15:41:50 INFO  : Connected to target on host '127.0.0.1' and port '3121'.
15:41:50 INFO  : Jtag cable 'Digilent Zybo Z7 210351B3FC88A' is selected.
15:41:50 INFO  : 'jtag frequency' command is executed.
15:41:50 INFO  : Context for 'APU' is selected.
15:41:50 INFO  : System reset is completed.
15:41:53 INFO  : 'after 3000' command is executed.
15:41:54 INFO  : 'targets -set -filter {jtag_cable_name =~ "Digilent Zybo Z7 210351B3FC88A" && level==0 && jtag_device_ctx=="jsn-Zybo Z7-210351B3FC88A-13722093-0"}' command is executed.
15:41:55 INFO  : FPGA configured successfully with bitstream "C:/Users/gusta/OneDrive/Documents/universidad/4to/1r/SEP/Proyectos/pr2/SEPmonG3/SEPmon_SW/_ide/bitstream/SEPmon.bit"
15:41:55 INFO  : Context for 'APU' is selected.
15:41:55 INFO  : Hardware design and registers information is loaded from 'C:/Users/gusta/OneDrive/Documents/universidad/4to/1r/SEP/Proyectos/pr2/SEPmonG3/SEPmonG3/export/SEPmonG3/hw/SEPmon.xsa'.
15:41:55 INFO  : 'configparams force-mem-access 1' command is executed.
15:41:55 INFO  : Context for 'APU' is selected.
15:41:55 INFO  : Sourcing of 'C:/Users/gusta/OneDrive/Documents/universidad/4to/1r/SEP/Proyectos/pr2/SEPmonG3/SEPmon_SW/_ide/psinit/ps7_init.tcl' is done.
15:41:55 INFO  : 'ps7_init' command is executed.
15:41:56 INFO  : 'ps7_post_config' command is executed.
15:41:56 INFO  : Context for processor 'ps7_cortexa9_0' is selected.
15:41:57 INFO  : The application 'C:/Users/gusta/OneDrive/Documents/universidad/4to/1r/SEP/Proyectos/pr2/SEPmonG3/SEPmon_SW/Debug/SEPmon_SW.elf' is downloaded to processor 'ps7_cortexa9_0'.
15:41:57 INFO  : 'configparams force-mem-access 0' command is executed.
15:41:57 INFO  : ----------------XSDB Script----------------
connect -url tcp:127.0.0.1:3121
targets -set -nocase -filter {name =~"APU*"}
rst -system
after 3000
targets -set -filter {jtag_cable_name =~ "Digilent Zybo Z7 210351B3FC88A" && level==0 && jtag_device_ctx=="jsn-Zybo Z7-210351B3FC88A-13722093-0"}
fpga -file C:/Users/gusta/OneDrive/Documents/universidad/4to/1r/SEP/Proyectos/pr2/SEPmonG3/SEPmon_SW/_ide/bitstream/SEPmon.bit
targets -set -nocase -filter {name =~"APU*"}
loadhw -hw C:/Users/gusta/OneDrive/Documents/universidad/4to/1r/SEP/Proyectos/pr2/SEPmonG3/SEPmonG3/export/SEPmonG3/hw/SEPmon.xsa -mem-ranges [list {0x40000000 0xbfffffff}] -regs
configparams force-mem-access 1
targets -set -nocase -filter {name =~"APU*"}
source C:/Users/gusta/OneDrive/Documents/universidad/4to/1r/SEP/Proyectos/pr2/SEPmonG3/SEPmon_SW/_ide/psinit/ps7_init.tcl
ps7_init
ps7_post_config
targets -set -nocase -filter {name =~ "*A9*#0"}
dow C:/Users/gusta/OneDrive/Documents/universidad/4to/1r/SEP/Proyectos/pr2/SEPmonG3/SEPmon_SW/Debug/SEPmon_SW.elf
configparams force-mem-access 0
----------------End of Script----------------

15:41:57 INFO  : Context for processor 'ps7_cortexa9_0' is selected.
15:41:57 INFO  : 'con' command is executed.
15:41:57 INFO  : ----------------XSDB Script (After Launch)----------------
targets -set -nocase -filter {name =~ "*A9*#0"}
con
----------------End of Script----------------

15:41:57 INFO  : Launch script is exported to file 'C:\Users\gusta\OneDrive\Documents\universidad\4to\1r\SEP\Proyectos\pr2\SEPmonG3\.sdk\launch_scripts\single_application_debug\debugger_sepmon_sw-default.tcl'
15:43:23 INFO  : Checking for BSP changes to sync application flags for project 'SEPmon_SW'...
15:43:51 INFO  : Checking for BSP changes to sync application flags for project 'SEPmon_SW'...
15:43:57 INFO  : Disconnected from the channel tcfchan#2.
15:43:58 INFO  : Connected to target on host '127.0.0.1' and port '3121'.
15:44:06 INFO  : Jtag cable 'Digilent Zybo Z7 210351B3FC88A' is selected.
15:44:06 INFO  : 'jtag frequency' command is executed.
15:44:06 INFO  : Context for 'APU' is selected.
15:44:06 INFO  : System reset is completed.
15:44:09 INFO  : 'after 3000' command is executed.
15:44:09 INFO  : 'targets -set -filter {jtag_cable_name =~ "Digilent Zybo Z7 210351B3FC88A" && level==0 && jtag_device_ctx=="jsn-Zybo Z7-210351B3FC88A-13722093-0"}' command is executed.
15:44:10 INFO  : FPGA configured successfully with bitstream "C:/Users/gusta/OneDrive/Documents/universidad/4to/1r/SEP/Proyectos/pr2/SEPmonG3/SEPmon_SW/_ide/bitstream/SEPmon.bit"
15:44:10 INFO  : Context for 'APU' is selected.
15:44:10 INFO  : Hardware design and registers information is loaded from 'C:/Users/gusta/OneDrive/Documents/universidad/4to/1r/SEP/Proyectos/pr2/SEPmonG3/SEPmonG3/export/SEPmonG3/hw/SEPmon.xsa'.
15:44:10 INFO  : 'configparams force-mem-access 1' command is executed.
15:44:10 INFO  : Context for 'APU' is selected.
15:44:10 INFO  : Sourcing of 'C:/Users/gusta/OneDrive/Documents/universidad/4to/1r/SEP/Proyectos/pr2/SEPmonG3/SEPmon_SW/_ide/psinit/ps7_init.tcl' is done.
15:44:11 INFO  : 'ps7_init' command is executed.
15:44:11 INFO  : 'ps7_post_config' command is executed.
15:44:11 INFO  : Context for processor 'ps7_cortexa9_0' is selected.
15:44:13 INFO  : The application 'C:/Users/gusta/OneDrive/Documents/universidad/4to/1r/SEP/Proyectos/pr2/SEPmonG3/SEPmon_SW/Debug/SEPmon_SW.elf' is downloaded to processor 'ps7_cortexa9_0'.
15:44:13 INFO  : 'configparams force-mem-access 0' command is executed.
15:44:13 INFO  : ----------------XSDB Script----------------
connect -url tcp:127.0.0.1:3121
targets -set -nocase -filter {name =~"APU*"}
rst -system
after 3000
targets -set -filter {jtag_cable_name =~ "Digilent Zybo Z7 210351B3FC88A" && level==0 && jtag_device_ctx=="jsn-Zybo Z7-210351B3FC88A-13722093-0"}
fpga -file C:/Users/gusta/OneDrive/Documents/universidad/4to/1r/SEP/Proyectos/pr2/SEPmonG3/SEPmon_SW/_ide/bitstream/SEPmon.bit
targets -set -nocase -filter {name =~"APU*"}
loadhw -hw C:/Users/gusta/OneDrive/Documents/universidad/4to/1r/SEP/Proyectos/pr2/SEPmonG3/SEPmonG3/export/SEPmonG3/hw/SEPmon.xsa -mem-ranges [list {0x40000000 0xbfffffff}] -regs
configparams force-mem-access 1
targets -set -nocase -filter {name =~"APU*"}
source C:/Users/gusta/OneDrive/Documents/universidad/4to/1r/SEP/Proyectos/pr2/SEPmonG3/SEPmon_SW/_ide/psinit/ps7_init.tcl
ps7_init
ps7_post_config
targets -set -nocase -filter {name =~ "*A9*#0"}
dow C:/Users/gusta/OneDrive/Documents/universidad/4to/1r/SEP/Proyectos/pr2/SEPmonG3/SEPmon_SW/Debug/SEPmon_SW.elf
configparams force-mem-access 0
----------------End of Script----------------

15:44:13 INFO  : Context for processor 'ps7_cortexa9_0' is selected.
15:44:13 INFO  : 'con' command is executed.
15:44:13 INFO  : ----------------XSDB Script (After Launch)----------------
targets -set -nocase -filter {name =~ "*A9*#0"}
con
----------------End of Script----------------

15:44:13 INFO  : Launch script is exported to file 'C:\Users\gusta\OneDrive\Documents\universidad\4to\1r\SEP\Proyectos\pr2\SEPmonG3\.sdk\launch_scripts\single_application_debug\debugger_sepmon_sw-default.tcl'
15:46:10 INFO  : Disconnected from the channel tcfchan#3.
15:46:11 INFO  : Connected to target on host '127.0.0.1' and port '3121'.
15:46:11 INFO  : Jtag cable 'Digilent Zybo Z7 210351B3FC88A' is selected.
15:46:11 INFO  : 'jtag frequency' command is executed.
15:46:11 INFO  : Context for 'APU' is selected.
15:46:11 INFO  : System reset is completed.
15:46:14 INFO  : 'after 3000' command is executed.
15:46:14 INFO  : 'targets -set -filter {jtag_cable_name =~ "Digilent Zybo Z7 210351B3FC88A" && level==0 && jtag_device_ctx=="jsn-Zybo Z7-210351B3FC88A-13722093-0"}' command is executed.
15:46:15 INFO  : FPGA configured successfully with bitstream "C:/Users/gusta/OneDrive/Documents/universidad/4to/1r/SEP/Proyectos/pr2/SEPmonG3/SEPmon_SW/_ide/bitstream/SEPmon.bit"
15:46:16 INFO  : Context for 'APU' is selected.
15:46:16 INFO  : Hardware design and registers information is loaded from 'C:/Users/gusta/OneDrive/Documents/universidad/4to/1r/SEP/Proyectos/pr2/SEPmonG3/SEPmonG3/export/SEPmonG3/hw/SEPmon.xsa'.
15:46:16 INFO  : 'configparams force-mem-access 1' command is executed.
15:46:16 INFO  : Context for 'APU' is selected.
15:46:16 INFO  : Sourcing of 'C:/Users/gusta/OneDrive/Documents/universidad/4to/1r/SEP/Proyectos/pr2/SEPmonG3/SEPmon_SW/_ide/psinit/ps7_init.tcl' is done.
15:46:16 INFO  : 'ps7_init' command is executed.
15:46:16 INFO  : 'ps7_post_config' command is executed.
15:46:16 INFO  : Context for processor 'ps7_cortexa9_0' is selected.
15:46:18 INFO  : The application 'C:/Users/gusta/OneDrive/Documents/universidad/4to/1r/SEP/Proyectos/pr2/SEPmonG3/SEPmon_SW/Debug/SEPmon_SW.elf' is downloaded to processor 'ps7_cortexa9_0'.
15:46:18 INFO  : 'configparams force-mem-access 0' command is executed.
15:46:18 INFO  : ----------------XSDB Script----------------
connect -url tcp:127.0.0.1:3121
targets -set -nocase -filter {name =~"APU*"}
rst -system
after 3000
targets -set -filter {jtag_cable_name =~ "Digilent Zybo Z7 210351B3FC88A" && level==0 && jtag_device_ctx=="jsn-Zybo Z7-210351B3FC88A-13722093-0"}
fpga -file C:/Users/gusta/OneDrive/Documents/universidad/4to/1r/SEP/Proyectos/pr2/SEPmonG3/SEPmon_SW/_ide/bitstream/SEPmon.bit
targets -set -nocase -filter {name =~"APU*"}
loadhw -hw C:/Users/gusta/OneDrive/Documents/universidad/4to/1r/SEP/Proyectos/pr2/SEPmonG3/SEPmonG3/export/SEPmonG3/hw/SEPmon.xsa -mem-ranges [list {0x40000000 0xbfffffff}] -regs
configparams force-mem-access 1
targets -set -nocase -filter {name =~"APU*"}
source C:/Users/gusta/OneDrive/Documents/universidad/4to/1r/SEP/Proyectos/pr2/SEPmonG3/SEPmon_SW/_ide/psinit/ps7_init.tcl
ps7_init
ps7_post_config
targets -set -nocase -filter {name =~ "*A9*#0"}
dow C:/Users/gusta/OneDrive/Documents/universidad/4to/1r/SEP/Proyectos/pr2/SEPmonG3/SEPmon_SW/Debug/SEPmon_SW.elf
configparams force-mem-access 0
----------------End of Script----------------

15:46:18 INFO  : Context for processor 'ps7_cortexa9_0' is selected.
15:46:18 INFO  : 'con' command is executed.
15:46:18 INFO  : ----------------XSDB Script (After Launch)----------------
targets -set -nocase -filter {name =~ "*A9*#0"}
con
----------------End of Script----------------

15:46:18 INFO  : Launch script is exported to file 'C:\Users\gusta\OneDrive\Documents\universidad\4to\1r\SEP\Proyectos\pr2\SEPmonG3\.sdk\launch_scripts\single_application_debug\debugger_sepmon_sw-default.tcl'
15:46:49 INFO  : Disconnected from the channel tcfchan#4.
15:46:50 INFO  : Connected to target on host '127.0.0.1' and port '3121'.
15:46:50 INFO  : Jtag cable 'Digilent Zybo Z7 210351B3FC88A' is selected.
15:46:50 INFO  : 'jtag frequency' command is executed.
15:46:50 INFO  : Context for 'APU' is selected.
15:46:50 INFO  : System reset is completed.
15:46:53 INFO  : 'after 3000' command is executed.
15:46:53 INFO  : 'targets -set -filter {jtag_cable_name =~ "Digilent Zybo Z7 210351B3FC88A" && level==0 && jtag_device_ctx=="jsn-Zybo Z7-210351B3FC88A-13722093-0"}' command is executed.
15:46:55 INFO  : FPGA configured successfully with bitstream "C:/Users/gusta/OneDrive/Documents/universidad/4to/1r/SEP/Proyectos/pr2/SEPmonG3/SEPmon_SW/_ide/bitstream/SEPmon.bit"
15:46:55 INFO  : Context for 'APU' is selected.
15:46:55 INFO  : Hardware design and registers information is loaded from 'C:/Users/gusta/OneDrive/Documents/universidad/4to/1r/SEP/Proyectos/pr2/SEPmonG3/SEPmonG3/export/SEPmonG3/hw/SEPmon.xsa'.
15:46:55 INFO  : 'configparams force-mem-access 1' command is executed.
15:46:55 INFO  : Context for 'APU' is selected.
15:46:55 INFO  : Sourcing of 'C:/Users/gusta/OneDrive/Documents/universidad/4to/1r/SEP/Proyectos/pr2/SEPmonG3/SEPmon_SW/_ide/psinit/ps7_init.tcl' is done.
15:46:55 INFO  : 'ps7_init' command is executed.
15:46:55 INFO  : 'ps7_post_config' command is executed.
15:46:55 INFO  : Context for processor 'ps7_cortexa9_0' is selected.
15:46:57 INFO  : The application 'C:/Users/gusta/OneDrive/Documents/universidad/4to/1r/SEP/Proyectos/pr2/SEPmonG3/SEPmon_SW/Debug/SEPmon_SW.elf' is downloaded to processor 'ps7_cortexa9_0'.
15:46:57 INFO  : 'configparams force-mem-access 0' command is executed.
15:46:57 INFO  : ----------------XSDB Script----------------
connect -url tcp:127.0.0.1:3121
targets -set -nocase -filter {name =~"APU*"}
rst -system
after 3000
targets -set -filter {jtag_cable_name =~ "Digilent Zybo Z7 210351B3FC88A" && level==0 && jtag_device_ctx=="jsn-Zybo Z7-210351B3FC88A-13722093-0"}
fpga -file C:/Users/gusta/OneDrive/Documents/universidad/4to/1r/SEP/Proyectos/pr2/SEPmonG3/SEPmon_SW/_ide/bitstream/SEPmon.bit
targets -set -nocase -filter {name =~"APU*"}
loadhw -hw C:/Users/gusta/OneDrive/Documents/universidad/4to/1r/SEP/Proyectos/pr2/SEPmonG3/SEPmonG3/export/SEPmonG3/hw/SEPmon.xsa -mem-ranges [list {0x40000000 0xbfffffff}] -regs
configparams force-mem-access 1
targets -set -nocase -filter {name =~"APU*"}
source C:/Users/gusta/OneDrive/Documents/universidad/4to/1r/SEP/Proyectos/pr2/SEPmonG3/SEPmon_SW/_ide/psinit/ps7_init.tcl
ps7_init
ps7_post_config
targets -set -nocase -filter {name =~ "*A9*#0"}
dow C:/Users/gusta/OneDrive/Documents/universidad/4to/1r/SEP/Proyectos/pr2/SEPmonG3/SEPmon_SW/Debug/SEPmon_SW.elf
configparams force-mem-access 0
----------------End of Script----------------

15:46:57 INFO  : Context for processor 'ps7_cortexa9_0' is selected.
15:46:57 INFO  : 'con' command is executed.
15:46:57 INFO  : ----------------XSDB Script (After Launch)----------------
targets -set -nocase -filter {name =~ "*A9*#0"}
con
----------------End of Script----------------

15:46:57 INFO  : Launch script is exported to file 'C:\Users\gusta\OneDrive\Documents\universidad\4to\1r\SEP\Proyectos\pr2\SEPmonG3\.sdk\launch_scripts\single_application_debug\debugger_sepmon_sw-default.tcl'
15:49:30 INFO  : Checking for BSP changes to sync application flags for project 'SEPmon_SW'...
15:49:36 INFO  : Disconnected from the channel tcfchan#5.
15:49:37 INFO  : Connected to target on host '127.0.0.1' and port '3121'.
15:49:38 INFO  : Jtag cable 'Digilent Zybo Z7 210351B3FC88A' is selected.
15:49:38 INFO  : 'jtag frequency' command is executed.
15:49:38 INFO  : Context for 'APU' is selected.
15:49:38 INFO  : System reset is completed.
15:49:41 INFO  : 'after 3000' command is executed.
15:49:41 INFO  : 'targets -set -filter {jtag_cable_name =~ "Digilent Zybo Z7 210351B3FC88A" && level==0 && jtag_device_ctx=="jsn-Zybo Z7-210351B3FC88A-13722093-0"}' command is executed.
15:49:42 INFO  : FPGA configured successfully with bitstream "C:/Users/gusta/OneDrive/Documents/universidad/4to/1r/SEP/Proyectos/pr2/SEPmonG3/SEPmon_SW/_ide/bitstream/SEPmon.bit"
15:49:42 INFO  : Context for 'APU' is selected.
15:49:42 INFO  : Hardware design and registers information is loaded from 'C:/Users/gusta/OneDrive/Documents/universidad/4to/1r/SEP/Proyectos/pr2/SEPmonG3/SEPmonG3/export/SEPmonG3/hw/SEPmon.xsa'.
15:49:42 INFO  : 'configparams force-mem-access 1' command is executed.
15:49:42 INFO  : Context for 'APU' is selected.
15:49:42 INFO  : Sourcing of 'C:/Users/gusta/OneDrive/Documents/universidad/4to/1r/SEP/Proyectos/pr2/SEPmonG3/SEPmon_SW/_ide/psinit/ps7_init.tcl' is done.
15:49:43 INFO  : 'ps7_init' command is executed.
15:49:43 INFO  : 'ps7_post_config' command is executed.
15:49:43 INFO  : Context for processor 'ps7_cortexa9_0' is selected.
15:49:44 INFO  : The application 'C:/Users/gusta/OneDrive/Documents/universidad/4to/1r/SEP/Proyectos/pr2/SEPmonG3/SEPmon_SW/Debug/SEPmon_SW.elf' is downloaded to processor 'ps7_cortexa9_0'.
15:49:44 INFO  : 'configparams force-mem-access 0' command is executed.
15:49:44 INFO  : ----------------XSDB Script----------------
connect -url tcp:127.0.0.1:3121
targets -set -nocase -filter {name =~"APU*"}
rst -system
after 3000
targets -set -filter {jtag_cable_name =~ "Digilent Zybo Z7 210351B3FC88A" && level==0 && jtag_device_ctx=="jsn-Zybo Z7-210351B3FC88A-13722093-0"}
fpga -file C:/Users/gusta/OneDrive/Documents/universidad/4to/1r/SEP/Proyectos/pr2/SEPmonG3/SEPmon_SW/_ide/bitstream/SEPmon.bit
targets -set -nocase -filter {name =~"APU*"}
loadhw -hw C:/Users/gusta/OneDrive/Documents/universidad/4to/1r/SEP/Proyectos/pr2/SEPmonG3/SEPmonG3/export/SEPmonG3/hw/SEPmon.xsa -mem-ranges [list {0x40000000 0xbfffffff}] -regs
configparams force-mem-access 1
targets -set -nocase -filter {name =~"APU*"}
source C:/Users/gusta/OneDrive/Documents/universidad/4to/1r/SEP/Proyectos/pr2/SEPmonG3/SEPmon_SW/_ide/psinit/ps7_init.tcl
ps7_init
ps7_post_config
targets -set -nocase -filter {name =~ "*A9*#0"}
dow C:/Users/gusta/OneDrive/Documents/universidad/4to/1r/SEP/Proyectos/pr2/SEPmonG3/SEPmon_SW/Debug/SEPmon_SW.elf
configparams force-mem-access 0
----------------End of Script----------------

15:49:44 INFO  : Context for processor 'ps7_cortexa9_0' is selected.
15:49:44 INFO  : 'con' command is executed.
15:49:44 INFO  : ----------------XSDB Script (After Launch)----------------
targets -set -nocase -filter {name =~ "*A9*#0"}
con
----------------End of Script----------------

15:49:44 INFO  : Launch script is exported to file 'C:\Users\gusta\OneDrive\Documents\universidad\4to\1r\SEP\Proyectos\pr2\SEPmonG3\.sdk\launch_scripts\single_application_debug\debugger_sepmon_sw-default.tcl'
15:53:04 INFO  : Checking for BSP changes to sync application flags for project 'SEPmon_SW'...
15:53:13 INFO  : Disconnected from the channel tcfchan#6.
15:53:15 INFO  : Connected to target on host '127.0.0.1' and port '3121'.
15:53:21 INFO  : Jtag cable 'Digilent Zybo Z7 210351B3FC88A' is selected.
15:53:21 INFO  : 'jtag frequency' command is executed.
15:53:21 INFO  : Context for 'APU' is selected.
15:53:21 INFO  : System reset is completed.
15:53:24 INFO  : 'after 3000' command is executed.
15:53:24 INFO  : 'targets -set -filter {jtag_cable_name =~ "Digilent Zybo Z7 210351B3FC88A" && level==0 && jtag_device_ctx=="jsn-Zybo Z7-210351B3FC88A-13722093-0"}' command is executed.
15:53:25 INFO  : FPGA configured successfully with bitstream "C:/Users/gusta/OneDrive/Documents/universidad/4to/1r/SEP/Proyectos/pr2/SEPmonG3/SEPmon_SW/_ide/bitstream/SEPmon.bit"
15:53:25 INFO  : Context for 'APU' is selected.
15:53:25 INFO  : Hardware design and registers information is loaded from 'C:/Users/gusta/OneDrive/Documents/universidad/4to/1r/SEP/Proyectos/pr2/SEPmonG3/SEPmonG3/export/SEPmonG3/hw/SEPmon.xsa'.
15:53:25 INFO  : 'configparams force-mem-access 1' command is executed.
15:53:25 INFO  : Context for 'APU' is selected.
15:53:25 INFO  : Sourcing of 'C:/Users/gusta/OneDrive/Documents/universidad/4to/1r/SEP/Proyectos/pr2/SEPmonG3/SEPmon_SW/_ide/psinit/ps7_init.tcl' is done.
15:53:26 INFO  : 'ps7_init' command is executed.
15:53:26 INFO  : 'ps7_post_config' command is executed.
15:53:26 INFO  : Context for processor 'ps7_cortexa9_0' is selected.
15:53:28 INFO  : The application 'C:/Users/gusta/OneDrive/Documents/universidad/4to/1r/SEP/Proyectos/pr2/SEPmonG3/SEPmon_SW/Debug/SEPmon_SW.elf' is downloaded to processor 'ps7_cortexa9_0'.
15:53:28 INFO  : 'configparams force-mem-access 0' command is executed.
15:53:28 INFO  : ----------------XSDB Script----------------
connect -url tcp:127.0.0.1:3121
targets -set -nocase -filter {name =~"APU*"}
rst -system
after 3000
targets -set -filter {jtag_cable_name =~ "Digilent Zybo Z7 210351B3FC88A" && level==0 && jtag_device_ctx=="jsn-Zybo Z7-210351B3FC88A-13722093-0"}
fpga -file C:/Users/gusta/OneDrive/Documents/universidad/4to/1r/SEP/Proyectos/pr2/SEPmonG3/SEPmon_SW/_ide/bitstream/SEPmon.bit
targets -set -nocase -filter {name =~"APU*"}
loadhw -hw C:/Users/gusta/OneDrive/Documents/universidad/4to/1r/SEP/Proyectos/pr2/SEPmonG3/SEPmonG3/export/SEPmonG3/hw/SEPmon.xsa -mem-ranges [list {0x40000000 0xbfffffff}] -regs
configparams force-mem-access 1
targets -set -nocase -filter {name =~"APU*"}
source C:/Users/gusta/OneDrive/Documents/universidad/4to/1r/SEP/Proyectos/pr2/SEPmonG3/SEPmon_SW/_ide/psinit/ps7_init.tcl
ps7_init
ps7_post_config
targets -set -nocase -filter {name =~ "*A9*#0"}
dow C:/Users/gusta/OneDrive/Documents/universidad/4to/1r/SEP/Proyectos/pr2/SEPmonG3/SEPmon_SW/Debug/SEPmon_SW.elf
configparams force-mem-access 0
----------------End of Script----------------

15:53:28 INFO  : Context for processor 'ps7_cortexa9_0' is selected.
15:53:28 INFO  : 'con' command is executed.
15:53:28 INFO  : ----------------XSDB Script (After Launch)----------------
targets -set -nocase -filter {name =~ "*A9*#0"}
con
----------------End of Script----------------

15:53:28 INFO  : Launch script is exported to file 'C:\Users\gusta\OneDrive\Documents\universidad\4to\1r\SEP\Proyectos\pr2\SEPmonG3\.sdk\launch_scripts\single_application_debug\debugger_sepmon_sw-default.tcl'
15:54:39 INFO  : Disconnected from the channel tcfchan#7.
15:54:40 INFO  : Connected to target on host '127.0.0.1' and port '3121'.
15:54:40 INFO  : Jtag cable 'Digilent Zybo Z7 210351B3FC88A' is selected.
15:54:40 INFO  : 'jtag frequency' command is executed.
15:54:40 INFO  : Context for 'APU' is selected.
15:54:40 INFO  : System reset is completed.
15:54:43 INFO  : 'after 3000' command is executed.
15:54:44 INFO  : 'targets -set -filter {jtag_cable_name =~ "Digilent Zybo Z7 210351B3FC88A" && level==0 && jtag_device_ctx=="jsn-Zybo Z7-210351B3FC88A-13722093-0"}' command is executed.
15:54:45 INFO  : FPGA configured successfully with bitstream "C:/Users/gusta/OneDrive/Documents/universidad/4to/1r/SEP/Proyectos/pr2/SEPmonG3/SEPmon_SW/_ide/bitstream/SEPmon.bit"
15:54:45 INFO  : Context for 'APU' is selected.
15:54:45 INFO  : Hardware design and registers information is loaded from 'C:/Users/gusta/OneDrive/Documents/universidad/4to/1r/SEP/Proyectos/pr2/SEPmonG3/SEPmonG3/export/SEPmonG3/hw/SEPmon.xsa'.
15:54:45 INFO  : 'configparams force-mem-access 1' command is executed.
15:54:45 INFO  : Context for 'APU' is selected.
15:54:45 INFO  : Sourcing of 'C:/Users/gusta/OneDrive/Documents/universidad/4to/1r/SEP/Proyectos/pr2/SEPmonG3/SEPmon_SW/_ide/psinit/ps7_init.tcl' is done.
15:54:45 INFO  : 'ps7_init' command is executed.
15:54:45 INFO  : 'ps7_post_config' command is executed.
15:54:45 INFO  : Context for processor 'ps7_cortexa9_0' is selected.
15:54:47 INFO  : The application 'C:/Users/gusta/OneDrive/Documents/universidad/4to/1r/SEP/Proyectos/pr2/SEPmonG3/SEPmon_SW/Debug/SEPmon_SW.elf' is downloaded to processor 'ps7_cortexa9_0'.
15:54:47 INFO  : 'configparams force-mem-access 0' command is executed.
15:54:47 INFO  : ----------------XSDB Script----------------
connect -url tcp:127.0.0.1:3121
targets -set -nocase -filter {name =~"APU*"}
rst -system
after 3000
targets -set -filter {jtag_cable_name =~ "Digilent Zybo Z7 210351B3FC88A" && level==0 && jtag_device_ctx=="jsn-Zybo Z7-210351B3FC88A-13722093-0"}
fpga -file C:/Users/gusta/OneDrive/Documents/universidad/4to/1r/SEP/Proyectos/pr2/SEPmonG3/SEPmon_SW/_ide/bitstream/SEPmon.bit
targets -set -nocase -filter {name =~"APU*"}
loadhw -hw C:/Users/gusta/OneDrive/Documents/universidad/4to/1r/SEP/Proyectos/pr2/SEPmonG3/SEPmonG3/export/SEPmonG3/hw/SEPmon.xsa -mem-ranges [list {0x40000000 0xbfffffff}] -regs
configparams force-mem-access 1
targets -set -nocase -filter {name =~"APU*"}
source C:/Users/gusta/OneDrive/Documents/universidad/4to/1r/SEP/Proyectos/pr2/SEPmonG3/SEPmon_SW/_ide/psinit/ps7_init.tcl
ps7_init
ps7_post_config
targets -set -nocase -filter {name =~ "*A9*#0"}
dow C:/Users/gusta/OneDrive/Documents/universidad/4to/1r/SEP/Proyectos/pr2/SEPmonG3/SEPmon_SW/Debug/SEPmon_SW.elf
configparams force-mem-access 0
----------------End of Script----------------

15:54:47 INFO  : Context for processor 'ps7_cortexa9_0' is selected.
15:54:47 INFO  : 'con' command is executed.
15:54:47 INFO  : ----------------XSDB Script (After Launch)----------------
targets -set -nocase -filter {name =~ "*A9*#0"}
con
----------------End of Script----------------

15:54:47 INFO  : Launch script is exported to file 'C:\Users\gusta\OneDrive\Documents\universidad\4to\1r\SEP\Proyectos\pr2\SEPmonG3\.sdk\launch_scripts\single_application_debug\debugger_sepmon_sw-default.tcl'
16:34:41 INFO  : Checking for BSP changes to sync application flags for project 'SEPmon_SW'...
16:36:40 INFO  : Disconnected from the channel tcfchan#8.
16:36:41 INFO  : Connected to target on host '127.0.0.1' and port '3121'.
16:36:41 INFO  : Jtag cable 'Digilent Zybo Z7 210351B3FC88A' is selected.
16:36:41 INFO  : 'jtag frequency' command is executed.
16:36:41 INFO  : Context for 'APU' is selected.
16:36:41 INFO  : System reset is completed.
16:36:44 INFO  : 'after 3000' command is executed.
16:36:44 INFO  : 'targets -set -filter {jtag_cable_name =~ "Digilent Zybo Z7 210351B3FC88A" && level==0 && jtag_device_ctx=="jsn-Zybo Z7-210351B3FC88A-13722093-0"}' command is executed.
16:36:45 INFO  : FPGA configured successfully with bitstream "C:/Users/gusta/OneDrive/Documents/universidad/4to/1r/SEP/Proyectos/pr2/SEPmonG3/SEPmon_SW/_ide/bitstream/SEPmon.bit"
16:36:45 INFO  : Context for 'APU' is selected.
16:36:45 INFO  : Hardware design and registers information is loaded from 'C:/Users/gusta/OneDrive/Documents/universidad/4to/1r/SEP/Proyectos/pr2/SEPmonG3/SEPmonG3/export/SEPmonG3/hw/SEPmon.xsa'.
16:36:45 INFO  : 'configparams force-mem-access 1' command is executed.
16:36:45 INFO  : Context for 'APU' is selected.
16:36:45 INFO  : Sourcing of 'C:/Users/gusta/OneDrive/Documents/universidad/4to/1r/SEP/Proyectos/pr2/SEPmonG3/SEPmon_SW/_ide/psinit/ps7_init.tcl' is done.
16:36:46 INFO  : 'ps7_init' command is executed.
16:36:46 INFO  : 'ps7_post_config' command is executed.
16:36:46 INFO  : Context for processor 'ps7_cortexa9_0' is selected.
16:36:48 INFO  : The application 'C:/Users/gusta/OneDrive/Documents/universidad/4to/1r/SEP/Proyectos/pr2/SEPmonG3/SEPmon_SW/Debug/SEPmon_SW.elf' is downloaded to processor 'ps7_cortexa9_0'.
16:36:48 INFO  : 'configparams force-mem-access 0' command is executed.
16:36:48 INFO  : ----------------XSDB Script----------------
connect -url tcp:127.0.0.1:3121
targets -set -nocase -filter {name =~"APU*"}
rst -system
after 3000
targets -set -filter {jtag_cable_name =~ "Digilent Zybo Z7 210351B3FC88A" && level==0 && jtag_device_ctx=="jsn-Zybo Z7-210351B3FC88A-13722093-0"}
fpga -file C:/Users/gusta/OneDrive/Documents/universidad/4to/1r/SEP/Proyectos/pr2/SEPmonG3/SEPmon_SW/_ide/bitstream/SEPmon.bit
targets -set -nocase -filter {name =~"APU*"}
loadhw -hw C:/Users/gusta/OneDrive/Documents/universidad/4to/1r/SEP/Proyectos/pr2/SEPmonG3/SEPmonG3/export/SEPmonG3/hw/SEPmon.xsa -mem-ranges [list {0x40000000 0xbfffffff}] -regs
configparams force-mem-access 1
targets -set -nocase -filter {name =~"APU*"}
source C:/Users/gusta/OneDrive/Documents/universidad/4to/1r/SEP/Proyectos/pr2/SEPmonG3/SEPmon_SW/_ide/psinit/ps7_init.tcl
ps7_init
ps7_post_config
targets -set -nocase -filter {name =~ "*A9*#0"}
dow C:/Users/gusta/OneDrive/Documents/universidad/4to/1r/SEP/Proyectos/pr2/SEPmonG3/SEPmon_SW/Debug/SEPmon_SW.elf
configparams force-mem-access 0
----------------End of Script----------------

16:36:48 INFO  : Context for processor 'ps7_cortexa9_0' is selected.
16:36:48 INFO  : 'con' command is executed.
16:36:48 INFO  : ----------------XSDB Script (After Launch)----------------
targets -set -nocase -filter {name =~ "*A9*#0"}
con
----------------End of Script----------------

16:36:48 INFO  : Launch script is exported to file 'C:\Users\gusta\OneDrive\Documents\universidad\4to\1r\SEP\Proyectos\pr2\SEPmonG3\.sdk\launch_scripts\single_application_debug\debugger_sepmon_sw-default.tcl'
16:42:39 INFO  : Checking for BSP changes to sync application flags for project 'SEPmon_SW'...
16:42:47 INFO  : Disconnected from the channel tcfchan#9.
16:42:48 INFO  : Connected to target on host '127.0.0.1' and port '3121'.
16:42:48 INFO  : Jtag cable 'Digilent Zybo Z7 210351B3FC88A' is selected.
16:42:48 INFO  : 'jtag frequency' command is executed.
16:42:48 INFO  : Context for 'APU' is selected.
16:42:48 INFO  : System reset is completed.
16:42:51 INFO  : 'after 3000' command is executed.
16:42:51 INFO  : 'targets -set -filter {jtag_cable_name =~ "Digilent Zybo Z7 210351B3FC88A" && level==0 && jtag_device_ctx=="jsn-Zybo Z7-210351B3FC88A-13722093-0"}' command is executed.
16:42:52 INFO  : FPGA configured successfully with bitstream "C:/Users/gusta/OneDrive/Documents/universidad/4to/1r/SEP/Proyectos/pr2/SEPmonG3/SEPmon_SW/_ide/bitstream/SEPmon.bit"
16:42:52 INFO  : Context for 'APU' is selected.
16:42:52 INFO  : Hardware design and registers information is loaded from 'C:/Users/gusta/OneDrive/Documents/universidad/4to/1r/SEP/Proyectos/pr2/SEPmonG3/SEPmonG3/export/SEPmonG3/hw/SEPmon.xsa'.
16:42:52 INFO  : 'configparams force-mem-access 1' command is executed.
16:42:52 INFO  : Context for 'APU' is selected.
16:42:52 INFO  : Sourcing of 'C:/Users/gusta/OneDrive/Documents/universidad/4to/1r/SEP/Proyectos/pr2/SEPmonG3/SEPmon_SW/_ide/psinit/ps7_init.tcl' is done.
16:42:53 INFO  : 'ps7_init' command is executed.
16:42:53 INFO  : 'ps7_post_config' command is executed.
16:42:53 INFO  : Context for processor 'ps7_cortexa9_0' is selected.
16:42:55 INFO  : The application 'C:/Users/gusta/OneDrive/Documents/universidad/4to/1r/SEP/Proyectos/pr2/SEPmonG3/SEPmon_SW/Debug/SEPmon_SW.elf' is downloaded to processor 'ps7_cortexa9_0'.
16:42:55 INFO  : 'configparams force-mem-access 0' command is executed.
16:42:55 INFO  : ----------------XSDB Script----------------
connect -url tcp:127.0.0.1:3121
targets -set -nocase -filter {name =~"APU*"}
rst -system
after 3000
targets -set -filter {jtag_cable_name =~ "Digilent Zybo Z7 210351B3FC88A" && level==0 && jtag_device_ctx=="jsn-Zybo Z7-210351B3FC88A-13722093-0"}
fpga -file C:/Users/gusta/OneDrive/Documents/universidad/4to/1r/SEP/Proyectos/pr2/SEPmonG3/SEPmon_SW/_ide/bitstream/SEPmon.bit
targets -set -nocase -filter {name =~"APU*"}
loadhw -hw C:/Users/gusta/OneDrive/Documents/universidad/4to/1r/SEP/Proyectos/pr2/SEPmonG3/SEPmonG3/export/SEPmonG3/hw/SEPmon.xsa -mem-ranges [list {0x40000000 0xbfffffff}] -regs
configparams force-mem-access 1
targets -set -nocase -filter {name =~"APU*"}
source C:/Users/gusta/OneDrive/Documents/universidad/4to/1r/SEP/Proyectos/pr2/SEPmonG3/SEPmon_SW/_ide/psinit/ps7_init.tcl
ps7_init
ps7_post_config
targets -set -nocase -filter {name =~ "*A9*#0"}
dow C:/Users/gusta/OneDrive/Documents/universidad/4to/1r/SEP/Proyectos/pr2/SEPmonG3/SEPmon_SW/Debug/SEPmon_SW.elf
configparams force-mem-access 0
----------------End of Script----------------

16:42:55 INFO  : Context for processor 'ps7_cortexa9_0' is selected.
16:42:55 INFO  : 'con' command is executed.
16:42:55 INFO  : ----------------XSDB Script (After Launch)----------------
targets -set -nocase -filter {name =~ "*A9*#0"}
con
----------------End of Script----------------

16:42:55 INFO  : Launch script is exported to file 'C:\Users\gusta\OneDrive\Documents\universidad\4to\1r\SEP\Proyectos\pr2\SEPmonG3\.sdk\launch_scripts\single_application_debug\debugger_sepmon_sw-default.tcl'
16:50:09 INFO  : Checking for BSP changes to sync application flags for project 'SEPmon_SW'...
16:50:23 INFO  : Disconnected from the channel tcfchan#10.
16:50:24 INFO  : Connected to target on host '127.0.0.1' and port '3121'.
16:50:25 INFO  : Jtag cable 'Digilent Zybo Z7 210351B3FC88A' is selected.
16:50:25 INFO  : 'jtag frequency' command is executed.
16:50:25 INFO  : Context for 'APU' is selected.
16:50:25 INFO  : System reset is completed.
16:50:28 INFO  : 'after 3000' command is executed.
16:50:28 INFO  : 'targets -set -filter {jtag_cable_name =~ "Digilent Zybo Z7 210351B3FC88A" && level==0 && jtag_device_ctx=="jsn-Zybo Z7-210351B3FC88A-13722093-0"}' command is executed.
16:50:29 INFO  : FPGA configured successfully with bitstream "C:/Users/gusta/OneDrive/Documents/universidad/4to/1r/SEP/Proyectos/pr2/SEPmonG3/SEPmon_SW/_ide/bitstream/SEPmon.bit"
16:50:29 INFO  : Context for 'APU' is selected.
16:50:29 INFO  : Hardware design and registers information is loaded from 'C:/Users/gusta/OneDrive/Documents/universidad/4to/1r/SEP/Proyectos/pr2/SEPmonG3/SEPmonG3/export/SEPmonG3/hw/SEPmon.xsa'.
16:50:29 INFO  : 'configparams force-mem-access 1' command is executed.
16:50:29 INFO  : Context for 'APU' is selected.
16:50:29 INFO  : Sourcing of 'C:/Users/gusta/OneDrive/Documents/universidad/4to/1r/SEP/Proyectos/pr2/SEPmonG3/SEPmon_SW/_ide/psinit/ps7_init.tcl' is done.
16:50:30 INFO  : 'ps7_init' command is executed.
16:50:30 INFO  : 'ps7_post_config' command is executed.
16:50:30 INFO  : Context for processor 'ps7_cortexa9_0' is selected.
16:50:32 INFO  : The application 'C:/Users/gusta/OneDrive/Documents/universidad/4to/1r/SEP/Proyectos/pr2/SEPmonG3/SEPmon_SW/Debug/SEPmon_SW.elf' is downloaded to processor 'ps7_cortexa9_0'.
16:50:32 INFO  : 'configparams force-mem-access 0' command is executed.
16:50:32 INFO  : ----------------XSDB Script----------------
connect -url tcp:127.0.0.1:3121
targets -set -nocase -filter {name =~"APU*"}
rst -system
after 3000
targets -set -filter {jtag_cable_name =~ "Digilent Zybo Z7 210351B3FC88A" && level==0 && jtag_device_ctx=="jsn-Zybo Z7-210351B3FC88A-13722093-0"}
fpga -file C:/Users/gusta/OneDrive/Documents/universidad/4to/1r/SEP/Proyectos/pr2/SEPmonG3/SEPmon_SW/_ide/bitstream/SEPmon.bit
targets -set -nocase -filter {name =~"APU*"}
loadhw -hw C:/Users/gusta/OneDrive/Documents/universidad/4to/1r/SEP/Proyectos/pr2/SEPmonG3/SEPmonG3/export/SEPmonG3/hw/SEPmon.xsa -mem-ranges [list {0x40000000 0xbfffffff}] -regs
configparams force-mem-access 1
targets -set -nocase -filter {name =~"APU*"}
source C:/Users/gusta/OneDrive/Documents/universidad/4to/1r/SEP/Proyectos/pr2/SEPmonG3/SEPmon_SW/_ide/psinit/ps7_init.tcl
ps7_init
ps7_post_config
targets -set -nocase -filter {name =~ "*A9*#0"}
dow C:/Users/gusta/OneDrive/Documents/universidad/4to/1r/SEP/Proyectos/pr2/SEPmonG3/SEPmon_SW/Debug/SEPmon_SW.elf
configparams force-mem-access 0
----------------End of Script----------------

16:50:32 INFO  : Context for processor 'ps7_cortexa9_0' is selected.
16:50:32 INFO  : 'con' command is executed.
16:50:32 INFO  : ----------------XSDB Script (After Launch)----------------
targets -set -nocase -filter {name =~ "*A9*#0"}
con
----------------End of Script----------------

16:50:32 INFO  : Launch script is exported to file 'C:\Users\gusta\OneDrive\Documents\universidad\4to\1r\SEP\Proyectos\pr2\SEPmonG3\.sdk\launch_scripts\single_application_debug\debugger_sepmon_sw-default.tcl'
16:51:44 INFO  : Disconnected from the channel tcfchan#11.
16:51:45 INFO  : Connected to target on host '127.0.0.1' and port '3121'.
16:51:45 INFO  : Jtag cable 'Digilent Zybo Z7 210351B3FC88A' is selected.
16:51:45 INFO  : 'jtag frequency' command is executed.
16:51:45 INFO  : Context for 'APU' is selected.
16:51:45 INFO  : System reset is completed.
16:51:48 INFO  : 'after 3000' command is executed.
16:51:48 INFO  : 'targets -set -filter {jtag_cable_name =~ "Digilent Zybo Z7 210351B3FC88A" && level==0 && jtag_device_ctx=="jsn-Zybo Z7-210351B3FC88A-13722093-0"}' command is executed.
16:51:49 INFO  : FPGA configured successfully with bitstream "C:/Users/gusta/OneDrive/Documents/universidad/4to/1r/SEP/Proyectos/pr2/SEPmonG3/SEPmon_SW/_ide/bitstream/SEPmon.bit"
16:51:49 INFO  : Context for 'APU' is selected.
16:51:49 INFO  : Hardware design and registers information is loaded from 'C:/Users/gusta/OneDrive/Documents/universidad/4to/1r/SEP/Proyectos/pr2/SEPmonG3/SEPmonG3/export/SEPmonG3/hw/SEPmon.xsa'.
16:51:49 INFO  : 'configparams force-mem-access 1' command is executed.
16:51:49 INFO  : Context for 'APU' is selected.
16:51:49 INFO  : Sourcing of 'C:/Users/gusta/OneDrive/Documents/universidad/4to/1r/SEP/Proyectos/pr2/SEPmonG3/SEPmon_SW/_ide/psinit/ps7_init.tcl' is done.
16:51:50 INFO  : 'ps7_init' command is executed.
16:51:50 INFO  : 'ps7_post_config' command is executed.
16:51:50 INFO  : Context for processor 'ps7_cortexa9_0' is selected.
16:51:52 INFO  : The application 'C:/Users/gusta/OneDrive/Documents/universidad/4to/1r/SEP/Proyectos/pr2/SEPmonG3/SEPmon_SW/Debug/SEPmon_SW.elf' is downloaded to processor 'ps7_cortexa9_0'.
16:51:52 INFO  : 'configparams force-mem-access 0' command is executed.
16:51:52 INFO  : ----------------XSDB Script----------------
connect -url tcp:127.0.0.1:3121
targets -set -nocase -filter {name =~"APU*"}
rst -system
after 3000
targets -set -filter {jtag_cable_name =~ "Digilent Zybo Z7 210351B3FC88A" && level==0 && jtag_device_ctx=="jsn-Zybo Z7-210351B3FC88A-13722093-0"}
fpga -file C:/Users/gusta/OneDrive/Documents/universidad/4to/1r/SEP/Proyectos/pr2/SEPmonG3/SEPmon_SW/_ide/bitstream/SEPmon.bit
targets -set -nocase -filter {name =~"APU*"}
loadhw -hw C:/Users/gusta/OneDrive/Documents/universidad/4to/1r/SEP/Proyectos/pr2/SEPmonG3/SEPmonG3/export/SEPmonG3/hw/SEPmon.xsa -mem-ranges [list {0x40000000 0xbfffffff}] -regs
configparams force-mem-access 1
targets -set -nocase -filter {name =~"APU*"}
source C:/Users/gusta/OneDrive/Documents/universidad/4to/1r/SEP/Proyectos/pr2/SEPmonG3/SEPmon_SW/_ide/psinit/ps7_init.tcl
ps7_init
ps7_post_config
targets -set -nocase -filter {name =~ "*A9*#0"}
dow C:/Users/gusta/OneDrive/Documents/universidad/4to/1r/SEP/Proyectos/pr2/SEPmonG3/SEPmon_SW/Debug/SEPmon_SW.elf
configparams force-mem-access 0
----------------End of Script----------------

16:51:52 INFO  : Context for processor 'ps7_cortexa9_0' is selected.
16:51:52 INFO  : 'con' command is executed.
16:51:52 INFO  : ----------------XSDB Script (After Launch)----------------
targets -set -nocase -filter {name =~ "*A9*#0"}
con
----------------End of Script----------------

16:51:52 INFO  : Launch script is exported to file 'C:\Users\gusta\OneDrive\Documents\universidad\4to\1r\SEP\Proyectos\pr2\SEPmonG3\.sdk\launch_scripts\single_application_debug\debugger_sepmon_sw-default.tcl'
17:22:58 INFO  : Result from executing command 'getProjects': SEPmonG3
17:22:58 INFO  : Result from executing command 'getPlatforms': SEPmonG3|C:/Users/gusta/OneDrive/Documents/universidad/4to/1r/SEP/Proyectos/pr2/SEPmonG3/SEPmonG3/export/SEPmonG3/SEPmonG3.xpfm
17:22:59 INFO  : Checking for BSP changes to sync application flags for project 'SEPmon_SW'...
17:24:12 INFO  : Checking for BSP changes to sync application flags for project 'SEPmon_SW'...
17:24:45 INFO  : Checking for BSP changes to sync application flags for project 'SEPmon_SW'...
17:26:03 INFO  : Checking for BSP changes to sync application flags for project 'SEPmon_SW'...
17:27:01 INFO  : Checking for BSP changes to sync application flags for project 'SEPmon_SW'...
17:27:09 INFO  : Disconnected from the channel tcfchan#12.
17:27:10 INFO  : Connected to target on host '127.0.0.1' and port '3121'.
17:27:10 INFO  : Jtag cable 'Digilent Zybo Z7 210351B3FC88A' is selected.
17:27:10 INFO  : 'jtag frequency' command is executed.
17:27:10 INFO  : Context for 'APU' is selected.
17:27:11 INFO  : System reset is completed.
17:27:14 INFO  : 'after 3000' command is executed.
17:27:14 INFO  : 'targets -set -filter {jtag_cable_name =~ "Digilent Zybo Z7 210351B3FC88A" && level==0 && jtag_device_ctx=="jsn-Zybo Z7-210351B3FC88A-13722093-0"}' command is executed.
17:27:15 INFO  : FPGA configured successfully with bitstream "C:/Users/gusta/OneDrive/Documents/universidad/4to/1r/SEP/Proyectos/pr2/SEPmonG3/SEPmon_SW/_ide/bitstream/SEPmon.bit"
17:27:15 INFO  : Context for 'APU' is selected.
17:27:15 INFO  : Hardware design and registers information is loaded from 'C:/Users/gusta/OneDrive/Documents/universidad/4to/1r/SEP/Proyectos/pr2/SEPmonG3/SEPmonG3/export/SEPmonG3/hw/SEPmon.xsa'.
17:27:15 INFO  : 'configparams force-mem-access 1' command is executed.
17:27:15 INFO  : Context for 'APU' is selected.
17:27:15 INFO  : Sourcing of 'C:/Users/gusta/OneDrive/Documents/universidad/4to/1r/SEP/Proyectos/pr2/SEPmonG3/SEPmon_SW/_ide/psinit/ps7_init.tcl' is done.
17:27:15 INFO  : 'ps7_init' command is executed.
17:27:15 INFO  : 'ps7_post_config' command is executed.
17:27:16 INFO  : Context for processor 'ps7_cortexa9_0' is selected.
17:27:17 INFO  : The application 'C:/Users/gusta/OneDrive/Documents/universidad/4to/1r/SEP/Proyectos/pr2/SEPmonG3/SEPmon_SW/Debug/SEPmon_SW.elf' is downloaded to processor 'ps7_cortexa9_0'.
17:27:17 INFO  : 'configparams force-mem-access 0' command is executed.
17:27:17 INFO  : ----------------XSDB Script----------------
connect -url tcp:127.0.0.1:3121
targets -set -nocase -filter {name =~"APU*"}
rst -system
after 3000
targets -set -filter {jtag_cable_name =~ "Digilent Zybo Z7 210351B3FC88A" && level==0 && jtag_device_ctx=="jsn-Zybo Z7-210351B3FC88A-13722093-0"}
fpga -file C:/Users/gusta/OneDrive/Documents/universidad/4to/1r/SEP/Proyectos/pr2/SEPmonG3/SEPmon_SW/_ide/bitstream/SEPmon.bit
targets -set -nocase -filter {name =~"APU*"}
loadhw -hw C:/Users/gusta/OneDrive/Documents/universidad/4to/1r/SEP/Proyectos/pr2/SEPmonG3/SEPmonG3/export/SEPmonG3/hw/SEPmon.xsa -mem-ranges [list {0x40000000 0xbfffffff}] -regs
configparams force-mem-access 1
targets -set -nocase -filter {name =~"APU*"}
source C:/Users/gusta/OneDrive/Documents/universidad/4to/1r/SEP/Proyectos/pr2/SEPmonG3/SEPmon_SW/_ide/psinit/ps7_init.tcl
ps7_init
ps7_post_config
targets -set -nocase -filter {name =~ "*A9*#0"}
dow C:/Users/gusta/OneDrive/Documents/universidad/4to/1r/SEP/Proyectos/pr2/SEPmonG3/SEPmon_SW/Debug/SEPmon_SW.elf
configparams force-mem-access 0
----------------End of Script----------------

17:27:17 INFO  : Context for processor 'ps7_cortexa9_0' is selected.
17:27:17 INFO  : 'con' command is executed.
17:27:17 INFO  : ----------------XSDB Script (After Launch)----------------
targets -set -nocase -filter {name =~ "*A9*#0"}
con
----------------End of Script----------------

17:27:17 INFO  : Launch script is exported to file 'C:\Users\gusta\OneDrive\Documents\universidad\4to\1r\SEP\Proyectos\pr2\SEPmonG3\.sdk\launch_scripts\single_application_debug\debugger_sepmon_sw-default.tcl'
17:28:23 INFO  : Checking for BSP changes to sync application flags for project 'SEPmon_SW'...
17:28:29 INFO  : Disconnected from the channel tcfchan#14.
17:28:30 INFO  : Connected to target on host '127.0.0.1' and port '3121'.
17:28:30 INFO  : Jtag cable 'Digilent Zybo Z7 210351B3FC88A' is selected.
17:28:30 INFO  : 'jtag frequency' command is executed.
17:28:30 INFO  : Context for 'APU' is selected.
17:28:30 INFO  : System reset is completed.
17:28:33 INFO  : 'after 3000' command is executed.
17:28:33 INFO  : 'targets -set -filter {jtag_cable_name =~ "Digilent Zybo Z7 210351B3FC88A" && level==0 && jtag_device_ctx=="jsn-Zybo Z7-210351B3FC88A-13722093-0"}' command is executed.
17:28:34 INFO  : FPGA configured successfully with bitstream "C:/Users/gusta/OneDrive/Documents/universidad/4to/1r/SEP/Proyectos/pr2/SEPmonG3/SEPmon_SW/_ide/bitstream/SEPmon.bit"
17:28:34 INFO  : Context for 'APU' is selected.
17:28:34 INFO  : Hardware design and registers information is loaded from 'C:/Users/gusta/OneDrive/Documents/universidad/4to/1r/SEP/Proyectos/pr2/SEPmonG3/SEPmonG3/export/SEPmonG3/hw/SEPmon.xsa'.
17:28:34 INFO  : 'configparams force-mem-access 1' command is executed.
17:28:34 INFO  : Context for 'APU' is selected.
17:28:34 INFO  : Sourcing of 'C:/Users/gusta/OneDrive/Documents/universidad/4to/1r/SEP/Proyectos/pr2/SEPmonG3/SEPmon_SW/_ide/psinit/ps7_init.tcl' is done.
17:28:35 INFO  : 'ps7_init' command is executed.
17:28:35 INFO  : 'ps7_post_config' command is executed.
17:28:35 INFO  : Context for processor 'ps7_cortexa9_0' is selected.
17:28:37 INFO  : The application 'C:/Users/gusta/OneDrive/Documents/universidad/4to/1r/SEP/Proyectos/pr2/SEPmonG3/SEPmon_SW/Debug/SEPmon_SW.elf' is downloaded to processor 'ps7_cortexa9_0'.
17:28:37 INFO  : 'configparams force-mem-access 0' command is executed.
17:28:37 INFO  : ----------------XSDB Script----------------
connect -url tcp:127.0.0.1:3121
targets -set -nocase -filter {name =~"APU*"}
rst -system
after 3000
targets -set -filter {jtag_cable_name =~ "Digilent Zybo Z7 210351B3FC88A" && level==0 && jtag_device_ctx=="jsn-Zybo Z7-210351B3FC88A-13722093-0"}
fpga -file C:/Users/gusta/OneDrive/Documents/universidad/4to/1r/SEP/Proyectos/pr2/SEPmonG3/SEPmon_SW/_ide/bitstream/SEPmon.bit
targets -set -nocase -filter {name =~"APU*"}
loadhw -hw C:/Users/gusta/OneDrive/Documents/universidad/4to/1r/SEP/Proyectos/pr2/SEPmonG3/SEPmonG3/export/SEPmonG3/hw/SEPmon.xsa -mem-ranges [list {0x40000000 0xbfffffff}] -regs
configparams force-mem-access 1
targets -set -nocase -filter {name =~"APU*"}
source C:/Users/gusta/OneDrive/Documents/universidad/4to/1r/SEP/Proyectos/pr2/SEPmonG3/SEPmon_SW/_ide/psinit/ps7_init.tcl
ps7_init
ps7_post_config
targets -set -nocase -filter {name =~ "*A9*#0"}
dow C:/Users/gusta/OneDrive/Documents/universidad/4to/1r/SEP/Proyectos/pr2/SEPmonG3/SEPmon_SW/Debug/SEPmon_SW.elf
configparams force-mem-access 0
----------------End of Script----------------

17:28:37 INFO  : Context for processor 'ps7_cortexa9_0' is selected.
17:28:37 INFO  : 'con' command is executed.
17:28:37 INFO  : ----------------XSDB Script (After Launch)----------------
targets -set -nocase -filter {name =~ "*A9*#0"}
con
----------------End of Script----------------

17:28:37 INFO  : Launch script is exported to file 'C:\Users\gusta\OneDrive\Documents\universidad\4to\1r\SEP\Proyectos\pr2\SEPmonG3\.sdk\launch_scripts\single_application_debug\debugger_sepmon_sw-default.tcl'
17:29:15 INFO  : Checking for BSP changes to sync application flags for project 'SEPmon_SW'...
17:29:21 INFO  : Disconnected from the channel tcfchan#15.
17:29:22 INFO  : Connected to target on host '127.0.0.1' and port '3121'.
17:29:22 INFO  : Jtag cable 'Digilent Zybo Z7 210351B3FC88A' is selected.
17:29:22 INFO  : 'jtag frequency' command is executed.
17:29:22 INFO  : Context for 'APU' is selected.
17:29:22 INFO  : System reset is completed.
17:29:25 INFO  : 'after 3000' command is executed.
17:29:25 INFO  : 'targets -set -filter {jtag_cable_name =~ "Digilent Zybo Z7 210351B3FC88A" && level==0 && jtag_device_ctx=="jsn-Zybo Z7-210351B3FC88A-13722093-0"}' command is executed.
17:29:26 INFO  : FPGA configured successfully with bitstream "C:/Users/gusta/OneDrive/Documents/universidad/4to/1r/SEP/Proyectos/pr2/SEPmonG3/SEPmon_SW/_ide/bitstream/SEPmon.bit"
17:29:26 INFO  : Context for 'APU' is selected.
17:29:26 INFO  : Hardware design and registers information is loaded from 'C:/Users/gusta/OneDrive/Documents/universidad/4to/1r/SEP/Proyectos/pr2/SEPmonG3/SEPmonG3/export/SEPmonG3/hw/SEPmon.xsa'.
17:29:26 INFO  : 'configparams force-mem-access 1' command is executed.
17:29:26 INFO  : Context for 'APU' is selected.
17:29:26 INFO  : Sourcing of 'C:/Users/gusta/OneDrive/Documents/universidad/4to/1r/SEP/Proyectos/pr2/SEPmonG3/SEPmon_SW/_ide/psinit/ps7_init.tcl' is done.
17:29:27 INFO  : 'ps7_init' command is executed.
17:29:27 INFO  : 'ps7_post_config' command is executed.
17:29:27 INFO  : Context for processor 'ps7_cortexa9_0' is selected.
17:29:29 INFO  : The application 'C:/Users/gusta/OneDrive/Documents/universidad/4to/1r/SEP/Proyectos/pr2/SEPmonG3/SEPmon_SW/Debug/SEPmon_SW.elf' is downloaded to processor 'ps7_cortexa9_0'.
17:29:29 INFO  : 'configparams force-mem-access 0' command is executed.
17:29:29 INFO  : ----------------XSDB Script----------------
connect -url tcp:127.0.0.1:3121
targets -set -nocase -filter {name =~"APU*"}
rst -system
after 3000
targets -set -filter {jtag_cable_name =~ "Digilent Zybo Z7 210351B3FC88A" && level==0 && jtag_device_ctx=="jsn-Zybo Z7-210351B3FC88A-13722093-0"}
fpga -file C:/Users/gusta/OneDrive/Documents/universidad/4to/1r/SEP/Proyectos/pr2/SEPmonG3/SEPmon_SW/_ide/bitstream/SEPmon.bit
targets -set -nocase -filter {name =~"APU*"}
loadhw -hw C:/Users/gusta/OneDrive/Documents/universidad/4to/1r/SEP/Proyectos/pr2/SEPmonG3/SEPmonG3/export/SEPmonG3/hw/SEPmon.xsa -mem-ranges [list {0x40000000 0xbfffffff}] -regs
configparams force-mem-access 1
targets -set -nocase -filter {name =~"APU*"}
source C:/Users/gusta/OneDrive/Documents/universidad/4to/1r/SEP/Proyectos/pr2/SEPmonG3/SEPmon_SW/_ide/psinit/ps7_init.tcl
ps7_init
ps7_post_config
targets -set -nocase -filter {name =~ "*A9*#0"}
dow C:/Users/gusta/OneDrive/Documents/universidad/4to/1r/SEP/Proyectos/pr2/SEPmonG3/SEPmon_SW/Debug/SEPmon_SW.elf
configparams force-mem-access 0
----------------End of Script----------------

17:29:29 INFO  : Context for processor 'ps7_cortexa9_0' is selected.
17:29:29 INFO  : 'con' command is executed.
17:29:29 INFO  : ----------------XSDB Script (After Launch)----------------
targets -set -nocase -filter {name =~ "*A9*#0"}
con
----------------End of Script----------------

17:29:29 INFO  : Launch script is exported to file 'C:\Users\gusta\OneDrive\Documents\universidad\4to\1r\SEP\Proyectos\pr2\SEPmonG3\.sdk\launch_scripts\single_application_debug\debugger_sepmon_sw-default.tcl'
17:30:05 INFO  : Checking for BSP changes to sync application flags for project 'SEPmon_SW'...
17:30:11 INFO  : Disconnected from the channel tcfchan#16.
17:30:12 INFO  : Connected to target on host '127.0.0.1' and port '3121'.
17:30:12 INFO  : Jtag cable 'Digilent Zybo Z7 210351B3FC88A' is selected.
17:30:12 INFO  : 'jtag frequency' command is executed.
17:30:12 INFO  : Context for 'APU' is selected.
17:30:12 INFO  : System reset is completed.
17:30:15 INFO  : 'after 3000' command is executed.
17:30:15 INFO  : 'targets -set -filter {jtag_cable_name =~ "Digilent Zybo Z7 210351B3FC88A" && level==0 && jtag_device_ctx=="jsn-Zybo Z7-210351B3FC88A-13722093-0"}' command is executed.
17:30:16 INFO  : FPGA configured successfully with bitstream "C:/Users/gusta/OneDrive/Documents/universidad/4to/1r/SEP/Proyectos/pr2/SEPmonG3/SEPmon_SW/_ide/bitstream/SEPmon.bit"
17:30:16 INFO  : Context for 'APU' is selected.
17:30:16 INFO  : Hardware design and registers information is loaded from 'C:/Users/gusta/OneDrive/Documents/universidad/4to/1r/SEP/Proyectos/pr2/SEPmonG3/SEPmonG3/export/SEPmonG3/hw/SEPmon.xsa'.
17:30:16 INFO  : 'configparams force-mem-access 1' command is executed.
17:30:16 INFO  : Context for 'APU' is selected.
17:30:16 INFO  : Sourcing of 'C:/Users/gusta/OneDrive/Documents/universidad/4to/1r/SEP/Proyectos/pr2/SEPmonG3/SEPmon_SW/_ide/psinit/ps7_init.tcl' is done.
17:30:17 INFO  : 'ps7_init' command is executed.
17:30:17 INFO  : 'ps7_post_config' command is executed.
17:30:17 INFO  : Context for processor 'ps7_cortexa9_0' is selected.
17:30:18 INFO  : The application 'C:/Users/gusta/OneDrive/Documents/universidad/4to/1r/SEP/Proyectos/pr2/SEPmonG3/SEPmon_SW/Debug/SEPmon_SW.elf' is downloaded to processor 'ps7_cortexa9_0'.
17:30:18 INFO  : 'configparams force-mem-access 0' command is executed.
17:30:18 INFO  : ----------------XSDB Script----------------
connect -url tcp:127.0.0.1:3121
targets -set -nocase -filter {name =~"APU*"}
rst -system
after 3000
targets -set -filter {jtag_cable_name =~ "Digilent Zybo Z7 210351B3FC88A" && level==0 && jtag_device_ctx=="jsn-Zybo Z7-210351B3FC88A-13722093-0"}
fpga -file C:/Users/gusta/OneDrive/Documents/universidad/4to/1r/SEP/Proyectos/pr2/SEPmonG3/SEPmon_SW/_ide/bitstream/SEPmon.bit
targets -set -nocase -filter {name =~"APU*"}
loadhw -hw C:/Users/gusta/OneDrive/Documents/universidad/4to/1r/SEP/Proyectos/pr2/SEPmonG3/SEPmonG3/export/SEPmonG3/hw/SEPmon.xsa -mem-ranges [list {0x40000000 0xbfffffff}] -regs
configparams force-mem-access 1
targets -set -nocase -filter {name =~"APU*"}
source C:/Users/gusta/OneDrive/Documents/universidad/4to/1r/SEP/Proyectos/pr2/SEPmonG3/SEPmon_SW/_ide/psinit/ps7_init.tcl
ps7_init
ps7_post_config
targets -set -nocase -filter {name =~ "*A9*#0"}
dow C:/Users/gusta/OneDrive/Documents/universidad/4to/1r/SEP/Proyectos/pr2/SEPmonG3/SEPmon_SW/Debug/SEPmon_SW.elf
configparams force-mem-access 0
----------------End of Script----------------

17:30:19 INFO  : Context for processor 'ps7_cortexa9_0' is selected.
17:30:19 INFO  : 'con' command is executed.
17:30:19 INFO  : ----------------XSDB Script (After Launch)----------------
targets -set -nocase -filter {name =~ "*A9*#0"}
con
----------------End of Script----------------

17:30:19 INFO  : Launch script is exported to file 'C:\Users\gusta\OneDrive\Documents\universidad\4to\1r\SEP\Proyectos\pr2\SEPmonG3\.sdk\launch_scripts\single_application_debug\debugger_sepmon_sw-default.tcl'
18:13:42 INFO  : Checking for BSP changes to sync application flags for project 'SEPmon_SW'...
18:14:58 INFO  : Checking for BSP changes to sync application flags for project 'SEPmon_SW'...
18:16:04 INFO  : Disconnected from the channel tcfchan#17.
18:16:05 INFO  : Connected to target on host '127.0.0.1' and port '3121'.
18:16:06 INFO  : Jtag cable 'Digilent Zybo Z7 210351B3FC88A' is selected.
18:16:06 INFO  : 'jtag frequency' command is executed.
18:16:06 INFO  : Context for 'APU' is selected.
18:16:06 INFO  : System reset is completed.
18:16:09 INFO  : 'after 3000' command is executed.
18:16:09 INFO  : 'targets -set -filter {jtag_cable_name =~ "Digilent Zybo Z7 210351B3FC88A" && level==0 && jtag_device_ctx=="jsn-Zybo Z7-210351B3FC88A-13722093-0"}' command is executed.
18:16:10 INFO  : FPGA configured successfully with bitstream "C:/Users/gusta/OneDrive/Documents/universidad/4to/1r/SEP/Proyectos/pr2/SEPmonG3/SEPmon_SW/_ide/bitstream/SEPmon.bit"
18:16:10 INFO  : Context for 'APU' is selected.
18:16:10 INFO  : Hardware design and registers information is loaded from 'C:/Users/gusta/OneDrive/Documents/universidad/4to/1r/SEP/Proyectos/pr2/SEPmonG3/SEPmonG3/export/SEPmonG3/hw/SEPmon.xsa'.
18:16:10 INFO  : 'configparams force-mem-access 1' command is executed.
18:16:10 INFO  : Context for 'APU' is selected.
18:16:10 INFO  : Sourcing of 'C:/Users/gusta/OneDrive/Documents/universidad/4to/1r/SEP/Proyectos/pr2/SEPmonG3/SEPmon_SW/_ide/psinit/ps7_init.tcl' is done.
18:16:11 INFO  : 'ps7_init' command is executed.
18:16:11 INFO  : 'ps7_post_config' command is executed.
18:16:11 INFO  : Context for processor 'ps7_cortexa9_0' is selected.
18:16:12 INFO  : The application 'C:/Users/gusta/OneDrive/Documents/universidad/4to/1r/SEP/Proyectos/pr2/SEPmonG3/SEPmon_SW/Debug/SEPmon_SW.elf' is downloaded to processor 'ps7_cortexa9_0'.
18:16:12 INFO  : 'configparams force-mem-access 0' command is executed.
18:16:12 INFO  : ----------------XSDB Script----------------
connect -url tcp:127.0.0.1:3121
targets -set -nocase -filter {name =~"APU*"}
rst -system
after 3000
targets -set -filter {jtag_cable_name =~ "Digilent Zybo Z7 210351B3FC88A" && level==0 && jtag_device_ctx=="jsn-Zybo Z7-210351B3FC88A-13722093-0"}
fpga -file C:/Users/gusta/OneDrive/Documents/universidad/4to/1r/SEP/Proyectos/pr2/SEPmonG3/SEPmon_SW/_ide/bitstream/SEPmon.bit
targets -set -nocase -filter {name =~"APU*"}
loadhw -hw C:/Users/gusta/OneDrive/Documents/universidad/4to/1r/SEP/Proyectos/pr2/SEPmonG3/SEPmonG3/export/SEPmonG3/hw/SEPmon.xsa -mem-ranges [list {0x40000000 0xbfffffff}] -regs
configparams force-mem-access 1
targets -set -nocase -filter {name =~"APU*"}
source C:/Users/gusta/OneDrive/Documents/universidad/4to/1r/SEP/Proyectos/pr2/SEPmonG3/SEPmon_SW/_ide/psinit/ps7_init.tcl
ps7_init
ps7_post_config
targets -set -nocase -filter {name =~ "*A9*#0"}
dow C:/Users/gusta/OneDrive/Documents/universidad/4to/1r/SEP/Proyectos/pr2/SEPmonG3/SEPmon_SW/Debug/SEPmon_SW.elf
configparams force-mem-access 0
----------------End of Script----------------

18:16:12 INFO  : Context for processor 'ps7_cortexa9_0' is selected.
18:16:12 INFO  : 'con' command is executed.
18:16:12 INFO  : ----------------XSDB Script (After Launch)----------------
targets -set -nocase -filter {name =~ "*A9*#0"}
con
----------------End of Script----------------

18:16:12 INFO  : Launch script is exported to file 'C:\Users\gusta\OneDrive\Documents\universidad\4to\1r\SEP\Proyectos\pr2\SEPmonG3\.sdk\launch_scripts\single_application_debug\debugger_sepmon_sw-default.tcl'
18:16:40 INFO  : Disconnected from the channel tcfchan#18.
18:16:41 INFO  : Connected to target on host '127.0.0.1' and port '3121'.
18:16:41 INFO  : Jtag cable 'Digilent Zybo Z7 210351B3FC88A' is selected.
18:16:41 INFO  : 'jtag frequency' command is executed.
18:16:41 INFO  : Context for 'APU' is selected.
18:16:41 INFO  : System reset is completed.
18:16:44 INFO  : 'after 3000' command is executed.
18:16:44 INFO  : 'targets -set -filter {jtag_cable_name =~ "Digilent Zybo Z7 210351B3FC88A" && level==0 && jtag_device_ctx=="jsn-Zybo Z7-210351B3FC88A-13722093-0"}' command is executed.
18:16:46 INFO  : FPGA configured successfully with bitstream "C:/Users/gusta/OneDrive/Documents/universidad/4to/1r/SEP/Proyectos/pr2/SEPmonG3/SEPmon_SW/_ide/bitstream/SEPmon.bit"
18:16:46 INFO  : Context for 'APU' is selected.
18:16:46 INFO  : Hardware design and registers information is loaded from 'C:/Users/gusta/OneDrive/Documents/universidad/4to/1r/SEP/Proyectos/pr2/SEPmonG3/SEPmonG3/export/SEPmonG3/hw/SEPmon.xsa'.
18:16:46 INFO  : 'configparams force-mem-access 1' command is executed.
18:16:46 INFO  : Context for 'APU' is selected.
18:16:46 INFO  : Sourcing of 'C:/Users/gusta/OneDrive/Documents/universidad/4to/1r/SEP/Proyectos/pr2/SEPmonG3/SEPmon_SW/_ide/psinit/ps7_init.tcl' is done.
18:16:46 INFO  : 'ps7_init' command is executed.
18:16:46 INFO  : 'ps7_post_config' command is executed.
18:16:46 INFO  : Context for processor 'ps7_cortexa9_0' is selected.
18:16:48 INFO  : The application 'C:/Users/gusta/OneDrive/Documents/universidad/4to/1r/SEP/Proyectos/pr2/SEPmonG3/SEPmon_SW/Debug/SEPmon_SW.elf' is downloaded to processor 'ps7_cortexa9_0'.
18:16:48 INFO  : 'configparams force-mem-access 0' command is executed.
18:16:48 INFO  : ----------------XSDB Script----------------
connect -url tcp:127.0.0.1:3121
targets -set -nocase -filter {name =~"APU*"}
rst -system
after 3000
targets -set -filter {jtag_cable_name =~ "Digilent Zybo Z7 210351B3FC88A" && level==0 && jtag_device_ctx=="jsn-Zybo Z7-210351B3FC88A-13722093-0"}
fpga -file C:/Users/gusta/OneDrive/Documents/universidad/4to/1r/SEP/Proyectos/pr2/SEPmonG3/SEPmon_SW/_ide/bitstream/SEPmon.bit
targets -set -nocase -filter {name =~"APU*"}
loadhw -hw C:/Users/gusta/OneDrive/Documents/universidad/4to/1r/SEP/Proyectos/pr2/SEPmonG3/SEPmonG3/export/SEPmonG3/hw/SEPmon.xsa -mem-ranges [list {0x40000000 0xbfffffff}] -regs
configparams force-mem-access 1
targets -set -nocase -filter {name =~"APU*"}
source C:/Users/gusta/OneDrive/Documents/universidad/4to/1r/SEP/Proyectos/pr2/SEPmonG3/SEPmon_SW/_ide/psinit/ps7_init.tcl
ps7_init
ps7_post_config
targets -set -nocase -filter {name =~ "*A9*#0"}
dow C:/Users/gusta/OneDrive/Documents/universidad/4to/1r/SEP/Proyectos/pr2/SEPmonG3/SEPmon_SW/Debug/SEPmon_SW.elf
configparams force-mem-access 0
----------------End of Script----------------

18:16:48 INFO  : Context for processor 'ps7_cortexa9_0' is selected.
18:16:48 INFO  : 'con' command is executed.
18:16:48 INFO  : ----------------XSDB Script (After Launch)----------------
targets -set -nocase -filter {name =~ "*A9*#0"}
con
----------------End of Script----------------

18:16:48 INFO  : Launch script is exported to file 'C:\Users\gusta\OneDrive\Documents\universidad\4to\1r\SEP\Proyectos\pr2\SEPmonG3\.sdk\launch_scripts\single_application_debug\debugger_sepmon_sw-default.tcl'
03:53:04 INFO  : Launching XSCT server: xsct.bat -n  -interactive C:\Users\gusta\OneDrive\Documents\universidad\4to\1r\SEP\Proyectos\pr2\SEPmonG3\temp_xsdb_launch_script.tcl
03:00:10 INFO  : Launching XSCT server: xsct.bat -n  -interactive C:\Users\gusta\OneDrive\Documents\universidad\4to\1r\SEP\Proyectos\pr2\SEPmonG3\temp_xsdb_launch_script.tcl
03:00:13 INFO  : XSCT server has started successfully.
03:00:13 INFO  : Successfully done setting XSCT server connection channel  
03:00:13 INFO  : plnx-install-location is set to ''
03:00:13 INFO  : Successfully done setting workspace for the tool. 
03:00:15 INFO  : Registering command handlers for Vitis TCF services
03:00:15 INFO  : Platform repository initialization has completed.
03:00:16 INFO  : Successfully done query RDI_DATADIR 
16:53:16 INFO  : Launching XSCT server: xsct.bat -n  -interactive C:\Users\gusta\OneDrive\Documents\universidad\4to\1r\SEP\Proyectos\pr2\SEPmonG3\temp_xsdb_launch_script.tcl
16:53:18 INFO  : XSCT server has started successfully.
16:53:18 INFO  : plnx-install-location is set to ''
16:53:18 INFO  : Successfully done setting XSCT server connection channel  
16:53:18 INFO  : Successfully done setting workspace for the tool. 
16:53:22 INFO  : Registering command handlers for Vitis TCF services
16:53:22 INFO  : Platform repository initialization has completed.
16:53:22 INFO  : Successfully done query RDI_DATADIR 
00:32:19 INFO  : Launching XSCT server: xsct.bat -n  -interactive C:\Users\gusta\OneDrive\Documents\universidad\4to\1r\SEP\Proyectos\pr2\SEPmonG3\temp_xsdb_launch_script.tcl
00:32:21 INFO  : XSCT server has started successfully.
00:32:21 INFO  : Successfully done setting XSCT server connection channel  
00:32:21 INFO  : plnx-install-location is set to ''
00:32:21 INFO  : Successfully done setting workspace for the tool. 
00:32:24 INFO  : Registering command handlers for Vitis TCF services
00:32:24 INFO  : Platform repository initialization has completed.
00:32:24 INFO  : Successfully done query RDI_DATADIR 
00:34:07 INFO  : Result from executing command 'getProjects': SEPmonG3
00:34:07 INFO  : Result from executing command 'getPlatforms': SEPmonG3|C:/Users/gusta/OneDrive/Documents/universidad/4to/1r/SEP/Proyectos/pr2/SEPmonG3/SEPmonG3/export/SEPmonG3/SEPmonG3.xpfm
00:34:07 INFO  : Checking for BSP changes to sync application flags for project 'SEPmon_SW'...
00:34:48 INFO  : Checking for BSP changes to sync application flags for project 'SEPmon_SW'...
00:34:57 INFO  : Connected to target on host '127.0.0.1' and port '3121'.
00:34:57 INFO  : Jtag cable 'Digilent Zybo Z7 210351B3FC88A' is selected.
00:34:57 INFO  : 'jtag frequency' command is executed.
00:34:57 INFO  : Context for 'APU' is selected.
00:34:57 INFO  : System reset is completed.
00:35:00 INFO  : 'after 3000' command is executed.
00:35:00 INFO  : 'targets -set -filter {jtag_cable_name =~ "Digilent Zybo Z7 210351B3FC88A" && level==0 && jtag_device_ctx=="jsn-Zybo Z7-210351B3FC88A-13722093-0"}' command is executed.
00:35:02 INFO  : FPGA configured successfully with bitstream "C:/Users/gusta/OneDrive/Documents/universidad/4to/1r/SEP/Proyectos/pr2/SEPmonG3/SEPmon_SW/_ide/bitstream/SEPmon.bit"
00:35:02 INFO  : Context for 'APU' is selected.
00:35:02 INFO  : Hardware design and registers information is loaded from 'C:/Users/gusta/OneDrive/Documents/universidad/4to/1r/SEP/Proyectos/pr2/SEPmonG3/SEPmonG3/export/SEPmonG3/hw/SEPmon.xsa'.
00:35:02 INFO  : 'configparams force-mem-access 1' command is executed.
00:35:02 INFO  : Context for 'APU' is selected.
00:35:02 INFO  : Sourcing of 'C:/Users/gusta/OneDrive/Documents/universidad/4to/1r/SEP/Proyectos/pr2/SEPmonG3/SEPmon_SW/_ide/psinit/ps7_init.tcl' is done.
00:35:03 INFO  : 'ps7_init' command is executed.
00:35:03 INFO  : 'ps7_post_config' command is executed.
00:35:03 INFO  : Context for processor 'ps7_cortexa9_0' is selected.
00:35:04 INFO  : The application 'C:/Users/gusta/OneDrive/Documents/universidad/4to/1r/SEP/Proyectos/pr2/SEPmonG3/SEPmon_SW/Debug/SEPmon_SW.elf' is downloaded to processor 'ps7_cortexa9_0'.
00:35:04 INFO  : 'configparams force-mem-access 0' command is executed.
00:35:04 INFO  : ----------------XSDB Script----------------
connect -url tcp:127.0.0.1:3121
targets -set -nocase -filter {name =~"APU*"}
rst -system
after 3000
targets -set -filter {jtag_cable_name =~ "Digilent Zybo Z7 210351B3FC88A" && level==0 && jtag_device_ctx=="jsn-Zybo Z7-210351B3FC88A-13722093-0"}
fpga -file C:/Users/gusta/OneDrive/Documents/universidad/4to/1r/SEP/Proyectos/pr2/SEPmonG3/SEPmon_SW/_ide/bitstream/SEPmon.bit
targets -set -nocase -filter {name =~"APU*"}
loadhw -hw C:/Users/gusta/OneDrive/Documents/universidad/4to/1r/SEP/Proyectos/pr2/SEPmonG3/SEPmonG3/export/SEPmonG3/hw/SEPmon.xsa -mem-ranges [list {0x40000000 0xbfffffff}] -regs
configparams force-mem-access 1
targets -set -nocase -filter {name =~"APU*"}
source C:/Users/gusta/OneDrive/Documents/universidad/4to/1r/SEP/Proyectos/pr2/SEPmonG3/SEPmon_SW/_ide/psinit/ps7_init.tcl
ps7_init
ps7_post_config
targets -set -nocase -filter {name =~ "*A9*#0"}
dow C:/Users/gusta/OneDrive/Documents/universidad/4to/1r/SEP/Proyectos/pr2/SEPmonG3/SEPmon_SW/Debug/SEPmon_SW.elf
configparams force-mem-access 0
----------------End of Script----------------

00:35:04 INFO  : Context for processor 'ps7_cortexa9_0' is selected.
00:35:04 INFO  : 'con' command is executed.
00:35:04 INFO  : ----------------XSDB Script (After Launch)----------------
targets -set -nocase -filter {name =~ "*A9*#0"}
con
----------------End of Script----------------

00:35:04 INFO  : Launch script is exported to file 'C:\Users\gusta\OneDrive\Documents\universidad\4to\1r\SEP\Proyectos\pr2\SEPmonG3\.sdk\launch_scripts\single_application_debug\debugger_sepmon_sw-default.tcl'
00:37:07 INFO  : Checking for BSP changes to sync application flags for project 'SEPmon_SW'...
00:37:13 INFO  : Disconnected from the channel tcfchan#2.
00:37:14 INFO  : Connected to target on host '127.0.0.1' and port '3121'.
00:37:14 INFO  : Jtag cable 'Digilent Zybo Z7 210351B3FC88A' is selected.
00:37:14 INFO  : 'jtag frequency' command is executed.
00:37:14 INFO  : Context for 'APU' is selected.
00:37:14 INFO  : System reset is completed.
00:37:17 INFO  : 'after 3000' command is executed.
00:37:17 INFO  : 'targets -set -filter {jtag_cable_name =~ "Digilent Zybo Z7 210351B3FC88A" && level==0 && jtag_device_ctx=="jsn-Zybo Z7-210351B3FC88A-13722093-0"}' command is executed.
00:37:18 INFO  : FPGA configured successfully with bitstream "C:/Users/gusta/OneDrive/Documents/universidad/4to/1r/SEP/Proyectos/pr2/SEPmonG3/SEPmon_SW/_ide/bitstream/SEPmon.bit"
00:37:18 INFO  : Context for 'APU' is selected.
00:37:18 INFO  : Hardware design and registers information is loaded from 'C:/Users/gusta/OneDrive/Documents/universidad/4to/1r/SEP/Proyectos/pr2/SEPmonG3/SEPmonG3/export/SEPmonG3/hw/SEPmon.xsa'.
00:37:18 INFO  : 'configparams force-mem-access 1' command is executed.
00:37:18 INFO  : Context for 'APU' is selected.
00:37:18 INFO  : Sourcing of 'C:/Users/gusta/OneDrive/Documents/universidad/4to/1r/SEP/Proyectos/pr2/SEPmonG3/SEPmon_SW/_ide/psinit/ps7_init.tcl' is done.
00:37:19 INFO  : 'ps7_init' command is executed.
00:37:19 INFO  : 'ps7_post_config' command is executed.
00:37:19 INFO  : Context for processor 'ps7_cortexa9_0' is selected.
00:37:21 INFO  : The application 'C:/Users/gusta/OneDrive/Documents/universidad/4to/1r/SEP/Proyectos/pr2/SEPmonG3/SEPmon_SW/Debug/SEPmon_SW.elf' is downloaded to processor 'ps7_cortexa9_0'.
00:37:21 INFO  : 'configparams force-mem-access 0' command is executed.
00:37:21 INFO  : ----------------XSDB Script----------------
connect -url tcp:127.0.0.1:3121
targets -set -nocase -filter {name =~"APU*"}
rst -system
after 3000
targets -set -filter {jtag_cable_name =~ "Digilent Zybo Z7 210351B3FC88A" && level==0 && jtag_device_ctx=="jsn-Zybo Z7-210351B3FC88A-13722093-0"}
fpga -file C:/Users/gusta/OneDrive/Documents/universidad/4to/1r/SEP/Proyectos/pr2/SEPmonG3/SEPmon_SW/_ide/bitstream/SEPmon.bit
targets -set -nocase -filter {name =~"APU*"}
loadhw -hw C:/Users/gusta/OneDrive/Documents/universidad/4to/1r/SEP/Proyectos/pr2/SEPmonG3/SEPmonG3/export/SEPmonG3/hw/SEPmon.xsa -mem-ranges [list {0x40000000 0xbfffffff}] -regs
configparams force-mem-access 1
targets -set -nocase -filter {name =~"APU*"}
source C:/Users/gusta/OneDrive/Documents/universidad/4to/1r/SEP/Proyectos/pr2/SEPmonG3/SEPmon_SW/_ide/psinit/ps7_init.tcl
ps7_init
ps7_post_config
targets -set -nocase -filter {name =~ "*A9*#0"}
dow C:/Users/gusta/OneDrive/Documents/universidad/4to/1r/SEP/Proyectos/pr2/SEPmonG3/SEPmon_SW/Debug/SEPmon_SW.elf
configparams force-mem-access 0
----------------End of Script----------------

00:37:21 INFO  : Context for processor 'ps7_cortexa9_0' is selected.
00:37:21 INFO  : 'con' command is executed.
00:37:21 INFO  : ----------------XSDB Script (After Launch)----------------
targets -set -nocase -filter {name =~ "*A9*#0"}
con
----------------End of Script----------------

00:37:21 INFO  : Launch script is exported to file 'C:\Users\gusta\OneDrive\Documents\universidad\4to\1r\SEP\Proyectos\pr2\SEPmonG3\.sdk\launch_scripts\single_application_debug\debugger_sepmon_sw-default.tcl'
00:37:51 INFO  : Checking for BSP changes to sync application flags for project 'SEPmon_SW'...
00:39:28 INFO  : Checking for BSP changes to sync application flags for project 'SEPmon_SW'...
00:40:53 INFO  : Disconnected from the channel tcfchan#3.
08:46:38 INFO  : Launching XSCT server: xsct.bat -n  -interactive C:\Users\gusta\OneDrive\Documents\universidad\4to\1r\SEP\Proyectos\pr2\SEPmonG3\temp_xsdb_launch_script.tcl
08:46:41 INFO  : XSCT server has started successfully.
08:46:41 INFO  : plnx-install-location is set to ''
08:46:41 INFO  : Successfully done setting XSCT server connection channel  
08:46:41 INFO  : Successfully done setting workspace for the tool. 
08:46:44 INFO  : Platform repository initialization has completed.
08:46:44 INFO  : Registering command handlers for Vitis TCF services
08:46:44 INFO  : Successfully done query RDI_DATADIR 
08:53:42 INFO  : Connected to target on host '127.0.0.1' and port '3121'.
08:53:43 INFO  : Jtag cable 'Digilent Zybo Z7 210351B3FC88A' is selected.
08:53:43 INFO  : 'jtag frequency' command is executed.
08:53:43 INFO  : Context for 'APU' is selected.
08:53:43 INFO  : System reset is completed.
08:53:46 INFO  : 'after 3000' command is executed.
08:53:46 INFO  : 'targets -set -filter {jtag_cable_name =~ "Digilent Zybo Z7 210351B3FC88A" && level==0 && jtag_device_ctx=="jsn-Zybo Z7-210351B3FC88A-13722093-0"}' command is executed.
08:53:47 INFO  : FPGA configured successfully with bitstream "C:/Users/gusta/OneDrive/Documents/universidad/4to/1r/SEP/Proyectos/pr2/SEPmonG3/SEPmon_SW/_ide/bitstream/SEPmon.bit"
08:53:47 INFO  : Context for 'APU' is selected.
08:53:48 INFO  : Hardware design and registers information is loaded from 'C:/Users/gusta/OneDrive/Documents/universidad/4to/1r/SEP/Proyectos/pr2/SEPmonG3/SEPmonG3/export/SEPmonG3/hw/SEPmon.xsa'.
08:53:48 INFO  : 'configparams force-mem-access 1' command is executed.
08:53:48 INFO  : Context for 'APU' is selected.
08:53:48 INFO  : Sourcing of 'C:/Users/gusta/OneDrive/Documents/universidad/4to/1r/SEP/Proyectos/pr2/SEPmonG3/SEPmon_SW/_ide/psinit/ps7_init.tcl' is done.
08:53:48 INFO  : 'ps7_init' command is executed.
08:53:49 INFO  : 'ps7_post_config' command is executed.
08:53:49 INFO  : Context for processor 'ps7_cortexa9_0' is selected.
08:53:50 INFO  : The application 'C:/Users/gusta/OneDrive/Documents/universidad/4to/1r/SEP/Proyectos/pr2/SEPmonG3/SEPmon_SW/Debug/SEPmon_SW.elf' is downloaded to processor 'ps7_cortexa9_0'.
08:53:51 INFO  : 'configparams force-mem-access 0' command is executed.
08:53:51 INFO  : ----------------XSDB Script----------------
connect -url tcp:127.0.0.1:3121
targets -set -nocase -filter {name =~"APU*"}
rst -system
after 3000
targets -set -filter {jtag_cable_name =~ "Digilent Zybo Z7 210351B3FC88A" && level==0 && jtag_device_ctx=="jsn-Zybo Z7-210351B3FC88A-13722093-0"}
fpga -file C:/Users/gusta/OneDrive/Documents/universidad/4to/1r/SEP/Proyectos/pr2/SEPmonG3/SEPmon_SW/_ide/bitstream/SEPmon.bit
targets -set -nocase -filter {name =~"APU*"}
loadhw -hw C:/Users/gusta/OneDrive/Documents/universidad/4to/1r/SEP/Proyectos/pr2/SEPmonG3/SEPmonG3/export/SEPmonG3/hw/SEPmon.xsa -mem-ranges [list {0x40000000 0xbfffffff}] -regs
configparams force-mem-access 1
targets -set -nocase -filter {name =~"APU*"}
source C:/Users/gusta/OneDrive/Documents/universidad/4to/1r/SEP/Proyectos/pr2/SEPmonG3/SEPmon_SW/_ide/psinit/ps7_init.tcl
ps7_init
ps7_post_config
targets -set -nocase -filter {name =~ "*A9*#0"}
dow C:/Users/gusta/OneDrive/Documents/universidad/4to/1r/SEP/Proyectos/pr2/SEPmonG3/SEPmon_SW/Debug/SEPmon_SW.elf
configparams force-mem-access 0
----------------End of Script----------------

08:53:51 INFO  : Context for processor 'ps7_cortexa9_0' is selected.
08:53:51 INFO  : 'con' command is executed.
08:53:51 INFO  : ----------------XSDB Script (After Launch)----------------
targets -set -nocase -filter {name =~ "*A9*#0"}
con
----------------End of Script----------------

08:53:51 INFO  : Launch script is exported to file 'C:\Users\gusta\OneDrive\Documents\universidad\4to\1r\SEP\Proyectos\pr2\SEPmonG3\.sdk\launch_scripts\single_application_debug\debugger_sepmon_sw-default.tcl'
08:54:55 INFO  : Disconnected from the channel tcfchan#1.
08:54:56 INFO  : Connected to target on host '127.0.0.1' and port '3121'.
08:54:56 INFO  : Jtag cable 'Digilent Zybo Z7 210351B3FC88A' is selected.
08:54:56 INFO  : 'jtag frequency' command is executed.
08:54:56 INFO  : Context for 'APU' is selected.
08:54:56 INFO  : System reset is completed.
08:55:00 INFO  : 'after 3000' command is executed.
08:55:00 INFO  : 'targets -set -filter {jtag_cable_name =~ "Digilent Zybo Z7 210351B3FC88A" && level==0 && jtag_device_ctx=="jsn-Zybo Z7-210351B3FC88A-13722093-0"}' command is executed.
08:55:01 INFO  : FPGA configured successfully with bitstream "C:/Users/gusta/OneDrive/Documents/universidad/4to/1r/SEP/Proyectos/pr2/SEPmonG3/SEPmon_SW/_ide/bitstream/SEPmon.bit"
08:55:01 INFO  : Context for 'APU' is selected.
08:55:04 INFO  : Hardware design and registers information is loaded from 'C:/Users/gusta/OneDrive/Documents/universidad/4to/1r/SEP/Proyectos/pr2/SEPmonG3/SEPmonG3/export/SEPmonG3/hw/SEPmon.xsa'.
08:55:04 INFO  : 'configparams force-mem-access 1' command is executed.
08:55:04 INFO  : Context for 'APU' is selected.
08:55:04 INFO  : Sourcing of 'C:/Users/gusta/OneDrive/Documents/universidad/4to/1r/SEP/Proyectos/pr2/SEPmonG3/SEPmon_SW/_ide/psinit/ps7_init.tcl' is done.
08:55:05 INFO  : 'ps7_init' command is executed.
08:55:05 INFO  : 'ps7_post_config' command is executed.
08:55:05 INFO  : Context for processor 'ps7_cortexa9_0' is selected.
08:55:07 INFO  : The application 'C:/Users/gusta/OneDrive/Documents/universidad/4to/1r/SEP/Proyectos/pr2/SEPmonG3/SEPmon_SW/Debug/SEPmon_SW.elf' is downloaded to processor 'ps7_cortexa9_0'.
08:55:07 INFO  : 'configparams force-mem-access 0' command is executed.
08:55:07 INFO  : ----------------XSDB Script----------------
connect -url tcp:127.0.0.1:3121
targets -set -nocase -filter {name =~"APU*"}
rst -system
after 3000
targets -set -filter {jtag_cable_name =~ "Digilent Zybo Z7 210351B3FC88A" && level==0 && jtag_device_ctx=="jsn-Zybo Z7-210351B3FC88A-13722093-0"}
fpga -file C:/Users/gusta/OneDrive/Documents/universidad/4to/1r/SEP/Proyectos/pr2/SEPmonG3/SEPmon_SW/_ide/bitstream/SEPmon.bit
targets -set -nocase -filter {name =~"APU*"}
loadhw -hw C:/Users/gusta/OneDrive/Documents/universidad/4to/1r/SEP/Proyectos/pr2/SEPmonG3/SEPmonG3/export/SEPmonG3/hw/SEPmon.xsa -mem-ranges [list {0x40000000 0xbfffffff}] -regs
configparams force-mem-access 1
targets -set -nocase -filter {name =~"APU*"}
source C:/Users/gusta/OneDrive/Documents/universidad/4to/1r/SEP/Proyectos/pr2/SEPmonG3/SEPmon_SW/_ide/psinit/ps7_init.tcl
ps7_init
ps7_post_config
targets -set -nocase -filter {name =~ "*A9*#0"}
dow C:/Users/gusta/OneDrive/Documents/universidad/4to/1r/SEP/Proyectos/pr2/SEPmonG3/SEPmon_SW/Debug/SEPmon_SW.elf
configparams force-mem-access 0
----------------End of Script----------------

08:55:07 INFO  : Context for processor 'ps7_cortexa9_0' is selected.
08:55:07 INFO  : 'con' command is executed.
08:55:07 INFO  : ----------------XSDB Script (After Launch)----------------
targets -set -nocase -filter {name =~ "*A9*#0"}
con
----------------End of Script----------------

08:55:07 INFO  : Launch script is exported to file 'C:\Users\gusta\OneDrive\Documents\universidad\4to\1r\SEP\Proyectos\pr2\SEPmonG3\.sdk\launch_scripts\single_application_debug\debugger_sepmon_sw-default.tcl'
08:57:45 INFO  : Launching XSCT server: xsct.bat -n  -interactive C:\Users\gusta\OneDrive\Documents\universidad\4to\1r\SEP\Proyectos\pr2\SEPmonG3\temp_xsdb_launch_script.tcl
16:17:27 INFO  : Launching XSCT server: xsct.bat -n  -interactive C:\Users\gusta\OneDrive\Documents\universidad\4to\1r\SEP\Proyectos\pr2\SEPmonG3\temp_xsdb_launch_script.tcl
16:17:31 INFO  : XSCT server has started successfully.
16:17:31 INFO  : Successfully done setting XSCT server connection channel  
16:17:31 INFO  : plnx-install-location is set to ''
16:17:31 INFO  : Successfully done setting workspace for the tool. 
16:18:05 INFO  : Platform repository initialization has completed.
16:18:05 INFO  : Registering command handlers for Vitis TCF services
16:18:10 INFO  : Successfully done query RDI_DATADIR 
16:40:08 INFO  : Result from executing command 'getProjects': SEPmonG3
16:40:08 INFO  : Result from executing command 'getPlatforms': SEPmonG3|C:/Users/gusta/OneDrive/Documents/universidad/4to/1r/SEP/Proyectos/pr2/SEPmonG3/SEPmonG3/export/SEPmonG3/SEPmonG3.xpfm
16:40:08 INFO  : Checking for BSP changes to sync application flags for project 'SEPmon_SW'...
16:41:13 INFO  : Checking for BSP changes to sync application flags for project 'SEPmon_SW'...
16:42:01 INFO  : Checking for BSP changes to sync application flags for project 'SEPmon_SW'...
16:42:09 INFO  : Connected to target on host '127.0.0.1' and port '3121'.
16:42:15 INFO  : Jtag cable 'Digilent Zybo Z7 210351B3FC88A' is selected.
16:42:15 INFO  : 'jtag frequency' command is executed.
16:42:15 INFO  : Context for 'APU' is selected.
16:42:15 INFO  : System reset is completed.
16:42:18 INFO  : 'after 3000' command is executed.
16:42:19 INFO  : 'targets -set -filter {jtag_cable_name =~ "Digilent Zybo Z7 210351B3FC88A" && level==0 && jtag_device_ctx=="jsn-Zybo Z7-210351B3FC88A-13722093-0"}' command is executed.
16:42:20 INFO  : FPGA configured successfully with bitstream "C:/Users/gusta/OneDrive/Documents/universidad/4to/1r/SEP/Proyectos/pr2/SEPmonG3/SEPmon_SW/_ide/bitstream/SEPmon.bit"
16:42:20 INFO  : Context for 'APU' is selected.
16:42:20 INFO  : Hardware design and registers information is loaded from 'C:/Users/gusta/OneDrive/Documents/universidad/4to/1r/SEP/Proyectos/pr2/SEPmonG3/SEPmonG3/export/SEPmonG3/hw/SEPmon.xsa'.
16:42:20 INFO  : 'configparams force-mem-access 1' command is executed.
16:42:20 INFO  : Context for 'APU' is selected.
16:42:20 INFO  : Sourcing of 'C:/Users/gusta/OneDrive/Documents/universidad/4to/1r/SEP/Proyectos/pr2/SEPmonG3/SEPmon_SW/_ide/psinit/ps7_init.tcl' is done.
16:42:20 INFO  : 'ps7_init' command is executed.
16:42:20 INFO  : 'ps7_post_config' command is executed.
16:42:20 INFO  : Context for processor 'ps7_cortexa9_0' is selected.
16:42:22 INFO  : The application 'C:/Users/gusta/OneDrive/Documents/universidad/4to/1r/SEP/Proyectos/pr2/SEPmonG3/SEPmon_SW/Debug/SEPmon_SW.elf' is downloaded to processor 'ps7_cortexa9_0'.
16:42:22 INFO  : 'configparams force-mem-access 0' command is executed.
16:42:22 INFO  : ----------------XSDB Script----------------
connect -url tcp:127.0.0.1:3121
targets -set -nocase -filter {name =~"APU*"}
rst -system
after 3000
targets -set -filter {jtag_cable_name =~ "Digilent Zybo Z7 210351B3FC88A" && level==0 && jtag_device_ctx=="jsn-Zybo Z7-210351B3FC88A-13722093-0"}
fpga -file C:/Users/gusta/OneDrive/Documents/universidad/4to/1r/SEP/Proyectos/pr2/SEPmonG3/SEPmon_SW/_ide/bitstream/SEPmon.bit
targets -set -nocase -filter {name =~"APU*"}
loadhw -hw C:/Users/gusta/OneDrive/Documents/universidad/4to/1r/SEP/Proyectos/pr2/SEPmonG3/SEPmonG3/export/SEPmonG3/hw/SEPmon.xsa -mem-ranges [list {0x40000000 0xbfffffff}] -regs
configparams force-mem-access 1
targets -set -nocase -filter {name =~"APU*"}
source C:/Users/gusta/OneDrive/Documents/universidad/4to/1r/SEP/Proyectos/pr2/SEPmonG3/SEPmon_SW/_ide/psinit/ps7_init.tcl
ps7_init
ps7_post_config
targets -set -nocase -filter {name =~ "*A9*#0"}
dow C:/Users/gusta/OneDrive/Documents/universidad/4to/1r/SEP/Proyectos/pr2/SEPmonG3/SEPmon_SW/Debug/SEPmon_SW.elf
configparams force-mem-access 0
----------------End of Script----------------

16:42:23 INFO  : Context for processor 'ps7_cortexa9_0' is selected.
16:42:23 INFO  : 'con' command is executed.
16:42:23 INFO  : ----------------XSDB Script (After Launch)----------------
targets -set -nocase -filter {name =~ "*A9*#0"}
con
----------------End of Script----------------

16:42:23 INFO  : Launch script is exported to file 'C:\Users\gusta\OneDrive\Documents\universidad\4to\1r\SEP\Proyectos\pr2\SEPmonG3\.sdk\launch_scripts\single_application_debug\debugger_sepmon_sw-default.tcl'
16:43:02 INFO  : Checking for BSP changes to sync application flags for project 'SEPmon_SW'...
16:43:07 INFO  : Disconnected from the channel tcfchan#2.
16:43:08 INFO  : Connected to target on host '127.0.0.1' and port '3121'.
16:43:08 INFO  : Jtag cable 'Digilent Zybo Z7 210351B3FC88A' is selected.
16:43:08 INFO  : 'jtag frequency' command is executed.
16:43:08 INFO  : Context for 'APU' is selected.
16:43:08 INFO  : System reset is completed.
16:43:11 INFO  : 'after 3000' command is executed.
16:43:11 INFO  : 'targets -set -filter {jtag_cable_name =~ "Digilent Zybo Z7 210351B3FC88A" && level==0 && jtag_device_ctx=="jsn-Zybo Z7-210351B3FC88A-13722093-0"}' command is executed.
16:43:12 INFO  : FPGA configured successfully with bitstream "C:/Users/gusta/OneDrive/Documents/universidad/4to/1r/SEP/Proyectos/pr2/SEPmonG3/SEPmon_SW/_ide/bitstream/SEPmon.bit"
16:43:12 INFO  : Context for 'APU' is selected.
16:43:12 INFO  : Hardware design and registers information is loaded from 'C:/Users/gusta/OneDrive/Documents/universidad/4to/1r/SEP/Proyectos/pr2/SEPmonG3/SEPmonG3/export/SEPmonG3/hw/SEPmon.xsa'.
16:43:12 INFO  : 'configparams force-mem-access 1' command is executed.
16:43:12 INFO  : Context for 'APU' is selected.
16:43:12 INFO  : Sourcing of 'C:/Users/gusta/OneDrive/Documents/universidad/4to/1r/SEP/Proyectos/pr2/SEPmonG3/SEPmon_SW/_ide/psinit/ps7_init.tcl' is done.
16:43:13 INFO  : 'ps7_init' command is executed.
16:43:13 INFO  : 'ps7_post_config' command is executed.
16:43:13 INFO  : Context for processor 'ps7_cortexa9_0' is selected.
16:43:15 INFO  : The application 'C:/Users/gusta/OneDrive/Documents/universidad/4to/1r/SEP/Proyectos/pr2/SEPmonG3/SEPmon_SW/Debug/SEPmon_SW.elf' is downloaded to processor 'ps7_cortexa9_0'.
16:43:15 INFO  : 'configparams force-mem-access 0' command is executed.
16:43:15 INFO  : ----------------XSDB Script----------------
connect -url tcp:127.0.0.1:3121
targets -set -nocase -filter {name =~"APU*"}
rst -system
after 3000
targets -set -filter {jtag_cable_name =~ "Digilent Zybo Z7 210351B3FC88A" && level==0 && jtag_device_ctx=="jsn-Zybo Z7-210351B3FC88A-13722093-0"}
fpga -file C:/Users/gusta/OneDrive/Documents/universidad/4to/1r/SEP/Proyectos/pr2/SEPmonG3/SEPmon_SW/_ide/bitstream/SEPmon.bit
targets -set -nocase -filter {name =~"APU*"}
loadhw -hw C:/Users/gusta/OneDrive/Documents/universidad/4to/1r/SEP/Proyectos/pr2/SEPmonG3/SEPmonG3/export/SEPmonG3/hw/SEPmon.xsa -mem-ranges [list {0x40000000 0xbfffffff}] -regs
configparams force-mem-access 1
targets -set -nocase -filter {name =~"APU*"}
source C:/Users/gusta/OneDrive/Documents/universidad/4to/1r/SEP/Proyectos/pr2/SEPmonG3/SEPmon_SW/_ide/psinit/ps7_init.tcl
ps7_init
ps7_post_config
targets -set -nocase -filter {name =~ "*A9*#0"}
dow C:/Users/gusta/OneDrive/Documents/universidad/4to/1r/SEP/Proyectos/pr2/SEPmonG3/SEPmon_SW/Debug/SEPmon_SW.elf
configparams force-mem-access 0
----------------End of Script----------------

16:43:15 INFO  : Context for processor 'ps7_cortexa9_0' is selected.
16:43:15 INFO  : 'con' command is executed.
16:43:15 INFO  : ----------------XSDB Script (After Launch)----------------
targets -set -nocase -filter {name =~ "*A9*#0"}
con
----------------End of Script----------------

16:43:15 INFO  : Launch script is exported to file 'C:\Users\gusta\OneDrive\Documents\universidad\4to\1r\SEP\Proyectos\pr2\SEPmonG3\.sdk\launch_scripts\single_application_debug\debugger_sepmon_sw-default.tcl'
16:44:15 INFO  : Checking for BSP changes to sync application flags for project 'SEPmon_SW'...
16:44:35 INFO  : Checking for BSP changes to sync application flags for project 'SEPmon_SW'...
16:44:39 INFO  : Disconnected from the channel tcfchan#3.
16:44:40 INFO  : Connected to target on host '127.0.0.1' and port '3121'.
16:44:40 INFO  : Jtag cable 'Digilent Zybo Z7 210351B3FC88A' is selected.
16:44:40 INFO  : 'jtag frequency' command is executed.
16:44:40 INFO  : Context for 'APU' is selected.
16:44:40 INFO  : System reset is completed.
16:44:44 INFO  : 'after 3000' command is executed.
16:44:44 INFO  : 'targets -set -filter {jtag_cable_name =~ "Digilent Zybo Z7 210351B3FC88A" && level==0 && jtag_device_ctx=="jsn-Zybo Z7-210351B3FC88A-13722093-0"}' command is executed.
16:44:45 INFO  : FPGA configured successfully with bitstream "C:/Users/gusta/OneDrive/Documents/universidad/4to/1r/SEP/Proyectos/pr2/SEPmonG3/SEPmon_SW/_ide/bitstream/SEPmon.bit"
16:44:45 INFO  : Context for 'APU' is selected.
16:44:45 INFO  : Hardware design and registers information is loaded from 'C:/Users/gusta/OneDrive/Documents/universidad/4to/1r/SEP/Proyectos/pr2/SEPmonG3/SEPmonG3/export/SEPmonG3/hw/SEPmon.xsa'.
16:44:45 INFO  : 'configparams force-mem-access 1' command is executed.
16:44:45 INFO  : Context for 'APU' is selected.
16:44:45 INFO  : Sourcing of 'C:/Users/gusta/OneDrive/Documents/universidad/4to/1r/SEP/Proyectos/pr2/SEPmonG3/SEPmon_SW/_ide/psinit/ps7_init.tcl' is done.
16:44:45 INFO  : 'ps7_init' command is executed.
16:44:45 INFO  : 'ps7_post_config' command is executed.
16:44:45 INFO  : Context for processor 'ps7_cortexa9_0' is selected.
16:44:47 INFO  : The application 'C:/Users/gusta/OneDrive/Documents/universidad/4to/1r/SEP/Proyectos/pr2/SEPmonG3/SEPmon_SW/Debug/SEPmon_SW.elf' is downloaded to processor 'ps7_cortexa9_0'.
16:44:47 INFO  : 'configparams force-mem-access 0' command is executed.
16:44:47 INFO  : ----------------XSDB Script----------------
connect -url tcp:127.0.0.1:3121
targets -set -nocase -filter {name =~"APU*"}
rst -system
after 3000
targets -set -filter {jtag_cable_name =~ "Digilent Zybo Z7 210351B3FC88A" && level==0 && jtag_device_ctx=="jsn-Zybo Z7-210351B3FC88A-13722093-0"}
fpga -file C:/Users/gusta/OneDrive/Documents/universidad/4to/1r/SEP/Proyectos/pr2/SEPmonG3/SEPmon_SW/_ide/bitstream/SEPmon.bit
targets -set -nocase -filter {name =~"APU*"}
loadhw -hw C:/Users/gusta/OneDrive/Documents/universidad/4to/1r/SEP/Proyectos/pr2/SEPmonG3/SEPmonG3/export/SEPmonG3/hw/SEPmon.xsa -mem-ranges [list {0x40000000 0xbfffffff}] -regs
configparams force-mem-access 1
targets -set -nocase -filter {name =~"APU*"}
source C:/Users/gusta/OneDrive/Documents/universidad/4to/1r/SEP/Proyectos/pr2/SEPmonG3/SEPmon_SW/_ide/psinit/ps7_init.tcl
ps7_init
ps7_post_config
targets -set -nocase -filter {name =~ "*A9*#0"}
dow C:/Users/gusta/OneDrive/Documents/universidad/4to/1r/SEP/Proyectos/pr2/SEPmonG3/SEPmon_SW/Debug/SEPmon_SW.elf
configparams force-mem-access 0
----------------End of Script----------------

16:44:48 INFO  : Context for processor 'ps7_cortexa9_0' is selected.
16:44:48 INFO  : 'con' command is executed.
16:44:48 INFO  : ----------------XSDB Script (After Launch)----------------
targets -set -nocase -filter {name =~ "*A9*#0"}
con
----------------End of Script----------------

16:44:48 INFO  : Launch script is exported to file 'C:\Users\gusta\OneDrive\Documents\universidad\4to\1r\SEP\Proyectos\pr2\SEPmonG3\.sdk\launch_scripts\single_application_debug\debugger_sepmon_sw-default.tcl'
16:45:24 INFO  : Checking for BSP changes to sync application flags for project 'SEPmon_SW'...
16:45:30 INFO  : Disconnected from the channel tcfchan#4.
16:45:31 INFO  : Connected to target on host '127.0.0.1' and port '3121'.
16:45:31 INFO  : Jtag cable 'Digilent Zybo Z7 210351B3FC88A' is selected.
16:45:31 INFO  : 'jtag frequency' command is executed.
16:45:31 INFO  : Context for 'APU' is selected.
16:45:32 INFO  : System reset is completed.
16:45:35 INFO  : 'after 3000' command is executed.
16:45:35 INFO  : 'targets -set -filter {jtag_cable_name =~ "Digilent Zybo Z7 210351B3FC88A" && level==0 && jtag_device_ctx=="jsn-Zybo Z7-210351B3FC88A-13722093-0"}' command is executed.
16:45:36 INFO  : FPGA configured successfully with bitstream "C:/Users/gusta/OneDrive/Documents/universidad/4to/1r/SEP/Proyectos/pr2/SEPmonG3/SEPmon_SW/_ide/bitstream/SEPmon.bit"
16:45:36 INFO  : Context for 'APU' is selected.
16:45:36 INFO  : Hardware design and registers information is loaded from 'C:/Users/gusta/OneDrive/Documents/universidad/4to/1r/SEP/Proyectos/pr2/SEPmonG3/SEPmonG3/export/SEPmonG3/hw/SEPmon.xsa'.
16:45:36 INFO  : 'configparams force-mem-access 1' command is executed.
16:45:36 INFO  : Context for 'APU' is selected.
16:45:36 INFO  : Sourcing of 'C:/Users/gusta/OneDrive/Documents/universidad/4to/1r/SEP/Proyectos/pr2/SEPmonG3/SEPmon_SW/_ide/psinit/ps7_init.tcl' is done.
16:45:36 INFO  : 'ps7_init' command is executed.
16:45:36 INFO  : 'ps7_post_config' command is executed.
16:45:36 INFO  : Context for processor 'ps7_cortexa9_0' is selected.
16:45:38 INFO  : The application 'C:/Users/gusta/OneDrive/Documents/universidad/4to/1r/SEP/Proyectos/pr2/SEPmonG3/SEPmon_SW/Debug/SEPmon_SW.elf' is downloaded to processor 'ps7_cortexa9_0'.
16:45:38 INFO  : 'configparams force-mem-access 0' command is executed.
16:45:38 INFO  : ----------------XSDB Script----------------
connect -url tcp:127.0.0.1:3121
targets -set -nocase -filter {name =~"APU*"}
rst -system
after 3000
targets -set -filter {jtag_cable_name =~ "Digilent Zybo Z7 210351B3FC88A" && level==0 && jtag_device_ctx=="jsn-Zybo Z7-210351B3FC88A-13722093-0"}
fpga -file C:/Users/gusta/OneDrive/Documents/universidad/4to/1r/SEP/Proyectos/pr2/SEPmonG3/SEPmon_SW/_ide/bitstream/SEPmon.bit
targets -set -nocase -filter {name =~"APU*"}
loadhw -hw C:/Users/gusta/OneDrive/Documents/universidad/4to/1r/SEP/Proyectos/pr2/SEPmonG3/SEPmonG3/export/SEPmonG3/hw/SEPmon.xsa -mem-ranges [list {0x40000000 0xbfffffff}] -regs
configparams force-mem-access 1
targets -set -nocase -filter {name =~"APU*"}
source C:/Users/gusta/OneDrive/Documents/universidad/4to/1r/SEP/Proyectos/pr2/SEPmonG3/SEPmon_SW/_ide/psinit/ps7_init.tcl
ps7_init
ps7_post_config
targets -set -nocase -filter {name =~ "*A9*#0"}
dow C:/Users/gusta/OneDrive/Documents/universidad/4to/1r/SEP/Proyectos/pr2/SEPmonG3/SEPmon_SW/Debug/SEPmon_SW.elf
configparams force-mem-access 0
----------------End of Script----------------

16:45:38 INFO  : Context for processor 'ps7_cortexa9_0' is selected.
16:45:38 INFO  : 'con' command is executed.
16:45:38 INFO  : ----------------XSDB Script (After Launch)----------------
targets -set -nocase -filter {name =~ "*A9*#0"}
con
----------------End of Script----------------

16:45:38 INFO  : Launch script is exported to file 'C:\Users\gusta\OneDrive\Documents\universidad\4to\1r\SEP\Proyectos\pr2\SEPmonG3\.sdk\launch_scripts\single_application_debug\debugger_sepmon_sw-default.tcl'
16:46:23 INFO  : Checking for BSP changes to sync application flags for project 'SEPmon_SW'...
16:47:38 INFO  : Checking for BSP changes to sync application flags for project 'SEPmon_SW'...
16:47:43 INFO  : Disconnected from the channel tcfchan#5.
16:47:44 INFO  : Connected to target on host '127.0.0.1' and port '3121'.
16:47:44 INFO  : Jtag cable 'Digilent Zybo Z7 210351B3FC88A' is selected.
16:47:44 INFO  : 'jtag frequency' command is executed.
16:47:44 INFO  : Context for 'APU' is selected.
16:47:44 INFO  : System reset is completed.
16:47:47 INFO  : 'after 3000' command is executed.
16:47:47 INFO  : 'targets -set -filter {jtag_cable_name =~ "Digilent Zybo Z7 210351B3FC88A" && level==0 && jtag_device_ctx=="jsn-Zybo Z7-210351B3FC88A-13722093-0"}' command is executed.
16:47:48 INFO  : FPGA configured successfully with bitstream "C:/Users/gusta/OneDrive/Documents/universidad/4to/1r/SEP/Proyectos/pr2/SEPmonG3/SEPmon_SW/_ide/bitstream/SEPmon.bit"
16:47:48 INFO  : Context for 'APU' is selected.
16:47:48 INFO  : Hardware design and registers information is loaded from 'C:/Users/gusta/OneDrive/Documents/universidad/4to/1r/SEP/Proyectos/pr2/SEPmonG3/SEPmonG3/export/SEPmonG3/hw/SEPmon.xsa'.
16:47:48 INFO  : 'configparams force-mem-access 1' command is executed.
16:47:48 INFO  : Context for 'APU' is selected.
16:47:48 INFO  : Sourcing of 'C:/Users/gusta/OneDrive/Documents/universidad/4to/1r/SEP/Proyectos/pr2/SEPmonG3/SEPmon_SW/_ide/psinit/ps7_init.tcl' is done.
16:47:49 INFO  : 'ps7_init' command is executed.
16:47:49 INFO  : 'ps7_post_config' command is executed.
16:47:49 INFO  : Context for processor 'ps7_cortexa9_0' is selected.
16:47:51 INFO  : The application 'C:/Users/gusta/OneDrive/Documents/universidad/4to/1r/SEP/Proyectos/pr2/SEPmonG3/SEPmon_SW/Debug/SEPmon_SW.elf' is downloaded to processor 'ps7_cortexa9_0'.
16:47:51 INFO  : 'configparams force-mem-access 0' command is executed.
16:47:51 INFO  : ----------------XSDB Script----------------
connect -url tcp:127.0.0.1:3121
targets -set -nocase -filter {name =~"APU*"}
rst -system
after 3000
targets -set -filter {jtag_cable_name =~ "Digilent Zybo Z7 210351B3FC88A" && level==0 && jtag_device_ctx=="jsn-Zybo Z7-210351B3FC88A-13722093-0"}
fpga -file C:/Users/gusta/OneDrive/Documents/universidad/4to/1r/SEP/Proyectos/pr2/SEPmonG3/SEPmon_SW/_ide/bitstream/SEPmon.bit
targets -set -nocase -filter {name =~"APU*"}
loadhw -hw C:/Users/gusta/OneDrive/Documents/universidad/4to/1r/SEP/Proyectos/pr2/SEPmonG3/SEPmonG3/export/SEPmonG3/hw/SEPmon.xsa -mem-ranges [list {0x40000000 0xbfffffff}] -regs
configparams force-mem-access 1
targets -set -nocase -filter {name =~"APU*"}
source C:/Users/gusta/OneDrive/Documents/universidad/4to/1r/SEP/Proyectos/pr2/SEPmonG3/SEPmon_SW/_ide/psinit/ps7_init.tcl
ps7_init
ps7_post_config
targets -set -nocase -filter {name =~ "*A9*#0"}
dow C:/Users/gusta/OneDrive/Documents/universidad/4to/1r/SEP/Proyectos/pr2/SEPmonG3/SEPmon_SW/Debug/SEPmon_SW.elf
configparams force-mem-access 0
----------------End of Script----------------

16:47:51 INFO  : Context for processor 'ps7_cortexa9_0' is selected.
16:47:51 INFO  : 'con' command is executed.
16:47:51 INFO  : ----------------XSDB Script (After Launch)----------------
targets -set -nocase -filter {name =~ "*A9*#0"}
con
----------------End of Script----------------

16:47:51 INFO  : Launch script is exported to file 'C:\Users\gusta\OneDrive\Documents\universidad\4to\1r\SEP\Proyectos\pr2\SEPmonG3\.sdk\launch_scripts\single_application_debug\debugger_sepmon_sw-default.tcl'
16:48:18 INFO  : Checking for BSP changes to sync application flags for project 'SEPmon_SW'...
16:48:23 INFO  : Disconnected from the channel tcfchan#6.
16:48:24 INFO  : Connected to target on host '127.0.0.1' and port '3121'.
16:48:24 INFO  : Jtag cable 'Digilent Zybo Z7 210351B3FC88A' is selected.
16:48:24 INFO  : 'jtag frequency' command is executed.
16:48:24 INFO  : Context for 'APU' is selected.
16:48:24 INFO  : System reset is completed.
16:48:27 INFO  : 'after 3000' command is executed.
16:48:27 INFO  : 'targets -set -filter {jtag_cable_name =~ "Digilent Zybo Z7 210351B3FC88A" && level==0 && jtag_device_ctx=="jsn-Zybo Z7-210351B3FC88A-13722093-0"}' command is executed.
16:48:28 INFO  : FPGA configured successfully with bitstream "C:/Users/gusta/OneDrive/Documents/universidad/4to/1r/SEP/Proyectos/pr2/SEPmonG3/SEPmon_SW/_ide/bitstream/SEPmon.bit"
16:48:28 INFO  : Context for 'APU' is selected.
16:48:28 INFO  : Hardware design and registers information is loaded from 'C:/Users/gusta/OneDrive/Documents/universidad/4to/1r/SEP/Proyectos/pr2/SEPmonG3/SEPmonG3/export/SEPmonG3/hw/SEPmon.xsa'.
16:48:28 INFO  : 'configparams force-mem-access 1' command is executed.
16:48:28 INFO  : Context for 'APU' is selected.
16:48:28 INFO  : Sourcing of 'C:/Users/gusta/OneDrive/Documents/universidad/4to/1r/SEP/Proyectos/pr2/SEPmonG3/SEPmon_SW/_ide/psinit/ps7_init.tcl' is done.
16:48:29 INFO  : 'ps7_init' command is executed.
16:48:29 INFO  : 'ps7_post_config' command is executed.
16:48:29 INFO  : Context for processor 'ps7_cortexa9_0' is selected.
16:48:31 INFO  : The application 'C:/Users/gusta/OneDrive/Documents/universidad/4to/1r/SEP/Proyectos/pr2/SEPmonG3/SEPmon_SW/Debug/SEPmon_SW.elf' is downloaded to processor 'ps7_cortexa9_0'.
16:48:31 INFO  : 'configparams force-mem-access 0' command is executed.
16:48:31 INFO  : ----------------XSDB Script----------------
connect -url tcp:127.0.0.1:3121
targets -set -nocase -filter {name =~"APU*"}
rst -system
after 3000
targets -set -filter {jtag_cable_name =~ "Digilent Zybo Z7 210351B3FC88A" && level==0 && jtag_device_ctx=="jsn-Zybo Z7-210351B3FC88A-13722093-0"}
fpga -file C:/Users/gusta/OneDrive/Documents/universidad/4to/1r/SEP/Proyectos/pr2/SEPmonG3/SEPmon_SW/_ide/bitstream/SEPmon.bit
targets -set -nocase -filter {name =~"APU*"}
loadhw -hw C:/Users/gusta/OneDrive/Documents/universidad/4to/1r/SEP/Proyectos/pr2/SEPmonG3/SEPmonG3/export/SEPmonG3/hw/SEPmon.xsa -mem-ranges [list {0x40000000 0xbfffffff}] -regs
configparams force-mem-access 1
targets -set -nocase -filter {name =~"APU*"}
source C:/Users/gusta/OneDrive/Documents/universidad/4to/1r/SEP/Proyectos/pr2/SEPmonG3/SEPmon_SW/_ide/psinit/ps7_init.tcl
ps7_init
ps7_post_config
targets -set -nocase -filter {name =~ "*A9*#0"}
dow C:/Users/gusta/OneDrive/Documents/universidad/4to/1r/SEP/Proyectos/pr2/SEPmonG3/SEPmon_SW/Debug/SEPmon_SW.elf
configparams force-mem-access 0
----------------End of Script----------------

16:48:31 INFO  : Context for processor 'ps7_cortexa9_0' is selected.
16:48:31 INFO  : 'con' command is executed.
16:48:31 INFO  : ----------------XSDB Script (After Launch)----------------
targets -set -nocase -filter {name =~ "*A9*#0"}
con
----------------End of Script----------------

16:48:31 INFO  : Launch script is exported to file 'C:\Users\gusta\OneDrive\Documents\universidad\4to\1r\SEP\Proyectos\pr2\SEPmonG3\.sdk\launch_scripts\single_application_debug\debugger_sepmon_sw-default.tcl'
16:50:00 INFO  : Checking for BSP changes to sync application flags for project 'SEPmon_SW'...
16:50:04 INFO  : Checking for BSP changes to sync application flags for project 'SEPmon_SW'...
16:50:07 INFO  : Disconnected from the channel tcfchan#7.
16:50:08 INFO  : Connected to target on host '127.0.0.1' and port '3121'.
16:50:09 INFO  : Jtag cable 'Digilent Zybo Z7 210351B3FC88A' is selected.
16:50:09 INFO  : 'jtag frequency' command is executed.
16:50:09 INFO  : Context for 'APU' is selected.
16:50:09 INFO  : System reset is completed.
16:50:12 INFO  : 'after 3000' command is executed.
16:50:12 INFO  : 'targets -set -filter {jtag_cable_name =~ "Digilent Zybo Z7 210351B3FC88A" && level==0 && jtag_device_ctx=="jsn-Zybo Z7-210351B3FC88A-13722093-0"}' command is executed.
16:50:13 INFO  : FPGA configured successfully with bitstream "C:/Users/gusta/OneDrive/Documents/universidad/4to/1r/SEP/Proyectos/pr2/SEPmonG3/SEPmon_SW/_ide/bitstream/SEPmon.bit"
16:50:13 INFO  : Context for 'APU' is selected.
16:50:13 INFO  : Hardware design and registers information is loaded from 'C:/Users/gusta/OneDrive/Documents/universidad/4to/1r/SEP/Proyectos/pr2/SEPmonG3/SEPmonG3/export/SEPmonG3/hw/SEPmon.xsa'.
16:50:13 INFO  : 'configparams force-mem-access 1' command is executed.
16:50:13 INFO  : Context for 'APU' is selected.
16:50:13 INFO  : Sourcing of 'C:/Users/gusta/OneDrive/Documents/universidad/4to/1r/SEP/Proyectos/pr2/SEPmonG3/SEPmon_SW/_ide/psinit/ps7_init.tcl' is done.
16:50:13 INFO  : 'ps7_init' command is executed.
16:50:13 INFO  : 'ps7_post_config' command is executed.
16:50:14 INFO  : Context for processor 'ps7_cortexa9_0' is selected.
16:50:16 INFO  : The application 'C:/Users/gusta/OneDrive/Documents/universidad/4to/1r/SEP/Proyectos/pr2/SEPmonG3/SEPmon_SW/Debug/SEPmon_SW.elf' is downloaded to processor 'ps7_cortexa9_0'.
16:50:16 INFO  : 'configparams force-mem-access 0' command is executed.
16:50:16 INFO  : ----------------XSDB Script----------------
connect -url tcp:127.0.0.1:3121
targets -set -nocase -filter {name =~"APU*"}
rst -system
after 3000
targets -set -filter {jtag_cable_name =~ "Digilent Zybo Z7 210351B3FC88A" && level==0 && jtag_device_ctx=="jsn-Zybo Z7-210351B3FC88A-13722093-0"}
fpga -file C:/Users/gusta/OneDrive/Documents/universidad/4to/1r/SEP/Proyectos/pr2/SEPmonG3/SEPmon_SW/_ide/bitstream/SEPmon.bit
targets -set -nocase -filter {name =~"APU*"}
loadhw -hw C:/Users/gusta/OneDrive/Documents/universidad/4to/1r/SEP/Proyectos/pr2/SEPmonG3/SEPmonG3/export/SEPmonG3/hw/SEPmon.xsa -mem-ranges [list {0x40000000 0xbfffffff}] -regs
configparams force-mem-access 1
targets -set -nocase -filter {name =~"APU*"}
source C:/Users/gusta/OneDrive/Documents/universidad/4to/1r/SEP/Proyectos/pr2/SEPmonG3/SEPmon_SW/_ide/psinit/ps7_init.tcl
ps7_init
ps7_post_config
targets -set -nocase -filter {name =~ "*A9*#0"}
dow C:/Users/gusta/OneDrive/Documents/universidad/4to/1r/SEP/Proyectos/pr2/SEPmonG3/SEPmon_SW/Debug/SEPmon_SW.elf
configparams force-mem-access 0
----------------End of Script----------------

16:50:16 INFO  : Context for processor 'ps7_cortexa9_0' is selected.
16:50:16 INFO  : 'con' command is executed.
16:50:16 INFO  : ----------------XSDB Script (After Launch)----------------
targets -set -nocase -filter {name =~ "*A9*#0"}
con
----------------End of Script----------------

16:50:16 INFO  : Launch script is exported to file 'C:\Users\gusta\OneDrive\Documents\universidad\4to\1r\SEP\Proyectos\pr2\SEPmonG3\.sdk\launch_scripts\single_application_debug\debugger_sepmon_sw-default.tcl'
16:51:29 INFO  : Checking for BSP changes to sync application flags for project 'SEPmon_SW'...
16:51:35 INFO  : Disconnected from the channel tcfchan#8.
16:51:36 INFO  : Connected to target on host '127.0.0.1' and port '3121'.
16:51:36 INFO  : Jtag cable 'Digilent Zybo Z7 210351B3FC88A' is selected.
16:51:36 INFO  : 'jtag frequency' command is executed.
16:51:36 INFO  : Context for 'APU' is selected.
16:51:36 INFO  : System reset is completed.
16:51:39 INFO  : 'after 3000' command is executed.
16:51:39 INFO  : 'targets -set -filter {jtag_cable_name =~ "Digilent Zybo Z7 210351B3FC88A" && level==0 && jtag_device_ctx=="jsn-Zybo Z7-210351B3FC88A-13722093-0"}' command is executed.
16:51:40 INFO  : FPGA configured successfully with bitstream "C:/Users/gusta/OneDrive/Documents/universidad/4to/1r/SEP/Proyectos/pr2/SEPmonG3/SEPmon_SW/_ide/bitstream/SEPmon.bit"
16:51:40 INFO  : Context for 'APU' is selected.
16:51:40 INFO  : Hardware design and registers information is loaded from 'C:/Users/gusta/OneDrive/Documents/universidad/4to/1r/SEP/Proyectos/pr2/SEPmonG3/SEPmonG3/export/SEPmonG3/hw/SEPmon.xsa'.
16:51:40 INFO  : 'configparams force-mem-access 1' command is executed.
16:51:40 INFO  : Context for 'APU' is selected.
16:51:40 INFO  : Sourcing of 'C:/Users/gusta/OneDrive/Documents/universidad/4to/1r/SEP/Proyectos/pr2/SEPmonG3/SEPmon_SW/_ide/psinit/ps7_init.tcl' is done.
16:51:41 INFO  : 'ps7_init' command is executed.
16:51:41 INFO  : 'ps7_post_config' command is executed.
16:51:41 INFO  : Context for processor 'ps7_cortexa9_0' is selected.
16:51:43 INFO  : The application 'C:/Users/gusta/OneDrive/Documents/universidad/4to/1r/SEP/Proyectos/pr2/SEPmonG3/SEPmon_SW/Debug/SEPmon_SW.elf' is downloaded to processor 'ps7_cortexa9_0'.
16:51:43 INFO  : 'configparams force-mem-access 0' command is executed.
16:51:43 INFO  : ----------------XSDB Script----------------
connect -url tcp:127.0.0.1:3121
targets -set -nocase -filter {name =~"APU*"}
rst -system
after 3000
targets -set -filter {jtag_cable_name =~ "Digilent Zybo Z7 210351B3FC88A" && level==0 && jtag_device_ctx=="jsn-Zybo Z7-210351B3FC88A-13722093-0"}
fpga -file C:/Users/gusta/OneDrive/Documents/universidad/4to/1r/SEP/Proyectos/pr2/SEPmonG3/SEPmon_SW/_ide/bitstream/SEPmon.bit
targets -set -nocase -filter {name =~"APU*"}
loadhw -hw C:/Users/gusta/OneDrive/Documents/universidad/4to/1r/SEP/Proyectos/pr2/SEPmonG3/SEPmonG3/export/SEPmonG3/hw/SEPmon.xsa -mem-ranges [list {0x40000000 0xbfffffff}] -regs
configparams force-mem-access 1
targets -set -nocase -filter {name =~"APU*"}
source C:/Users/gusta/OneDrive/Documents/universidad/4to/1r/SEP/Proyectos/pr2/SEPmonG3/SEPmon_SW/_ide/psinit/ps7_init.tcl
ps7_init
ps7_post_config
targets -set -nocase -filter {name =~ "*A9*#0"}
dow C:/Users/gusta/OneDrive/Documents/universidad/4to/1r/SEP/Proyectos/pr2/SEPmonG3/SEPmon_SW/Debug/SEPmon_SW.elf
configparams force-mem-access 0
----------------End of Script----------------

16:51:43 INFO  : Context for processor 'ps7_cortexa9_0' is selected.
16:51:43 INFO  : 'con' command is executed.
16:51:43 INFO  : ----------------XSDB Script (After Launch)----------------
targets -set -nocase -filter {name =~ "*A9*#0"}
con
----------------End of Script----------------

16:51:43 INFO  : Launch script is exported to file 'C:\Users\gusta\OneDrive\Documents\universidad\4to\1r\SEP\Proyectos\pr2\SEPmonG3\.sdk\launch_scripts\single_application_debug\debugger_sepmon_sw-default.tcl'
16:53:29 INFO  : Disconnected from the channel tcfchan#9.
16:53:30 INFO  : Connected to target on host '127.0.0.1' and port '3121'.
16:53:30 INFO  : Jtag cable 'Digilent Zybo Z7 210351B3FC88A' is selected.
16:53:30 INFO  : 'jtag frequency' command is executed.
16:53:30 INFO  : Context for 'APU' is selected.
16:53:30 INFO  : System reset is completed.
16:53:33 INFO  : 'after 3000' command is executed.
16:53:34 INFO  : 'targets -set -filter {jtag_cable_name =~ "Digilent Zybo Z7 210351B3FC88A" && level==0 && jtag_device_ctx=="jsn-Zybo Z7-210351B3FC88A-13722093-0"}' command is executed.
16:53:35 INFO  : FPGA configured successfully with bitstream "C:/Users/gusta/OneDrive/Documents/universidad/4to/1r/SEP/Proyectos/pr2/SEPmonG3/SEPmon_SW/_ide/bitstream/SEPmon.bit"
16:53:35 INFO  : Context for 'APU' is selected.
16:53:35 INFO  : Hardware design and registers information is loaded from 'C:/Users/gusta/OneDrive/Documents/universidad/4to/1r/SEP/Proyectos/pr2/SEPmonG3/SEPmonG3/export/SEPmonG3/hw/SEPmon.xsa'.
16:53:35 INFO  : 'configparams force-mem-access 1' command is executed.
16:53:35 INFO  : Context for 'APU' is selected.
16:53:35 INFO  : Sourcing of 'C:/Users/gusta/OneDrive/Documents/universidad/4to/1r/SEP/Proyectos/pr2/SEPmonG3/SEPmon_SW/_ide/psinit/ps7_init.tcl' is done.
16:53:35 INFO  : 'ps7_init' command is executed.
16:53:35 INFO  : 'ps7_post_config' command is executed.
16:53:35 INFO  : Context for processor 'ps7_cortexa9_0' is selected.
16:53:37 INFO  : The application 'C:/Users/gusta/OneDrive/Documents/universidad/4to/1r/SEP/Proyectos/pr2/SEPmonG3/SEPmon_SW/Debug/SEPmon_SW.elf' is downloaded to processor 'ps7_cortexa9_0'.
16:53:37 INFO  : 'configparams force-mem-access 0' command is executed.
16:53:37 INFO  : ----------------XSDB Script----------------
connect -url tcp:127.0.0.1:3121
targets -set -nocase -filter {name =~"APU*"}
rst -system
after 3000
targets -set -filter {jtag_cable_name =~ "Digilent Zybo Z7 210351B3FC88A" && level==0 && jtag_device_ctx=="jsn-Zybo Z7-210351B3FC88A-13722093-0"}
fpga -file C:/Users/gusta/OneDrive/Documents/universidad/4to/1r/SEP/Proyectos/pr2/SEPmonG3/SEPmon_SW/_ide/bitstream/SEPmon.bit
targets -set -nocase -filter {name =~"APU*"}
loadhw -hw C:/Users/gusta/OneDrive/Documents/universidad/4to/1r/SEP/Proyectos/pr2/SEPmonG3/SEPmonG3/export/SEPmonG3/hw/SEPmon.xsa -mem-ranges [list {0x40000000 0xbfffffff}] -regs
configparams force-mem-access 1
targets -set -nocase -filter {name =~"APU*"}
source C:/Users/gusta/OneDrive/Documents/universidad/4to/1r/SEP/Proyectos/pr2/SEPmonG3/SEPmon_SW/_ide/psinit/ps7_init.tcl
ps7_init
ps7_post_config
targets -set -nocase -filter {name =~ "*A9*#0"}
dow C:/Users/gusta/OneDrive/Documents/universidad/4to/1r/SEP/Proyectos/pr2/SEPmonG3/SEPmon_SW/Debug/SEPmon_SW.elf
configparams force-mem-access 0
----------------End of Script----------------

16:53:37 INFO  : Context for processor 'ps7_cortexa9_0' is selected.
16:53:37 INFO  : 'con' command is executed.
16:53:37 INFO  : ----------------XSDB Script (After Launch)----------------
targets -set -nocase -filter {name =~ "*A9*#0"}
con
----------------End of Script----------------

16:53:37 INFO  : Launch script is exported to file 'C:\Users\gusta\OneDrive\Documents\universidad\4to\1r\SEP\Proyectos\pr2\SEPmonG3\.sdk\launch_scripts\single_application_debug\debugger_sepmon_sw-default.tcl'
16:55:34 INFO  : Checking for BSP changes to sync application flags for project 'SEPmon_SW'...
16:55:38 INFO  : Disconnected from the channel tcfchan#10.
16:55:39 INFO  : Connected to target on host '127.0.0.1' and port '3121'.
16:55:39 INFO  : Jtag cable 'Digilent Zybo Z7 210351B3FC88A' is selected.
16:55:39 INFO  : 'jtag frequency' command is executed.
16:55:39 INFO  : Context for 'APU' is selected.
16:55:40 INFO  : System reset is completed.
16:55:43 INFO  : 'after 3000' command is executed.
16:55:43 INFO  : 'targets -set -filter {jtag_cable_name =~ "Digilent Zybo Z7 210351B3FC88A" && level==0 && jtag_device_ctx=="jsn-Zybo Z7-210351B3FC88A-13722093-0"}' command is executed.
16:55:44 INFO  : FPGA configured successfully with bitstream "C:/Users/gusta/OneDrive/Documents/universidad/4to/1r/SEP/Proyectos/pr2/SEPmonG3/SEPmon_SW/_ide/bitstream/SEPmon.bit"
16:55:44 INFO  : Context for 'APU' is selected.
16:55:44 INFO  : Hardware design and registers information is loaded from 'C:/Users/gusta/OneDrive/Documents/universidad/4to/1r/SEP/Proyectos/pr2/SEPmonG3/SEPmonG3/export/SEPmonG3/hw/SEPmon.xsa'.
16:55:44 INFO  : 'configparams force-mem-access 1' command is executed.
16:55:44 INFO  : Context for 'APU' is selected.
16:55:44 INFO  : Sourcing of 'C:/Users/gusta/OneDrive/Documents/universidad/4to/1r/SEP/Proyectos/pr2/SEPmonG3/SEPmon_SW/_ide/psinit/ps7_init.tcl' is done.
16:55:44 INFO  : 'ps7_init' command is executed.
16:55:44 INFO  : 'ps7_post_config' command is executed.
16:55:44 INFO  : Context for processor 'ps7_cortexa9_0' is selected.
16:55:46 INFO  : The application 'C:/Users/gusta/OneDrive/Documents/universidad/4to/1r/SEP/Proyectos/pr2/SEPmonG3/SEPmon_SW/Debug/SEPmon_SW.elf' is downloaded to processor 'ps7_cortexa9_0'.
16:55:46 INFO  : 'configparams force-mem-access 0' command is executed.
16:55:46 INFO  : ----------------XSDB Script----------------
connect -url tcp:127.0.0.1:3121
targets -set -nocase -filter {name =~"APU*"}
rst -system
after 3000
targets -set -filter {jtag_cable_name =~ "Digilent Zybo Z7 210351B3FC88A" && level==0 && jtag_device_ctx=="jsn-Zybo Z7-210351B3FC88A-13722093-0"}
fpga -file C:/Users/gusta/OneDrive/Documents/universidad/4to/1r/SEP/Proyectos/pr2/SEPmonG3/SEPmon_SW/_ide/bitstream/SEPmon.bit
targets -set -nocase -filter {name =~"APU*"}
loadhw -hw C:/Users/gusta/OneDrive/Documents/universidad/4to/1r/SEP/Proyectos/pr2/SEPmonG3/SEPmonG3/export/SEPmonG3/hw/SEPmon.xsa -mem-ranges [list {0x40000000 0xbfffffff}] -regs
configparams force-mem-access 1
targets -set -nocase -filter {name =~"APU*"}
source C:/Users/gusta/OneDrive/Documents/universidad/4to/1r/SEP/Proyectos/pr2/SEPmonG3/SEPmon_SW/_ide/psinit/ps7_init.tcl
ps7_init
ps7_post_config
targets -set -nocase -filter {name =~ "*A9*#0"}
dow C:/Users/gusta/OneDrive/Documents/universidad/4to/1r/SEP/Proyectos/pr2/SEPmonG3/SEPmon_SW/Debug/SEPmon_SW.elf
configparams force-mem-access 0
----------------End of Script----------------

16:55:46 INFO  : Context for processor 'ps7_cortexa9_0' is selected.
16:55:46 INFO  : 'con' command is executed.
16:55:46 INFO  : ----------------XSDB Script (After Launch)----------------
targets -set -nocase -filter {name =~ "*A9*#0"}
con
----------------End of Script----------------

16:55:46 INFO  : Launch script is exported to file 'C:\Users\gusta\OneDrive\Documents\universidad\4to\1r\SEP\Proyectos\pr2\SEPmonG3\.sdk\launch_scripts\single_application_debug\debugger_sepmon_sw-default.tcl'
17:05:37 INFO  : Checking for BSP changes to sync application flags for project 'SEPmon_SW'...
17:05:44 INFO  : Disconnected from the channel tcfchan#11.
17:05:45 INFO  : Connected to target on host '127.0.0.1' and port '3121'.
17:05:55 INFO  : Jtag cable 'Digilent Zybo Z7 210351B3FC88A' is selected.
17:05:55 INFO  : 'jtag frequency' command is executed.
17:05:55 INFO  : Context for 'APU' is selected.
17:05:55 INFO  : System reset is completed.
17:05:58 INFO  : 'after 3000' command is executed.
17:05:58 INFO  : 'targets -set -filter {jtag_cable_name =~ "Digilent Zybo Z7 210351B3FC88A" && level==0 && jtag_device_ctx=="jsn-Zybo Z7-210351B3FC88A-13722093-0"}' command is executed.
17:05:59 INFO  : FPGA configured successfully with bitstream "C:/Users/gusta/OneDrive/Documents/universidad/4to/1r/SEP/Proyectos/pr2/SEPmonG3/SEPmon_SW/_ide/bitstream/SEPmon.bit"
17:05:59 INFO  : Context for 'APU' is selected.
17:05:59 INFO  : Hardware design and registers information is loaded from 'C:/Users/gusta/OneDrive/Documents/universidad/4to/1r/SEP/Proyectos/pr2/SEPmonG3/SEPmonG3/export/SEPmonG3/hw/SEPmon.xsa'.
17:05:59 INFO  : 'configparams force-mem-access 1' command is executed.
17:05:59 INFO  : Context for 'APU' is selected.
17:05:59 INFO  : Sourcing of 'C:/Users/gusta/OneDrive/Documents/universidad/4to/1r/SEP/Proyectos/pr2/SEPmonG3/SEPmon_SW/_ide/psinit/ps7_init.tcl' is done.
17:05:59 INFO  : 'ps7_init' command is executed.
17:05:59 INFO  : 'ps7_post_config' command is executed.
17:05:59 INFO  : Context for processor 'ps7_cortexa9_0' is selected.
17:06:02 INFO  : The application 'C:/Users/gusta/OneDrive/Documents/universidad/4to/1r/SEP/Proyectos/pr2/SEPmonG3/SEPmon_SW/Debug/SEPmon_SW.elf' is downloaded to processor 'ps7_cortexa9_0'.
17:06:02 INFO  : 'configparams force-mem-access 0' command is executed.
17:06:02 INFO  : ----------------XSDB Script----------------
connect -url tcp:127.0.0.1:3121
targets -set -nocase -filter {name =~"APU*"}
rst -system
after 3000
targets -set -filter {jtag_cable_name =~ "Digilent Zybo Z7 210351B3FC88A" && level==0 && jtag_device_ctx=="jsn-Zybo Z7-210351B3FC88A-13722093-0"}
fpga -file C:/Users/gusta/OneDrive/Documents/universidad/4to/1r/SEP/Proyectos/pr2/SEPmonG3/SEPmon_SW/_ide/bitstream/SEPmon.bit
targets -set -nocase -filter {name =~"APU*"}
loadhw -hw C:/Users/gusta/OneDrive/Documents/universidad/4to/1r/SEP/Proyectos/pr2/SEPmonG3/SEPmonG3/export/SEPmonG3/hw/SEPmon.xsa -mem-ranges [list {0x40000000 0xbfffffff}] -regs
configparams force-mem-access 1
targets -set -nocase -filter {name =~"APU*"}
source C:/Users/gusta/OneDrive/Documents/universidad/4to/1r/SEP/Proyectos/pr2/SEPmonG3/SEPmon_SW/_ide/psinit/ps7_init.tcl
ps7_init
ps7_post_config
targets -set -nocase -filter {name =~ "*A9*#0"}
dow C:/Users/gusta/OneDrive/Documents/universidad/4to/1r/SEP/Proyectos/pr2/SEPmonG3/SEPmon_SW/Debug/SEPmon_SW.elf
configparams force-mem-access 0
----------------End of Script----------------

17:06:02 INFO  : Context for processor 'ps7_cortexa9_0' is selected.
17:06:02 INFO  : 'con' command is executed.
17:06:02 INFO  : ----------------XSDB Script (After Launch)----------------
targets -set -nocase -filter {name =~ "*A9*#0"}
con
----------------End of Script----------------

17:06:02 INFO  : Launch script is exported to file 'C:\Users\gusta\OneDrive\Documents\universidad\4to\1r\SEP\Proyectos\pr2\SEPmonG3\.sdk\launch_scripts\single_application_debug\debugger_sepmon_sw-default.tcl'
17:13:47 INFO  : Checking for BSP changes to sync application flags for project 'SEPmon_SW'...
17:14:19 INFO  : Disconnected from the channel tcfchan#12.
17:14:20 INFO  : Connected to target on host '127.0.0.1' and port '3121'.
17:14:20 INFO  : Jtag cable 'Digilent Zybo Z7 210351B3FC88A' is selected.
17:14:20 INFO  : 'jtag frequency' command is executed.
17:14:20 INFO  : Context for 'APU' is selected.
17:14:20 INFO  : System reset is completed.
17:14:23 INFO  : 'after 3000' command is executed.
17:14:23 INFO  : 'targets -set -filter {jtag_cable_name =~ "Digilent Zybo Z7 210351B3FC88A" && level==0 && jtag_device_ctx=="jsn-Zybo Z7-210351B3FC88A-13722093-0"}' command is executed.
17:14:25 INFO  : FPGA configured successfully with bitstream "C:/Users/gusta/OneDrive/Documents/universidad/4to/1r/SEP/Proyectos/pr2/SEPmonG3/SEPmon_SW/_ide/bitstream/SEPmon.bit"
17:14:25 INFO  : Context for 'APU' is selected.
17:14:25 INFO  : Hardware design and registers information is loaded from 'C:/Users/gusta/OneDrive/Documents/universidad/4to/1r/SEP/Proyectos/pr2/SEPmonG3/SEPmonG3/export/SEPmonG3/hw/SEPmon.xsa'.
17:14:25 INFO  : 'configparams force-mem-access 1' command is executed.
17:14:25 INFO  : Context for 'APU' is selected.
17:14:25 INFO  : Sourcing of 'C:/Users/gusta/OneDrive/Documents/universidad/4to/1r/SEP/Proyectos/pr2/SEPmonG3/SEPmon_SW/_ide/psinit/ps7_init.tcl' is done.
17:14:25 INFO  : 'ps7_init' command is executed.
17:14:25 INFO  : 'ps7_post_config' command is executed.
17:14:25 INFO  : Context for processor 'ps7_cortexa9_0' is selected.
17:14:27 INFO  : The application 'C:/Users/gusta/OneDrive/Documents/universidad/4to/1r/SEP/Proyectos/pr2/SEPmonG3/SEPmon_SW/Debug/SEPmon_SW.elf' is downloaded to processor 'ps7_cortexa9_0'.
17:14:27 INFO  : 'configparams force-mem-access 0' command is executed.
17:14:27 INFO  : ----------------XSDB Script----------------
connect -url tcp:127.0.0.1:3121
targets -set -nocase -filter {name =~"APU*"}
rst -system
after 3000
targets -set -filter {jtag_cable_name =~ "Digilent Zybo Z7 210351B3FC88A" && level==0 && jtag_device_ctx=="jsn-Zybo Z7-210351B3FC88A-13722093-0"}
fpga -file C:/Users/gusta/OneDrive/Documents/universidad/4to/1r/SEP/Proyectos/pr2/SEPmonG3/SEPmon_SW/_ide/bitstream/SEPmon.bit
targets -set -nocase -filter {name =~"APU*"}
loadhw -hw C:/Users/gusta/OneDrive/Documents/universidad/4to/1r/SEP/Proyectos/pr2/SEPmonG3/SEPmonG3/export/SEPmonG3/hw/SEPmon.xsa -mem-ranges [list {0x40000000 0xbfffffff}] -regs
configparams force-mem-access 1
targets -set -nocase -filter {name =~"APU*"}
source C:/Users/gusta/OneDrive/Documents/universidad/4to/1r/SEP/Proyectos/pr2/SEPmonG3/SEPmon_SW/_ide/psinit/ps7_init.tcl
ps7_init
ps7_post_config
targets -set -nocase -filter {name =~ "*A9*#0"}
dow C:/Users/gusta/OneDrive/Documents/universidad/4to/1r/SEP/Proyectos/pr2/SEPmonG3/SEPmon_SW/Debug/SEPmon_SW.elf
configparams force-mem-access 0
----------------End of Script----------------

17:14:27 INFO  : Context for processor 'ps7_cortexa9_0' is selected.
17:14:27 INFO  : 'con' command is executed.
17:14:27 INFO  : ----------------XSDB Script (After Launch)----------------
targets -set -nocase -filter {name =~ "*A9*#0"}
con
----------------End of Script----------------

17:14:27 INFO  : Launch script is exported to file 'C:\Users\gusta\OneDrive\Documents\universidad\4to\1r\SEP\Proyectos\pr2\SEPmonG3\.sdk\launch_scripts\single_application_debug\debugger_sepmon_sw-default.tcl'
17:15:16 INFO  : Checking for BSP changes to sync application flags for project 'SEPmon_SW'...
17:15:20 INFO  : Disconnected from the channel tcfchan#13.
17:15:21 INFO  : Connected to target on host '127.0.0.1' and port '3121'.
17:15:22 INFO  : Jtag cable 'Digilent Zybo Z7 210351B3FC88A' is selected.
17:15:22 INFO  : 'jtag frequency' command is executed.
17:15:22 INFO  : Context for 'APU' is selected.
17:15:22 INFO  : System reset is completed.
17:15:25 INFO  : 'after 3000' command is executed.
17:15:25 INFO  : 'targets -set -filter {jtag_cable_name =~ "Digilent Zybo Z7 210351B3FC88A" && level==0 && jtag_device_ctx=="jsn-Zybo Z7-210351B3FC88A-13722093-0"}' command is executed.
17:15:26 INFO  : FPGA configured successfully with bitstream "C:/Users/gusta/OneDrive/Documents/universidad/4to/1r/SEP/Proyectos/pr2/SEPmonG3/SEPmon_SW/_ide/bitstream/SEPmon.bit"
17:15:26 INFO  : Context for 'APU' is selected.
17:15:26 INFO  : Hardware design and registers information is loaded from 'C:/Users/gusta/OneDrive/Documents/universidad/4to/1r/SEP/Proyectos/pr2/SEPmonG3/SEPmonG3/export/SEPmonG3/hw/SEPmon.xsa'.
17:15:26 INFO  : 'configparams force-mem-access 1' command is executed.
17:15:26 INFO  : Context for 'APU' is selected.
17:15:26 INFO  : Sourcing of 'C:/Users/gusta/OneDrive/Documents/universidad/4to/1r/SEP/Proyectos/pr2/SEPmonG3/SEPmon_SW/_ide/psinit/ps7_init.tcl' is done.
17:15:26 INFO  : 'ps7_init' command is executed.
17:15:26 INFO  : 'ps7_post_config' command is executed.
17:15:26 INFO  : Context for processor 'ps7_cortexa9_0' is selected.
17:15:28 INFO  : The application 'C:/Users/gusta/OneDrive/Documents/universidad/4to/1r/SEP/Proyectos/pr2/SEPmonG3/SEPmon_SW/Debug/SEPmon_SW.elf' is downloaded to processor 'ps7_cortexa9_0'.
17:15:28 INFO  : 'configparams force-mem-access 0' command is executed.
17:15:28 INFO  : ----------------XSDB Script----------------
connect -url tcp:127.0.0.1:3121
targets -set -nocase -filter {name =~"APU*"}
rst -system
after 3000
targets -set -filter {jtag_cable_name =~ "Digilent Zybo Z7 210351B3FC88A" && level==0 && jtag_device_ctx=="jsn-Zybo Z7-210351B3FC88A-13722093-0"}
fpga -file C:/Users/gusta/OneDrive/Documents/universidad/4to/1r/SEP/Proyectos/pr2/SEPmonG3/SEPmon_SW/_ide/bitstream/SEPmon.bit
targets -set -nocase -filter {name =~"APU*"}
loadhw -hw C:/Users/gusta/OneDrive/Documents/universidad/4to/1r/SEP/Proyectos/pr2/SEPmonG3/SEPmonG3/export/SEPmonG3/hw/SEPmon.xsa -mem-ranges [list {0x40000000 0xbfffffff}] -regs
configparams force-mem-access 1
targets -set -nocase -filter {name =~"APU*"}
source C:/Users/gusta/OneDrive/Documents/universidad/4to/1r/SEP/Proyectos/pr2/SEPmonG3/SEPmon_SW/_ide/psinit/ps7_init.tcl
ps7_init
ps7_post_config
targets -set -nocase -filter {name =~ "*A9*#0"}
dow C:/Users/gusta/OneDrive/Documents/universidad/4to/1r/SEP/Proyectos/pr2/SEPmonG3/SEPmon_SW/Debug/SEPmon_SW.elf
configparams force-mem-access 0
----------------End of Script----------------

17:15:28 INFO  : Context for processor 'ps7_cortexa9_0' is selected.
17:15:28 INFO  : 'con' command is executed.
17:15:28 INFO  : ----------------XSDB Script (After Launch)----------------
targets -set -nocase -filter {name =~ "*A9*#0"}
con
----------------End of Script----------------

17:15:28 INFO  : Launch script is exported to file 'C:\Users\gusta\OneDrive\Documents\universidad\4to\1r\SEP\Proyectos\pr2\SEPmonG3\.sdk\launch_scripts\single_application_debug\debugger_sepmon_sw-default.tcl'
17:19:05 INFO  : Checking for BSP changes to sync application flags for project 'SEPmon_SW'...
17:19:11 INFO  : Disconnected from the channel tcfchan#14.
17:19:12 INFO  : Connected to target on host '127.0.0.1' and port '3121'.
17:19:12 INFO  : Jtag cable 'Digilent Zybo Z7 210351B3FC88A' is selected.
17:19:12 INFO  : 'jtag frequency' command is executed.
17:19:12 INFO  : Context for 'APU' is selected.
17:19:12 INFO  : System reset is completed.
17:19:15 INFO  : 'after 3000' command is executed.
17:19:15 INFO  : 'targets -set -filter {jtag_cable_name =~ "Digilent Zybo Z7 210351B3FC88A" && level==0 && jtag_device_ctx=="jsn-Zybo Z7-210351B3FC88A-13722093-0"}' command is executed.
17:19:17 INFO  : FPGA configured successfully with bitstream "C:/Users/gusta/OneDrive/Documents/universidad/4to/1r/SEP/Proyectos/pr2/SEPmonG3/SEPmon_SW/_ide/bitstream/SEPmon.bit"
17:19:17 INFO  : Context for 'APU' is selected.
17:19:17 INFO  : Hardware design and registers information is loaded from 'C:/Users/gusta/OneDrive/Documents/universidad/4to/1r/SEP/Proyectos/pr2/SEPmonG3/SEPmonG3/export/SEPmonG3/hw/SEPmon.xsa'.
17:19:17 INFO  : 'configparams force-mem-access 1' command is executed.
17:19:17 INFO  : Context for 'APU' is selected.
17:19:17 INFO  : Sourcing of 'C:/Users/gusta/OneDrive/Documents/universidad/4to/1r/SEP/Proyectos/pr2/SEPmonG3/SEPmon_SW/_ide/psinit/ps7_init.tcl' is done.
17:19:17 INFO  : 'ps7_init' command is executed.
17:19:17 INFO  : 'ps7_post_config' command is executed.
17:19:17 INFO  : Context for processor 'ps7_cortexa9_0' is selected.
17:19:19 INFO  : The application 'C:/Users/gusta/OneDrive/Documents/universidad/4to/1r/SEP/Proyectos/pr2/SEPmonG3/SEPmon_SW/Debug/SEPmon_SW.elf' is downloaded to processor 'ps7_cortexa9_0'.
17:19:19 INFO  : 'configparams force-mem-access 0' command is executed.
17:19:19 INFO  : ----------------XSDB Script----------------
connect -url tcp:127.0.0.1:3121
targets -set -nocase -filter {name =~"APU*"}
rst -system
after 3000
targets -set -filter {jtag_cable_name =~ "Digilent Zybo Z7 210351B3FC88A" && level==0 && jtag_device_ctx=="jsn-Zybo Z7-210351B3FC88A-13722093-0"}
fpga -file C:/Users/gusta/OneDrive/Documents/universidad/4to/1r/SEP/Proyectos/pr2/SEPmonG3/SEPmon_SW/_ide/bitstream/SEPmon.bit
targets -set -nocase -filter {name =~"APU*"}
loadhw -hw C:/Users/gusta/OneDrive/Documents/universidad/4to/1r/SEP/Proyectos/pr2/SEPmonG3/SEPmonG3/export/SEPmonG3/hw/SEPmon.xsa -mem-ranges [list {0x40000000 0xbfffffff}] -regs
configparams force-mem-access 1
targets -set -nocase -filter {name =~"APU*"}
source C:/Users/gusta/OneDrive/Documents/universidad/4to/1r/SEP/Proyectos/pr2/SEPmonG3/SEPmon_SW/_ide/psinit/ps7_init.tcl
ps7_init
ps7_post_config
targets -set -nocase -filter {name =~ "*A9*#0"}
dow C:/Users/gusta/OneDrive/Documents/universidad/4to/1r/SEP/Proyectos/pr2/SEPmonG3/SEPmon_SW/Debug/SEPmon_SW.elf
configparams force-mem-access 0
----------------End of Script----------------

17:19:19 INFO  : Context for processor 'ps7_cortexa9_0' is selected.
17:19:19 INFO  : 'con' command is executed.
17:19:19 INFO  : ----------------XSDB Script (After Launch)----------------
targets -set -nocase -filter {name =~ "*A9*#0"}
con
----------------End of Script----------------

17:19:19 INFO  : Launch script is exported to file 'C:\Users\gusta\OneDrive\Documents\universidad\4to\1r\SEP\Proyectos\pr2\SEPmonG3\.sdk\launch_scripts\single_application_debug\debugger_sepmon_sw-default.tcl'
17:27:13 INFO  : Checking for BSP changes to sync application flags for project 'SEPmon_SW'...
17:27:17 INFO  : Disconnected from the channel tcfchan#15.
17:27:18 INFO  : Connected to target on host '127.0.0.1' and port '3121'.
17:27:18 INFO  : Jtag cable 'Digilent Zybo Z7 210351B3FC88A' is selected.
17:27:18 INFO  : 'jtag frequency' command is executed.
17:27:18 INFO  : Context for 'APU' is selected.
17:27:19 INFO  : System reset is completed.
17:27:22 INFO  : 'after 3000' command is executed.
17:27:22 INFO  : 'targets -set -filter {jtag_cable_name =~ "Digilent Zybo Z7 210351B3FC88A" && level==0 && jtag_device_ctx=="jsn-Zybo Z7-210351B3FC88A-13722093-0"}' command is executed.
17:27:23 INFO  : FPGA configured successfully with bitstream "C:/Users/gusta/OneDrive/Documents/universidad/4to/1r/SEP/Proyectos/pr2/SEPmonG3/SEPmon_SW/_ide/bitstream/SEPmon.bit"
17:27:23 INFO  : Context for 'APU' is selected.
17:27:23 INFO  : Hardware design and registers information is loaded from 'C:/Users/gusta/OneDrive/Documents/universidad/4to/1r/SEP/Proyectos/pr2/SEPmonG3/SEPmonG3/export/SEPmonG3/hw/SEPmon.xsa'.
17:27:23 INFO  : 'configparams force-mem-access 1' command is executed.
17:27:23 INFO  : Context for 'APU' is selected.
17:27:23 INFO  : Sourcing of 'C:/Users/gusta/OneDrive/Documents/universidad/4to/1r/SEP/Proyectos/pr2/SEPmonG3/SEPmon_SW/_ide/psinit/ps7_init.tcl' is done.
17:27:23 INFO  : 'ps7_init' command is executed.
17:27:23 INFO  : 'ps7_post_config' command is executed.
17:27:23 INFO  : Context for processor 'ps7_cortexa9_0' is selected.
17:27:25 INFO  : The application 'C:/Users/gusta/OneDrive/Documents/universidad/4to/1r/SEP/Proyectos/pr2/SEPmonG3/SEPmon_SW/Debug/SEPmon_SW.elf' is downloaded to processor 'ps7_cortexa9_0'.
17:27:25 INFO  : 'configparams force-mem-access 0' command is executed.
17:27:25 INFO  : ----------------XSDB Script----------------
connect -url tcp:127.0.0.1:3121
targets -set -nocase -filter {name =~"APU*"}
rst -system
after 3000
targets -set -filter {jtag_cable_name =~ "Digilent Zybo Z7 210351B3FC88A" && level==0 && jtag_device_ctx=="jsn-Zybo Z7-210351B3FC88A-13722093-0"}
fpga -file C:/Users/gusta/OneDrive/Documents/universidad/4to/1r/SEP/Proyectos/pr2/SEPmonG3/SEPmon_SW/_ide/bitstream/SEPmon.bit
targets -set -nocase -filter {name =~"APU*"}
loadhw -hw C:/Users/gusta/OneDrive/Documents/universidad/4to/1r/SEP/Proyectos/pr2/SEPmonG3/SEPmonG3/export/SEPmonG3/hw/SEPmon.xsa -mem-ranges [list {0x40000000 0xbfffffff}] -regs
configparams force-mem-access 1
targets -set -nocase -filter {name =~"APU*"}
source C:/Users/gusta/OneDrive/Documents/universidad/4to/1r/SEP/Proyectos/pr2/SEPmonG3/SEPmon_SW/_ide/psinit/ps7_init.tcl
ps7_init
ps7_post_config
targets -set -nocase -filter {name =~ "*A9*#0"}
dow C:/Users/gusta/OneDrive/Documents/universidad/4to/1r/SEP/Proyectos/pr2/SEPmonG3/SEPmon_SW/Debug/SEPmon_SW.elf
configparams force-mem-access 0
----------------End of Script----------------

17:27:25 INFO  : Context for processor 'ps7_cortexa9_0' is selected.
17:27:25 INFO  : 'con' command is executed.
17:27:25 INFO  : ----------------XSDB Script (After Launch)----------------
targets -set -nocase -filter {name =~ "*A9*#0"}
con
----------------End of Script----------------

17:27:25 INFO  : Launch script is exported to file 'C:\Users\gusta\OneDrive\Documents\universidad\4to\1r\SEP\Proyectos\pr2\SEPmonG3\.sdk\launch_scripts\single_application_debug\debugger_sepmon_sw-default.tcl'
17:35:28 INFO  : Checking for BSP changes to sync application flags for project 'SEPmon_SW'...
17:35:33 INFO  : Disconnected from the channel tcfchan#16.
17:35:34 INFO  : Connected to target on host '127.0.0.1' and port '3121'.
17:35:34 INFO  : Jtag cable 'Digilent Zybo Z7 210351B3FC88A' is selected.
17:35:34 INFO  : 'jtag frequency' command is executed.
17:35:34 INFO  : Context for 'APU' is selected.
17:35:34 INFO  : System reset is completed.
17:35:37 INFO  : 'after 3000' command is executed.
17:35:37 INFO  : 'targets -set -filter {jtag_cable_name =~ "Digilent Zybo Z7 210351B3FC88A" && level==0 && jtag_device_ctx=="jsn-Zybo Z7-210351B3FC88A-13722093-0"}' command is executed.
17:35:38 INFO  : FPGA configured successfully with bitstream "C:/Users/gusta/OneDrive/Documents/universidad/4to/1r/SEP/Proyectos/pr2/SEPmonG3/SEPmon_SW/_ide/bitstream/SEPmon.bit"
17:35:38 INFO  : Context for 'APU' is selected.
17:35:38 INFO  : Hardware design and registers information is loaded from 'C:/Users/gusta/OneDrive/Documents/universidad/4to/1r/SEP/Proyectos/pr2/SEPmonG3/SEPmonG3/export/SEPmonG3/hw/SEPmon.xsa'.
17:35:38 INFO  : 'configparams force-mem-access 1' command is executed.
17:35:38 INFO  : Context for 'APU' is selected.
17:35:38 INFO  : Sourcing of 'C:/Users/gusta/OneDrive/Documents/universidad/4to/1r/SEP/Proyectos/pr2/SEPmonG3/SEPmon_SW/_ide/psinit/ps7_init.tcl' is done.
17:35:39 INFO  : 'ps7_init' command is executed.
17:35:39 INFO  : 'ps7_post_config' command is executed.
17:35:39 INFO  : Context for processor 'ps7_cortexa9_0' is selected.
17:35:41 INFO  : The application 'C:/Users/gusta/OneDrive/Documents/universidad/4to/1r/SEP/Proyectos/pr2/SEPmonG3/SEPmon_SW/Debug/SEPmon_SW.elf' is downloaded to processor 'ps7_cortexa9_0'.
17:35:41 INFO  : 'configparams force-mem-access 0' command is executed.
17:35:41 INFO  : ----------------XSDB Script----------------
connect -url tcp:127.0.0.1:3121
targets -set -nocase -filter {name =~"APU*"}
rst -system
after 3000
targets -set -filter {jtag_cable_name =~ "Digilent Zybo Z7 210351B3FC88A" && level==0 && jtag_device_ctx=="jsn-Zybo Z7-210351B3FC88A-13722093-0"}
fpga -file C:/Users/gusta/OneDrive/Documents/universidad/4to/1r/SEP/Proyectos/pr2/SEPmonG3/SEPmon_SW/_ide/bitstream/SEPmon.bit
targets -set -nocase -filter {name =~"APU*"}
loadhw -hw C:/Users/gusta/OneDrive/Documents/universidad/4to/1r/SEP/Proyectos/pr2/SEPmonG3/SEPmonG3/export/SEPmonG3/hw/SEPmon.xsa -mem-ranges [list {0x40000000 0xbfffffff}] -regs
configparams force-mem-access 1
targets -set -nocase -filter {name =~"APU*"}
source C:/Users/gusta/OneDrive/Documents/universidad/4to/1r/SEP/Proyectos/pr2/SEPmonG3/SEPmon_SW/_ide/psinit/ps7_init.tcl
ps7_init
ps7_post_config
targets -set -nocase -filter {name =~ "*A9*#0"}
dow C:/Users/gusta/OneDrive/Documents/universidad/4to/1r/SEP/Proyectos/pr2/SEPmonG3/SEPmon_SW/Debug/SEPmon_SW.elf
configparams force-mem-access 0
----------------End of Script----------------

17:35:41 INFO  : Context for processor 'ps7_cortexa9_0' is selected.
17:35:41 INFO  : 'con' command is executed.
17:35:41 INFO  : ----------------XSDB Script (After Launch)----------------
targets -set -nocase -filter {name =~ "*A9*#0"}
con
----------------End of Script----------------

17:35:41 INFO  : Launch script is exported to file 'C:\Users\gusta\OneDrive\Documents\universidad\4to\1r\SEP\Proyectos\pr2\SEPmonG3\.sdk\launch_scripts\single_application_debug\debugger_sepmon_sw-default.tcl'
17:42:49 INFO  : Checking for BSP changes to sync application flags for project 'SEPmon_SW'...
17:42:54 INFO  : Disconnected from the channel tcfchan#17.
17:42:55 INFO  : Connected to target on host '127.0.0.1' and port '3121'.
17:42:55 INFO  : Jtag cable 'Digilent Zybo Z7 210351B3FC88A' is selected.
17:42:55 INFO  : 'jtag frequency' command is executed.
17:42:55 INFO  : Context for 'APU' is selected.
17:42:55 INFO  : System reset is completed.
17:42:58 INFO  : 'after 3000' command is executed.
17:42:59 INFO  : 'targets -set -filter {jtag_cable_name =~ "Digilent Zybo Z7 210351B3FC88A" && level==0 && jtag_device_ctx=="jsn-Zybo Z7-210351B3FC88A-13722093-0"}' command is executed.
17:43:00 INFO  : FPGA configured successfully with bitstream "C:/Users/gusta/OneDrive/Documents/universidad/4to/1r/SEP/Proyectos/pr2/SEPmonG3/SEPmon_SW/_ide/bitstream/SEPmon.bit"
17:43:00 INFO  : Context for 'APU' is selected.
17:43:00 INFO  : Hardware design and registers information is loaded from 'C:/Users/gusta/OneDrive/Documents/universidad/4to/1r/SEP/Proyectos/pr2/SEPmonG3/SEPmonG3/export/SEPmonG3/hw/SEPmon.xsa'.
17:43:00 INFO  : 'configparams force-mem-access 1' command is executed.
17:43:00 INFO  : Context for 'APU' is selected.
17:43:00 INFO  : Sourcing of 'C:/Users/gusta/OneDrive/Documents/universidad/4to/1r/SEP/Proyectos/pr2/SEPmonG3/SEPmon_SW/_ide/psinit/ps7_init.tcl' is done.
17:43:00 INFO  : 'ps7_init' command is executed.
17:43:00 INFO  : 'ps7_post_config' command is executed.
17:43:00 INFO  : Context for processor 'ps7_cortexa9_0' is selected.
17:43:02 INFO  : The application 'C:/Users/gusta/OneDrive/Documents/universidad/4to/1r/SEP/Proyectos/pr2/SEPmonG3/SEPmon_SW/Debug/SEPmon_SW.elf' is downloaded to processor 'ps7_cortexa9_0'.
17:43:02 INFO  : 'configparams force-mem-access 0' command is executed.
17:43:02 INFO  : ----------------XSDB Script----------------
connect -url tcp:127.0.0.1:3121
targets -set -nocase -filter {name =~"APU*"}
rst -system
after 3000
targets -set -filter {jtag_cable_name =~ "Digilent Zybo Z7 210351B3FC88A" && level==0 && jtag_device_ctx=="jsn-Zybo Z7-210351B3FC88A-13722093-0"}
fpga -file C:/Users/gusta/OneDrive/Documents/universidad/4to/1r/SEP/Proyectos/pr2/SEPmonG3/SEPmon_SW/_ide/bitstream/SEPmon.bit
targets -set -nocase -filter {name =~"APU*"}
loadhw -hw C:/Users/gusta/OneDrive/Documents/universidad/4to/1r/SEP/Proyectos/pr2/SEPmonG3/SEPmonG3/export/SEPmonG3/hw/SEPmon.xsa -mem-ranges [list {0x40000000 0xbfffffff}] -regs
configparams force-mem-access 1
targets -set -nocase -filter {name =~"APU*"}
source C:/Users/gusta/OneDrive/Documents/universidad/4to/1r/SEP/Proyectos/pr2/SEPmonG3/SEPmon_SW/_ide/psinit/ps7_init.tcl
ps7_init
ps7_post_config
targets -set -nocase -filter {name =~ "*A9*#0"}
dow C:/Users/gusta/OneDrive/Documents/universidad/4to/1r/SEP/Proyectos/pr2/SEPmonG3/SEPmon_SW/Debug/SEPmon_SW.elf
configparams force-mem-access 0
----------------End of Script----------------

17:43:02 INFO  : Context for processor 'ps7_cortexa9_0' is selected.
17:43:02 INFO  : 'con' command is executed.
17:43:02 INFO  : ----------------XSDB Script (After Launch)----------------
targets -set -nocase -filter {name =~ "*A9*#0"}
con
----------------End of Script----------------

17:43:02 INFO  : Launch script is exported to file 'C:\Users\gusta\OneDrive\Documents\universidad\4to\1r\SEP\Proyectos\pr2\SEPmonG3\.sdk\launch_scripts\single_application_debug\debugger_sepmon_sw-default.tcl'
17:53:24 INFO  : Checking for BSP changes to sync application flags for project 'SEPmon_SW'...
17:53:29 INFO  : Disconnected from the channel tcfchan#18.
17:53:30 INFO  : Connected to target on host '127.0.0.1' and port '3121'.
17:53:30 INFO  : Jtag cable 'Digilent Zybo Z7 210351B3FC88A' is selected.
17:53:30 INFO  : 'jtag frequency' command is executed.
17:53:30 INFO  : Context for 'APU' is selected.
17:53:30 INFO  : System reset is completed.
17:53:33 INFO  : 'after 3000' command is executed.
17:53:33 INFO  : 'targets -set -filter {jtag_cable_name =~ "Digilent Zybo Z7 210351B3FC88A" && level==0 && jtag_device_ctx=="jsn-Zybo Z7-210351B3FC88A-13722093-0"}' command is executed.
17:53:34 INFO  : FPGA configured successfully with bitstream "C:/Users/gusta/OneDrive/Documents/universidad/4to/1r/SEP/Proyectos/pr2/SEPmonG3/SEPmon_SW/_ide/bitstream/SEPmon.bit"
17:53:34 INFO  : Context for 'APU' is selected.
17:53:34 INFO  : Hardware design and registers information is loaded from 'C:/Users/gusta/OneDrive/Documents/universidad/4to/1r/SEP/Proyectos/pr2/SEPmonG3/SEPmonG3/export/SEPmonG3/hw/SEPmon.xsa'.
17:53:34 INFO  : 'configparams force-mem-access 1' command is executed.
17:53:34 INFO  : Context for 'APU' is selected.
17:53:34 INFO  : Sourcing of 'C:/Users/gusta/OneDrive/Documents/universidad/4to/1r/SEP/Proyectos/pr2/SEPmonG3/SEPmon_SW/_ide/psinit/ps7_init.tcl' is done.
17:53:35 INFO  : 'ps7_init' command is executed.
17:53:35 INFO  : 'ps7_post_config' command is executed.
17:53:35 INFO  : Context for processor 'ps7_cortexa9_0' is selected.
17:53:37 INFO  : The application 'C:/Users/gusta/OneDrive/Documents/universidad/4to/1r/SEP/Proyectos/pr2/SEPmonG3/SEPmon_SW/Debug/SEPmon_SW.elf' is downloaded to processor 'ps7_cortexa9_0'.
17:53:37 INFO  : 'configparams force-mem-access 0' command is executed.
17:53:37 INFO  : ----------------XSDB Script----------------
connect -url tcp:127.0.0.1:3121
targets -set -nocase -filter {name =~"APU*"}
rst -system
after 3000
targets -set -filter {jtag_cable_name =~ "Digilent Zybo Z7 210351B3FC88A" && level==0 && jtag_device_ctx=="jsn-Zybo Z7-210351B3FC88A-13722093-0"}
fpga -file C:/Users/gusta/OneDrive/Documents/universidad/4to/1r/SEP/Proyectos/pr2/SEPmonG3/SEPmon_SW/_ide/bitstream/SEPmon.bit
targets -set -nocase -filter {name =~"APU*"}
loadhw -hw C:/Users/gusta/OneDrive/Documents/universidad/4to/1r/SEP/Proyectos/pr2/SEPmonG3/SEPmonG3/export/SEPmonG3/hw/SEPmon.xsa -mem-ranges [list {0x40000000 0xbfffffff}] -regs
configparams force-mem-access 1
targets -set -nocase -filter {name =~"APU*"}
source C:/Users/gusta/OneDrive/Documents/universidad/4to/1r/SEP/Proyectos/pr2/SEPmonG3/SEPmon_SW/_ide/psinit/ps7_init.tcl
ps7_init
ps7_post_config
targets -set -nocase -filter {name =~ "*A9*#0"}
dow C:/Users/gusta/OneDrive/Documents/universidad/4to/1r/SEP/Proyectos/pr2/SEPmonG3/SEPmon_SW/Debug/SEPmon_SW.elf
configparams force-mem-access 0
----------------End of Script----------------

17:53:37 INFO  : Context for processor 'ps7_cortexa9_0' is selected.
17:53:37 INFO  : 'con' command is executed.
17:53:37 INFO  : ----------------XSDB Script (After Launch)----------------
targets -set -nocase -filter {name =~ "*A9*#0"}
con
----------------End of Script----------------

17:53:37 INFO  : Launch script is exported to file 'C:\Users\gusta\OneDrive\Documents\universidad\4to\1r\SEP\Proyectos\pr2\SEPmonG3\.sdk\launch_scripts\single_application_debug\debugger_sepmon_sw-default.tcl'
17:58:27 INFO  : Checking for BSP changes to sync application flags for project 'SEPmon_SW'...
17:58:31 INFO  : Disconnected from the channel tcfchan#19.
17:58:32 INFO  : Connected to target on host '127.0.0.1' and port '3121'.
17:58:32 INFO  : Jtag cable 'Digilent Zybo Z7 210351B3FC88A' is selected.
17:58:32 INFO  : 'jtag frequency' command is executed.
17:58:32 INFO  : Context for 'APU' is selected.
17:58:32 INFO  : System reset is completed.
17:58:35 INFO  : 'after 3000' command is executed.
17:58:35 INFO  : 'targets -set -filter {jtag_cable_name =~ "Digilent Zybo Z7 210351B3FC88A" && level==0 && jtag_device_ctx=="jsn-Zybo Z7-210351B3FC88A-13722093-0"}' command is executed.
17:58:37 INFO  : FPGA configured successfully with bitstream "C:/Users/gusta/OneDrive/Documents/universidad/4to/1r/SEP/Proyectos/pr2/SEPmonG3/SEPmon_SW/_ide/bitstream/SEPmon.bit"
17:58:37 INFO  : Context for 'APU' is selected.
17:58:37 INFO  : Hardware design and registers information is loaded from 'C:/Users/gusta/OneDrive/Documents/universidad/4to/1r/SEP/Proyectos/pr2/SEPmonG3/SEPmonG3/export/SEPmonG3/hw/SEPmon.xsa'.
17:58:37 INFO  : 'configparams force-mem-access 1' command is executed.
17:58:37 INFO  : Context for 'APU' is selected.
17:58:37 INFO  : Sourcing of 'C:/Users/gusta/OneDrive/Documents/universidad/4to/1r/SEP/Proyectos/pr2/SEPmonG3/SEPmon_SW/_ide/psinit/ps7_init.tcl' is done.
17:58:37 INFO  : 'ps7_init' command is executed.
17:58:37 INFO  : 'ps7_post_config' command is executed.
17:58:37 INFO  : Context for processor 'ps7_cortexa9_0' is selected.
17:58:39 INFO  : The application 'C:/Users/gusta/OneDrive/Documents/universidad/4to/1r/SEP/Proyectos/pr2/SEPmonG3/SEPmon_SW/Debug/SEPmon_SW.elf' is downloaded to processor 'ps7_cortexa9_0'.
17:58:39 INFO  : 'configparams force-mem-access 0' command is executed.
17:58:39 INFO  : ----------------XSDB Script----------------
connect -url tcp:127.0.0.1:3121
targets -set -nocase -filter {name =~"APU*"}
rst -system
after 3000
targets -set -filter {jtag_cable_name =~ "Digilent Zybo Z7 210351B3FC88A" && level==0 && jtag_device_ctx=="jsn-Zybo Z7-210351B3FC88A-13722093-0"}
fpga -file C:/Users/gusta/OneDrive/Documents/universidad/4to/1r/SEP/Proyectos/pr2/SEPmonG3/SEPmon_SW/_ide/bitstream/SEPmon.bit
targets -set -nocase -filter {name =~"APU*"}
loadhw -hw C:/Users/gusta/OneDrive/Documents/universidad/4to/1r/SEP/Proyectos/pr2/SEPmonG3/SEPmonG3/export/SEPmonG3/hw/SEPmon.xsa -mem-ranges [list {0x40000000 0xbfffffff}] -regs
configparams force-mem-access 1
targets -set -nocase -filter {name =~"APU*"}
source C:/Users/gusta/OneDrive/Documents/universidad/4to/1r/SEP/Proyectos/pr2/SEPmonG3/SEPmon_SW/_ide/psinit/ps7_init.tcl
ps7_init
ps7_post_config
targets -set -nocase -filter {name =~ "*A9*#0"}
dow C:/Users/gusta/OneDrive/Documents/universidad/4to/1r/SEP/Proyectos/pr2/SEPmonG3/SEPmon_SW/Debug/SEPmon_SW.elf
configparams force-mem-access 0
----------------End of Script----------------

17:58:39 INFO  : Context for processor 'ps7_cortexa9_0' is selected.
17:58:39 INFO  : 'con' command is executed.
17:58:39 INFO  : ----------------XSDB Script (After Launch)----------------
targets -set -nocase -filter {name =~ "*A9*#0"}
con
----------------End of Script----------------

17:58:39 INFO  : Launch script is exported to file 'C:\Users\gusta\OneDrive\Documents\universidad\4to\1r\SEP\Proyectos\pr2\SEPmonG3\.sdk\launch_scripts\single_application_debug\debugger_sepmon_sw-default.tcl'
18:02:45 INFO  : Checking for BSP changes to sync application flags for project 'SEPmon_SW'...
18:02:49 INFO  : Disconnected from the channel tcfchan#20.
18:02:50 INFO  : Connected to target on host '127.0.0.1' and port '3121'.
18:02:50 INFO  : Jtag cable 'Digilent Zybo Z7 210351B3FC88A' is selected.
18:02:50 INFO  : 'jtag frequency' command is executed.
18:02:50 INFO  : Context for 'APU' is selected.
18:02:50 INFO  : System reset is completed.
18:02:53 INFO  : 'after 3000' command is executed.
18:02:53 INFO  : 'targets -set -filter {jtag_cable_name =~ "Digilent Zybo Z7 210351B3FC88A" && level==0 && jtag_device_ctx=="jsn-Zybo Z7-210351B3FC88A-13722093-0"}' command is executed.
18:02:54 INFO  : FPGA configured successfully with bitstream "C:/Users/gusta/OneDrive/Documents/universidad/4to/1r/SEP/Proyectos/pr2/SEPmonG3/SEPmon_SW/_ide/bitstream/SEPmon.bit"
18:02:54 INFO  : Context for 'APU' is selected.
18:02:54 INFO  : Hardware design and registers information is loaded from 'C:/Users/gusta/OneDrive/Documents/universidad/4to/1r/SEP/Proyectos/pr2/SEPmonG3/SEPmonG3/export/SEPmonG3/hw/SEPmon.xsa'.
18:02:54 INFO  : 'configparams force-mem-access 1' command is executed.
18:02:54 INFO  : Context for 'APU' is selected.
18:02:54 INFO  : Sourcing of 'C:/Users/gusta/OneDrive/Documents/universidad/4to/1r/SEP/Proyectos/pr2/SEPmonG3/SEPmon_SW/_ide/psinit/ps7_init.tcl' is done.
18:02:55 INFO  : 'ps7_init' command is executed.
18:02:55 INFO  : 'ps7_post_config' command is executed.
18:02:55 INFO  : Context for processor 'ps7_cortexa9_0' is selected.
18:02:57 INFO  : The application 'C:/Users/gusta/OneDrive/Documents/universidad/4to/1r/SEP/Proyectos/pr2/SEPmonG3/SEPmon_SW/Debug/SEPmon_SW.elf' is downloaded to processor 'ps7_cortexa9_0'.
18:02:57 INFO  : 'configparams force-mem-access 0' command is executed.
18:02:57 INFO  : ----------------XSDB Script----------------
connect -url tcp:127.0.0.1:3121
targets -set -nocase -filter {name =~"APU*"}
rst -system
after 3000
targets -set -filter {jtag_cable_name =~ "Digilent Zybo Z7 210351B3FC88A" && level==0 && jtag_device_ctx=="jsn-Zybo Z7-210351B3FC88A-13722093-0"}
fpga -file C:/Users/gusta/OneDrive/Documents/universidad/4to/1r/SEP/Proyectos/pr2/SEPmonG3/SEPmon_SW/_ide/bitstream/SEPmon.bit
targets -set -nocase -filter {name =~"APU*"}
loadhw -hw C:/Users/gusta/OneDrive/Documents/universidad/4to/1r/SEP/Proyectos/pr2/SEPmonG3/SEPmonG3/export/SEPmonG3/hw/SEPmon.xsa -mem-ranges [list {0x40000000 0xbfffffff}] -regs
configparams force-mem-access 1
targets -set -nocase -filter {name =~"APU*"}
source C:/Users/gusta/OneDrive/Documents/universidad/4to/1r/SEP/Proyectos/pr2/SEPmonG3/SEPmon_SW/_ide/psinit/ps7_init.tcl
ps7_init
ps7_post_config
targets -set -nocase -filter {name =~ "*A9*#0"}
dow C:/Users/gusta/OneDrive/Documents/universidad/4to/1r/SEP/Proyectos/pr2/SEPmonG3/SEPmon_SW/Debug/SEPmon_SW.elf
configparams force-mem-access 0
----------------End of Script----------------

18:02:57 INFO  : Context for processor 'ps7_cortexa9_0' is selected.
18:02:57 INFO  : 'con' command is executed.
18:02:57 INFO  : ----------------XSDB Script (After Launch)----------------
targets -set -nocase -filter {name =~ "*A9*#0"}
con
----------------End of Script----------------

18:02:57 INFO  : Launch script is exported to file 'C:\Users\gusta\OneDrive\Documents\universidad\4to\1r\SEP\Proyectos\pr2\SEPmonG3\.sdk\launch_scripts\single_application_debug\debugger_sepmon_sw-default.tcl'
18:03:28 INFO  : Disconnected from the channel tcfchan#21.
18:03:29 INFO  : Connected to target on host '127.0.0.1' and port '3121'.
18:03:29 INFO  : Jtag cable 'Digilent Zybo Z7 210351B3FC88A' is selected.
18:03:29 INFO  : 'jtag frequency' command is executed.
18:03:29 INFO  : Context for 'APU' is selected.
18:03:29 INFO  : System reset is completed.
18:03:32 INFO  : 'after 3000' command is executed.
18:03:32 INFO  : 'targets -set -filter {jtag_cable_name =~ "Digilent Zybo Z7 210351B3FC88A" && level==0 && jtag_device_ctx=="jsn-Zybo Z7-210351B3FC88A-13722093-0"}' command is executed.
18:03:34 INFO  : FPGA configured successfully with bitstream "C:/Users/gusta/OneDrive/Documents/universidad/4to/1r/SEP/Proyectos/pr2/SEPmonG3/SEPmon_SW/_ide/bitstream/SEPmon.bit"
18:03:34 INFO  : Context for 'APU' is selected.
18:03:34 INFO  : Hardware design and registers information is loaded from 'C:/Users/gusta/OneDrive/Documents/universidad/4to/1r/SEP/Proyectos/pr2/SEPmonG3/SEPmonG3/export/SEPmonG3/hw/SEPmon.xsa'.
18:03:34 INFO  : 'configparams force-mem-access 1' command is executed.
18:03:34 INFO  : Context for 'APU' is selected.
18:03:34 INFO  : Sourcing of 'C:/Users/gusta/OneDrive/Documents/universidad/4to/1r/SEP/Proyectos/pr2/SEPmonG3/SEPmon_SW/_ide/psinit/ps7_init.tcl' is done.
18:03:34 INFO  : 'ps7_init' command is executed.
18:03:34 INFO  : 'ps7_post_config' command is executed.
18:03:34 INFO  : Context for processor 'ps7_cortexa9_0' is selected.
18:03:36 INFO  : The application 'C:/Users/gusta/OneDrive/Documents/universidad/4to/1r/SEP/Proyectos/pr2/SEPmonG3/SEPmon_SW/Debug/SEPmon_SW.elf' is downloaded to processor 'ps7_cortexa9_0'.
18:03:36 INFO  : 'configparams force-mem-access 0' command is executed.
18:03:36 INFO  : ----------------XSDB Script----------------
connect -url tcp:127.0.0.1:3121
targets -set -nocase -filter {name =~"APU*"}
rst -system
after 3000
targets -set -filter {jtag_cable_name =~ "Digilent Zybo Z7 210351B3FC88A" && level==0 && jtag_device_ctx=="jsn-Zybo Z7-210351B3FC88A-13722093-0"}
fpga -file C:/Users/gusta/OneDrive/Documents/universidad/4to/1r/SEP/Proyectos/pr2/SEPmonG3/SEPmon_SW/_ide/bitstream/SEPmon.bit
targets -set -nocase -filter {name =~"APU*"}
loadhw -hw C:/Users/gusta/OneDrive/Documents/universidad/4to/1r/SEP/Proyectos/pr2/SEPmonG3/SEPmonG3/export/SEPmonG3/hw/SEPmon.xsa -mem-ranges [list {0x40000000 0xbfffffff}] -regs
configparams force-mem-access 1
targets -set -nocase -filter {name =~"APU*"}
source C:/Users/gusta/OneDrive/Documents/universidad/4to/1r/SEP/Proyectos/pr2/SEPmonG3/SEPmon_SW/_ide/psinit/ps7_init.tcl
ps7_init
ps7_post_config
targets -set -nocase -filter {name =~ "*A9*#0"}
dow C:/Users/gusta/OneDrive/Documents/universidad/4to/1r/SEP/Proyectos/pr2/SEPmonG3/SEPmon_SW/Debug/SEPmon_SW.elf
configparams force-mem-access 0
----------------End of Script----------------

18:03:36 INFO  : Context for processor 'ps7_cortexa9_0' is selected.
18:03:36 INFO  : 'con' command is executed.
18:03:36 INFO  : ----------------XSDB Script (After Launch)----------------
targets -set -nocase -filter {name =~ "*A9*#0"}
con
----------------End of Script----------------

18:03:36 INFO  : Launch script is exported to file 'C:\Users\gusta\OneDrive\Documents\universidad\4to\1r\SEP\Proyectos\pr2\SEPmonG3\.sdk\launch_scripts\single_application_debug\debugger_sepmon_sw-default.tcl'
18:04:17 INFO  : Checking for BSP changes to sync application flags for project 'SEPmon_SW'...
18:04:24 INFO  : Disconnected from the channel tcfchan#22.
18:04:25 INFO  : Connected to target on host '127.0.0.1' and port '3121'.
18:04:25 INFO  : Jtag cable 'Digilent Zybo Z7 210351B3FC88A' is selected.
18:04:25 INFO  : 'jtag frequency' command is executed.
18:04:25 INFO  : Context for 'APU' is selected.
18:04:25 INFO  : System reset is completed.
18:04:28 INFO  : 'after 3000' command is executed.
18:04:28 INFO  : 'targets -set -filter {jtag_cable_name =~ "Digilent Zybo Z7 210351B3FC88A" && level==0 && jtag_device_ctx=="jsn-Zybo Z7-210351B3FC88A-13722093-0"}' command is executed.
18:04:29 INFO  : FPGA configured successfully with bitstream "C:/Users/gusta/OneDrive/Documents/universidad/4to/1r/SEP/Proyectos/pr2/SEPmonG3/SEPmon_SW/_ide/bitstream/SEPmon.bit"
18:04:29 INFO  : Context for 'APU' is selected.
18:04:29 INFO  : Hardware design and registers information is loaded from 'C:/Users/gusta/OneDrive/Documents/universidad/4to/1r/SEP/Proyectos/pr2/SEPmonG3/SEPmonG3/export/SEPmonG3/hw/SEPmon.xsa'.
18:04:29 INFO  : 'configparams force-mem-access 1' command is executed.
18:04:29 INFO  : Context for 'APU' is selected.
18:04:29 INFO  : Sourcing of 'C:/Users/gusta/OneDrive/Documents/universidad/4to/1r/SEP/Proyectos/pr2/SEPmonG3/SEPmon_SW/_ide/psinit/ps7_init.tcl' is done.
18:04:30 INFO  : 'ps7_init' command is executed.
18:04:30 INFO  : 'ps7_post_config' command is executed.
18:04:30 INFO  : Context for processor 'ps7_cortexa9_0' is selected.
18:04:32 INFO  : The application 'C:/Users/gusta/OneDrive/Documents/universidad/4to/1r/SEP/Proyectos/pr2/SEPmonG3/SEPmon_SW/Debug/SEPmon_SW.elf' is downloaded to processor 'ps7_cortexa9_0'.
18:04:32 INFO  : 'configparams force-mem-access 0' command is executed.
18:04:32 INFO  : ----------------XSDB Script----------------
connect -url tcp:127.0.0.1:3121
targets -set -nocase -filter {name =~"APU*"}
rst -system
after 3000
targets -set -filter {jtag_cable_name =~ "Digilent Zybo Z7 210351B3FC88A" && level==0 && jtag_device_ctx=="jsn-Zybo Z7-210351B3FC88A-13722093-0"}
fpga -file C:/Users/gusta/OneDrive/Documents/universidad/4to/1r/SEP/Proyectos/pr2/SEPmonG3/SEPmon_SW/_ide/bitstream/SEPmon.bit
targets -set -nocase -filter {name =~"APU*"}
loadhw -hw C:/Users/gusta/OneDrive/Documents/universidad/4to/1r/SEP/Proyectos/pr2/SEPmonG3/SEPmonG3/export/SEPmonG3/hw/SEPmon.xsa -mem-ranges [list {0x40000000 0xbfffffff}] -regs
configparams force-mem-access 1
targets -set -nocase -filter {name =~"APU*"}
source C:/Users/gusta/OneDrive/Documents/universidad/4to/1r/SEP/Proyectos/pr2/SEPmonG3/SEPmon_SW/_ide/psinit/ps7_init.tcl
ps7_init
ps7_post_config
targets -set -nocase -filter {name =~ "*A9*#0"}
dow C:/Users/gusta/OneDrive/Documents/universidad/4to/1r/SEP/Proyectos/pr2/SEPmonG3/SEPmon_SW/Debug/SEPmon_SW.elf
configparams force-mem-access 0
----------------End of Script----------------

18:04:32 INFO  : Context for processor 'ps7_cortexa9_0' is selected.
18:04:32 INFO  : 'con' command is executed.
18:04:32 INFO  : ----------------XSDB Script (After Launch)----------------
targets -set -nocase -filter {name =~ "*A9*#0"}
con
----------------End of Script----------------

18:04:32 INFO  : Launch script is exported to file 'C:\Users\gusta\OneDrive\Documents\universidad\4to\1r\SEP\Proyectos\pr2\SEPmonG3\.sdk\launch_scripts\single_application_debug\debugger_sepmon_sw-default.tcl'
18:15:34 INFO  : Checking for BSP changes to sync application flags for project 'SEPmon_SW'...
18:15:38 INFO  : Disconnected from the channel tcfchan#23.
18:15:39 INFO  : Connected to target on host '127.0.0.1' and port '3121'.
18:15:39 INFO  : Jtag cable 'Digilent Zybo Z7 210351B3FC88A' is selected.
18:15:39 INFO  : 'jtag frequency' command is executed.
18:15:39 INFO  : Context for 'APU' is selected.
18:15:39 INFO  : System reset is completed.
18:15:42 INFO  : 'after 3000' command is executed.
18:15:42 INFO  : 'targets -set -filter {jtag_cable_name =~ "Digilent Zybo Z7 210351B3FC88A" && level==0 && jtag_device_ctx=="jsn-Zybo Z7-210351B3FC88A-13722093-0"}' command is executed.
18:15:43 INFO  : FPGA configured successfully with bitstream "C:/Users/gusta/OneDrive/Documents/universidad/4to/1r/SEP/Proyectos/pr2/SEPmonG3/SEPmon_SW/_ide/bitstream/SEPmon.bit"
18:15:43 INFO  : Context for 'APU' is selected.
18:15:43 INFO  : Hardware design and registers information is loaded from 'C:/Users/gusta/OneDrive/Documents/universidad/4to/1r/SEP/Proyectos/pr2/SEPmonG3/SEPmonG3/export/SEPmonG3/hw/SEPmon.xsa'.
18:15:43 INFO  : 'configparams force-mem-access 1' command is executed.
18:15:43 INFO  : Context for 'APU' is selected.
18:15:43 INFO  : Sourcing of 'C:/Users/gusta/OneDrive/Documents/universidad/4to/1r/SEP/Proyectos/pr2/SEPmonG3/SEPmon_SW/_ide/psinit/ps7_init.tcl' is done.
18:15:44 INFO  : 'ps7_init' command is executed.
18:15:44 INFO  : 'ps7_post_config' command is executed.
18:15:44 INFO  : Context for processor 'ps7_cortexa9_0' is selected.
18:15:46 INFO  : The application 'C:/Users/gusta/OneDrive/Documents/universidad/4to/1r/SEP/Proyectos/pr2/SEPmonG3/SEPmon_SW/Debug/SEPmon_SW.elf' is downloaded to processor 'ps7_cortexa9_0'.
18:15:46 INFO  : 'configparams force-mem-access 0' command is executed.
18:15:46 INFO  : ----------------XSDB Script----------------
connect -url tcp:127.0.0.1:3121
targets -set -nocase -filter {name =~"APU*"}
rst -system
after 3000
targets -set -filter {jtag_cable_name =~ "Digilent Zybo Z7 210351B3FC88A" && level==0 && jtag_device_ctx=="jsn-Zybo Z7-210351B3FC88A-13722093-0"}
fpga -file C:/Users/gusta/OneDrive/Documents/universidad/4to/1r/SEP/Proyectos/pr2/SEPmonG3/SEPmon_SW/_ide/bitstream/SEPmon.bit
targets -set -nocase -filter {name =~"APU*"}
loadhw -hw C:/Users/gusta/OneDrive/Documents/universidad/4to/1r/SEP/Proyectos/pr2/SEPmonG3/SEPmonG3/export/SEPmonG3/hw/SEPmon.xsa -mem-ranges [list {0x40000000 0xbfffffff}] -regs
configparams force-mem-access 1
targets -set -nocase -filter {name =~"APU*"}
source C:/Users/gusta/OneDrive/Documents/universidad/4to/1r/SEP/Proyectos/pr2/SEPmonG3/SEPmon_SW/_ide/psinit/ps7_init.tcl
ps7_init
ps7_post_config
targets -set -nocase -filter {name =~ "*A9*#0"}
dow C:/Users/gusta/OneDrive/Documents/universidad/4to/1r/SEP/Proyectos/pr2/SEPmonG3/SEPmon_SW/Debug/SEPmon_SW.elf
configparams force-mem-access 0
----------------End of Script----------------

18:15:46 INFO  : Context for processor 'ps7_cortexa9_0' is selected.
18:15:46 INFO  : 'con' command is executed.
18:15:46 INFO  : ----------------XSDB Script (After Launch)----------------
targets -set -nocase -filter {name =~ "*A9*#0"}
con
----------------End of Script----------------

18:15:46 INFO  : Launch script is exported to file 'C:\Users\gusta\OneDrive\Documents\universidad\4to\1r\SEP\Proyectos\pr2\SEPmonG3\.sdk\launch_scripts\single_application_debug\debugger_sepmon_sw-default.tcl'
18:24:05 INFO  : Checking for BSP changes to sync application flags for project 'SEPmon_SW'...
18:24:08 INFO  : Disconnected from the channel tcfchan#24.
18:24:09 INFO  : Connected to target on host '127.0.0.1' and port '3121'.
18:24:09 INFO  : Jtag cable 'Digilent Zybo Z7 210351B3FC88A' is selected.
18:24:09 INFO  : 'jtag frequency' command is executed.
18:24:09 INFO  : Context for 'APU' is selected.
18:24:09 INFO  : System reset is completed.
18:24:12 INFO  : 'after 3000' command is executed.
18:24:12 INFO  : 'targets -set -filter {jtag_cable_name =~ "Digilent Zybo Z7 210351B3FC88A" && level==0 && jtag_device_ctx=="jsn-Zybo Z7-210351B3FC88A-13722093-0"}' command is executed.
18:24:14 INFO  : FPGA configured successfully with bitstream "C:/Users/gusta/OneDrive/Documents/universidad/4to/1r/SEP/Proyectos/pr2/SEPmonG3/SEPmon_SW/_ide/bitstream/SEPmon.bit"
18:24:14 INFO  : Context for 'APU' is selected.
18:24:14 INFO  : Hardware design and registers information is loaded from 'C:/Users/gusta/OneDrive/Documents/universidad/4to/1r/SEP/Proyectos/pr2/SEPmonG3/SEPmonG3/export/SEPmonG3/hw/SEPmon.xsa'.
18:24:14 INFO  : 'configparams force-mem-access 1' command is executed.
18:24:14 INFO  : Context for 'APU' is selected.
18:24:14 INFO  : Sourcing of 'C:/Users/gusta/OneDrive/Documents/universidad/4to/1r/SEP/Proyectos/pr2/SEPmonG3/SEPmon_SW/_ide/psinit/ps7_init.tcl' is done.
18:24:14 INFO  : 'ps7_init' command is executed.
18:24:14 INFO  : 'ps7_post_config' command is executed.
18:24:14 INFO  : Context for processor 'ps7_cortexa9_0' is selected.
18:24:16 INFO  : The application 'C:/Users/gusta/OneDrive/Documents/universidad/4to/1r/SEP/Proyectos/pr2/SEPmonG3/SEPmon_SW/Debug/SEPmon_SW.elf' is downloaded to processor 'ps7_cortexa9_0'.
18:24:16 INFO  : 'configparams force-mem-access 0' command is executed.
18:24:16 INFO  : ----------------XSDB Script----------------
connect -url tcp:127.0.0.1:3121
targets -set -nocase -filter {name =~"APU*"}
rst -system
after 3000
targets -set -filter {jtag_cable_name =~ "Digilent Zybo Z7 210351B3FC88A" && level==0 && jtag_device_ctx=="jsn-Zybo Z7-210351B3FC88A-13722093-0"}
fpga -file C:/Users/gusta/OneDrive/Documents/universidad/4to/1r/SEP/Proyectos/pr2/SEPmonG3/SEPmon_SW/_ide/bitstream/SEPmon.bit
targets -set -nocase -filter {name =~"APU*"}
loadhw -hw C:/Users/gusta/OneDrive/Documents/universidad/4to/1r/SEP/Proyectos/pr2/SEPmonG3/SEPmonG3/export/SEPmonG3/hw/SEPmon.xsa -mem-ranges [list {0x40000000 0xbfffffff}] -regs
configparams force-mem-access 1
targets -set -nocase -filter {name =~"APU*"}
source C:/Users/gusta/OneDrive/Documents/universidad/4to/1r/SEP/Proyectos/pr2/SEPmonG3/SEPmon_SW/_ide/psinit/ps7_init.tcl
ps7_init
ps7_post_config
targets -set -nocase -filter {name =~ "*A9*#0"}
dow C:/Users/gusta/OneDrive/Documents/universidad/4to/1r/SEP/Proyectos/pr2/SEPmonG3/SEPmon_SW/Debug/SEPmon_SW.elf
configparams force-mem-access 0
----------------End of Script----------------

18:24:16 INFO  : Context for processor 'ps7_cortexa9_0' is selected.
18:24:16 INFO  : 'con' command is executed.
18:24:16 INFO  : ----------------XSDB Script (After Launch)----------------
targets -set -nocase -filter {name =~ "*A9*#0"}
con
----------------End of Script----------------

18:24:16 INFO  : Launch script is exported to file 'C:\Users\gusta\OneDrive\Documents\universidad\4to\1r\SEP\Proyectos\pr2\SEPmonG3\.sdk\launch_scripts\single_application_debug\debugger_sepmon_sw-default.tcl'
00:54:24 INFO  : Checking for BSP changes to sync application flags for project 'SEPmon_SW'...
00:55:01 INFO  : Checking for BSP changes to sync application flags for project 'SEPmon_SW'...
00:55:17 INFO  : Checking for BSP changes to sync application flags for project 'SEPmon_SW'...
00:55:36 INFO  : Checking for BSP changes to sync application flags for project 'SEPmon_SW'...
01:00:46 INFO  : Checking for BSP changes to sync application flags for project 'SEPmon_SW'...
01:03:59 INFO  : Checking for BSP changes to sync application flags for project 'SEPmon_SW'...
01:04:33 INFO  : Checking for BSP changes to sync application flags for project 'SEPmon_SW'...
01:06:20 INFO  : Checking for BSP changes to sync application flags for project 'SEPmon_SW'...
01:06:25 INFO  : Checking for BSP changes to sync application flags for project 'SEPmon_SW'...
01:07:33 INFO  : Checking for BSP changes to sync application flags for project 'SEPmon_SW'...
01:07:40 INFO  : Checking for BSP changes to sync application flags for project 'SEPmon_SW'...
01:07:49 INFO  : Disconnected from the channel tcfchan#25.
01:07:50 INFO  : Connected to target on host '127.0.0.1' and port '3121'.
01:07:51 INFO  : Jtag cable 'Digilent Zybo Z7 210351B3FC88A' is selected.
01:07:51 INFO  : 'jtag frequency' command is executed.
01:07:51 INFO  : Context for 'APU' is selected.
01:07:51 INFO  : System reset is completed.
01:07:54 INFO  : 'after 3000' command is executed.
01:07:55 INFO  : 'targets -set -filter {jtag_cable_name =~ "Digilent Zybo Z7 210351B3FC88A" && level==0 && jtag_device_ctx=="jsn-Zybo Z7-210351B3FC88A-13722093-0"}' command is executed.
01:07:56 INFO  : FPGA configured successfully with bitstream "C:/Users/gusta/OneDrive/Documents/universidad/4to/1r/SEP/Proyectos/pr2/SEPmonG3/SEPmon_SW/_ide/bitstream/SEPmon.bit"
01:07:56 INFO  : Context for 'APU' is selected.
01:07:56 INFO  : Hardware design and registers information is loaded from 'C:/Users/gusta/OneDrive/Documents/universidad/4to/1r/SEP/Proyectos/pr2/SEPmonG3/SEPmonG3/export/SEPmonG3/hw/SEPmon.xsa'.
01:07:56 INFO  : 'configparams force-mem-access 1' command is executed.
01:07:56 INFO  : Context for 'APU' is selected.
01:07:56 INFO  : Sourcing of 'C:/Users/gusta/OneDrive/Documents/universidad/4to/1r/SEP/Proyectos/pr2/SEPmonG3/SEPmon_SW/_ide/psinit/ps7_init.tcl' is done.
01:07:56 INFO  : 'ps7_init' command is executed.
01:07:56 INFO  : 'ps7_post_config' command is executed.
01:07:56 INFO  : Context for processor 'ps7_cortexa9_0' is selected.
01:07:59 INFO  : The application 'C:/Users/gusta/OneDrive/Documents/universidad/4to/1r/SEP/Proyectos/pr2/SEPmonG3/SEPmon_SW/Debug/SEPmon_SW.elf' is downloaded to processor 'ps7_cortexa9_0'.
01:07:59 INFO  : 'configparams force-mem-access 0' command is executed.
01:07:59 INFO  : ----------------XSDB Script----------------
connect -url tcp:127.0.0.1:3121
targets -set -nocase -filter {name =~"APU*"}
rst -system
after 3000
targets -set -filter {jtag_cable_name =~ "Digilent Zybo Z7 210351B3FC88A" && level==0 && jtag_device_ctx=="jsn-Zybo Z7-210351B3FC88A-13722093-0"}
fpga -file C:/Users/gusta/OneDrive/Documents/universidad/4to/1r/SEP/Proyectos/pr2/SEPmonG3/SEPmon_SW/_ide/bitstream/SEPmon.bit
targets -set -nocase -filter {name =~"APU*"}
loadhw -hw C:/Users/gusta/OneDrive/Documents/universidad/4to/1r/SEP/Proyectos/pr2/SEPmonG3/SEPmonG3/export/SEPmonG3/hw/SEPmon.xsa -mem-ranges [list {0x40000000 0xbfffffff}] -regs
configparams force-mem-access 1
targets -set -nocase -filter {name =~"APU*"}
source C:/Users/gusta/OneDrive/Documents/universidad/4to/1r/SEP/Proyectos/pr2/SEPmonG3/SEPmon_SW/_ide/psinit/ps7_init.tcl
ps7_init
ps7_post_config
targets -set -nocase -filter {name =~ "*A9*#0"}
dow C:/Users/gusta/OneDrive/Documents/universidad/4to/1r/SEP/Proyectos/pr2/SEPmonG3/SEPmon_SW/Debug/SEPmon_SW.elf
configparams force-mem-access 0
----------------End of Script----------------

01:07:59 INFO  : Context for processor 'ps7_cortexa9_0' is selected.
01:07:59 INFO  : 'con' command is executed.
01:07:59 INFO  : ----------------XSDB Script (After Launch)----------------
targets -set -nocase -filter {name =~ "*A9*#0"}
con
----------------End of Script----------------

01:07:59 INFO  : Launch script is exported to file 'C:\Users\gusta\OneDrive\Documents\universidad\4to\1r\SEP\Proyectos\pr2\SEPmonG3\.sdk\launch_scripts\single_application_debug\debugger_sepmon_sw-default.tcl'
01:09:25 INFO  : Checking for BSP changes to sync application flags for project 'SEPmon_SW'...
01:09:44 INFO  : Disconnected from the channel tcfchan#26.
01:09:45 INFO  : Connected to target on host '127.0.0.1' and port '3121'.
01:09:45 INFO  : Jtag cable 'Digilent Zybo Z7 210351B3FC88A' is selected.
01:09:45 INFO  : 'jtag frequency' command is executed.
01:09:45 INFO  : Context for 'APU' is selected.
01:09:45 INFO  : System reset is completed.
01:09:48 INFO  : 'after 3000' command is executed.
01:09:48 INFO  : 'targets -set -filter {jtag_cable_name =~ "Digilent Zybo Z7 210351B3FC88A" && level==0 && jtag_device_ctx=="jsn-Zybo Z7-210351B3FC88A-13722093-0"}' command is executed.
01:09:49 INFO  : FPGA configured successfully with bitstream "C:/Users/gusta/OneDrive/Documents/universidad/4to/1r/SEP/Proyectos/pr2/SEPmonG3/SEPmon_SW/_ide/bitstream/SEPmon.bit"
01:09:49 INFO  : Context for 'APU' is selected.
01:09:49 INFO  : Hardware design and registers information is loaded from 'C:/Users/gusta/OneDrive/Documents/universidad/4to/1r/SEP/Proyectos/pr2/SEPmonG3/SEPmonG3/export/SEPmonG3/hw/SEPmon.xsa'.
01:09:49 INFO  : 'configparams force-mem-access 1' command is executed.
01:09:49 INFO  : Context for 'APU' is selected.
01:09:49 INFO  : Sourcing of 'C:/Users/gusta/OneDrive/Documents/universidad/4to/1r/SEP/Proyectos/pr2/SEPmonG3/SEPmon_SW/_ide/psinit/ps7_init.tcl' is done.
01:09:49 INFO  : 'ps7_init' command is executed.
01:09:49 INFO  : 'ps7_post_config' command is executed.
01:09:49 INFO  : Context for processor 'ps7_cortexa9_0' is selected.
01:09:52 INFO  : The application 'C:/Users/gusta/OneDrive/Documents/universidad/4to/1r/SEP/Proyectos/pr2/SEPmonG3/SEPmon_SW/Debug/SEPmon_SW.elf' is downloaded to processor 'ps7_cortexa9_0'.
01:09:52 INFO  : 'configparams force-mem-access 0' command is executed.
01:09:52 INFO  : ----------------XSDB Script----------------
connect -url tcp:127.0.0.1:3121
targets -set -nocase -filter {name =~"APU*"}
rst -system
after 3000
targets -set -filter {jtag_cable_name =~ "Digilent Zybo Z7 210351B3FC88A" && level==0 && jtag_device_ctx=="jsn-Zybo Z7-210351B3FC88A-13722093-0"}
fpga -file C:/Users/gusta/OneDrive/Documents/universidad/4to/1r/SEP/Proyectos/pr2/SEPmonG3/SEPmon_SW/_ide/bitstream/SEPmon.bit
targets -set -nocase -filter {name =~"APU*"}
loadhw -hw C:/Users/gusta/OneDrive/Documents/universidad/4to/1r/SEP/Proyectos/pr2/SEPmonG3/SEPmonG3/export/SEPmonG3/hw/SEPmon.xsa -mem-ranges [list {0x40000000 0xbfffffff}] -regs
configparams force-mem-access 1
targets -set -nocase -filter {name =~"APU*"}
source C:/Users/gusta/OneDrive/Documents/universidad/4to/1r/SEP/Proyectos/pr2/SEPmonG3/SEPmon_SW/_ide/psinit/ps7_init.tcl
ps7_init
ps7_post_config
targets -set -nocase -filter {name =~ "*A9*#0"}
dow C:/Users/gusta/OneDrive/Documents/universidad/4to/1r/SEP/Proyectos/pr2/SEPmonG3/SEPmon_SW/Debug/SEPmon_SW.elf
configparams force-mem-access 0
----------------End of Script----------------

01:09:52 INFO  : Context for processor 'ps7_cortexa9_0' is selected.
01:09:52 INFO  : 'con' command is executed.
01:09:52 INFO  : ----------------XSDB Script (After Launch)----------------
targets -set -nocase -filter {name =~ "*A9*#0"}
con
----------------End of Script----------------

01:09:52 INFO  : Launch script is exported to file 'C:\Users\gusta\OneDrive\Documents\universidad\4to\1r\SEP\Proyectos\pr2\SEPmonG3\.sdk\launch_scripts\single_application_debug\debugger_sepmon_sw-default.tcl'
01:11:20 INFO  : Checking for BSP changes to sync application flags for project 'SEPmon_SW'...
01:11:27 INFO  : Disconnected from the channel tcfchan#27.
01:11:28 INFO  : Connected to target on host '127.0.0.1' and port '3121'.
01:11:28 INFO  : Jtag cable 'Digilent Zybo Z7 210351B3FC88A' is selected.
01:11:28 INFO  : 'jtag frequency' command is executed.
01:11:28 INFO  : Context for 'APU' is selected.
01:11:28 INFO  : System reset is completed.
01:11:31 INFO  : 'after 3000' command is executed.
01:11:31 INFO  : 'targets -set -filter {jtag_cable_name =~ "Digilent Zybo Z7 210351B3FC88A" && level==0 && jtag_device_ctx=="jsn-Zybo Z7-210351B3FC88A-13722093-0"}' command is executed.
01:11:32 INFO  : FPGA configured successfully with bitstream "C:/Users/gusta/OneDrive/Documents/universidad/4to/1r/SEP/Proyectos/pr2/SEPmonG3/SEPmon_SW/_ide/bitstream/SEPmon.bit"
01:11:32 INFO  : Context for 'APU' is selected.
01:11:32 INFO  : Hardware design and registers information is loaded from 'C:/Users/gusta/OneDrive/Documents/universidad/4to/1r/SEP/Proyectos/pr2/SEPmonG3/SEPmonG3/export/SEPmonG3/hw/SEPmon.xsa'.
01:11:32 INFO  : 'configparams force-mem-access 1' command is executed.
01:11:32 INFO  : Context for 'APU' is selected.
01:11:32 INFO  : Sourcing of 'C:/Users/gusta/OneDrive/Documents/universidad/4to/1r/SEP/Proyectos/pr2/SEPmonG3/SEPmon_SW/_ide/psinit/ps7_init.tcl' is done.
01:11:33 INFO  : 'ps7_init' command is executed.
01:11:33 INFO  : 'ps7_post_config' command is executed.
01:11:33 INFO  : Context for processor 'ps7_cortexa9_0' is selected.
01:11:35 INFO  : The application 'C:/Users/gusta/OneDrive/Documents/universidad/4to/1r/SEP/Proyectos/pr2/SEPmonG3/SEPmon_SW/Debug/SEPmon_SW.elf' is downloaded to processor 'ps7_cortexa9_0'.
01:11:35 INFO  : 'configparams force-mem-access 0' command is executed.
01:11:35 INFO  : ----------------XSDB Script----------------
connect -url tcp:127.0.0.1:3121
targets -set -nocase -filter {name =~"APU*"}
rst -system
after 3000
targets -set -filter {jtag_cable_name =~ "Digilent Zybo Z7 210351B3FC88A" && level==0 && jtag_device_ctx=="jsn-Zybo Z7-210351B3FC88A-13722093-0"}
fpga -file C:/Users/gusta/OneDrive/Documents/universidad/4to/1r/SEP/Proyectos/pr2/SEPmonG3/SEPmon_SW/_ide/bitstream/SEPmon.bit
targets -set -nocase -filter {name =~"APU*"}
loadhw -hw C:/Users/gusta/OneDrive/Documents/universidad/4to/1r/SEP/Proyectos/pr2/SEPmonG3/SEPmonG3/export/SEPmonG3/hw/SEPmon.xsa -mem-ranges [list {0x40000000 0xbfffffff}] -regs
configparams force-mem-access 1
targets -set -nocase -filter {name =~"APU*"}
source C:/Users/gusta/OneDrive/Documents/universidad/4to/1r/SEP/Proyectos/pr2/SEPmonG3/SEPmon_SW/_ide/psinit/ps7_init.tcl
ps7_init
ps7_post_config
targets -set -nocase -filter {name =~ "*A9*#0"}
dow C:/Users/gusta/OneDrive/Documents/universidad/4to/1r/SEP/Proyectos/pr2/SEPmonG3/SEPmon_SW/Debug/SEPmon_SW.elf
configparams force-mem-access 0
----------------End of Script----------------

01:11:35 INFO  : Context for processor 'ps7_cortexa9_0' is selected.
01:11:35 INFO  : 'con' command is executed.
01:11:35 INFO  : ----------------XSDB Script (After Launch)----------------
targets -set -nocase -filter {name =~ "*A9*#0"}
con
----------------End of Script----------------

01:11:35 INFO  : Launch script is exported to file 'C:\Users\gusta\OneDrive\Documents\universidad\4to\1r\SEP\Proyectos\pr2\SEPmonG3\.sdk\launch_scripts\single_application_debug\debugger_sepmon_sw-default.tcl'
01:12:19 INFO  : Checking for BSP changes to sync application flags for project 'SEPmon_SW'...
01:13:16 INFO  : Disconnected from the channel tcfchan#28.
01:13:17 INFO  : Connected to target on host '127.0.0.1' and port '3121'.
01:13:18 INFO  : Jtag cable 'Digilent Zybo Z7 210351B3FC88A' is selected.
01:13:18 INFO  : 'jtag frequency' command is executed.
01:13:18 INFO  : Context for 'APU' is selected.
01:13:18 INFO  : System reset is completed.
01:13:21 INFO  : 'after 3000' command is executed.
01:13:21 INFO  : 'targets -set -filter {jtag_cable_name =~ "Digilent Zybo Z7 210351B3FC88A" && level==0 && jtag_device_ctx=="jsn-Zybo Z7-210351B3FC88A-13722093-0"}' command is executed.
01:13:22 INFO  : FPGA configured successfully with bitstream "C:/Users/gusta/OneDrive/Documents/universidad/4to/1r/SEP/Proyectos/pr2/SEPmonG3/SEPmon_SW/_ide/bitstream/SEPmon.bit"
01:13:22 INFO  : Context for 'APU' is selected.
01:13:22 INFO  : Hardware design and registers information is loaded from 'C:/Users/gusta/OneDrive/Documents/universidad/4to/1r/SEP/Proyectos/pr2/SEPmonG3/SEPmonG3/export/SEPmonG3/hw/SEPmon.xsa'.
01:13:22 INFO  : 'configparams force-mem-access 1' command is executed.
01:13:22 INFO  : Context for 'APU' is selected.
01:13:22 INFO  : Sourcing of 'C:/Users/gusta/OneDrive/Documents/universidad/4to/1r/SEP/Proyectos/pr2/SEPmonG3/SEPmon_SW/_ide/psinit/ps7_init.tcl' is done.
01:13:22 INFO  : 'ps7_init' command is executed.
01:13:22 INFO  : 'ps7_post_config' command is executed.
01:13:23 INFO  : Context for processor 'ps7_cortexa9_0' is selected.
01:13:25 INFO  : The application 'C:/Users/gusta/OneDrive/Documents/universidad/4to/1r/SEP/Proyectos/pr2/SEPmonG3/SEPmon_SW/Debug/SEPmon_SW.elf' is downloaded to processor 'ps7_cortexa9_0'.
01:13:25 INFO  : 'configparams force-mem-access 0' command is executed.
01:13:25 INFO  : ----------------XSDB Script----------------
connect -url tcp:127.0.0.1:3121
targets -set -nocase -filter {name =~"APU*"}
rst -system
after 3000
targets -set -filter {jtag_cable_name =~ "Digilent Zybo Z7 210351B3FC88A" && level==0 && jtag_device_ctx=="jsn-Zybo Z7-210351B3FC88A-13722093-0"}
fpga -file C:/Users/gusta/OneDrive/Documents/universidad/4to/1r/SEP/Proyectos/pr2/SEPmonG3/SEPmon_SW/_ide/bitstream/SEPmon.bit
targets -set -nocase -filter {name =~"APU*"}
loadhw -hw C:/Users/gusta/OneDrive/Documents/universidad/4to/1r/SEP/Proyectos/pr2/SEPmonG3/SEPmonG3/export/SEPmonG3/hw/SEPmon.xsa -mem-ranges [list {0x40000000 0xbfffffff}] -regs
configparams force-mem-access 1
targets -set -nocase -filter {name =~"APU*"}
source C:/Users/gusta/OneDrive/Documents/universidad/4to/1r/SEP/Proyectos/pr2/SEPmonG3/SEPmon_SW/_ide/psinit/ps7_init.tcl
ps7_init
ps7_post_config
targets -set -nocase -filter {name =~ "*A9*#0"}
dow C:/Users/gusta/OneDrive/Documents/universidad/4to/1r/SEP/Proyectos/pr2/SEPmonG3/SEPmon_SW/Debug/SEPmon_SW.elf
configparams force-mem-access 0
----------------End of Script----------------

01:13:25 INFO  : Context for processor 'ps7_cortexa9_0' is selected.
01:13:25 INFO  : 'con' command is executed.
01:13:25 INFO  : ----------------XSDB Script (After Launch)----------------
targets -set -nocase -filter {name =~ "*A9*#0"}
con
----------------End of Script----------------

01:13:25 INFO  : Launch script is exported to file 'C:\Users\gusta\OneDrive\Documents\universidad\4to\1r\SEP\Proyectos\pr2\SEPmonG3\.sdk\launch_scripts\single_application_debug\debugger_sepmon_sw-default.tcl'
01:14:24 INFO  : Checking for BSP changes to sync application flags for project 'SEPmon_SW'...
01:14:28 INFO  : Disconnected from the channel tcfchan#29.
01:14:29 INFO  : Connected to target on host '127.0.0.1' and port '3121'.
01:14:29 INFO  : Jtag cable 'Digilent Zybo Z7 210351B3FC88A' is selected.
01:14:29 INFO  : 'jtag frequency' command is executed.
01:14:29 INFO  : Context for 'APU' is selected.
01:14:29 INFO  : System reset is completed.
01:14:32 INFO  : 'after 3000' command is executed.
01:14:32 INFO  : 'targets -set -filter {jtag_cable_name =~ "Digilent Zybo Z7 210351B3FC88A" && level==0 && jtag_device_ctx=="jsn-Zybo Z7-210351B3FC88A-13722093-0"}' command is executed.
01:14:34 INFO  : FPGA configured successfully with bitstream "C:/Users/gusta/OneDrive/Documents/universidad/4to/1r/SEP/Proyectos/pr2/SEPmonG3/SEPmon_SW/_ide/bitstream/SEPmon.bit"
01:14:34 INFO  : Context for 'APU' is selected.
01:14:34 INFO  : Hardware design and registers information is loaded from 'C:/Users/gusta/OneDrive/Documents/universidad/4to/1r/SEP/Proyectos/pr2/SEPmonG3/SEPmonG3/export/SEPmonG3/hw/SEPmon.xsa'.
01:14:34 INFO  : 'configparams force-mem-access 1' command is executed.
01:14:34 INFO  : Context for 'APU' is selected.
01:14:34 INFO  : Sourcing of 'C:/Users/gusta/OneDrive/Documents/universidad/4to/1r/SEP/Proyectos/pr2/SEPmonG3/SEPmon_SW/_ide/psinit/ps7_init.tcl' is done.
01:14:34 INFO  : 'ps7_init' command is executed.
01:14:34 INFO  : 'ps7_post_config' command is executed.
01:14:34 INFO  : Context for processor 'ps7_cortexa9_0' is selected.
01:14:36 INFO  : The application 'C:/Users/gusta/OneDrive/Documents/universidad/4to/1r/SEP/Proyectos/pr2/SEPmonG3/SEPmon_SW/Debug/SEPmon_SW.elf' is downloaded to processor 'ps7_cortexa9_0'.
01:14:36 INFO  : 'configparams force-mem-access 0' command is executed.
01:14:36 INFO  : ----------------XSDB Script----------------
connect -url tcp:127.0.0.1:3121
targets -set -nocase -filter {name =~"APU*"}
rst -system
after 3000
targets -set -filter {jtag_cable_name =~ "Digilent Zybo Z7 210351B3FC88A" && level==0 && jtag_device_ctx=="jsn-Zybo Z7-210351B3FC88A-13722093-0"}
fpga -file C:/Users/gusta/OneDrive/Documents/universidad/4to/1r/SEP/Proyectos/pr2/SEPmonG3/SEPmon_SW/_ide/bitstream/SEPmon.bit
targets -set -nocase -filter {name =~"APU*"}
loadhw -hw C:/Users/gusta/OneDrive/Documents/universidad/4to/1r/SEP/Proyectos/pr2/SEPmonG3/SEPmonG3/export/SEPmonG3/hw/SEPmon.xsa -mem-ranges [list {0x40000000 0xbfffffff}] -regs
configparams force-mem-access 1
targets -set -nocase -filter {name =~"APU*"}
source C:/Users/gusta/OneDrive/Documents/universidad/4to/1r/SEP/Proyectos/pr2/SEPmonG3/SEPmon_SW/_ide/psinit/ps7_init.tcl
ps7_init
ps7_post_config
targets -set -nocase -filter {name =~ "*A9*#0"}
dow C:/Users/gusta/OneDrive/Documents/universidad/4to/1r/SEP/Proyectos/pr2/SEPmonG3/SEPmon_SW/Debug/SEPmon_SW.elf
configparams force-mem-access 0
----------------End of Script----------------

01:14:36 INFO  : Context for processor 'ps7_cortexa9_0' is selected.
01:14:36 INFO  : 'con' command is executed.
01:14:36 INFO  : ----------------XSDB Script (After Launch)----------------
targets -set -nocase -filter {name =~ "*A9*#0"}
con
----------------End of Script----------------

01:14:36 INFO  : Launch script is exported to file 'C:\Users\gusta\OneDrive\Documents\universidad\4to\1r\SEP\Proyectos\pr2\SEPmonG3\.sdk\launch_scripts\single_application_debug\debugger_sepmon_sw-default.tcl'
01:15:11 INFO  : Checking for BSP changes to sync application flags for project 'SEPmon_SW'...
01:15:15 INFO  : Disconnected from the channel tcfchan#30.
01:15:16 INFO  : Connected to target on host '127.0.0.1' and port '3121'.
01:15:16 INFO  : Jtag cable 'Digilent Zybo Z7 210351B3FC88A' is selected.
01:15:16 INFO  : 'jtag frequency' command is executed.
01:15:16 INFO  : Context for 'APU' is selected.
01:15:17 INFO  : System reset is completed.
01:15:20 INFO  : 'after 3000' command is executed.
01:15:20 INFO  : 'targets -set -filter {jtag_cable_name =~ "Digilent Zybo Z7 210351B3FC88A" && level==0 && jtag_device_ctx=="jsn-Zybo Z7-210351B3FC88A-13722093-0"}' command is executed.
01:15:21 INFO  : FPGA configured successfully with bitstream "C:/Users/gusta/OneDrive/Documents/universidad/4to/1r/SEP/Proyectos/pr2/SEPmonG3/SEPmon_SW/_ide/bitstream/SEPmon.bit"
01:15:21 INFO  : Context for 'APU' is selected.
01:15:21 INFO  : Hardware design and registers information is loaded from 'C:/Users/gusta/OneDrive/Documents/universidad/4to/1r/SEP/Proyectos/pr2/SEPmonG3/SEPmonG3/export/SEPmonG3/hw/SEPmon.xsa'.
01:15:21 INFO  : 'configparams force-mem-access 1' command is executed.
01:15:21 INFO  : Context for 'APU' is selected.
01:15:21 INFO  : Sourcing of 'C:/Users/gusta/OneDrive/Documents/universidad/4to/1r/SEP/Proyectos/pr2/SEPmonG3/SEPmon_SW/_ide/psinit/ps7_init.tcl' is done.
01:15:21 INFO  : 'ps7_init' command is executed.
01:15:21 INFO  : 'ps7_post_config' command is executed.
01:15:21 INFO  : Context for processor 'ps7_cortexa9_0' is selected.
01:15:23 INFO  : The application 'C:/Users/gusta/OneDrive/Documents/universidad/4to/1r/SEP/Proyectos/pr2/SEPmonG3/SEPmon_SW/Debug/SEPmon_SW.elf' is downloaded to processor 'ps7_cortexa9_0'.
01:15:24 INFO  : 'configparams force-mem-access 0' command is executed.
01:15:24 INFO  : ----------------XSDB Script----------------
connect -url tcp:127.0.0.1:3121
targets -set -nocase -filter {name =~"APU*"}
rst -system
after 3000
targets -set -filter {jtag_cable_name =~ "Digilent Zybo Z7 210351B3FC88A" && level==0 && jtag_device_ctx=="jsn-Zybo Z7-210351B3FC88A-13722093-0"}
fpga -file C:/Users/gusta/OneDrive/Documents/universidad/4to/1r/SEP/Proyectos/pr2/SEPmonG3/SEPmon_SW/_ide/bitstream/SEPmon.bit
targets -set -nocase -filter {name =~"APU*"}
loadhw -hw C:/Users/gusta/OneDrive/Documents/universidad/4to/1r/SEP/Proyectos/pr2/SEPmonG3/SEPmonG3/export/SEPmonG3/hw/SEPmon.xsa -mem-ranges [list {0x40000000 0xbfffffff}] -regs
configparams force-mem-access 1
targets -set -nocase -filter {name =~"APU*"}
source C:/Users/gusta/OneDrive/Documents/universidad/4to/1r/SEP/Proyectos/pr2/SEPmonG3/SEPmon_SW/_ide/psinit/ps7_init.tcl
ps7_init
ps7_post_config
targets -set -nocase -filter {name =~ "*A9*#0"}
dow C:/Users/gusta/OneDrive/Documents/universidad/4to/1r/SEP/Proyectos/pr2/SEPmonG3/SEPmon_SW/Debug/SEPmon_SW.elf
configparams force-mem-access 0
----------------End of Script----------------

01:15:24 INFO  : Context for processor 'ps7_cortexa9_0' is selected.
01:15:24 INFO  : 'con' command is executed.
01:15:24 INFO  : ----------------XSDB Script (After Launch)----------------
targets -set -nocase -filter {name =~ "*A9*#0"}
con
----------------End of Script----------------

01:15:24 INFO  : Launch script is exported to file 'C:\Users\gusta\OneDrive\Documents\universidad\4to\1r\SEP\Proyectos\pr2\SEPmonG3\.sdk\launch_scripts\single_application_debug\debugger_sepmon_sw-default.tcl'
01:16:32 INFO  : Checking for BSP changes to sync application flags for project 'SEPmon_SW'...
01:16:36 INFO  : Disconnected from the channel tcfchan#31.
01:16:37 INFO  : Connected to target on host '127.0.0.1' and port '3121'.
01:16:37 INFO  : Jtag cable 'Digilent Zybo Z7 210351B3FC88A' is selected.
01:16:37 INFO  : 'jtag frequency' command is executed.
01:16:37 INFO  : Context for 'APU' is selected.
01:16:37 INFO  : System reset is completed.
01:16:40 INFO  : 'after 3000' command is executed.
01:16:40 INFO  : 'targets -set -filter {jtag_cable_name =~ "Digilent Zybo Z7 210351B3FC88A" && level==0 && jtag_device_ctx=="jsn-Zybo Z7-210351B3FC88A-13722093-0"}' command is executed.
01:16:42 INFO  : FPGA configured successfully with bitstream "C:/Users/gusta/OneDrive/Documents/universidad/4to/1r/SEP/Proyectos/pr2/SEPmonG3/SEPmon_SW/_ide/bitstream/SEPmon.bit"
01:16:42 INFO  : Context for 'APU' is selected.
01:16:42 INFO  : Hardware design and registers information is loaded from 'C:/Users/gusta/OneDrive/Documents/universidad/4to/1r/SEP/Proyectos/pr2/SEPmonG3/SEPmonG3/export/SEPmonG3/hw/SEPmon.xsa'.
01:16:42 INFO  : 'configparams force-mem-access 1' command is executed.
01:16:42 INFO  : Context for 'APU' is selected.
01:16:42 INFO  : Sourcing of 'C:/Users/gusta/OneDrive/Documents/universidad/4to/1r/SEP/Proyectos/pr2/SEPmonG3/SEPmon_SW/_ide/psinit/ps7_init.tcl' is done.
01:16:42 INFO  : 'ps7_init' command is executed.
01:16:42 INFO  : 'ps7_post_config' command is executed.
01:16:42 INFO  : Context for processor 'ps7_cortexa9_0' is selected.
01:16:44 INFO  : The application 'C:/Users/gusta/OneDrive/Documents/universidad/4to/1r/SEP/Proyectos/pr2/SEPmonG3/SEPmon_SW/Debug/SEPmon_SW.elf' is downloaded to processor 'ps7_cortexa9_0'.
01:16:44 INFO  : 'configparams force-mem-access 0' command is executed.
01:16:44 INFO  : ----------------XSDB Script----------------
connect -url tcp:127.0.0.1:3121
targets -set -nocase -filter {name =~"APU*"}
rst -system
after 3000
targets -set -filter {jtag_cable_name =~ "Digilent Zybo Z7 210351B3FC88A" && level==0 && jtag_device_ctx=="jsn-Zybo Z7-210351B3FC88A-13722093-0"}
fpga -file C:/Users/gusta/OneDrive/Documents/universidad/4to/1r/SEP/Proyectos/pr2/SEPmonG3/SEPmon_SW/_ide/bitstream/SEPmon.bit
targets -set -nocase -filter {name =~"APU*"}
loadhw -hw C:/Users/gusta/OneDrive/Documents/universidad/4to/1r/SEP/Proyectos/pr2/SEPmonG3/SEPmonG3/export/SEPmonG3/hw/SEPmon.xsa -mem-ranges [list {0x40000000 0xbfffffff}] -regs
configparams force-mem-access 1
targets -set -nocase -filter {name =~"APU*"}
source C:/Users/gusta/OneDrive/Documents/universidad/4to/1r/SEP/Proyectos/pr2/SEPmonG3/SEPmon_SW/_ide/psinit/ps7_init.tcl
ps7_init
ps7_post_config
targets -set -nocase -filter {name =~ "*A9*#0"}
dow C:/Users/gusta/OneDrive/Documents/universidad/4to/1r/SEP/Proyectos/pr2/SEPmonG3/SEPmon_SW/Debug/SEPmon_SW.elf
configparams force-mem-access 0
----------------End of Script----------------

01:16:44 INFO  : Context for processor 'ps7_cortexa9_0' is selected.
01:16:44 INFO  : 'con' command is executed.
01:16:44 INFO  : ----------------XSDB Script (After Launch)----------------
targets -set -nocase -filter {name =~ "*A9*#0"}
con
----------------End of Script----------------

01:16:44 INFO  : Launch script is exported to file 'C:\Users\gusta\OneDrive\Documents\universidad\4to\1r\SEP\Proyectos\pr2\SEPmonG3\.sdk\launch_scripts\single_application_debug\debugger_sepmon_sw-default.tcl'
01:21:39 INFO  : Checking for BSP changes to sync application flags for project 'SEPmon_SW'...
01:21:54 INFO  : Checking for BSP changes to sync application flags for project 'SEPmon_SW'...
01:21:59 INFO  : Disconnected from the channel tcfchan#32.
01:22:00 INFO  : Connected to target on host '127.0.0.1' and port '3121'.
01:22:00 INFO  : Jtag cable 'Digilent Zybo Z7 210351B3FC88A' is selected.
01:22:00 INFO  : 'jtag frequency' command is executed.
01:22:00 INFO  : Context for 'APU' is selected.
01:22:00 INFO  : System reset is completed.
01:22:03 INFO  : 'after 3000' command is executed.
01:22:03 INFO  : 'targets -set -filter {jtag_cable_name =~ "Digilent Zybo Z7 210351B3FC88A" && level==0 && jtag_device_ctx=="jsn-Zybo Z7-210351B3FC88A-13722093-0"}' command is executed.
01:22:05 INFO  : FPGA configured successfully with bitstream "C:/Users/gusta/OneDrive/Documents/universidad/4to/1r/SEP/Proyectos/pr2/SEPmonG3/SEPmon_SW/_ide/bitstream/SEPmon.bit"
01:22:05 INFO  : Context for 'APU' is selected.
01:22:05 INFO  : Hardware design and registers information is loaded from 'C:/Users/gusta/OneDrive/Documents/universidad/4to/1r/SEP/Proyectos/pr2/SEPmonG3/SEPmonG3/export/SEPmonG3/hw/SEPmon.xsa'.
01:22:05 INFO  : 'configparams force-mem-access 1' command is executed.
01:22:05 INFO  : Context for 'APU' is selected.
01:22:05 INFO  : Sourcing of 'C:/Users/gusta/OneDrive/Documents/universidad/4to/1r/SEP/Proyectos/pr2/SEPmonG3/SEPmon_SW/_ide/psinit/ps7_init.tcl' is done.
01:22:05 INFO  : 'ps7_init' command is executed.
01:22:05 INFO  : 'ps7_post_config' command is executed.
01:22:05 INFO  : Context for processor 'ps7_cortexa9_0' is selected.
01:22:07 INFO  : The application 'C:/Users/gusta/OneDrive/Documents/universidad/4to/1r/SEP/Proyectos/pr2/SEPmonG3/SEPmon_SW/Debug/SEPmon_SW.elf' is downloaded to processor 'ps7_cortexa9_0'.
01:22:07 INFO  : 'configparams force-mem-access 0' command is executed.
01:22:07 INFO  : ----------------XSDB Script----------------
connect -url tcp:127.0.0.1:3121
targets -set -nocase -filter {name =~"APU*"}
rst -system
after 3000
targets -set -filter {jtag_cable_name =~ "Digilent Zybo Z7 210351B3FC88A" && level==0 && jtag_device_ctx=="jsn-Zybo Z7-210351B3FC88A-13722093-0"}
fpga -file C:/Users/gusta/OneDrive/Documents/universidad/4to/1r/SEP/Proyectos/pr2/SEPmonG3/SEPmon_SW/_ide/bitstream/SEPmon.bit
targets -set -nocase -filter {name =~"APU*"}
loadhw -hw C:/Users/gusta/OneDrive/Documents/universidad/4to/1r/SEP/Proyectos/pr2/SEPmonG3/SEPmonG3/export/SEPmonG3/hw/SEPmon.xsa -mem-ranges [list {0x40000000 0xbfffffff}] -regs
configparams force-mem-access 1
targets -set -nocase -filter {name =~"APU*"}
source C:/Users/gusta/OneDrive/Documents/universidad/4to/1r/SEP/Proyectos/pr2/SEPmonG3/SEPmon_SW/_ide/psinit/ps7_init.tcl
ps7_init
ps7_post_config
targets -set -nocase -filter {name =~ "*A9*#0"}
dow C:/Users/gusta/OneDrive/Documents/universidad/4to/1r/SEP/Proyectos/pr2/SEPmonG3/SEPmon_SW/Debug/SEPmon_SW.elf
configparams force-mem-access 0
----------------End of Script----------------

01:22:07 INFO  : Context for processor 'ps7_cortexa9_0' is selected.
01:22:07 INFO  : 'con' command is executed.
01:22:07 INFO  : ----------------XSDB Script (After Launch)----------------
targets -set -nocase -filter {name =~ "*A9*#0"}
con
----------------End of Script----------------

01:22:07 INFO  : Launch script is exported to file 'C:\Users\gusta\OneDrive\Documents\universidad\4to\1r\SEP\Proyectos\pr2\SEPmonG3\.sdk\launch_scripts\single_application_debug\debugger_sepmon_sw-default.tcl'
01:34:11 INFO  : Checking for BSP changes to sync application flags for project 'SEPmon_SW'...
01:34:18 INFO  : Disconnected from the channel tcfchan#33.
01:34:19 INFO  : Connected to target on host '127.0.0.1' and port '3121'.
01:34:19 INFO  : Jtag cable 'Digilent Zybo Z7 210351B3FC88A' is selected.
01:34:19 INFO  : 'jtag frequency' command is executed.
01:34:19 INFO  : Context for 'APU' is selected.
01:34:19 INFO  : System reset is completed.
01:34:22 INFO  : 'after 3000' command is executed.
01:34:22 INFO  : 'targets -set -filter {jtag_cable_name =~ "Digilent Zybo Z7 210351B3FC88A" && level==0 && jtag_device_ctx=="jsn-Zybo Z7-210351B3FC88A-13722093-0"}' command is executed.
01:34:23 INFO  : FPGA configured successfully with bitstream "C:/Users/gusta/OneDrive/Documents/universidad/4to/1r/SEP/Proyectos/pr2/SEPmonG3/SEPmon_SW/_ide/bitstream/SEPmon.bit"
01:34:23 INFO  : Context for 'APU' is selected.
01:34:23 INFO  : Hardware design and registers information is loaded from 'C:/Users/gusta/OneDrive/Documents/universidad/4to/1r/SEP/Proyectos/pr2/SEPmonG3/SEPmonG3/export/SEPmonG3/hw/SEPmon.xsa'.
01:34:23 INFO  : 'configparams force-mem-access 1' command is executed.
01:34:23 INFO  : Context for 'APU' is selected.
01:34:23 INFO  : Sourcing of 'C:/Users/gusta/OneDrive/Documents/universidad/4to/1r/SEP/Proyectos/pr2/SEPmonG3/SEPmon_SW/_ide/psinit/ps7_init.tcl' is done.
01:34:24 INFO  : 'ps7_init' command is executed.
01:34:24 INFO  : 'ps7_post_config' command is executed.
01:34:24 INFO  : Context for processor 'ps7_cortexa9_0' is selected.
01:34:26 INFO  : The application 'C:/Users/gusta/OneDrive/Documents/universidad/4to/1r/SEP/Proyectos/pr2/SEPmonG3/SEPmon_SW/Debug/SEPmon_SW.elf' is downloaded to processor 'ps7_cortexa9_0'.
01:34:26 INFO  : 'configparams force-mem-access 0' command is executed.
01:34:26 INFO  : ----------------XSDB Script----------------
connect -url tcp:127.0.0.1:3121
targets -set -nocase -filter {name =~"APU*"}
rst -system
after 3000
targets -set -filter {jtag_cable_name =~ "Digilent Zybo Z7 210351B3FC88A" && level==0 && jtag_device_ctx=="jsn-Zybo Z7-210351B3FC88A-13722093-0"}
fpga -file C:/Users/gusta/OneDrive/Documents/universidad/4to/1r/SEP/Proyectos/pr2/SEPmonG3/SEPmon_SW/_ide/bitstream/SEPmon.bit
targets -set -nocase -filter {name =~"APU*"}
loadhw -hw C:/Users/gusta/OneDrive/Documents/universidad/4to/1r/SEP/Proyectos/pr2/SEPmonG3/SEPmonG3/export/SEPmonG3/hw/SEPmon.xsa -mem-ranges [list {0x40000000 0xbfffffff}] -regs
configparams force-mem-access 1
targets -set -nocase -filter {name =~"APU*"}
source C:/Users/gusta/OneDrive/Documents/universidad/4to/1r/SEP/Proyectos/pr2/SEPmonG3/SEPmon_SW/_ide/psinit/ps7_init.tcl
ps7_init
ps7_post_config
targets -set -nocase -filter {name =~ "*A9*#0"}
dow C:/Users/gusta/OneDrive/Documents/universidad/4to/1r/SEP/Proyectos/pr2/SEPmonG3/SEPmon_SW/Debug/SEPmon_SW.elf
configparams force-mem-access 0
----------------End of Script----------------

01:34:26 INFO  : Context for processor 'ps7_cortexa9_0' is selected.
01:34:26 INFO  : 'con' command is executed.
01:34:26 INFO  : ----------------XSDB Script (After Launch)----------------
targets -set -nocase -filter {name =~ "*A9*#0"}
con
----------------End of Script----------------

01:34:26 INFO  : Launch script is exported to file 'C:\Users\gusta\OneDrive\Documents\universidad\4to\1r\SEP\Proyectos\pr2\SEPmonG3\.sdk\launch_scripts\single_application_debug\debugger_sepmon_sw-default.tcl'
01:36:03 INFO  : Checking for BSP changes to sync application flags for project 'SEPmon_SW'...
01:36:10 INFO  : Disconnected from the channel tcfchan#34.
01:36:11 INFO  : Connected to target on host '127.0.0.1' and port '3121'.
01:36:11 INFO  : Jtag cable 'Digilent Zybo Z7 210351B3FC88A' is selected.
01:36:11 INFO  : 'jtag frequency' command is executed.
01:36:11 INFO  : Context for 'APU' is selected.
01:36:11 INFO  : System reset is completed.
01:36:14 INFO  : 'after 3000' command is executed.
01:36:14 INFO  : 'targets -set -filter {jtag_cable_name =~ "Digilent Zybo Z7 210351B3FC88A" && level==0 && jtag_device_ctx=="jsn-Zybo Z7-210351B3FC88A-13722093-0"}' command is executed.
01:36:16 INFO  : FPGA configured successfully with bitstream "C:/Users/gusta/OneDrive/Documents/universidad/4to/1r/SEP/Proyectos/pr2/SEPmonG3/SEPmon_SW/_ide/bitstream/SEPmon.bit"
01:36:16 INFO  : Context for 'APU' is selected.
01:36:16 INFO  : Hardware design and registers information is loaded from 'C:/Users/gusta/OneDrive/Documents/universidad/4to/1r/SEP/Proyectos/pr2/SEPmonG3/SEPmonG3/export/SEPmonG3/hw/SEPmon.xsa'.
01:36:16 INFO  : 'configparams force-mem-access 1' command is executed.
01:36:16 INFO  : Context for 'APU' is selected.
01:36:16 INFO  : Sourcing of 'C:/Users/gusta/OneDrive/Documents/universidad/4to/1r/SEP/Proyectos/pr2/SEPmonG3/SEPmon_SW/_ide/psinit/ps7_init.tcl' is done.
01:36:16 INFO  : 'ps7_init' command is executed.
01:36:16 INFO  : 'ps7_post_config' command is executed.
01:36:16 INFO  : Context for processor 'ps7_cortexa9_0' is selected.
01:36:18 INFO  : The application 'C:/Users/gusta/OneDrive/Documents/universidad/4to/1r/SEP/Proyectos/pr2/SEPmonG3/SEPmon_SW/Debug/SEPmon_SW.elf' is downloaded to processor 'ps7_cortexa9_0'.
01:36:18 INFO  : 'configparams force-mem-access 0' command is executed.
01:36:18 INFO  : ----------------XSDB Script----------------
connect -url tcp:127.0.0.1:3121
targets -set -nocase -filter {name =~"APU*"}
rst -system
after 3000
targets -set -filter {jtag_cable_name =~ "Digilent Zybo Z7 210351B3FC88A" && level==0 && jtag_device_ctx=="jsn-Zybo Z7-210351B3FC88A-13722093-0"}
fpga -file C:/Users/gusta/OneDrive/Documents/universidad/4to/1r/SEP/Proyectos/pr2/SEPmonG3/SEPmon_SW/_ide/bitstream/SEPmon.bit
targets -set -nocase -filter {name =~"APU*"}
loadhw -hw C:/Users/gusta/OneDrive/Documents/universidad/4to/1r/SEP/Proyectos/pr2/SEPmonG3/SEPmonG3/export/SEPmonG3/hw/SEPmon.xsa -mem-ranges [list {0x40000000 0xbfffffff}] -regs
configparams force-mem-access 1
targets -set -nocase -filter {name =~"APU*"}
source C:/Users/gusta/OneDrive/Documents/universidad/4to/1r/SEP/Proyectos/pr2/SEPmonG3/SEPmon_SW/_ide/psinit/ps7_init.tcl
ps7_init
ps7_post_config
targets -set -nocase -filter {name =~ "*A9*#0"}
dow C:/Users/gusta/OneDrive/Documents/universidad/4to/1r/SEP/Proyectos/pr2/SEPmonG3/SEPmon_SW/Debug/SEPmon_SW.elf
configparams force-mem-access 0
----------------End of Script----------------

01:36:18 INFO  : Context for processor 'ps7_cortexa9_0' is selected.
01:36:18 INFO  : 'con' command is executed.
01:36:18 INFO  : ----------------XSDB Script (After Launch)----------------
targets -set -nocase -filter {name =~ "*A9*#0"}
con
----------------End of Script----------------

01:36:18 INFO  : Launch script is exported to file 'C:\Users\gusta\OneDrive\Documents\universidad\4to\1r\SEP\Proyectos\pr2\SEPmonG3\.sdk\launch_scripts\single_application_debug\debugger_sepmon_sw-default.tcl'
01:36:35 INFO  : Checking for BSP changes to sync application flags for project 'SEPmon_SW'...
01:36:40 INFO  : Disconnected from the channel tcfchan#35.
01:36:41 INFO  : Connected to target on host '127.0.0.1' and port '3121'.
01:36:41 INFO  : Jtag cable 'Digilent Zybo Z7 210351B3FC88A' is selected.
01:36:41 INFO  : 'jtag frequency' command is executed.
01:36:41 INFO  : Context for 'APU' is selected.
01:36:41 INFO  : System reset is completed.
01:36:44 INFO  : 'after 3000' command is executed.
01:36:44 INFO  : 'targets -set -filter {jtag_cable_name =~ "Digilent Zybo Z7 210351B3FC88A" && level==0 && jtag_device_ctx=="jsn-Zybo Z7-210351B3FC88A-13722093-0"}' command is executed.
01:36:46 INFO  : FPGA configured successfully with bitstream "C:/Users/gusta/OneDrive/Documents/universidad/4to/1r/SEP/Proyectos/pr2/SEPmonG3/SEPmon_SW/_ide/bitstream/SEPmon.bit"
01:36:46 INFO  : Context for 'APU' is selected.
01:36:46 INFO  : Hardware design and registers information is loaded from 'C:/Users/gusta/OneDrive/Documents/universidad/4to/1r/SEP/Proyectos/pr2/SEPmonG3/SEPmonG3/export/SEPmonG3/hw/SEPmon.xsa'.
01:36:46 INFO  : 'configparams force-mem-access 1' command is executed.
01:36:46 INFO  : Context for 'APU' is selected.
01:36:46 INFO  : Sourcing of 'C:/Users/gusta/OneDrive/Documents/universidad/4to/1r/SEP/Proyectos/pr2/SEPmonG3/SEPmon_SW/_ide/psinit/ps7_init.tcl' is done.
01:36:46 INFO  : 'ps7_init' command is executed.
01:36:46 INFO  : 'ps7_post_config' command is executed.
01:36:46 INFO  : Context for processor 'ps7_cortexa9_0' is selected.
01:36:48 INFO  : The application 'C:/Users/gusta/OneDrive/Documents/universidad/4to/1r/SEP/Proyectos/pr2/SEPmonG3/SEPmon_SW/Debug/SEPmon_SW.elf' is downloaded to processor 'ps7_cortexa9_0'.
01:36:48 INFO  : 'configparams force-mem-access 0' command is executed.
01:36:48 INFO  : ----------------XSDB Script----------------
connect -url tcp:127.0.0.1:3121
targets -set -nocase -filter {name =~"APU*"}
rst -system
after 3000
targets -set -filter {jtag_cable_name =~ "Digilent Zybo Z7 210351B3FC88A" && level==0 && jtag_device_ctx=="jsn-Zybo Z7-210351B3FC88A-13722093-0"}
fpga -file C:/Users/gusta/OneDrive/Documents/universidad/4to/1r/SEP/Proyectos/pr2/SEPmonG3/SEPmon_SW/_ide/bitstream/SEPmon.bit
targets -set -nocase -filter {name =~"APU*"}
loadhw -hw C:/Users/gusta/OneDrive/Documents/universidad/4to/1r/SEP/Proyectos/pr2/SEPmonG3/SEPmonG3/export/SEPmonG3/hw/SEPmon.xsa -mem-ranges [list {0x40000000 0xbfffffff}] -regs
configparams force-mem-access 1
targets -set -nocase -filter {name =~"APU*"}
source C:/Users/gusta/OneDrive/Documents/universidad/4to/1r/SEP/Proyectos/pr2/SEPmonG3/SEPmon_SW/_ide/psinit/ps7_init.tcl
ps7_init
ps7_post_config
targets -set -nocase -filter {name =~ "*A9*#0"}
dow C:/Users/gusta/OneDrive/Documents/universidad/4to/1r/SEP/Proyectos/pr2/SEPmonG3/SEPmon_SW/Debug/SEPmon_SW.elf
configparams force-mem-access 0
----------------End of Script----------------

01:36:48 INFO  : Context for processor 'ps7_cortexa9_0' is selected.
01:36:48 INFO  : 'con' command is executed.
01:36:48 INFO  : ----------------XSDB Script (After Launch)----------------
targets -set -nocase -filter {name =~ "*A9*#0"}
con
----------------End of Script----------------

01:36:48 INFO  : Launch script is exported to file 'C:\Users\gusta\OneDrive\Documents\universidad\4to\1r\SEP\Proyectos\pr2\SEPmonG3\.sdk\launch_scripts\single_application_debug\debugger_sepmon_sw-default.tcl'
01:37:37 INFO  : Checking for BSP changes to sync application flags for project 'SEPmon_SW'...
01:37:44 INFO  : Disconnected from the channel tcfchan#36.
01:37:45 INFO  : Connected to target on host '127.0.0.1' and port '3121'.
01:37:45 INFO  : Jtag cable 'Digilent Zybo Z7 210351B3FC88A' is selected.
01:37:45 INFO  : 'jtag frequency' command is executed.
01:37:45 INFO  : Context for 'APU' is selected.
01:37:45 INFO  : System reset is completed.
01:37:48 INFO  : 'after 3000' command is executed.
01:37:48 INFO  : 'targets -set -filter {jtag_cable_name =~ "Digilent Zybo Z7 210351B3FC88A" && level==0 && jtag_device_ctx=="jsn-Zybo Z7-210351B3FC88A-13722093-0"}' command is executed.
01:37:49 INFO  : FPGA configured successfully with bitstream "C:/Users/gusta/OneDrive/Documents/universidad/4to/1r/SEP/Proyectos/pr2/SEPmonG3/SEPmon_SW/_ide/bitstream/SEPmon.bit"
01:37:49 INFO  : Context for 'APU' is selected.
01:37:49 INFO  : Hardware design and registers information is loaded from 'C:/Users/gusta/OneDrive/Documents/universidad/4to/1r/SEP/Proyectos/pr2/SEPmonG3/SEPmonG3/export/SEPmonG3/hw/SEPmon.xsa'.
01:37:49 INFO  : 'configparams force-mem-access 1' command is executed.
01:37:49 INFO  : Context for 'APU' is selected.
01:37:49 INFO  : Sourcing of 'C:/Users/gusta/OneDrive/Documents/universidad/4to/1r/SEP/Proyectos/pr2/SEPmonG3/SEPmon_SW/_ide/psinit/ps7_init.tcl' is done.
01:37:50 INFO  : 'ps7_init' command is executed.
01:37:50 INFO  : 'ps7_post_config' command is executed.
01:37:50 INFO  : Context for processor 'ps7_cortexa9_0' is selected.
01:37:52 INFO  : The application 'C:/Users/gusta/OneDrive/Documents/universidad/4to/1r/SEP/Proyectos/pr2/SEPmonG3/SEPmon_SW/Debug/SEPmon_SW.elf' is downloaded to processor 'ps7_cortexa9_0'.
01:37:52 INFO  : 'configparams force-mem-access 0' command is executed.
01:37:52 INFO  : ----------------XSDB Script----------------
connect -url tcp:127.0.0.1:3121
targets -set -nocase -filter {name =~"APU*"}
rst -system
after 3000
targets -set -filter {jtag_cable_name =~ "Digilent Zybo Z7 210351B3FC88A" && level==0 && jtag_device_ctx=="jsn-Zybo Z7-210351B3FC88A-13722093-0"}
fpga -file C:/Users/gusta/OneDrive/Documents/universidad/4to/1r/SEP/Proyectos/pr2/SEPmonG3/SEPmon_SW/_ide/bitstream/SEPmon.bit
targets -set -nocase -filter {name =~"APU*"}
loadhw -hw C:/Users/gusta/OneDrive/Documents/universidad/4to/1r/SEP/Proyectos/pr2/SEPmonG3/SEPmonG3/export/SEPmonG3/hw/SEPmon.xsa -mem-ranges [list {0x40000000 0xbfffffff}] -regs
configparams force-mem-access 1
targets -set -nocase -filter {name =~"APU*"}
source C:/Users/gusta/OneDrive/Documents/universidad/4to/1r/SEP/Proyectos/pr2/SEPmonG3/SEPmon_SW/_ide/psinit/ps7_init.tcl
ps7_init
ps7_post_config
targets -set -nocase -filter {name =~ "*A9*#0"}
dow C:/Users/gusta/OneDrive/Documents/universidad/4to/1r/SEP/Proyectos/pr2/SEPmonG3/SEPmon_SW/Debug/SEPmon_SW.elf
configparams force-mem-access 0
----------------End of Script----------------

01:37:52 INFO  : Context for processor 'ps7_cortexa9_0' is selected.
01:37:52 INFO  : 'con' command is executed.
01:37:52 INFO  : ----------------XSDB Script (After Launch)----------------
targets -set -nocase -filter {name =~ "*A9*#0"}
con
----------------End of Script----------------

01:37:52 INFO  : Launch script is exported to file 'C:\Users\gusta\OneDrive\Documents\universidad\4to\1r\SEP\Proyectos\pr2\SEPmonG3\.sdk\launch_scripts\single_application_debug\debugger_sepmon_sw-default.tcl'
01:38:30 INFO  : Checking for BSP changes to sync application flags for project 'SEPmon_SW'...
01:39:21 INFO  : Checking for BSP changes to sync application flags for project 'SEPmon_SW'...
01:39:26 INFO  : Disconnected from the channel tcfchan#37.
01:39:27 INFO  : Connected to target on host '127.0.0.1' and port '3121'.
01:39:27 INFO  : Jtag cable 'Digilent Zybo Z7 210351B3FC88A' is selected.
01:39:27 INFO  : 'jtag frequency' command is executed.
01:39:27 INFO  : Context for 'APU' is selected.
01:39:27 INFO  : System reset is completed.
01:39:30 INFO  : 'after 3000' command is executed.
01:39:30 INFO  : 'targets -set -filter {jtag_cable_name =~ "Digilent Zybo Z7 210351B3FC88A" && level==0 && jtag_device_ctx=="jsn-Zybo Z7-210351B3FC88A-13722093-0"}' command is executed.
01:39:31 INFO  : FPGA configured successfully with bitstream "C:/Users/gusta/OneDrive/Documents/universidad/4to/1r/SEP/Proyectos/pr2/SEPmonG3/SEPmon_SW/_ide/bitstream/SEPmon.bit"
01:39:31 INFO  : Context for 'APU' is selected.
01:39:31 INFO  : Hardware design and registers information is loaded from 'C:/Users/gusta/OneDrive/Documents/universidad/4to/1r/SEP/Proyectos/pr2/SEPmonG3/SEPmonG3/export/SEPmonG3/hw/SEPmon.xsa'.
01:39:31 INFO  : 'configparams force-mem-access 1' command is executed.
01:39:31 INFO  : Context for 'APU' is selected.
01:39:31 INFO  : Sourcing of 'C:/Users/gusta/OneDrive/Documents/universidad/4to/1r/SEP/Proyectos/pr2/SEPmonG3/SEPmon_SW/_ide/psinit/ps7_init.tcl' is done.
01:39:32 INFO  : 'ps7_init' command is executed.
01:39:32 INFO  : 'ps7_post_config' command is executed.
01:39:32 INFO  : Context for processor 'ps7_cortexa9_0' is selected.
01:39:34 INFO  : The application 'C:/Users/gusta/OneDrive/Documents/universidad/4to/1r/SEP/Proyectos/pr2/SEPmonG3/SEPmon_SW/Debug/SEPmon_SW.elf' is downloaded to processor 'ps7_cortexa9_0'.
01:39:34 INFO  : 'configparams force-mem-access 0' command is executed.
01:39:34 INFO  : ----------------XSDB Script----------------
connect -url tcp:127.0.0.1:3121
targets -set -nocase -filter {name =~"APU*"}
rst -system
after 3000
targets -set -filter {jtag_cable_name =~ "Digilent Zybo Z7 210351B3FC88A" && level==0 && jtag_device_ctx=="jsn-Zybo Z7-210351B3FC88A-13722093-0"}
fpga -file C:/Users/gusta/OneDrive/Documents/universidad/4to/1r/SEP/Proyectos/pr2/SEPmonG3/SEPmon_SW/_ide/bitstream/SEPmon.bit
targets -set -nocase -filter {name =~"APU*"}
loadhw -hw C:/Users/gusta/OneDrive/Documents/universidad/4to/1r/SEP/Proyectos/pr2/SEPmonG3/SEPmonG3/export/SEPmonG3/hw/SEPmon.xsa -mem-ranges [list {0x40000000 0xbfffffff}] -regs
configparams force-mem-access 1
targets -set -nocase -filter {name =~"APU*"}
source C:/Users/gusta/OneDrive/Documents/universidad/4to/1r/SEP/Proyectos/pr2/SEPmonG3/SEPmon_SW/_ide/psinit/ps7_init.tcl
ps7_init
ps7_post_config
targets -set -nocase -filter {name =~ "*A9*#0"}
dow C:/Users/gusta/OneDrive/Documents/universidad/4to/1r/SEP/Proyectos/pr2/SEPmonG3/SEPmon_SW/Debug/SEPmon_SW.elf
configparams force-mem-access 0
----------------End of Script----------------

01:39:34 INFO  : Context for processor 'ps7_cortexa9_0' is selected.
01:39:34 INFO  : 'con' command is executed.
01:39:34 INFO  : ----------------XSDB Script (After Launch)----------------
targets -set -nocase -filter {name =~ "*A9*#0"}
con
----------------End of Script----------------

01:39:34 INFO  : Launch script is exported to file 'C:\Users\gusta\OneDrive\Documents\universidad\4to\1r\SEP\Proyectos\pr2\SEPmonG3\.sdk\launch_scripts\single_application_debug\debugger_sepmon_sw-default.tcl'
01:40:26 INFO  : Disconnected from the channel tcfchan#38.
01:40:27 INFO  : Connected to target on host '127.0.0.1' and port '3121'.
01:40:27 INFO  : Jtag cable 'Digilent Zybo Z7 210351B3FC88A' is selected.
01:40:27 INFO  : 'jtag frequency' command is executed.
01:40:27 INFO  : Context for 'APU' is selected.
01:40:27 INFO  : System reset is completed.
01:40:30 INFO  : 'after 3000' command is executed.
01:40:30 INFO  : 'targets -set -filter {jtag_cable_name =~ "Digilent Zybo Z7 210351B3FC88A" && level==0 && jtag_device_ctx=="jsn-Zybo Z7-210351B3FC88A-13722093-0"}' command is executed.
01:40:31 INFO  : FPGA configured successfully with bitstream "C:/Users/gusta/OneDrive/Documents/universidad/4to/1r/SEP/Proyectos/pr2/SEPmonG3/SEPmon_SW/_ide/bitstream/SEPmon.bit"
01:40:31 INFO  : Context for 'APU' is selected.
01:40:31 INFO  : Hardware design and registers information is loaded from 'C:/Users/gusta/OneDrive/Documents/universidad/4to/1r/SEP/Proyectos/pr2/SEPmonG3/SEPmonG3/export/SEPmonG3/hw/SEPmon.xsa'.
01:40:31 INFO  : 'configparams force-mem-access 1' command is executed.
01:40:31 INFO  : Context for 'APU' is selected.
01:40:31 INFO  : Sourcing of 'C:/Users/gusta/OneDrive/Documents/universidad/4to/1r/SEP/Proyectos/pr2/SEPmonG3/SEPmon_SW/_ide/psinit/ps7_init.tcl' is done.
01:40:32 INFO  : 'ps7_init' command is executed.
01:40:32 INFO  : 'ps7_post_config' command is executed.
01:40:32 INFO  : Context for processor 'ps7_cortexa9_0' is selected.
01:40:34 INFO  : The application 'C:/Users/gusta/OneDrive/Documents/universidad/4to/1r/SEP/Proyectos/pr2/SEPmonG3/SEPmon_SW/Debug/SEPmon_SW.elf' is downloaded to processor 'ps7_cortexa9_0'.
01:40:34 INFO  : 'configparams force-mem-access 0' command is executed.
01:40:34 INFO  : ----------------XSDB Script----------------
connect -url tcp:127.0.0.1:3121
targets -set -nocase -filter {name =~"APU*"}
rst -system
after 3000
targets -set -filter {jtag_cable_name =~ "Digilent Zybo Z7 210351B3FC88A" && level==0 && jtag_device_ctx=="jsn-Zybo Z7-210351B3FC88A-13722093-0"}
fpga -file C:/Users/gusta/OneDrive/Documents/universidad/4to/1r/SEP/Proyectos/pr2/SEPmonG3/SEPmon_SW/_ide/bitstream/SEPmon.bit
targets -set -nocase -filter {name =~"APU*"}
loadhw -hw C:/Users/gusta/OneDrive/Documents/universidad/4to/1r/SEP/Proyectos/pr2/SEPmonG3/SEPmonG3/export/SEPmonG3/hw/SEPmon.xsa -mem-ranges [list {0x40000000 0xbfffffff}] -regs
configparams force-mem-access 1
targets -set -nocase -filter {name =~"APU*"}
source C:/Users/gusta/OneDrive/Documents/universidad/4to/1r/SEP/Proyectos/pr2/SEPmonG3/SEPmon_SW/_ide/psinit/ps7_init.tcl
ps7_init
ps7_post_config
targets -set -nocase -filter {name =~ "*A9*#0"}
dow C:/Users/gusta/OneDrive/Documents/universidad/4to/1r/SEP/Proyectos/pr2/SEPmonG3/SEPmon_SW/Debug/SEPmon_SW.elf
configparams force-mem-access 0
----------------End of Script----------------

01:40:34 INFO  : Context for processor 'ps7_cortexa9_0' is selected.
01:40:34 INFO  : 'con' command is executed.
01:40:34 INFO  : ----------------XSDB Script (After Launch)----------------
targets -set -nocase -filter {name =~ "*A9*#0"}
con
----------------End of Script----------------

01:40:34 INFO  : Launch script is exported to file 'C:\Users\gusta\OneDrive\Documents\universidad\4to\1r\SEP\Proyectos\pr2\SEPmonG3\.sdk\launch_scripts\single_application_debug\debugger_sepmon_sw-default.tcl'
01:41:02 INFO  : Checking for BSP changes to sync application flags for project 'SEPmon_SW'...
01:41:09 INFO  : Disconnected from the channel tcfchan#39.
01:41:10 INFO  : Connected to target on host '127.0.0.1' and port '3121'.
01:41:10 INFO  : Jtag cable 'Digilent Zybo Z7 210351B3FC88A' is selected.
01:41:10 INFO  : 'jtag frequency' command is executed.
01:41:10 INFO  : Context for 'APU' is selected.
01:41:11 INFO  : System reset is completed.
01:41:14 INFO  : 'after 3000' command is executed.
01:41:14 INFO  : 'targets -set -filter {jtag_cable_name =~ "Digilent Zybo Z7 210351B3FC88A" && level==0 && jtag_device_ctx=="jsn-Zybo Z7-210351B3FC88A-13722093-0"}' command is executed.
01:41:15 INFO  : FPGA configured successfully with bitstream "C:/Users/gusta/OneDrive/Documents/universidad/4to/1r/SEP/Proyectos/pr2/SEPmonG3/SEPmon_SW/_ide/bitstream/SEPmon.bit"
01:41:15 INFO  : Context for 'APU' is selected.
01:41:15 INFO  : Hardware design and registers information is loaded from 'C:/Users/gusta/OneDrive/Documents/universidad/4to/1r/SEP/Proyectos/pr2/SEPmonG3/SEPmonG3/export/SEPmonG3/hw/SEPmon.xsa'.
01:41:15 INFO  : 'configparams force-mem-access 1' command is executed.
01:41:15 INFO  : Context for 'APU' is selected.
01:41:15 INFO  : Sourcing of 'C:/Users/gusta/OneDrive/Documents/universidad/4to/1r/SEP/Proyectos/pr2/SEPmonG3/SEPmon_SW/_ide/psinit/ps7_init.tcl' is done.
01:41:15 INFO  : 'ps7_init' command is executed.
01:41:15 INFO  : 'ps7_post_config' command is executed.
01:41:15 INFO  : Context for processor 'ps7_cortexa9_0' is selected.
01:41:17 INFO  : The application 'C:/Users/gusta/OneDrive/Documents/universidad/4to/1r/SEP/Proyectos/pr2/SEPmonG3/SEPmon_SW/Debug/SEPmon_SW.elf' is downloaded to processor 'ps7_cortexa9_0'.
01:41:17 INFO  : 'configparams force-mem-access 0' command is executed.
01:41:17 INFO  : ----------------XSDB Script----------------
connect -url tcp:127.0.0.1:3121
targets -set -nocase -filter {name =~"APU*"}
rst -system
after 3000
targets -set -filter {jtag_cable_name =~ "Digilent Zybo Z7 210351B3FC88A" && level==0 && jtag_device_ctx=="jsn-Zybo Z7-210351B3FC88A-13722093-0"}
fpga -file C:/Users/gusta/OneDrive/Documents/universidad/4to/1r/SEP/Proyectos/pr2/SEPmonG3/SEPmon_SW/_ide/bitstream/SEPmon.bit
targets -set -nocase -filter {name =~"APU*"}
loadhw -hw C:/Users/gusta/OneDrive/Documents/universidad/4to/1r/SEP/Proyectos/pr2/SEPmonG3/SEPmonG3/export/SEPmonG3/hw/SEPmon.xsa -mem-ranges [list {0x40000000 0xbfffffff}] -regs
configparams force-mem-access 1
targets -set -nocase -filter {name =~"APU*"}
source C:/Users/gusta/OneDrive/Documents/universidad/4to/1r/SEP/Proyectos/pr2/SEPmonG3/SEPmon_SW/_ide/psinit/ps7_init.tcl
ps7_init
ps7_post_config
targets -set -nocase -filter {name =~ "*A9*#0"}
dow C:/Users/gusta/OneDrive/Documents/universidad/4to/1r/SEP/Proyectos/pr2/SEPmonG3/SEPmon_SW/Debug/SEPmon_SW.elf
configparams force-mem-access 0
----------------End of Script----------------

01:41:17 INFO  : Context for processor 'ps7_cortexa9_0' is selected.
01:41:17 INFO  : 'con' command is executed.
01:41:17 INFO  : ----------------XSDB Script (After Launch)----------------
targets -set -nocase -filter {name =~ "*A9*#0"}
con
----------------End of Script----------------

01:41:17 INFO  : Launch script is exported to file 'C:\Users\gusta\OneDrive\Documents\universidad\4to\1r\SEP\Proyectos\pr2\SEPmonG3\.sdk\launch_scripts\single_application_debug\debugger_sepmon_sw-default.tcl'
01:42:26 INFO  : Checking for BSP changes to sync application flags for project 'SEPmon_SW'...
01:42:39 INFO  : Checking for BSP changes to sync application flags for project 'SEPmon_SW'...
01:42:45 INFO  : Disconnected from the channel tcfchan#40.
01:42:46 INFO  : Connected to target on host '127.0.0.1' and port '3121'.
01:42:46 INFO  : Jtag cable 'Digilent Zybo Z7 210351B3FC88A' is selected.
01:42:46 INFO  : 'jtag frequency' command is executed.
01:42:46 INFO  : Context for 'APU' is selected.
01:42:46 INFO  : System reset is completed.
01:42:49 INFO  : 'after 3000' command is executed.
01:42:49 INFO  : 'targets -set -filter {jtag_cable_name =~ "Digilent Zybo Z7 210351B3FC88A" && level==0 && jtag_device_ctx=="jsn-Zybo Z7-210351B3FC88A-13722093-0"}' command is executed.
01:42:51 INFO  : FPGA configured successfully with bitstream "C:/Users/gusta/OneDrive/Documents/universidad/4to/1r/SEP/Proyectos/pr2/SEPmonG3/SEPmon_SW/_ide/bitstream/SEPmon.bit"
01:42:51 INFO  : Context for 'APU' is selected.
01:42:51 INFO  : Hardware design and registers information is loaded from 'C:/Users/gusta/OneDrive/Documents/universidad/4to/1r/SEP/Proyectos/pr2/SEPmonG3/SEPmonG3/export/SEPmonG3/hw/SEPmon.xsa'.
01:42:51 INFO  : 'configparams force-mem-access 1' command is executed.
01:42:51 INFO  : Context for 'APU' is selected.
01:42:51 INFO  : Sourcing of 'C:/Users/gusta/OneDrive/Documents/universidad/4to/1r/SEP/Proyectos/pr2/SEPmonG3/SEPmon_SW/_ide/psinit/ps7_init.tcl' is done.
01:42:51 INFO  : 'ps7_init' command is executed.
01:42:51 INFO  : 'ps7_post_config' command is executed.
01:42:51 INFO  : Context for processor 'ps7_cortexa9_0' is selected.
01:42:53 INFO  : The application 'C:/Users/gusta/OneDrive/Documents/universidad/4to/1r/SEP/Proyectos/pr2/SEPmonG3/SEPmon_SW/Debug/SEPmon_SW.elf' is downloaded to processor 'ps7_cortexa9_0'.
01:42:53 INFO  : 'configparams force-mem-access 0' command is executed.
01:42:53 INFO  : ----------------XSDB Script----------------
connect -url tcp:127.0.0.1:3121
targets -set -nocase -filter {name =~"APU*"}
rst -system
after 3000
targets -set -filter {jtag_cable_name =~ "Digilent Zybo Z7 210351B3FC88A" && level==0 && jtag_device_ctx=="jsn-Zybo Z7-210351B3FC88A-13722093-0"}
fpga -file C:/Users/gusta/OneDrive/Documents/universidad/4to/1r/SEP/Proyectos/pr2/SEPmonG3/SEPmon_SW/_ide/bitstream/SEPmon.bit
targets -set -nocase -filter {name =~"APU*"}
loadhw -hw C:/Users/gusta/OneDrive/Documents/universidad/4to/1r/SEP/Proyectos/pr2/SEPmonG3/SEPmonG3/export/SEPmonG3/hw/SEPmon.xsa -mem-ranges [list {0x40000000 0xbfffffff}] -regs
configparams force-mem-access 1
targets -set -nocase -filter {name =~"APU*"}
source C:/Users/gusta/OneDrive/Documents/universidad/4to/1r/SEP/Proyectos/pr2/SEPmonG3/SEPmon_SW/_ide/psinit/ps7_init.tcl
ps7_init
ps7_post_config
targets -set -nocase -filter {name =~ "*A9*#0"}
dow C:/Users/gusta/OneDrive/Documents/universidad/4to/1r/SEP/Proyectos/pr2/SEPmonG3/SEPmon_SW/Debug/SEPmon_SW.elf
configparams force-mem-access 0
----------------End of Script----------------

01:42:53 INFO  : Context for processor 'ps7_cortexa9_0' is selected.
01:42:53 INFO  : 'con' command is executed.
01:42:53 INFO  : ----------------XSDB Script (After Launch)----------------
targets -set -nocase -filter {name =~ "*A9*#0"}
con
----------------End of Script----------------

01:42:53 INFO  : Launch script is exported to file 'C:\Users\gusta\OneDrive\Documents\universidad\4to\1r\SEP\Proyectos\pr2\SEPmonG3\.sdk\launch_scripts\single_application_debug\debugger_sepmon_sw-default.tcl'
01:43:50 INFO  : Checking for BSP changes to sync application flags for project 'SEPmon_SW'...
01:43:55 INFO  : Disconnected from the channel tcfchan#41.
01:43:56 INFO  : Connected to target on host '127.0.0.1' and port '3121'.
01:43:56 INFO  : Jtag cable 'Digilent Zybo Z7 210351B3FC88A' is selected.
01:43:56 INFO  : 'jtag frequency' command is executed.
01:43:56 INFO  : Context for 'APU' is selected.
01:43:56 INFO  : System reset is completed.
01:43:59 INFO  : 'after 3000' command is executed.
01:43:59 INFO  : 'targets -set -filter {jtag_cable_name =~ "Digilent Zybo Z7 210351B3FC88A" && level==0 && jtag_device_ctx=="jsn-Zybo Z7-210351B3FC88A-13722093-0"}' command is executed.
01:44:01 INFO  : FPGA configured successfully with bitstream "C:/Users/gusta/OneDrive/Documents/universidad/4to/1r/SEP/Proyectos/pr2/SEPmonG3/SEPmon_SW/_ide/bitstream/SEPmon.bit"
01:44:01 INFO  : Context for 'APU' is selected.
01:44:01 INFO  : Hardware design and registers information is loaded from 'C:/Users/gusta/OneDrive/Documents/universidad/4to/1r/SEP/Proyectos/pr2/SEPmonG3/SEPmonG3/export/SEPmonG3/hw/SEPmon.xsa'.
01:44:01 INFO  : 'configparams force-mem-access 1' command is executed.
01:44:01 INFO  : Context for 'APU' is selected.
01:44:01 INFO  : Sourcing of 'C:/Users/gusta/OneDrive/Documents/universidad/4to/1r/SEP/Proyectos/pr2/SEPmonG3/SEPmon_SW/_ide/psinit/ps7_init.tcl' is done.
01:44:01 INFO  : 'ps7_init' command is executed.
01:44:01 INFO  : 'ps7_post_config' command is executed.
01:44:01 INFO  : Context for processor 'ps7_cortexa9_0' is selected.
01:44:03 INFO  : The application 'C:/Users/gusta/OneDrive/Documents/universidad/4to/1r/SEP/Proyectos/pr2/SEPmonG3/SEPmon_SW/Debug/SEPmon_SW.elf' is downloaded to processor 'ps7_cortexa9_0'.
01:44:03 INFO  : 'configparams force-mem-access 0' command is executed.
01:44:03 INFO  : ----------------XSDB Script----------------
connect -url tcp:127.0.0.1:3121
targets -set -nocase -filter {name =~"APU*"}
rst -system
after 3000
targets -set -filter {jtag_cable_name =~ "Digilent Zybo Z7 210351B3FC88A" && level==0 && jtag_device_ctx=="jsn-Zybo Z7-210351B3FC88A-13722093-0"}
fpga -file C:/Users/gusta/OneDrive/Documents/universidad/4to/1r/SEP/Proyectos/pr2/SEPmonG3/SEPmon_SW/_ide/bitstream/SEPmon.bit
targets -set -nocase -filter {name =~"APU*"}
loadhw -hw C:/Users/gusta/OneDrive/Documents/universidad/4to/1r/SEP/Proyectos/pr2/SEPmonG3/SEPmonG3/export/SEPmonG3/hw/SEPmon.xsa -mem-ranges [list {0x40000000 0xbfffffff}] -regs
configparams force-mem-access 1
targets -set -nocase -filter {name =~"APU*"}
source C:/Users/gusta/OneDrive/Documents/universidad/4to/1r/SEP/Proyectos/pr2/SEPmonG3/SEPmon_SW/_ide/psinit/ps7_init.tcl
ps7_init
ps7_post_config
targets -set -nocase -filter {name =~ "*A9*#0"}
dow C:/Users/gusta/OneDrive/Documents/universidad/4to/1r/SEP/Proyectos/pr2/SEPmonG3/SEPmon_SW/Debug/SEPmon_SW.elf
configparams force-mem-access 0
----------------End of Script----------------

01:44:03 INFO  : Context for processor 'ps7_cortexa9_0' is selected.
01:44:03 INFO  : 'con' command is executed.
01:44:03 INFO  : ----------------XSDB Script (After Launch)----------------
targets -set -nocase -filter {name =~ "*A9*#0"}
con
----------------End of Script----------------

01:44:03 INFO  : Launch script is exported to file 'C:\Users\gusta\OneDrive\Documents\universidad\4to\1r\SEP\Proyectos\pr2\SEPmonG3\.sdk\launch_scripts\single_application_debug\debugger_sepmon_sw-default.tcl'
01:45:20 INFO  : Checking for BSP changes to sync application flags for project 'SEPmon_SW'...
01:45:25 INFO  : Disconnected from the channel tcfchan#42.
01:45:26 INFO  : Connected to target on host '127.0.0.1' and port '3121'.
01:45:26 INFO  : Jtag cable 'Digilent Zybo Z7 210351B3FC88A' is selected.
01:45:26 INFO  : 'jtag frequency' command is executed.
01:45:26 INFO  : Context for 'APU' is selected.
01:45:26 INFO  : System reset is completed.
01:45:29 INFO  : 'after 3000' command is executed.
01:45:30 INFO  : 'targets -set -filter {jtag_cable_name =~ "Digilent Zybo Z7 210351B3FC88A" && level==0 && jtag_device_ctx=="jsn-Zybo Z7-210351B3FC88A-13722093-0"}' command is executed.
01:45:31 INFO  : FPGA configured successfully with bitstream "C:/Users/gusta/OneDrive/Documents/universidad/4to/1r/SEP/Proyectos/pr2/SEPmonG3/SEPmon_SW/_ide/bitstream/SEPmon.bit"
01:45:31 INFO  : Context for 'APU' is selected.
01:45:31 INFO  : Hardware design and registers information is loaded from 'C:/Users/gusta/OneDrive/Documents/universidad/4to/1r/SEP/Proyectos/pr2/SEPmonG3/SEPmonG3/export/SEPmonG3/hw/SEPmon.xsa'.
01:45:31 INFO  : 'configparams force-mem-access 1' command is executed.
01:45:31 INFO  : Context for 'APU' is selected.
01:45:31 INFO  : Sourcing of 'C:/Users/gusta/OneDrive/Documents/universidad/4to/1r/SEP/Proyectos/pr2/SEPmonG3/SEPmon_SW/_ide/psinit/ps7_init.tcl' is done.
01:45:31 INFO  : 'ps7_init' command is executed.
01:45:31 INFO  : 'ps7_post_config' command is executed.
01:45:31 INFO  : Context for processor 'ps7_cortexa9_0' is selected.
01:45:33 INFO  : The application 'C:/Users/gusta/OneDrive/Documents/universidad/4to/1r/SEP/Proyectos/pr2/SEPmonG3/SEPmon_SW/Debug/SEPmon_SW.elf' is downloaded to processor 'ps7_cortexa9_0'.
01:45:33 INFO  : 'configparams force-mem-access 0' command is executed.
01:45:33 INFO  : ----------------XSDB Script----------------
connect -url tcp:127.0.0.1:3121
targets -set -nocase -filter {name =~"APU*"}
rst -system
after 3000
targets -set -filter {jtag_cable_name =~ "Digilent Zybo Z7 210351B3FC88A" && level==0 && jtag_device_ctx=="jsn-Zybo Z7-210351B3FC88A-13722093-0"}
fpga -file C:/Users/gusta/OneDrive/Documents/universidad/4to/1r/SEP/Proyectos/pr2/SEPmonG3/SEPmon_SW/_ide/bitstream/SEPmon.bit
targets -set -nocase -filter {name =~"APU*"}
loadhw -hw C:/Users/gusta/OneDrive/Documents/universidad/4to/1r/SEP/Proyectos/pr2/SEPmonG3/SEPmonG3/export/SEPmonG3/hw/SEPmon.xsa -mem-ranges [list {0x40000000 0xbfffffff}] -regs
configparams force-mem-access 1
targets -set -nocase -filter {name =~"APU*"}
source C:/Users/gusta/OneDrive/Documents/universidad/4to/1r/SEP/Proyectos/pr2/SEPmonG3/SEPmon_SW/_ide/psinit/ps7_init.tcl
ps7_init
ps7_post_config
targets -set -nocase -filter {name =~ "*A9*#0"}
dow C:/Users/gusta/OneDrive/Documents/universidad/4to/1r/SEP/Proyectos/pr2/SEPmonG3/SEPmon_SW/Debug/SEPmon_SW.elf
configparams force-mem-access 0
----------------End of Script----------------

01:45:33 INFO  : Context for processor 'ps7_cortexa9_0' is selected.
01:45:33 INFO  : 'con' command is executed.
01:45:33 INFO  : ----------------XSDB Script (After Launch)----------------
targets -set -nocase -filter {name =~ "*A9*#0"}
con
----------------End of Script----------------

01:45:33 INFO  : Launch script is exported to file 'C:\Users\gusta\OneDrive\Documents\universidad\4to\1r\SEP\Proyectos\pr2\SEPmonG3\.sdk\launch_scripts\single_application_debug\debugger_sepmon_sw-default.tcl'
01:47:00 INFO  : Checking for BSP changes to sync application flags for project 'SEPmon_SW'...
01:49:11 INFO  : Checking for BSP changes to sync application flags for project 'SEPmon_SW'...
01:49:58 INFO  : Checking for BSP changes to sync application flags for project 'SEPmon_SW'...
01:50:14 INFO  : Checking for BSP changes to sync application flags for project 'SEPmon_SW'...
01:51:08 INFO  : Checking for BSP changes to sync application flags for project 'SEPmon_SW'...
01:51:13 INFO  : Disconnected from the channel tcfchan#43.
01:51:14 INFO  : Connected to target on host '127.0.0.1' and port '3121'.
01:51:14 INFO  : Jtag cable 'Digilent Zybo Z7 210351B3FC88A' is selected.
01:51:14 INFO  : 'jtag frequency' command is executed.
01:51:14 INFO  : Context for 'APU' is selected.
01:51:14 INFO  : System reset is completed.
01:51:17 INFO  : 'after 3000' command is executed.
01:51:17 INFO  : 'targets -set -filter {jtag_cable_name =~ "Digilent Zybo Z7 210351B3FC88A" && level==0 && jtag_device_ctx=="jsn-Zybo Z7-210351B3FC88A-13722093-0"}' command is executed.
01:51:18 INFO  : FPGA configured successfully with bitstream "C:/Users/gusta/OneDrive/Documents/universidad/4to/1r/SEP/Proyectos/pr2/SEPmonG3/SEPmon_SW/_ide/bitstream/SEPmon.bit"
01:51:18 INFO  : Context for 'APU' is selected.
01:51:18 INFO  : Hardware design and registers information is loaded from 'C:/Users/gusta/OneDrive/Documents/universidad/4to/1r/SEP/Proyectos/pr2/SEPmonG3/SEPmonG3/export/SEPmonG3/hw/SEPmon.xsa'.
01:51:18 INFO  : 'configparams force-mem-access 1' command is executed.
01:51:18 INFO  : Context for 'APU' is selected.
01:51:18 INFO  : Sourcing of 'C:/Users/gusta/OneDrive/Documents/universidad/4to/1r/SEP/Proyectos/pr2/SEPmonG3/SEPmon_SW/_ide/psinit/ps7_init.tcl' is done.
01:51:19 INFO  : 'ps7_init' command is executed.
01:51:19 INFO  : 'ps7_post_config' command is executed.
01:51:19 INFO  : Context for processor 'ps7_cortexa9_0' is selected.
01:51:21 INFO  : The application 'C:/Users/gusta/OneDrive/Documents/universidad/4to/1r/SEP/Proyectos/pr2/SEPmonG3/SEPmon_SW/Debug/SEPmon_SW.elf' is downloaded to processor 'ps7_cortexa9_0'.
01:51:21 INFO  : 'configparams force-mem-access 0' command is executed.
01:51:21 INFO  : ----------------XSDB Script----------------
connect -url tcp:127.0.0.1:3121
targets -set -nocase -filter {name =~"APU*"}
rst -system
after 3000
targets -set -filter {jtag_cable_name =~ "Digilent Zybo Z7 210351B3FC88A" && level==0 && jtag_device_ctx=="jsn-Zybo Z7-210351B3FC88A-13722093-0"}
fpga -file C:/Users/gusta/OneDrive/Documents/universidad/4to/1r/SEP/Proyectos/pr2/SEPmonG3/SEPmon_SW/_ide/bitstream/SEPmon.bit
targets -set -nocase -filter {name =~"APU*"}
loadhw -hw C:/Users/gusta/OneDrive/Documents/universidad/4to/1r/SEP/Proyectos/pr2/SEPmonG3/SEPmonG3/export/SEPmonG3/hw/SEPmon.xsa -mem-ranges [list {0x40000000 0xbfffffff}] -regs
configparams force-mem-access 1
targets -set -nocase -filter {name =~"APU*"}
source C:/Users/gusta/OneDrive/Documents/universidad/4to/1r/SEP/Proyectos/pr2/SEPmonG3/SEPmon_SW/_ide/psinit/ps7_init.tcl
ps7_init
ps7_post_config
targets -set -nocase -filter {name =~ "*A9*#0"}
dow C:/Users/gusta/OneDrive/Documents/universidad/4to/1r/SEP/Proyectos/pr2/SEPmonG3/SEPmon_SW/Debug/SEPmon_SW.elf
configparams force-mem-access 0
----------------End of Script----------------

01:51:21 INFO  : Context for processor 'ps7_cortexa9_0' is selected.
01:51:21 INFO  : 'con' command is executed.
01:51:21 INFO  : ----------------XSDB Script (After Launch)----------------
targets -set -nocase -filter {name =~ "*A9*#0"}
con
----------------End of Script----------------

01:51:21 INFO  : Launch script is exported to file 'C:\Users\gusta\OneDrive\Documents\universidad\4to\1r\SEP\Proyectos\pr2\SEPmonG3\.sdk\launch_scripts\single_application_debug\debugger_sepmon_sw-default.tcl'
02:02:56 INFO  : Checking for BSP changes to sync application flags for project 'SEPmon_SW'...
02:03:01 INFO  : Disconnected from the channel tcfchan#44.
02:03:02 INFO  : Connected to target on host '127.0.0.1' and port '3121'.
02:03:03 INFO  : Jtag cable 'Digilent Zybo Z7 210351B3FC88A' is selected.
02:03:03 INFO  : 'jtag frequency' command is executed.
02:03:03 INFO  : Context for 'APU' is selected.
02:03:03 INFO  : System reset is completed.
02:03:06 INFO  : 'after 3000' command is executed.
02:03:06 INFO  : 'targets -set -filter {jtag_cable_name =~ "Digilent Zybo Z7 210351B3FC88A" && level==0 && jtag_device_ctx=="jsn-Zybo Z7-210351B3FC88A-13722093-0"}' command is executed.
02:03:07 INFO  : FPGA configured successfully with bitstream "C:/Users/gusta/OneDrive/Documents/universidad/4to/1r/SEP/Proyectos/pr2/SEPmonG3/SEPmon_SW/_ide/bitstream/SEPmon.bit"
02:03:07 INFO  : Context for 'APU' is selected.
02:03:07 INFO  : Hardware design and registers information is loaded from 'C:/Users/gusta/OneDrive/Documents/universidad/4to/1r/SEP/Proyectos/pr2/SEPmonG3/SEPmonG3/export/SEPmonG3/hw/SEPmon.xsa'.
02:03:07 INFO  : 'configparams force-mem-access 1' command is executed.
02:03:07 INFO  : Context for 'APU' is selected.
02:03:07 INFO  : Sourcing of 'C:/Users/gusta/OneDrive/Documents/universidad/4to/1r/SEP/Proyectos/pr2/SEPmonG3/SEPmon_SW/_ide/psinit/ps7_init.tcl' is done.
02:03:07 INFO  : 'ps7_init' command is executed.
02:03:07 INFO  : 'ps7_post_config' command is executed.
02:03:07 INFO  : Context for processor 'ps7_cortexa9_0' is selected.
02:03:09 INFO  : The application 'C:/Users/gusta/OneDrive/Documents/universidad/4to/1r/SEP/Proyectos/pr2/SEPmonG3/SEPmon_SW/Debug/SEPmon_SW.elf' is downloaded to processor 'ps7_cortexa9_0'.
02:03:10 INFO  : 'configparams force-mem-access 0' command is executed.
02:03:10 INFO  : ----------------XSDB Script----------------
connect -url tcp:127.0.0.1:3121
targets -set -nocase -filter {name =~"APU*"}
rst -system
after 3000
targets -set -filter {jtag_cable_name =~ "Digilent Zybo Z7 210351B3FC88A" && level==0 && jtag_device_ctx=="jsn-Zybo Z7-210351B3FC88A-13722093-0"}
fpga -file C:/Users/gusta/OneDrive/Documents/universidad/4to/1r/SEP/Proyectos/pr2/SEPmonG3/SEPmon_SW/_ide/bitstream/SEPmon.bit
targets -set -nocase -filter {name =~"APU*"}
loadhw -hw C:/Users/gusta/OneDrive/Documents/universidad/4to/1r/SEP/Proyectos/pr2/SEPmonG3/SEPmonG3/export/SEPmonG3/hw/SEPmon.xsa -mem-ranges [list {0x40000000 0xbfffffff}] -regs
configparams force-mem-access 1
targets -set -nocase -filter {name =~"APU*"}
source C:/Users/gusta/OneDrive/Documents/universidad/4to/1r/SEP/Proyectos/pr2/SEPmonG3/SEPmon_SW/_ide/psinit/ps7_init.tcl
ps7_init
ps7_post_config
targets -set -nocase -filter {name =~ "*A9*#0"}
dow C:/Users/gusta/OneDrive/Documents/universidad/4to/1r/SEP/Proyectos/pr2/SEPmonG3/SEPmon_SW/Debug/SEPmon_SW.elf
configparams force-mem-access 0
----------------End of Script----------------

02:03:10 INFO  : Context for processor 'ps7_cortexa9_0' is selected.
02:03:10 INFO  : 'con' command is executed.
02:03:10 INFO  : ----------------XSDB Script (After Launch)----------------
targets -set -nocase -filter {name =~ "*A9*#0"}
con
----------------End of Script----------------

02:03:10 INFO  : Launch script is exported to file 'C:\Users\gusta\OneDrive\Documents\universidad\4to\1r\SEP\Proyectos\pr2\SEPmonG3\.sdk\launch_scripts\single_application_debug\debugger_sepmon_sw-default.tcl'
02:06:57 INFO  : Checking for BSP changes to sync application flags for project 'SEPmon_SW'...
02:07:37 INFO  : Checking for BSP changes to sync application flags for project 'SEPmon_SW'...
02:07:43 INFO  : Disconnected from the channel tcfchan#45.
02:07:44 INFO  : Connected to target on host '127.0.0.1' and port '3121'.
02:07:44 INFO  : Jtag cable 'Digilent Zybo Z7 210351B3FC88A' is selected.
02:07:44 INFO  : 'jtag frequency' command is executed.
02:07:44 INFO  : Context for 'APU' is selected.
02:07:44 INFO  : System reset is completed.
02:07:47 INFO  : 'after 3000' command is executed.
02:07:47 INFO  : 'targets -set -filter {jtag_cable_name =~ "Digilent Zybo Z7 210351B3FC88A" && level==0 && jtag_device_ctx=="jsn-Zybo Z7-210351B3FC88A-13722093-0"}' command is executed.
02:07:49 INFO  : FPGA configured successfully with bitstream "C:/Users/gusta/OneDrive/Documents/universidad/4to/1r/SEP/Proyectos/pr2/SEPmonG3/SEPmon_SW/_ide/bitstream/SEPmon.bit"
02:07:49 INFO  : Context for 'APU' is selected.
02:07:49 INFO  : Hardware design and registers information is loaded from 'C:/Users/gusta/OneDrive/Documents/universidad/4to/1r/SEP/Proyectos/pr2/SEPmonG3/SEPmonG3/export/SEPmonG3/hw/SEPmon.xsa'.
02:07:49 INFO  : 'configparams force-mem-access 1' command is executed.
02:07:49 INFO  : Context for 'APU' is selected.
02:07:49 INFO  : Sourcing of 'C:/Users/gusta/OneDrive/Documents/universidad/4to/1r/SEP/Proyectos/pr2/SEPmonG3/SEPmon_SW/_ide/psinit/ps7_init.tcl' is done.
02:07:49 INFO  : 'ps7_init' command is executed.
02:07:49 INFO  : 'ps7_post_config' command is executed.
02:07:49 INFO  : Context for processor 'ps7_cortexa9_0' is selected.
02:07:51 INFO  : The application 'C:/Users/gusta/OneDrive/Documents/universidad/4to/1r/SEP/Proyectos/pr2/SEPmonG3/SEPmon_SW/Debug/SEPmon_SW.elf' is downloaded to processor 'ps7_cortexa9_0'.
02:07:51 INFO  : 'configparams force-mem-access 0' command is executed.
02:07:51 INFO  : ----------------XSDB Script----------------
connect -url tcp:127.0.0.1:3121
targets -set -nocase -filter {name =~"APU*"}
rst -system
after 3000
targets -set -filter {jtag_cable_name =~ "Digilent Zybo Z7 210351B3FC88A" && level==0 && jtag_device_ctx=="jsn-Zybo Z7-210351B3FC88A-13722093-0"}
fpga -file C:/Users/gusta/OneDrive/Documents/universidad/4to/1r/SEP/Proyectos/pr2/SEPmonG3/SEPmon_SW/_ide/bitstream/SEPmon.bit
targets -set -nocase -filter {name =~"APU*"}
loadhw -hw C:/Users/gusta/OneDrive/Documents/universidad/4to/1r/SEP/Proyectos/pr2/SEPmonG3/SEPmonG3/export/SEPmonG3/hw/SEPmon.xsa -mem-ranges [list {0x40000000 0xbfffffff}] -regs
configparams force-mem-access 1
targets -set -nocase -filter {name =~"APU*"}
source C:/Users/gusta/OneDrive/Documents/universidad/4to/1r/SEP/Proyectos/pr2/SEPmonG3/SEPmon_SW/_ide/psinit/ps7_init.tcl
ps7_init
ps7_post_config
targets -set -nocase -filter {name =~ "*A9*#0"}
dow C:/Users/gusta/OneDrive/Documents/universidad/4to/1r/SEP/Proyectos/pr2/SEPmonG3/SEPmon_SW/Debug/SEPmon_SW.elf
configparams force-mem-access 0
----------------End of Script----------------

02:07:51 INFO  : Context for processor 'ps7_cortexa9_0' is selected.
02:07:51 INFO  : 'con' command is executed.
02:07:51 INFO  : ----------------XSDB Script (After Launch)----------------
targets -set -nocase -filter {name =~ "*A9*#0"}
con
----------------End of Script----------------

02:07:51 INFO  : Launch script is exported to file 'C:\Users\gusta\OneDrive\Documents\universidad\4to\1r\SEP\Proyectos\pr2\SEPmonG3\.sdk\launch_scripts\single_application_debug\debugger_sepmon_sw-default.tcl'
02:08:38 INFO  : Checking for BSP changes to sync application flags for project 'SEPmon_SW'...
02:08:42 INFO  : Disconnected from the channel tcfchan#46.
02:08:43 INFO  : Connected to target on host '127.0.0.1' and port '3121'.
02:08:43 INFO  : Jtag cable 'Digilent Zybo Z7 210351B3FC88A' is selected.
02:08:43 INFO  : 'jtag frequency' command is executed.
02:08:43 INFO  : Context for 'APU' is selected.
02:08:43 INFO  : System reset is completed.
02:08:46 INFO  : 'after 3000' command is executed.
02:08:47 INFO  : 'targets -set -filter {jtag_cable_name =~ "Digilent Zybo Z7 210351B3FC88A" && level==0 && jtag_device_ctx=="jsn-Zybo Z7-210351B3FC88A-13722093-0"}' command is executed.
02:08:48 INFO  : FPGA configured successfully with bitstream "C:/Users/gusta/OneDrive/Documents/universidad/4to/1r/SEP/Proyectos/pr2/SEPmonG3/SEPmon_SW/_ide/bitstream/SEPmon.bit"
02:08:48 INFO  : Context for 'APU' is selected.
02:08:48 INFO  : Hardware design and registers information is loaded from 'C:/Users/gusta/OneDrive/Documents/universidad/4to/1r/SEP/Proyectos/pr2/SEPmonG3/SEPmonG3/export/SEPmonG3/hw/SEPmon.xsa'.
02:08:48 INFO  : 'configparams force-mem-access 1' command is executed.
02:08:48 INFO  : Context for 'APU' is selected.
02:08:48 INFO  : Sourcing of 'C:/Users/gusta/OneDrive/Documents/universidad/4to/1r/SEP/Proyectos/pr2/SEPmonG3/SEPmon_SW/_ide/psinit/ps7_init.tcl' is done.
02:08:48 INFO  : 'ps7_init' command is executed.
02:08:48 INFO  : 'ps7_post_config' command is executed.
02:08:48 INFO  : Context for processor 'ps7_cortexa9_0' is selected.
02:08:50 INFO  : The application 'C:/Users/gusta/OneDrive/Documents/universidad/4to/1r/SEP/Proyectos/pr2/SEPmonG3/SEPmon_SW/Debug/SEPmon_SW.elf' is downloaded to processor 'ps7_cortexa9_0'.
02:08:50 INFO  : 'configparams force-mem-access 0' command is executed.
02:08:50 INFO  : ----------------XSDB Script----------------
connect -url tcp:127.0.0.1:3121
targets -set -nocase -filter {name =~"APU*"}
rst -system
after 3000
targets -set -filter {jtag_cable_name =~ "Digilent Zybo Z7 210351B3FC88A" && level==0 && jtag_device_ctx=="jsn-Zybo Z7-210351B3FC88A-13722093-0"}
fpga -file C:/Users/gusta/OneDrive/Documents/universidad/4to/1r/SEP/Proyectos/pr2/SEPmonG3/SEPmon_SW/_ide/bitstream/SEPmon.bit
targets -set -nocase -filter {name =~"APU*"}
loadhw -hw C:/Users/gusta/OneDrive/Documents/universidad/4to/1r/SEP/Proyectos/pr2/SEPmonG3/SEPmonG3/export/SEPmonG3/hw/SEPmon.xsa -mem-ranges [list {0x40000000 0xbfffffff}] -regs
configparams force-mem-access 1
targets -set -nocase -filter {name =~"APU*"}
source C:/Users/gusta/OneDrive/Documents/universidad/4to/1r/SEP/Proyectos/pr2/SEPmonG3/SEPmon_SW/_ide/psinit/ps7_init.tcl
ps7_init
ps7_post_config
targets -set -nocase -filter {name =~ "*A9*#0"}
dow C:/Users/gusta/OneDrive/Documents/universidad/4to/1r/SEP/Proyectos/pr2/SEPmonG3/SEPmon_SW/Debug/SEPmon_SW.elf
configparams force-mem-access 0
----------------End of Script----------------

02:08:50 INFO  : Context for processor 'ps7_cortexa9_0' is selected.
02:08:50 INFO  : 'con' command is executed.
02:08:50 INFO  : ----------------XSDB Script (After Launch)----------------
targets -set -nocase -filter {name =~ "*A9*#0"}
con
----------------End of Script----------------

02:08:50 INFO  : Launch script is exported to file 'C:\Users\gusta\OneDrive\Documents\universidad\4to\1r\SEP\Proyectos\pr2\SEPmonG3\.sdk\launch_scripts\single_application_debug\debugger_sepmon_sw-default.tcl'
02:09:23 INFO  : Checking for BSP changes to sync application flags for project 'SEPmon_SW'...
02:12:31 INFO  : Checking for BSP changes to sync application flags for project 'SEPmon_SW'...
02:12:40 INFO  : Disconnected from the channel tcfchan#47.
02:12:41 INFO  : Connected to target on host '127.0.0.1' and port '3121'.
02:12:41 INFO  : Jtag cable 'Digilent Zybo Z7 210351B3FC88A' is selected.
02:12:41 INFO  : 'jtag frequency' command is executed.
02:12:41 INFO  : Context for 'APU' is selected.
02:12:41 INFO  : System reset is completed.
02:12:44 INFO  : 'after 3000' command is executed.
02:12:45 INFO  : 'targets -set -filter {jtag_cable_name =~ "Digilent Zybo Z7 210351B3FC88A" && level==0 && jtag_device_ctx=="jsn-Zybo Z7-210351B3FC88A-13722093-0"}' command is executed.
02:12:46 INFO  : FPGA configured successfully with bitstream "C:/Users/gusta/OneDrive/Documents/universidad/4to/1r/SEP/Proyectos/pr2/SEPmonG3/SEPmon_SW/_ide/bitstream/SEPmon.bit"
02:12:46 INFO  : Context for 'APU' is selected.
02:12:46 INFO  : Hardware design and registers information is loaded from 'C:/Users/gusta/OneDrive/Documents/universidad/4to/1r/SEP/Proyectos/pr2/SEPmonG3/SEPmonG3/export/SEPmonG3/hw/SEPmon.xsa'.
02:12:46 INFO  : 'configparams force-mem-access 1' command is executed.
02:12:46 INFO  : Context for 'APU' is selected.
02:12:46 INFO  : Sourcing of 'C:/Users/gusta/OneDrive/Documents/universidad/4to/1r/SEP/Proyectos/pr2/SEPmonG3/SEPmon_SW/_ide/psinit/ps7_init.tcl' is done.
02:12:46 INFO  : 'ps7_init' command is executed.
02:12:46 INFO  : 'ps7_post_config' command is executed.
02:12:46 INFO  : Context for processor 'ps7_cortexa9_0' is selected.
02:12:48 INFO  : The application 'C:/Users/gusta/OneDrive/Documents/universidad/4to/1r/SEP/Proyectos/pr2/SEPmonG3/SEPmon_SW/Debug/SEPmon_SW.elf' is downloaded to processor 'ps7_cortexa9_0'.
02:12:48 INFO  : 'configparams force-mem-access 0' command is executed.
02:12:48 INFO  : ----------------XSDB Script----------------
connect -url tcp:127.0.0.1:3121
targets -set -nocase -filter {name =~"APU*"}
rst -system
after 3000
targets -set -filter {jtag_cable_name =~ "Digilent Zybo Z7 210351B3FC88A" && level==0 && jtag_device_ctx=="jsn-Zybo Z7-210351B3FC88A-13722093-0"}
fpga -file C:/Users/gusta/OneDrive/Documents/universidad/4to/1r/SEP/Proyectos/pr2/SEPmonG3/SEPmon_SW/_ide/bitstream/SEPmon.bit
targets -set -nocase -filter {name =~"APU*"}
loadhw -hw C:/Users/gusta/OneDrive/Documents/universidad/4to/1r/SEP/Proyectos/pr2/SEPmonG3/SEPmonG3/export/SEPmonG3/hw/SEPmon.xsa -mem-ranges [list {0x40000000 0xbfffffff}] -regs
configparams force-mem-access 1
targets -set -nocase -filter {name =~"APU*"}
source C:/Users/gusta/OneDrive/Documents/universidad/4to/1r/SEP/Proyectos/pr2/SEPmonG3/SEPmon_SW/_ide/psinit/ps7_init.tcl
ps7_init
ps7_post_config
targets -set -nocase -filter {name =~ "*A9*#0"}
dow C:/Users/gusta/OneDrive/Documents/universidad/4to/1r/SEP/Proyectos/pr2/SEPmonG3/SEPmon_SW/Debug/SEPmon_SW.elf
configparams force-mem-access 0
----------------End of Script----------------

02:12:48 INFO  : Context for processor 'ps7_cortexa9_0' is selected.
02:12:48 INFO  : 'con' command is executed.
02:12:48 INFO  : ----------------XSDB Script (After Launch)----------------
targets -set -nocase -filter {name =~ "*A9*#0"}
con
----------------End of Script----------------

02:12:48 INFO  : Launch script is exported to file 'C:\Users\gusta\OneDrive\Documents\universidad\4to\1r\SEP\Proyectos\pr2\SEPmonG3\.sdk\launch_scripts\single_application_debug\debugger_sepmon_sw-default.tcl'
02:14:22 INFO  : Checking for BSP changes to sync application flags for project 'SEPmon_SW'...
02:15:11 INFO  : Checking for BSP changes to sync application flags for project 'SEPmon_SW'...
02:15:17 INFO  : Disconnected from the channel tcfchan#48.
02:15:18 INFO  : Connected to target on host '127.0.0.1' and port '3121'.
02:15:18 INFO  : Jtag cable 'Digilent Zybo Z7 210351B3FC88A' is selected.
02:15:18 INFO  : 'jtag frequency' command is executed.
02:15:18 INFO  : Context for 'APU' is selected.
02:15:18 INFO  : System reset is completed.
02:15:21 INFO  : 'after 3000' command is executed.
02:15:21 INFO  : 'targets -set -filter {jtag_cable_name =~ "Digilent Zybo Z7 210351B3FC88A" && level==0 && jtag_device_ctx=="jsn-Zybo Z7-210351B3FC88A-13722093-0"}' command is executed.
02:15:23 INFO  : FPGA configured successfully with bitstream "C:/Users/gusta/OneDrive/Documents/universidad/4to/1r/SEP/Proyectos/pr2/SEPmonG3/SEPmon_SW/_ide/bitstream/SEPmon.bit"
02:15:23 INFO  : Context for 'APU' is selected.
02:15:23 INFO  : Hardware design and registers information is loaded from 'C:/Users/gusta/OneDrive/Documents/universidad/4to/1r/SEP/Proyectos/pr2/SEPmonG3/SEPmonG3/export/SEPmonG3/hw/SEPmon.xsa'.
02:15:23 INFO  : 'configparams force-mem-access 1' command is executed.
02:15:23 INFO  : Context for 'APU' is selected.
02:15:23 INFO  : Sourcing of 'C:/Users/gusta/OneDrive/Documents/universidad/4to/1r/SEP/Proyectos/pr2/SEPmonG3/SEPmon_SW/_ide/psinit/ps7_init.tcl' is done.
02:15:23 INFO  : 'ps7_init' command is executed.
02:15:23 INFO  : 'ps7_post_config' command is executed.
02:15:23 INFO  : Context for processor 'ps7_cortexa9_0' is selected.
02:15:25 INFO  : The application 'C:/Users/gusta/OneDrive/Documents/universidad/4to/1r/SEP/Proyectos/pr2/SEPmonG3/SEPmon_SW/Debug/SEPmon_SW.elf' is downloaded to processor 'ps7_cortexa9_0'.
02:15:25 INFO  : 'configparams force-mem-access 0' command is executed.
02:15:25 INFO  : ----------------XSDB Script----------------
connect -url tcp:127.0.0.1:3121
targets -set -nocase -filter {name =~"APU*"}
rst -system
after 3000
targets -set -filter {jtag_cable_name =~ "Digilent Zybo Z7 210351B3FC88A" && level==0 && jtag_device_ctx=="jsn-Zybo Z7-210351B3FC88A-13722093-0"}
fpga -file C:/Users/gusta/OneDrive/Documents/universidad/4to/1r/SEP/Proyectos/pr2/SEPmonG3/SEPmon_SW/_ide/bitstream/SEPmon.bit
targets -set -nocase -filter {name =~"APU*"}
loadhw -hw C:/Users/gusta/OneDrive/Documents/universidad/4to/1r/SEP/Proyectos/pr2/SEPmonG3/SEPmonG3/export/SEPmonG3/hw/SEPmon.xsa -mem-ranges [list {0x40000000 0xbfffffff}] -regs
configparams force-mem-access 1
targets -set -nocase -filter {name =~"APU*"}
source C:/Users/gusta/OneDrive/Documents/universidad/4to/1r/SEP/Proyectos/pr2/SEPmonG3/SEPmon_SW/_ide/psinit/ps7_init.tcl
ps7_init
ps7_post_config
targets -set -nocase -filter {name =~ "*A9*#0"}
dow C:/Users/gusta/OneDrive/Documents/universidad/4to/1r/SEP/Proyectos/pr2/SEPmonG3/SEPmon_SW/Debug/SEPmon_SW.elf
configparams force-mem-access 0
----------------End of Script----------------

02:15:25 INFO  : Context for processor 'ps7_cortexa9_0' is selected.
02:15:25 INFO  : 'con' command is executed.
02:15:25 INFO  : ----------------XSDB Script (After Launch)----------------
targets -set -nocase -filter {name =~ "*A9*#0"}
con
----------------End of Script----------------

02:15:25 INFO  : Launch script is exported to file 'C:\Users\gusta\OneDrive\Documents\universidad\4to\1r\SEP\Proyectos\pr2\SEPmonG3\.sdk\launch_scripts\single_application_debug\debugger_sepmon_sw-default.tcl'
02:17:44 INFO  : Checking for BSP changes to sync application flags for project 'SEPmon_SW'...
02:19:55 INFO  : Checking for BSP changes to sync application flags for project 'SEPmon_SW'...
02:20:33 INFO  : Checking for BSP changes to sync application flags for project 'SEPmon_SW'...
02:20:40 INFO  : Checking for BSP changes to sync application flags for project 'SEPmon_SW'...
02:21:06 INFO  : Checking for BSP changes to sync application flags for project 'SEPmon_SW'...
02:21:11 INFO  : Disconnected from the channel tcfchan#49.
02:21:12 INFO  : Connected to target on host '127.0.0.1' and port '3121'.
02:21:12 INFO  : Jtag cable 'Digilent Zybo Z7 210351B3FC88A' is selected.
02:21:12 INFO  : 'jtag frequency' command is executed.
02:21:12 INFO  : Context for 'APU' is selected.
02:21:12 INFO  : System reset is completed.
02:21:15 INFO  : 'after 3000' command is executed.
02:21:15 INFO  : 'targets -set -filter {jtag_cable_name =~ "Digilent Zybo Z7 210351B3FC88A" && level==0 && jtag_device_ctx=="jsn-Zybo Z7-210351B3FC88A-13722093-0"}' command is executed.
02:21:16 INFO  : FPGA configured successfully with bitstream "C:/Users/gusta/OneDrive/Documents/universidad/4to/1r/SEP/Proyectos/pr2/SEPmonG3/SEPmon_SW/_ide/bitstream/SEPmon.bit"
02:21:16 INFO  : Context for 'APU' is selected.
02:21:16 INFO  : Hardware design and registers information is loaded from 'C:/Users/gusta/OneDrive/Documents/universidad/4to/1r/SEP/Proyectos/pr2/SEPmonG3/SEPmonG3/export/SEPmonG3/hw/SEPmon.xsa'.
02:21:16 INFO  : 'configparams force-mem-access 1' command is executed.
02:21:16 INFO  : Context for 'APU' is selected.
02:21:16 INFO  : Sourcing of 'C:/Users/gusta/OneDrive/Documents/universidad/4to/1r/SEP/Proyectos/pr2/SEPmonG3/SEPmon_SW/_ide/psinit/ps7_init.tcl' is done.
02:21:17 INFO  : 'ps7_init' command is executed.
02:21:17 INFO  : 'ps7_post_config' command is executed.
02:21:17 INFO  : Context for processor 'ps7_cortexa9_0' is selected.
02:21:19 INFO  : The application 'C:/Users/gusta/OneDrive/Documents/universidad/4to/1r/SEP/Proyectos/pr2/SEPmonG3/SEPmon_SW/Debug/SEPmon_SW.elf' is downloaded to processor 'ps7_cortexa9_0'.
02:21:19 INFO  : 'configparams force-mem-access 0' command is executed.
02:21:19 INFO  : ----------------XSDB Script----------------
connect -url tcp:127.0.0.1:3121
targets -set -nocase -filter {name =~"APU*"}
rst -system
after 3000
targets -set -filter {jtag_cable_name =~ "Digilent Zybo Z7 210351B3FC88A" && level==0 && jtag_device_ctx=="jsn-Zybo Z7-210351B3FC88A-13722093-0"}
fpga -file C:/Users/gusta/OneDrive/Documents/universidad/4to/1r/SEP/Proyectos/pr2/SEPmonG3/SEPmon_SW/_ide/bitstream/SEPmon.bit
targets -set -nocase -filter {name =~"APU*"}
loadhw -hw C:/Users/gusta/OneDrive/Documents/universidad/4to/1r/SEP/Proyectos/pr2/SEPmonG3/SEPmonG3/export/SEPmonG3/hw/SEPmon.xsa -mem-ranges [list {0x40000000 0xbfffffff}] -regs
configparams force-mem-access 1
targets -set -nocase -filter {name =~"APU*"}
source C:/Users/gusta/OneDrive/Documents/universidad/4to/1r/SEP/Proyectos/pr2/SEPmonG3/SEPmon_SW/_ide/psinit/ps7_init.tcl
ps7_init
ps7_post_config
targets -set -nocase -filter {name =~ "*A9*#0"}
dow C:/Users/gusta/OneDrive/Documents/universidad/4to/1r/SEP/Proyectos/pr2/SEPmonG3/SEPmon_SW/Debug/SEPmon_SW.elf
configparams force-mem-access 0
----------------End of Script----------------

02:21:19 INFO  : Context for processor 'ps7_cortexa9_0' is selected.
02:21:19 INFO  : 'con' command is executed.
02:21:19 INFO  : ----------------XSDB Script (After Launch)----------------
targets -set -nocase -filter {name =~ "*A9*#0"}
con
----------------End of Script----------------

02:21:19 INFO  : Launch script is exported to file 'C:\Users\gusta\OneDrive\Documents\universidad\4to\1r\SEP\Proyectos\pr2\SEPmonG3\.sdk\launch_scripts\single_application_debug\debugger_sepmon_sw-default.tcl'
02:21:53 INFO  : Checking for BSP changes to sync application flags for project 'SEPmon_SW'...
02:21:58 INFO  : Disconnected from the channel tcfchan#50.
02:21:59 INFO  : Connected to target on host '127.0.0.1' and port '3121'.
02:21:59 INFO  : Jtag cable 'Digilent Zybo Z7 210351B3FC88A' is selected.
02:21:59 INFO  : 'jtag frequency' command is executed.
02:21:59 INFO  : Context for 'APU' is selected.
02:21:59 INFO  : System reset is completed.
02:22:02 INFO  : 'after 3000' command is executed.
02:22:02 INFO  : 'targets -set -filter {jtag_cable_name =~ "Digilent Zybo Z7 210351B3FC88A" && level==0 && jtag_device_ctx=="jsn-Zybo Z7-210351B3FC88A-13722093-0"}' command is executed.
02:22:03 INFO  : FPGA configured successfully with bitstream "C:/Users/gusta/OneDrive/Documents/universidad/4to/1r/SEP/Proyectos/pr2/SEPmonG3/SEPmon_SW/_ide/bitstream/SEPmon.bit"
02:22:04 INFO  : Context for 'APU' is selected.
02:22:04 INFO  : Hardware design and registers information is loaded from 'C:/Users/gusta/OneDrive/Documents/universidad/4to/1r/SEP/Proyectos/pr2/SEPmonG3/SEPmonG3/export/SEPmonG3/hw/SEPmon.xsa'.
02:22:04 INFO  : 'configparams force-mem-access 1' command is executed.
02:22:04 INFO  : Context for 'APU' is selected.
02:22:04 INFO  : Sourcing of 'C:/Users/gusta/OneDrive/Documents/universidad/4to/1r/SEP/Proyectos/pr2/SEPmonG3/SEPmon_SW/_ide/psinit/ps7_init.tcl' is done.
02:22:04 INFO  : 'ps7_init' command is executed.
02:22:04 INFO  : 'ps7_post_config' command is executed.
02:22:04 INFO  : Context for processor 'ps7_cortexa9_0' is selected.
02:22:06 INFO  : The application 'C:/Users/gusta/OneDrive/Documents/universidad/4to/1r/SEP/Proyectos/pr2/SEPmonG3/SEPmon_SW/Debug/SEPmon_SW.elf' is downloaded to processor 'ps7_cortexa9_0'.
02:22:06 INFO  : 'configparams force-mem-access 0' command is executed.
02:22:06 INFO  : ----------------XSDB Script----------------
connect -url tcp:127.0.0.1:3121
targets -set -nocase -filter {name =~"APU*"}
rst -system
after 3000
targets -set -filter {jtag_cable_name =~ "Digilent Zybo Z7 210351B3FC88A" && level==0 && jtag_device_ctx=="jsn-Zybo Z7-210351B3FC88A-13722093-0"}
fpga -file C:/Users/gusta/OneDrive/Documents/universidad/4to/1r/SEP/Proyectos/pr2/SEPmonG3/SEPmon_SW/_ide/bitstream/SEPmon.bit
targets -set -nocase -filter {name =~"APU*"}
loadhw -hw C:/Users/gusta/OneDrive/Documents/universidad/4to/1r/SEP/Proyectos/pr2/SEPmonG3/SEPmonG3/export/SEPmonG3/hw/SEPmon.xsa -mem-ranges [list {0x40000000 0xbfffffff}] -regs
configparams force-mem-access 1
targets -set -nocase -filter {name =~"APU*"}
source C:/Users/gusta/OneDrive/Documents/universidad/4to/1r/SEP/Proyectos/pr2/SEPmonG3/SEPmon_SW/_ide/psinit/ps7_init.tcl
ps7_init
ps7_post_config
targets -set -nocase -filter {name =~ "*A9*#0"}
dow C:/Users/gusta/OneDrive/Documents/universidad/4to/1r/SEP/Proyectos/pr2/SEPmonG3/SEPmon_SW/Debug/SEPmon_SW.elf
configparams force-mem-access 0
----------------End of Script----------------

02:22:06 INFO  : Context for processor 'ps7_cortexa9_0' is selected.
02:22:06 INFO  : 'con' command is executed.
02:22:06 INFO  : ----------------XSDB Script (After Launch)----------------
targets -set -nocase -filter {name =~ "*A9*#0"}
con
----------------End of Script----------------

02:22:06 INFO  : Launch script is exported to file 'C:\Users\gusta\OneDrive\Documents\universidad\4to\1r\SEP\Proyectos\pr2\SEPmonG3\.sdk\launch_scripts\single_application_debug\debugger_sepmon_sw-default.tcl'
02:22:35 INFO  : Checking for BSP changes to sync application flags for project 'SEPmon_SW'...
02:22:40 INFO  : Disconnected from the channel tcfchan#51.
02:22:41 INFO  : Connected to target on host '127.0.0.1' and port '3121'.
02:22:41 INFO  : Jtag cable 'Digilent Zybo Z7 210351B3FC88A' is selected.
02:22:41 INFO  : 'jtag frequency' command is executed.
02:22:41 INFO  : Context for 'APU' is selected.
02:22:41 INFO  : System reset is completed.
02:22:44 INFO  : 'after 3000' command is executed.
02:22:45 INFO  : 'targets -set -filter {jtag_cable_name =~ "Digilent Zybo Z7 210351B3FC88A" && level==0 && jtag_device_ctx=="jsn-Zybo Z7-210351B3FC88A-13722093-0"}' command is executed.
02:22:46 INFO  : FPGA configured successfully with bitstream "C:/Users/gusta/OneDrive/Documents/universidad/4to/1r/SEP/Proyectos/pr2/SEPmonG3/SEPmon_SW/_ide/bitstream/SEPmon.bit"
02:22:46 INFO  : Context for 'APU' is selected.
02:22:46 INFO  : Hardware design and registers information is loaded from 'C:/Users/gusta/OneDrive/Documents/universidad/4to/1r/SEP/Proyectos/pr2/SEPmonG3/SEPmonG3/export/SEPmonG3/hw/SEPmon.xsa'.
02:22:46 INFO  : 'configparams force-mem-access 1' command is executed.
02:22:46 INFO  : Context for 'APU' is selected.
02:22:46 INFO  : Sourcing of 'C:/Users/gusta/OneDrive/Documents/universidad/4to/1r/SEP/Proyectos/pr2/SEPmonG3/SEPmon_SW/_ide/psinit/ps7_init.tcl' is done.
02:22:46 INFO  : 'ps7_init' command is executed.
02:22:46 INFO  : 'ps7_post_config' command is executed.
02:22:46 INFO  : Context for processor 'ps7_cortexa9_0' is selected.
02:22:48 INFO  : The application 'C:/Users/gusta/OneDrive/Documents/universidad/4to/1r/SEP/Proyectos/pr2/SEPmonG3/SEPmon_SW/Debug/SEPmon_SW.elf' is downloaded to processor 'ps7_cortexa9_0'.
02:22:48 INFO  : 'configparams force-mem-access 0' command is executed.
02:22:48 INFO  : ----------------XSDB Script----------------
connect -url tcp:127.0.0.1:3121
targets -set -nocase -filter {name =~"APU*"}
rst -system
after 3000
targets -set -filter {jtag_cable_name =~ "Digilent Zybo Z7 210351B3FC88A" && level==0 && jtag_device_ctx=="jsn-Zybo Z7-210351B3FC88A-13722093-0"}
fpga -file C:/Users/gusta/OneDrive/Documents/universidad/4to/1r/SEP/Proyectos/pr2/SEPmonG3/SEPmon_SW/_ide/bitstream/SEPmon.bit
targets -set -nocase -filter {name =~"APU*"}
loadhw -hw C:/Users/gusta/OneDrive/Documents/universidad/4to/1r/SEP/Proyectos/pr2/SEPmonG3/SEPmonG3/export/SEPmonG3/hw/SEPmon.xsa -mem-ranges [list {0x40000000 0xbfffffff}] -regs
configparams force-mem-access 1
targets -set -nocase -filter {name =~"APU*"}
source C:/Users/gusta/OneDrive/Documents/universidad/4to/1r/SEP/Proyectos/pr2/SEPmonG3/SEPmon_SW/_ide/psinit/ps7_init.tcl
ps7_init
ps7_post_config
targets -set -nocase -filter {name =~ "*A9*#0"}
dow C:/Users/gusta/OneDrive/Documents/universidad/4to/1r/SEP/Proyectos/pr2/SEPmonG3/SEPmon_SW/Debug/SEPmon_SW.elf
configparams force-mem-access 0
----------------End of Script----------------

02:22:48 INFO  : Context for processor 'ps7_cortexa9_0' is selected.
02:22:49 INFO  : 'con' command is executed.
02:22:49 INFO  : ----------------XSDB Script (After Launch)----------------
targets -set -nocase -filter {name =~ "*A9*#0"}
con
----------------End of Script----------------

02:22:49 INFO  : Launch script is exported to file 'C:\Users\gusta\OneDrive\Documents\universidad\4to\1r\SEP\Proyectos\pr2\SEPmonG3\.sdk\launch_scripts\single_application_debug\debugger_sepmon_sw-default.tcl'
02:24:16 INFO  : Checking for BSP changes to sync application flags for project 'SEPmon_SW'...
02:24:20 INFO  : Disconnected from the channel tcfchan#52.
02:24:21 INFO  : Connected to target on host '127.0.0.1' and port '3121'.
02:24:22 INFO  : Jtag cable 'Digilent Zybo Z7 210351B3FC88A' is selected.
02:24:22 INFO  : 'jtag frequency' command is executed.
02:24:22 INFO  : Context for 'APU' is selected.
02:24:22 INFO  : System reset is completed.
02:24:25 INFO  : 'after 3000' command is executed.
02:24:25 INFO  : 'targets -set -filter {jtag_cable_name =~ "Digilent Zybo Z7 210351B3FC88A" && level==0 && jtag_device_ctx=="jsn-Zybo Z7-210351B3FC88A-13722093-0"}' command is executed.
02:24:26 INFO  : FPGA configured successfully with bitstream "C:/Users/gusta/OneDrive/Documents/universidad/4to/1r/SEP/Proyectos/pr2/SEPmonG3/SEPmon_SW/_ide/bitstream/SEPmon.bit"
02:24:26 INFO  : Context for 'APU' is selected.
02:24:26 INFO  : Hardware design and registers information is loaded from 'C:/Users/gusta/OneDrive/Documents/universidad/4to/1r/SEP/Proyectos/pr2/SEPmonG3/SEPmonG3/export/SEPmonG3/hw/SEPmon.xsa'.
02:24:26 INFO  : 'configparams force-mem-access 1' command is executed.
02:24:26 INFO  : Context for 'APU' is selected.
02:24:26 INFO  : Sourcing of 'C:/Users/gusta/OneDrive/Documents/universidad/4to/1r/SEP/Proyectos/pr2/SEPmonG3/SEPmon_SW/_ide/psinit/ps7_init.tcl' is done.
02:24:26 INFO  : 'ps7_init' command is executed.
02:24:26 INFO  : 'ps7_post_config' command is executed.
02:24:26 INFO  : Context for processor 'ps7_cortexa9_0' is selected.
02:24:28 INFO  : The application 'C:/Users/gusta/OneDrive/Documents/universidad/4to/1r/SEP/Proyectos/pr2/SEPmonG3/SEPmon_SW/Debug/SEPmon_SW.elf' is downloaded to processor 'ps7_cortexa9_0'.
02:24:29 INFO  : 'configparams force-mem-access 0' command is executed.
02:24:29 INFO  : ----------------XSDB Script----------------
connect -url tcp:127.0.0.1:3121
targets -set -nocase -filter {name =~"APU*"}
rst -system
after 3000
targets -set -filter {jtag_cable_name =~ "Digilent Zybo Z7 210351B3FC88A" && level==0 && jtag_device_ctx=="jsn-Zybo Z7-210351B3FC88A-13722093-0"}
fpga -file C:/Users/gusta/OneDrive/Documents/universidad/4to/1r/SEP/Proyectos/pr2/SEPmonG3/SEPmon_SW/_ide/bitstream/SEPmon.bit
targets -set -nocase -filter {name =~"APU*"}
loadhw -hw C:/Users/gusta/OneDrive/Documents/universidad/4to/1r/SEP/Proyectos/pr2/SEPmonG3/SEPmonG3/export/SEPmonG3/hw/SEPmon.xsa -mem-ranges [list {0x40000000 0xbfffffff}] -regs
configparams force-mem-access 1
targets -set -nocase -filter {name =~"APU*"}
source C:/Users/gusta/OneDrive/Documents/universidad/4to/1r/SEP/Proyectos/pr2/SEPmonG3/SEPmon_SW/_ide/psinit/ps7_init.tcl
ps7_init
ps7_post_config
targets -set -nocase -filter {name =~ "*A9*#0"}
dow C:/Users/gusta/OneDrive/Documents/universidad/4to/1r/SEP/Proyectos/pr2/SEPmonG3/SEPmon_SW/Debug/SEPmon_SW.elf
configparams force-mem-access 0
----------------End of Script----------------

02:24:29 INFO  : Context for processor 'ps7_cortexa9_0' is selected.
02:24:29 INFO  : 'con' command is executed.
02:24:29 INFO  : ----------------XSDB Script (After Launch)----------------
targets -set -nocase -filter {name =~ "*A9*#0"}
con
----------------End of Script----------------

02:24:29 INFO  : Launch script is exported to file 'C:\Users\gusta\OneDrive\Documents\universidad\4to\1r\SEP\Proyectos\pr2\SEPmonG3\.sdk\launch_scripts\single_application_debug\debugger_sepmon_sw-default.tcl'
02:25:19 INFO  : Checking for BSP changes to sync application flags for project 'SEPmon_SW'...
02:29:26 INFO  : Disconnected from the channel tcfchan#53.
02:29:27 INFO  : Connected to target on host '127.0.0.1' and port '3121'.
02:29:27 INFO  : Jtag cable 'Digilent Zybo Z7 210351B3FC88A' is selected.
02:29:27 INFO  : 'jtag frequency' command is executed.
02:29:27 INFO  : Context for 'APU' is selected.
02:29:27 INFO  : System reset is completed.
02:29:30 INFO  : 'after 3000' command is executed.
02:29:30 INFO  : 'targets -set -filter {jtag_cable_name =~ "Digilent Zybo Z7 210351B3FC88A" && level==0 && jtag_device_ctx=="jsn-Zybo Z7-210351B3FC88A-13722093-0"}' command is executed.
02:29:32 INFO  : FPGA configured successfully with bitstream "C:/Users/gusta/OneDrive/Documents/universidad/4to/1r/SEP/Proyectos/pr2/SEPmonG3/SEPmon_SW/_ide/bitstream/SEPmon.bit"
02:29:32 INFO  : Context for 'APU' is selected.
02:29:32 INFO  : Hardware design and registers information is loaded from 'C:/Users/gusta/OneDrive/Documents/universidad/4to/1r/SEP/Proyectos/pr2/SEPmonG3/SEPmonG3/export/SEPmonG3/hw/SEPmon.xsa'.
02:29:32 INFO  : 'configparams force-mem-access 1' command is executed.
02:29:32 INFO  : Context for 'APU' is selected.
02:29:32 INFO  : Sourcing of 'C:/Users/gusta/OneDrive/Documents/universidad/4to/1r/SEP/Proyectos/pr2/SEPmonG3/SEPmon_SW/_ide/psinit/ps7_init.tcl' is done.
02:29:32 INFO  : 'ps7_init' command is executed.
02:29:32 INFO  : 'ps7_post_config' command is executed.
02:29:32 INFO  : Context for processor 'ps7_cortexa9_0' is selected.
02:29:34 INFO  : The application 'C:/Users/gusta/OneDrive/Documents/universidad/4to/1r/SEP/Proyectos/pr2/SEPmonG3/SEPmon_SW/Debug/SEPmon_SW.elf' is downloaded to processor 'ps7_cortexa9_0'.
02:29:34 INFO  : 'configparams force-mem-access 0' command is executed.
02:29:34 INFO  : ----------------XSDB Script----------------
connect -url tcp:127.0.0.1:3121
targets -set -nocase -filter {name =~"APU*"}
rst -system
after 3000
targets -set -filter {jtag_cable_name =~ "Digilent Zybo Z7 210351B3FC88A" && level==0 && jtag_device_ctx=="jsn-Zybo Z7-210351B3FC88A-13722093-0"}
fpga -file C:/Users/gusta/OneDrive/Documents/universidad/4to/1r/SEP/Proyectos/pr2/SEPmonG3/SEPmon_SW/_ide/bitstream/SEPmon.bit
targets -set -nocase -filter {name =~"APU*"}
loadhw -hw C:/Users/gusta/OneDrive/Documents/universidad/4to/1r/SEP/Proyectos/pr2/SEPmonG3/SEPmonG3/export/SEPmonG3/hw/SEPmon.xsa -mem-ranges [list {0x40000000 0xbfffffff}] -regs
configparams force-mem-access 1
targets -set -nocase -filter {name =~"APU*"}
source C:/Users/gusta/OneDrive/Documents/universidad/4to/1r/SEP/Proyectos/pr2/SEPmonG3/SEPmon_SW/_ide/psinit/ps7_init.tcl
ps7_init
ps7_post_config
targets -set -nocase -filter {name =~ "*A9*#0"}
dow C:/Users/gusta/OneDrive/Documents/universidad/4to/1r/SEP/Proyectos/pr2/SEPmonG3/SEPmon_SW/Debug/SEPmon_SW.elf
configparams force-mem-access 0
----------------End of Script----------------

02:29:34 INFO  : Context for processor 'ps7_cortexa9_0' is selected.
02:29:34 INFO  : 'con' command is executed.
02:29:34 INFO  : ----------------XSDB Script (After Launch)----------------
targets -set -nocase -filter {name =~ "*A9*#0"}
con
----------------End of Script----------------

02:29:34 INFO  : Launch script is exported to file 'C:\Users\gusta\OneDrive\Documents\universidad\4to\1r\SEP\Proyectos\pr2\SEPmonG3\.sdk\launch_scripts\single_application_debug\debugger_sepmon_sw-default.tcl'
02:30:02 INFO  : Checking for BSP changes to sync application flags for project 'SEPmon_SW'...
02:30:06 INFO  : Disconnected from the channel tcfchan#54.
02:30:07 INFO  : Connected to target on host '127.0.0.1' and port '3121'.
02:30:07 INFO  : Jtag cable 'Digilent Zybo Z7 210351B3FC88A' is selected.
02:30:07 INFO  : 'jtag frequency' command is executed.
02:30:07 INFO  : Context for 'APU' is selected.
02:30:07 INFO  : System reset is completed.
02:30:10 INFO  : 'after 3000' command is executed.
02:30:10 INFO  : 'targets -set -filter {jtag_cable_name =~ "Digilent Zybo Z7 210351B3FC88A" && level==0 && jtag_device_ctx=="jsn-Zybo Z7-210351B3FC88A-13722093-0"}' command is executed.
02:30:11 INFO  : FPGA configured successfully with bitstream "C:/Users/gusta/OneDrive/Documents/universidad/4to/1r/SEP/Proyectos/pr2/SEPmonG3/SEPmon_SW/_ide/bitstream/SEPmon.bit"
02:30:11 INFO  : Context for 'APU' is selected.
02:30:11 INFO  : Hardware design and registers information is loaded from 'C:/Users/gusta/OneDrive/Documents/universidad/4to/1r/SEP/Proyectos/pr2/SEPmonG3/SEPmonG3/export/SEPmonG3/hw/SEPmon.xsa'.
02:30:11 INFO  : 'configparams force-mem-access 1' command is executed.
02:30:11 INFO  : Context for 'APU' is selected.
02:30:11 INFO  : Sourcing of 'C:/Users/gusta/OneDrive/Documents/universidad/4to/1r/SEP/Proyectos/pr2/SEPmonG3/SEPmon_SW/_ide/psinit/ps7_init.tcl' is done.
02:30:12 INFO  : 'ps7_init' command is executed.
02:30:12 INFO  : 'ps7_post_config' command is executed.
02:30:12 INFO  : Context for processor 'ps7_cortexa9_0' is selected.
02:30:14 INFO  : The application 'C:/Users/gusta/OneDrive/Documents/universidad/4to/1r/SEP/Proyectos/pr2/SEPmonG3/SEPmon_SW/Debug/SEPmon_SW.elf' is downloaded to processor 'ps7_cortexa9_0'.
02:30:14 INFO  : 'configparams force-mem-access 0' command is executed.
02:30:14 INFO  : ----------------XSDB Script----------------
connect -url tcp:127.0.0.1:3121
targets -set -nocase -filter {name =~"APU*"}
rst -system
after 3000
targets -set -filter {jtag_cable_name =~ "Digilent Zybo Z7 210351B3FC88A" && level==0 && jtag_device_ctx=="jsn-Zybo Z7-210351B3FC88A-13722093-0"}
fpga -file C:/Users/gusta/OneDrive/Documents/universidad/4to/1r/SEP/Proyectos/pr2/SEPmonG3/SEPmon_SW/_ide/bitstream/SEPmon.bit
targets -set -nocase -filter {name =~"APU*"}
loadhw -hw C:/Users/gusta/OneDrive/Documents/universidad/4to/1r/SEP/Proyectos/pr2/SEPmonG3/SEPmonG3/export/SEPmonG3/hw/SEPmon.xsa -mem-ranges [list {0x40000000 0xbfffffff}] -regs
configparams force-mem-access 1
targets -set -nocase -filter {name =~"APU*"}
source C:/Users/gusta/OneDrive/Documents/universidad/4to/1r/SEP/Proyectos/pr2/SEPmonG3/SEPmon_SW/_ide/psinit/ps7_init.tcl
ps7_init
ps7_post_config
targets -set -nocase -filter {name =~ "*A9*#0"}
dow C:/Users/gusta/OneDrive/Documents/universidad/4to/1r/SEP/Proyectos/pr2/SEPmonG3/SEPmon_SW/Debug/SEPmon_SW.elf
configparams force-mem-access 0
----------------End of Script----------------

02:30:14 INFO  : Context for processor 'ps7_cortexa9_0' is selected.
02:30:14 INFO  : 'con' command is executed.
02:30:14 INFO  : ----------------XSDB Script (After Launch)----------------
targets -set -nocase -filter {name =~ "*A9*#0"}
con
----------------End of Script----------------

02:30:14 INFO  : Launch script is exported to file 'C:\Users\gusta\OneDrive\Documents\universidad\4to\1r\SEP\Proyectos\pr2\SEPmonG3\.sdk\launch_scripts\single_application_debug\debugger_sepmon_sw-default.tcl'
02:33:20 INFO  : Checking for BSP changes to sync application flags for project 'SEPmon_SW'...
02:33:28 INFO  : Disconnected from the channel tcfchan#55.
02:33:29 INFO  : Connected to target on host '127.0.0.1' and port '3121'.
02:33:29 INFO  : Jtag cable 'Digilent Zybo Z7 210351B3FC88A' is selected.
02:33:29 INFO  : 'jtag frequency' command is executed.
02:33:29 INFO  : Context for 'APU' is selected.
02:33:29 INFO  : System reset is completed.
02:33:32 INFO  : 'after 3000' command is executed.
02:33:32 INFO  : 'targets -set -filter {jtag_cable_name =~ "Digilent Zybo Z7 210351B3FC88A" && level==0 && jtag_device_ctx=="jsn-Zybo Z7-210351B3FC88A-13722093-0"}' command is executed.
02:33:33 INFO  : FPGA configured successfully with bitstream "C:/Users/gusta/OneDrive/Documents/universidad/4to/1r/SEP/Proyectos/pr2/SEPmonG3/SEPmon_SW/_ide/bitstream/SEPmon.bit"
02:33:33 INFO  : Context for 'APU' is selected.
02:33:33 INFO  : Hardware design and registers information is loaded from 'C:/Users/gusta/OneDrive/Documents/universidad/4to/1r/SEP/Proyectos/pr2/SEPmonG3/SEPmonG3/export/SEPmonG3/hw/SEPmon.xsa'.
02:33:33 INFO  : 'configparams force-mem-access 1' command is executed.
02:33:33 INFO  : Context for 'APU' is selected.
02:33:33 INFO  : Sourcing of 'C:/Users/gusta/OneDrive/Documents/universidad/4to/1r/SEP/Proyectos/pr2/SEPmonG3/SEPmon_SW/_ide/psinit/ps7_init.tcl' is done.
02:33:34 INFO  : 'ps7_init' command is executed.
02:33:34 INFO  : 'ps7_post_config' command is executed.
02:33:34 INFO  : Context for processor 'ps7_cortexa9_0' is selected.
02:33:36 INFO  : The application 'C:/Users/gusta/OneDrive/Documents/universidad/4to/1r/SEP/Proyectos/pr2/SEPmonG3/SEPmon_SW/Debug/SEPmon_SW.elf' is downloaded to processor 'ps7_cortexa9_0'.
02:33:36 INFO  : 'configparams force-mem-access 0' command is executed.
02:33:36 INFO  : ----------------XSDB Script----------------
connect -url tcp:127.0.0.1:3121
targets -set -nocase -filter {name =~"APU*"}
rst -system
after 3000
targets -set -filter {jtag_cable_name =~ "Digilent Zybo Z7 210351B3FC88A" && level==0 && jtag_device_ctx=="jsn-Zybo Z7-210351B3FC88A-13722093-0"}
fpga -file C:/Users/gusta/OneDrive/Documents/universidad/4to/1r/SEP/Proyectos/pr2/SEPmonG3/SEPmon_SW/_ide/bitstream/SEPmon.bit
targets -set -nocase -filter {name =~"APU*"}
loadhw -hw C:/Users/gusta/OneDrive/Documents/universidad/4to/1r/SEP/Proyectos/pr2/SEPmonG3/SEPmonG3/export/SEPmonG3/hw/SEPmon.xsa -mem-ranges [list {0x40000000 0xbfffffff}] -regs
configparams force-mem-access 1
targets -set -nocase -filter {name =~"APU*"}
source C:/Users/gusta/OneDrive/Documents/universidad/4to/1r/SEP/Proyectos/pr2/SEPmonG3/SEPmon_SW/_ide/psinit/ps7_init.tcl
ps7_init
ps7_post_config
targets -set -nocase -filter {name =~ "*A9*#0"}
dow C:/Users/gusta/OneDrive/Documents/universidad/4to/1r/SEP/Proyectos/pr2/SEPmonG3/SEPmon_SW/Debug/SEPmon_SW.elf
configparams force-mem-access 0
----------------End of Script----------------

02:33:36 INFO  : Context for processor 'ps7_cortexa9_0' is selected.
02:33:36 INFO  : 'con' command is executed.
02:33:36 INFO  : ----------------XSDB Script (After Launch)----------------
targets -set -nocase -filter {name =~ "*A9*#0"}
con
----------------End of Script----------------

02:33:36 INFO  : Launch script is exported to file 'C:\Users\gusta\OneDrive\Documents\universidad\4to\1r\SEP\Proyectos\pr2\SEPmonG3\.sdk\launch_scripts\single_application_debug\debugger_sepmon_sw-default.tcl'
02:33:57 INFO  : Checking for BSP changes to sync application flags for project 'SEPmon_SW'...
02:34:02 INFO  : Disconnected from the channel tcfchan#56.
02:34:03 INFO  : Connected to target on host '127.0.0.1' and port '3121'.
02:34:03 INFO  : Jtag cable 'Digilent Zybo Z7 210351B3FC88A' is selected.
02:34:03 INFO  : 'jtag frequency' command is executed.
02:34:03 INFO  : Context for 'APU' is selected.
02:34:03 INFO  : System reset is completed.
02:34:06 INFO  : 'after 3000' command is executed.
02:34:06 INFO  : 'targets -set -filter {jtag_cable_name =~ "Digilent Zybo Z7 210351B3FC88A" && level==0 && jtag_device_ctx=="jsn-Zybo Z7-210351B3FC88A-13722093-0"}' command is executed.
02:34:07 INFO  : FPGA configured successfully with bitstream "C:/Users/gusta/OneDrive/Documents/universidad/4to/1r/SEP/Proyectos/pr2/SEPmonG3/SEPmon_SW/_ide/bitstream/SEPmon.bit"
02:34:08 INFO  : Context for 'APU' is selected.
02:34:08 INFO  : Hardware design and registers information is loaded from 'C:/Users/gusta/OneDrive/Documents/universidad/4to/1r/SEP/Proyectos/pr2/SEPmonG3/SEPmonG3/export/SEPmonG3/hw/SEPmon.xsa'.
02:34:08 INFO  : 'configparams force-mem-access 1' command is executed.
02:34:08 INFO  : Context for 'APU' is selected.
02:34:08 INFO  : Sourcing of 'C:/Users/gusta/OneDrive/Documents/universidad/4to/1r/SEP/Proyectos/pr2/SEPmonG3/SEPmon_SW/_ide/psinit/ps7_init.tcl' is done.
02:34:08 INFO  : 'ps7_init' command is executed.
02:34:08 INFO  : 'ps7_post_config' command is executed.
02:34:08 INFO  : Context for processor 'ps7_cortexa9_0' is selected.
02:34:10 INFO  : The application 'C:/Users/gusta/OneDrive/Documents/universidad/4to/1r/SEP/Proyectos/pr2/SEPmonG3/SEPmon_SW/Debug/SEPmon_SW.elf' is downloaded to processor 'ps7_cortexa9_0'.
02:34:10 INFO  : 'configparams force-mem-access 0' command is executed.
02:34:10 INFO  : ----------------XSDB Script----------------
connect -url tcp:127.0.0.1:3121
targets -set -nocase -filter {name =~"APU*"}
rst -system
after 3000
targets -set -filter {jtag_cable_name =~ "Digilent Zybo Z7 210351B3FC88A" && level==0 && jtag_device_ctx=="jsn-Zybo Z7-210351B3FC88A-13722093-0"}
fpga -file C:/Users/gusta/OneDrive/Documents/universidad/4to/1r/SEP/Proyectos/pr2/SEPmonG3/SEPmon_SW/_ide/bitstream/SEPmon.bit
targets -set -nocase -filter {name =~"APU*"}
loadhw -hw C:/Users/gusta/OneDrive/Documents/universidad/4to/1r/SEP/Proyectos/pr2/SEPmonG3/SEPmonG3/export/SEPmonG3/hw/SEPmon.xsa -mem-ranges [list {0x40000000 0xbfffffff}] -regs
configparams force-mem-access 1
targets -set -nocase -filter {name =~"APU*"}
source C:/Users/gusta/OneDrive/Documents/universidad/4to/1r/SEP/Proyectos/pr2/SEPmonG3/SEPmon_SW/_ide/psinit/ps7_init.tcl
ps7_init
ps7_post_config
targets -set -nocase -filter {name =~ "*A9*#0"}
dow C:/Users/gusta/OneDrive/Documents/universidad/4to/1r/SEP/Proyectos/pr2/SEPmonG3/SEPmon_SW/Debug/SEPmon_SW.elf
configparams force-mem-access 0
----------------End of Script----------------

02:34:10 INFO  : Context for processor 'ps7_cortexa9_0' is selected.
02:34:10 INFO  : 'con' command is executed.
02:34:10 INFO  : ----------------XSDB Script (After Launch)----------------
targets -set -nocase -filter {name =~ "*A9*#0"}
con
----------------End of Script----------------

02:34:10 INFO  : Launch script is exported to file 'C:\Users\gusta\OneDrive\Documents\universidad\4to\1r\SEP\Proyectos\pr2\SEPmonG3\.sdk\launch_scripts\single_application_debug\debugger_sepmon_sw-default.tcl'
02:36:01 INFO  : Checking for BSP changes to sync application flags for project 'SEPmon_SW'...
02:36:26 INFO  : Checking for BSP changes to sync application flags for project 'SEPmon_SW'...
02:36:49 INFO  : Checking for BSP changes to sync application flags for project 'SEPmon_SW'...
02:37:04 INFO  : Checking for BSP changes to sync application flags for project 'SEPmon_SW'...
02:37:29 INFO  : Checking for BSP changes to sync application flags for project 'SEPmon_SW'...
02:37:34 INFO  : Disconnected from the channel tcfchan#57.
02:37:35 INFO  : Connected to target on host '127.0.0.1' and port '3121'.
02:37:35 INFO  : Jtag cable 'Digilent Zybo Z7 210351B3FC88A' is selected.
02:37:35 INFO  : 'jtag frequency' command is executed.
02:37:35 INFO  : Context for 'APU' is selected.
02:37:35 INFO  : System reset is completed.
02:37:38 INFO  : 'after 3000' command is executed.
02:37:38 INFO  : 'targets -set -filter {jtag_cable_name =~ "Digilent Zybo Z7 210351B3FC88A" && level==0 && jtag_device_ctx=="jsn-Zybo Z7-210351B3FC88A-13722093-0"}' command is executed.
02:37:39 INFO  : FPGA configured successfully with bitstream "C:/Users/gusta/OneDrive/Documents/universidad/4to/1r/SEP/Proyectos/pr2/SEPmonG3/SEPmon_SW/_ide/bitstream/SEPmon.bit"
02:37:40 INFO  : Context for 'APU' is selected.
02:37:40 INFO  : Hardware design and registers information is loaded from 'C:/Users/gusta/OneDrive/Documents/universidad/4to/1r/SEP/Proyectos/pr2/SEPmonG3/SEPmonG3/export/SEPmonG3/hw/SEPmon.xsa'.
02:37:40 INFO  : 'configparams force-mem-access 1' command is executed.
02:37:40 INFO  : Context for 'APU' is selected.
02:37:40 INFO  : Sourcing of 'C:/Users/gusta/OneDrive/Documents/universidad/4to/1r/SEP/Proyectos/pr2/SEPmonG3/SEPmon_SW/_ide/psinit/ps7_init.tcl' is done.
02:37:40 INFO  : 'ps7_init' command is executed.
02:37:40 INFO  : 'ps7_post_config' command is executed.
02:37:40 INFO  : Context for processor 'ps7_cortexa9_0' is selected.
02:37:42 INFO  : The application 'C:/Users/gusta/OneDrive/Documents/universidad/4to/1r/SEP/Proyectos/pr2/SEPmonG3/SEPmon_SW/Debug/SEPmon_SW.elf' is downloaded to processor 'ps7_cortexa9_0'.
02:37:42 INFO  : 'configparams force-mem-access 0' command is executed.
02:37:42 INFO  : ----------------XSDB Script----------------
connect -url tcp:127.0.0.1:3121
targets -set -nocase -filter {name =~"APU*"}
rst -system
after 3000
targets -set -filter {jtag_cable_name =~ "Digilent Zybo Z7 210351B3FC88A" && level==0 && jtag_device_ctx=="jsn-Zybo Z7-210351B3FC88A-13722093-0"}
fpga -file C:/Users/gusta/OneDrive/Documents/universidad/4to/1r/SEP/Proyectos/pr2/SEPmonG3/SEPmon_SW/_ide/bitstream/SEPmon.bit
targets -set -nocase -filter {name =~"APU*"}
loadhw -hw C:/Users/gusta/OneDrive/Documents/universidad/4to/1r/SEP/Proyectos/pr2/SEPmonG3/SEPmonG3/export/SEPmonG3/hw/SEPmon.xsa -mem-ranges [list {0x40000000 0xbfffffff}] -regs
configparams force-mem-access 1
targets -set -nocase -filter {name =~"APU*"}
source C:/Users/gusta/OneDrive/Documents/universidad/4to/1r/SEP/Proyectos/pr2/SEPmonG3/SEPmon_SW/_ide/psinit/ps7_init.tcl
ps7_init
ps7_post_config
targets -set -nocase -filter {name =~ "*A9*#0"}
dow C:/Users/gusta/OneDrive/Documents/universidad/4to/1r/SEP/Proyectos/pr2/SEPmonG3/SEPmon_SW/Debug/SEPmon_SW.elf
configparams force-mem-access 0
----------------End of Script----------------

02:37:42 INFO  : Context for processor 'ps7_cortexa9_0' is selected.
02:37:42 INFO  : 'con' command is executed.
02:37:42 INFO  : ----------------XSDB Script (After Launch)----------------
targets -set -nocase -filter {name =~ "*A9*#0"}
con
----------------End of Script----------------

02:37:42 INFO  : Launch script is exported to file 'C:\Users\gusta\OneDrive\Documents\universidad\4to\1r\SEP\Proyectos\pr2\SEPmonG3\.sdk\launch_scripts\single_application_debug\debugger_sepmon_sw-default.tcl'
02:38:34 INFO  : Checking for BSP changes to sync application flags for project 'SEPmon_SW'...
02:38:40 INFO  : Disconnected from the channel tcfchan#58.
02:38:41 INFO  : Connected to target on host '127.0.0.1' and port '3121'.
02:38:41 INFO  : Jtag cable 'Digilent Zybo Z7 210351B3FC88A' is selected.
02:38:41 INFO  : 'jtag frequency' command is executed.
02:38:41 INFO  : Context for 'APU' is selected.
02:38:41 INFO  : System reset is completed.
02:38:44 INFO  : 'after 3000' command is executed.
02:38:44 INFO  : 'targets -set -filter {jtag_cable_name =~ "Digilent Zybo Z7 210351B3FC88A" && level==0 && jtag_device_ctx=="jsn-Zybo Z7-210351B3FC88A-13722093-0"}' command is executed.
02:38:46 INFO  : FPGA configured successfully with bitstream "C:/Users/gusta/OneDrive/Documents/universidad/4to/1r/SEP/Proyectos/pr2/SEPmonG3/SEPmon_SW/_ide/bitstream/SEPmon.bit"
02:38:46 INFO  : Context for 'APU' is selected.
02:38:46 INFO  : Hardware design and registers information is loaded from 'C:/Users/gusta/OneDrive/Documents/universidad/4to/1r/SEP/Proyectos/pr2/SEPmonG3/SEPmonG3/export/SEPmonG3/hw/SEPmon.xsa'.
02:38:46 INFO  : 'configparams force-mem-access 1' command is executed.
02:38:46 INFO  : Context for 'APU' is selected.
02:38:46 INFO  : Sourcing of 'C:/Users/gusta/OneDrive/Documents/universidad/4to/1r/SEP/Proyectos/pr2/SEPmonG3/SEPmon_SW/_ide/psinit/ps7_init.tcl' is done.
02:38:46 INFO  : 'ps7_init' command is executed.
02:38:46 INFO  : 'ps7_post_config' command is executed.
02:38:46 INFO  : Context for processor 'ps7_cortexa9_0' is selected.
02:38:48 INFO  : The application 'C:/Users/gusta/OneDrive/Documents/universidad/4to/1r/SEP/Proyectos/pr2/SEPmonG3/SEPmon_SW/Debug/SEPmon_SW.elf' is downloaded to processor 'ps7_cortexa9_0'.
02:38:48 INFO  : 'configparams force-mem-access 0' command is executed.
02:38:48 INFO  : ----------------XSDB Script----------------
connect -url tcp:127.0.0.1:3121
targets -set -nocase -filter {name =~"APU*"}
rst -system
after 3000
targets -set -filter {jtag_cable_name =~ "Digilent Zybo Z7 210351B3FC88A" && level==0 && jtag_device_ctx=="jsn-Zybo Z7-210351B3FC88A-13722093-0"}
fpga -file C:/Users/gusta/OneDrive/Documents/universidad/4to/1r/SEP/Proyectos/pr2/SEPmonG3/SEPmon_SW/_ide/bitstream/SEPmon.bit
targets -set -nocase -filter {name =~"APU*"}
loadhw -hw C:/Users/gusta/OneDrive/Documents/universidad/4to/1r/SEP/Proyectos/pr2/SEPmonG3/SEPmonG3/export/SEPmonG3/hw/SEPmon.xsa -mem-ranges [list {0x40000000 0xbfffffff}] -regs
configparams force-mem-access 1
targets -set -nocase -filter {name =~"APU*"}
source C:/Users/gusta/OneDrive/Documents/universidad/4to/1r/SEP/Proyectos/pr2/SEPmonG3/SEPmon_SW/_ide/psinit/ps7_init.tcl
ps7_init
ps7_post_config
targets -set -nocase -filter {name =~ "*A9*#0"}
dow C:/Users/gusta/OneDrive/Documents/universidad/4to/1r/SEP/Proyectos/pr2/SEPmonG3/SEPmon_SW/Debug/SEPmon_SW.elf
configparams force-mem-access 0
----------------End of Script----------------

02:38:48 INFO  : Context for processor 'ps7_cortexa9_0' is selected.
02:38:48 INFO  : 'con' command is executed.
02:38:48 INFO  : ----------------XSDB Script (After Launch)----------------
targets -set -nocase -filter {name =~ "*A9*#0"}
con
----------------End of Script----------------

02:38:48 INFO  : Launch script is exported to file 'C:\Users\gusta\OneDrive\Documents\universidad\4to\1r\SEP\Proyectos\pr2\SEPmonG3\.sdk\launch_scripts\single_application_debug\debugger_sepmon_sw-default.tcl'
02:40:05 INFO  : Checking for BSP changes to sync application flags for project 'SEPmon_SW'...
02:40:13 INFO  : Disconnected from the channel tcfchan#59.
02:40:14 INFO  : Connected to target on host '127.0.0.1' and port '3121'.
02:40:14 INFO  : Jtag cable 'Digilent Zybo Z7 210351B3FC88A' is selected.
02:40:14 INFO  : 'jtag frequency' command is executed.
02:40:14 INFO  : Context for 'APU' is selected.
02:40:14 INFO  : System reset is completed.
02:40:17 INFO  : 'after 3000' command is executed.
02:40:17 INFO  : 'targets -set -filter {jtag_cable_name =~ "Digilent Zybo Z7 210351B3FC88A" && level==0 && jtag_device_ctx=="jsn-Zybo Z7-210351B3FC88A-13722093-0"}' command is executed.
02:40:18 INFO  : FPGA configured successfully with bitstream "C:/Users/gusta/OneDrive/Documents/universidad/4to/1r/SEP/Proyectos/pr2/SEPmonG3/SEPmon_SW/_ide/bitstream/SEPmon.bit"
02:40:18 INFO  : Context for 'APU' is selected.
02:40:18 INFO  : Hardware design and registers information is loaded from 'C:/Users/gusta/OneDrive/Documents/universidad/4to/1r/SEP/Proyectos/pr2/SEPmonG3/SEPmonG3/export/SEPmonG3/hw/SEPmon.xsa'.
02:40:18 INFO  : 'configparams force-mem-access 1' command is executed.
02:40:18 INFO  : Context for 'APU' is selected.
02:40:18 INFO  : Sourcing of 'C:/Users/gusta/OneDrive/Documents/universidad/4to/1r/SEP/Proyectos/pr2/SEPmonG3/SEPmon_SW/_ide/psinit/ps7_init.tcl' is done.
02:40:19 INFO  : 'ps7_init' command is executed.
02:40:19 INFO  : 'ps7_post_config' command is executed.
02:40:19 INFO  : Context for processor 'ps7_cortexa9_0' is selected.
02:40:21 INFO  : The application 'C:/Users/gusta/OneDrive/Documents/universidad/4to/1r/SEP/Proyectos/pr2/SEPmonG3/SEPmon_SW/Debug/SEPmon_SW.elf' is downloaded to processor 'ps7_cortexa9_0'.
02:40:21 INFO  : 'configparams force-mem-access 0' command is executed.
02:40:21 INFO  : ----------------XSDB Script----------------
connect -url tcp:127.0.0.1:3121
targets -set -nocase -filter {name =~"APU*"}
rst -system
after 3000
targets -set -filter {jtag_cable_name =~ "Digilent Zybo Z7 210351B3FC88A" && level==0 && jtag_device_ctx=="jsn-Zybo Z7-210351B3FC88A-13722093-0"}
fpga -file C:/Users/gusta/OneDrive/Documents/universidad/4to/1r/SEP/Proyectos/pr2/SEPmonG3/SEPmon_SW/_ide/bitstream/SEPmon.bit
targets -set -nocase -filter {name =~"APU*"}
loadhw -hw C:/Users/gusta/OneDrive/Documents/universidad/4to/1r/SEP/Proyectos/pr2/SEPmonG3/SEPmonG3/export/SEPmonG3/hw/SEPmon.xsa -mem-ranges [list {0x40000000 0xbfffffff}] -regs
configparams force-mem-access 1
targets -set -nocase -filter {name =~"APU*"}
source C:/Users/gusta/OneDrive/Documents/universidad/4to/1r/SEP/Proyectos/pr2/SEPmonG3/SEPmon_SW/_ide/psinit/ps7_init.tcl
ps7_init
ps7_post_config
targets -set -nocase -filter {name =~ "*A9*#0"}
dow C:/Users/gusta/OneDrive/Documents/universidad/4to/1r/SEP/Proyectos/pr2/SEPmonG3/SEPmon_SW/Debug/SEPmon_SW.elf
configparams force-mem-access 0
----------------End of Script----------------

02:40:21 INFO  : Context for processor 'ps7_cortexa9_0' is selected.
02:40:21 INFO  : 'con' command is executed.
02:40:21 INFO  : ----------------XSDB Script (After Launch)----------------
targets -set -nocase -filter {name =~ "*A9*#0"}
con
----------------End of Script----------------

02:40:21 INFO  : Launch script is exported to file 'C:\Users\gusta\OneDrive\Documents\universidad\4to\1r\SEP\Proyectos\pr2\SEPmonG3\.sdk\launch_scripts\single_application_debug\debugger_sepmon_sw-default.tcl'
02:41:30 INFO  : Checking for BSP changes to sync application flags for project 'SEPmon_SW'...
02:41:39 INFO  : Disconnected from the channel tcfchan#60.
02:41:40 INFO  : Connected to target on host '127.0.0.1' and port '3121'.
02:41:40 INFO  : Jtag cable 'Digilent Zybo Z7 210351B3FC88A' is selected.
02:41:40 INFO  : 'jtag frequency' command is executed.
02:41:40 INFO  : Context for 'APU' is selected.
02:41:41 INFO  : System reset is completed.
02:41:44 INFO  : 'after 3000' command is executed.
02:41:44 INFO  : 'targets -set -filter {jtag_cable_name =~ "Digilent Zybo Z7 210351B3FC88A" && level==0 && jtag_device_ctx=="jsn-Zybo Z7-210351B3FC88A-13722093-0"}' command is executed.
02:41:45 INFO  : FPGA configured successfully with bitstream "C:/Users/gusta/OneDrive/Documents/universidad/4to/1r/SEP/Proyectos/pr2/SEPmonG3/SEPmon_SW/_ide/bitstream/SEPmon.bit"
02:41:45 INFO  : Context for 'APU' is selected.
02:41:45 INFO  : Hardware design and registers information is loaded from 'C:/Users/gusta/OneDrive/Documents/universidad/4to/1r/SEP/Proyectos/pr2/SEPmonG3/SEPmonG3/export/SEPmonG3/hw/SEPmon.xsa'.
02:41:45 INFO  : 'configparams force-mem-access 1' command is executed.
02:41:45 INFO  : Context for 'APU' is selected.
02:41:45 INFO  : Sourcing of 'C:/Users/gusta/OneDrive/Documents/universidad/4to/1r/SEP/Proyectos/pr2/SEPmonG3/SEPmon_SW/_ide/psinit/ps7_init.tcl' is done.
02:41:45 INFO  : 'ps7_init' command is executed.
02:41:45 INFO  : 'ps7_post_config' command is executed.
02:41:45 INFO  : Context for processor 'ps7_cortexa9_0' is selected.
02:41:47 INFO  : The application 'C:/Users/gusta/OneDrive/Documents/universidad/4to/1r/SEP/Proyectos/pr2/SEPmonG3/SEPmon_SW/Debug/SEPmon_SW.elf' is downloaded to processor 'ps7_cortexa9_0'.
02:41:47 INFO  : 'configparams force-mem-access 0' command is executed.
02:41:47 INFO  : ----------------XSDB Script----------------
connect -url tcp:127.0.0.1:3121
targets -set -nocase -filter {name =~"APU*"}
rst -system
after 3000
targets -set -filter {jtag_cable_name =~ "Digilent Zybo Z7 210351B3FC88A" && level==0 && jtag_device_ctx=="jsn-Zybo Z7-210351B3FC88A-13722093-0"}
fpga -file C:/Users/gusta/OneDrive/Documents/universidad/4to/1r/SEP/Proyectos/pr2/SEPmonG3/SEPmon_SW/_ide/bitstream/SEPmon.bit
targets -set -nocase -filter {name =~"APU*"}
loadhw -hw C:/Users/gusta/OneDrive/Documents/universidad/4to/1r/SEP/Proyectos/pr2/SEPmonG3/SEPmonG3/export/SEPmonG3/hw/SEPmon.xsa -mem-ranges [list {0x40000000 0xbfffffff}] -regs
configparams force-mem-access 1
targets -set -nocase -filter {name =~"APU*"}
source C:/Users/gusta/OneDrive/Documents/universidad/4to/1r/SEP/Proyectos/pr2/SEPmonG3/SEPmon_SW/_ide/psinit/ps7_init.tcl
ps7_init
ps7_post_config
targets -set -nocase -filter {name =~ "*A9*#0"}
dow C:/Users/gusta/OneDrive/Documents/universidad/4to/1r/SEP/Proyectos/pr2/SEPmonG3/SEPmon_SW/Debug/SEPmon_SW.elf
configparams force-mem-access 0
----------------End of Script----------------

02:41:47 INFO  : Context for processor 'ps7_cortexa9_0' is selected.
02:41:47 INFO  : 'con' command is executed.
02:41:47 INFO  : ----------------XSDB Script (After Launch)----------------
targets -set -nocase -filter {name =~ "*A9*#0"}
con
----------------End of Script----------------

02:41:47 INFO  : Launch script is exported to file 'C:\Users\gusta\OneDrive\Documents\universidad\4to\1r\SEP\Proyectos\pr2\SEPmonG3\.sdk\launch_scripts\single_application_debug\debugger_sepmon_sw-default.tcl'
02:54:59 INFO  : Checking for BSP changes to sync application flags for project 'SEPmon_SW'...
02:55:10 INFO  : Checking for BSP changes to sync application flags for project 'SEPmon_SW'...
02:55:50 INFO  : Checking for BSP changes to sync application flags for project 'SEPmon_SW'...
02:55:55 WARN  : channel "tcfchan#61" closed
13:24:48 INFO  : Launching XSCT server: xsct.bat -n  -interactive C:\Users\gusta\OneDrive\Documents\universidad\4to\1r\SEP\Proyectos\pr2\SEPmonG3\temp_xsdb_launch_script.tcl
13:24:52 INFO  : XSCT server has started successfully.
13:24:52 INFO  : plnx-install-location is set to ''
13:24:52 INFO  : Successfully done setting XSCT server connection channel  
13:24:52 INFO  : Successfully done setting workspace for the tool. 
13:24:56 INFO  : Platform repository initialization has completed.
13:24:56 INFO  : Registering command handlers for Vitis TCF services
13:24:57 INFO  : Successfully done query RDI_DATADIR 
13:29:12 INFO  : Result from executing command 'getProjects': SEPmonG3
13:29:12 INFO  : Result from executing command 'getPlatforms': SEPmonG3|C:/Users/gusta/OneDrive/Documents/universidad/4to/1r/SEP/Proyectos/pr2/SEPmonG3/SEPmonG3/export/SEPmonG3/SEPmonG3.xpfm
13:29:12 INFO  : Checking for BSP changes to sync application flags for project 'SEPmon_SW'...
13:29:28 INFO  : Checking for BSP changes to sync application flags for project 'SEPmon_SW'...
13:29:48 INFO  : Checking for BSP changes to sync application flags for project 'SEPmon_SW'...
13:30:07 INFO  : Connected to target on host '127.0.0.1' and port '3121'.
13:30:08 INFO  : Jtag cable 'Digilent Zybo Z7 210351B3FC88A' is selected.
13:30:08 INFO  : 'jtag frequency' command is executed.
13:30:08 INFO  : Context for 'APU' is selected.
13:30:08 INFO  : System reset is completed.
13:30:11 INFO  : 'after 3000' command is executed.
13:30:11 INFO  : 'targets -set -filter {jtag_cable_name =~ "Digilent Zybo Z7 210351B3FC88A" && level==0 && jtag_device_ctx=="jsn-Zybo Z7-210351B3FC88A-13722093-0"}' command is executed.
13:30:12 INFO  : FPGA configured successfully with bitstream "C:/Users/gusta/OneDrive/Documents/universidad/4to/1r/SEP/Proyectos/pr2/SEPmonG3/SEPmon_SW/_ide/bitstream/SEPmon.bit"
13:30:12 INFO  : Context for 'APU' is selected.
13:30:12 INFO  : Hardware design and registers information is loaded from 'C:/Users/gusta/OneDrive/Documents/universidad/4to/1r/SEP/Proyectos/pr2/SEPmonG3/SEPmonG3/export/SEPmonG3/hw/SEPmon.xsa'.
13:30:12 INFO  : 'configparams force-mem-access 1' command is executed.
13:30:12 INFO  : Context for 'APU' is selected.
13:30:12 INFO  : Sourcing of 'C:/Users/gusta/OneDrive/Documents/universidad/4to/1r/SEP/Proyectos/pr2/SEPmonG3/SEPmon_SW/_ide/psinit/ps7_init.tcl' is done.
13:30:13 INFO  : 'ps7_init' command is executed.
13:30:13 INFO  : 'ps7_post_config' command is executed.
13:30:13 INFO  : Context for processor 'ps7_cortexa9_0' is selected.
13:30:15 INFO  : The application 'C:/Users/gusta/OneDrive/Documents/universidad/4to/1r/SEP/Proyectos/pr2/SEPmonG3/SEPmon_SW/Debug/SEPmon_SW.elf' is downloaded to processor 'ps7_cortexa9_0'.
13:30:15 INFO  : 'configparams force-mem-access 0' command is executed.
13:30:15 INFO  : ----------------XSDB Script----------------
connect -url tcp:127.0.0.1:3121
targets -set -nocase -filter {name =~"APU*"}
rst -system
after 3000
targets -set -filter {jtag_cable_name =~ "Digilent Zybo Z7 210351B3FC88A" && level==0 && jtag_device_ctx=="jsn-Zybo Z7-210351B3FC88A-13722093-0"}
fpga -file C:/Users/gusta/OneDrive/Documents/universidad/4to/1r/SEP/Proyectos/pr2/SEPmonG3/SEPmon_SW/_ide/bitstream/SEPmon.bit
targets -set -nocase -filter {name =~"APU*"}
loadhw -hw C:/Users/gusta/OneDrive/Documents/universidad/4to/1r/SEP/Proyectos/pr2/SEPmonG3/SEPmonG3/export/SEPmonG3/hw/SEPmon.xsa -mem-ranges [list {0x40000000 0xbfffffff}] -regs
configparams force-mem-access 1
targets -set -nocase -filter {name =~"APU*"}
source C:/Users/gusta/OneDrive/Documents/universidad/4to/1r/SEP/Proyectos/pr2/SEPmonG3/SEPmon_SW/_ide/psinit/ps7_init.tcl
ps7_init
ps7_post_config
targets -set -nocase -filter {name =~ "*A9*#0"}
dow C:/Users/gusta/OneDrive/Documents/universidad/4to/1r/SEP/Proyectos/pr2/SEPmonG3/SEPmon_SW/Debug/SEPmon_SW.elf
configparams force-mem-access 0
----------------End of Script----------------

13:30:15 INFO  : Context for processor 'ps7_cortexa9_0' is selected.
13:30:15 INFO  : 'con' command is executed.
13:30:15 INFO  : ----------------XSDB Script (After Launch)----------------
targets -set -nocase -filter {name =~ "*A9*#0"}
con
----------------End of Script----------------

13:30:15 INFO  : Launch script is exported to file 'C:\Users\gusta\OneDrive\Documents\universidad\4to\1r\SEP\Proyectos\pr2\SEPmonG3\.sdk\launch_scripts\single_application_debug\debugger_sepmon_sw-default.tcl'
13:32:30 INFO  : Checking for BSP changes to sync application flags for project 'SEPmon_SW'...
13:32:53 INFO  : Checking for BSP changes to sync application flags for project 'SEPmon_SW'...
13:32:57 INFO  : Disconnected from the channel tcfchan#2.
13:32:59 INFO  : Connected to target on host '127.0.0.1' and port '3121'.
13:32:59 INFO  : Jtag cable 'Digilent Zybo Z7 210351B3FC88A' is selected.
13:32:59 INFO  : 'jtag frequency' command is executed.
13:32:59 INFO  : Context for 'APU' is selected.
13:32:59 INFO  : System reset is completed.
13:33:02 INFO  : 'after 3000' command is executed.
13:33:02 INFO  : 'targets -set -filter {jtag_cable_name =~ "Digilent Zybo Z7 210351B3FC88A" && level==0 && jtag_device_ctx=="jsn-Zybo Z7-210351B3FC88A-13722093-0"}' command is executed.
13:33:03 INFO  : FPGA configured successfully with bitstream "C:/Users/gusta/OneDrive/Documents/universidad/4to/1r/SEP/Proyectos/pr2/SEPmonG3/SEPmon_SW/_ide/bitstream/SEPmon.bit"
13:33:03 INFO  : Context for 'APU' is selected.
13:33:03 INFO  : Hardware design and registers information is loaded from 'C:/Users/gusta/OneDrive/Documents/universidad/4to/1r/SEP/Proyectos/pr2/SEPmonG3/SEPmonG3/export/SEPmonG3/hw/SEPmon.xsa'.
13:33:03 INFO  : 'configparams force-mem-access 1' command is executed.
13:33:03 INFO  : Context for 'APU' is selected.
13:33:03 INFO  : Sourcing of 'C:/Users/gusta/OneDrive/Documents/universidad/4to/1r/SEP/Proyectos/pr2/SEPmonG3/SEPmon_SW/_ide/psinit/ps7_init.tcl' is done.
13:33:04 INFO  : 'ps7_init' command is executed.
13:33:04 INFO  : 'ps7_post_config' command is executed.
13:33:04 INFO  : Context for processor 'ps7_cortexa9_0' is selected.
13:33:06 INFO  : The application 'C:/Users/gusta/OneDrive/Documents/universidad/4to/1r/SEP/Proyectos/pr2/SEPmonG3/SEPmon_SW/Debug/SEPmon_SW.elf' is downloaded to processor 'ps7_cortexa9_0'.
13:33:06 INFO  : 'configparams force-mem-access 0' command is executed.
13:33:06 INFO  : ----------------XSDB Script----------------
connect -url tcp:127.0.0.1:3121
targets -set -nocase -filter {name =~"APU*"}
rst -system
after 3000
targets -set -filter {jtag_cable_name =~ "Digilent Zybo Z7 210351B3FC88A" && level==0 && jtag_device_ctx=="jsn-Zybo Z7-210351B3FC88A-13722093-0"}
fpga -file C:/Users/gusta/OneDrive/Documents/universidad/4to/1r/SEP/Proyectos/pr2/SEPmonG3/SEPmon_SW/_ide/bitstream/SEPmon.bit
targets -set -nocase -filter {name =~"APU*"}
loadhw -hw C:/Users/gusta/OneDrive/Documents/universidad/4to/1r/SEP/Proyectos/pr2/SEPmonG3/SEPmonG3/export/SEPmonG3/hw/SEPmon.xsa -mem-ranges [list {0x40000000 0xbfffffff}] -regs
configparams force-mem-access 1
targets -set -nocase -filter {name =~"APU*"}
source C:/Users/gusta/OneDrive/Documents/universidad/4to/1r/SEP/Proyectos/pr2/SEPmonG3/SEPmon_SW/_ide/psinit/ps7_init.tcl
ps7_init
ps7_post_config
targets -set -nocase -filter {name =~ "*A9*#0"}
dow C:/Users/gusta/OneDrive/Documents/universidad/4to/1r/SEP/Proyectos/pr2/SEPmonG3/SEPmon_SW/Debug/SEPmon_SW.elf
configparams force-mem-access 0
----------------End of Script----------------

13:33:06 INFO  : Context for processor 'ps7_cortexa9_0' is selected.
13:33:06 INFO  : 'con' command is executed.
13:33:06 INFO  : ----------------XSDB Script (After Launch)----------------
targets -set -nocase -filter {name =~ "*A9*#0"}
con
----------------End of Script----------------

13:33:06 INFO  : Launch script is exported to file 'C:\Users\gusta\OneDrive\Documents\universidad\4to\1r\SEP\Proyectos\pr2\SEPmonG3\.sdk\launch_scripts\single_application_debug\debugger_sepmon_sw-default.tcl'
13:34:50 INFO  : Checking for BSP changes to sync application flags for project 'SEPmon_SW'...
13:34:54 INFO  : Disconnected from the channel tcfchan#3.
13:34:55 INFO  : Connected to target on host '127.0.0.1' and port '3121'.
13:34:56 INFO  : Jtag cable 'Digilent Zybo Z7 210351B3FC88A' is selected.
13:34:56 INFO  : 'jtag frequency' command is executed.
13:34:56 INFO  : Context for 'APU' is selected.
13:34:56 INFO  : System reset is completed.
13:34:59 INFO  : 'after 3000' command is executed.
13:34:59 INFO  : 'targets -set -filter {jtag_cable_name =~ "Digilent Zybo Z7 210351B3FC88A" && level==0 && jtag_device_ctx=="jsn-Zybo Z7-210351B3FC88A-13722093-0"}' command is executed.
13:35:00 INFO  : FPGA configured successfully with bitstream "C:/Users/gusta/OneDrive/Documents/universidad/4to/1r/SEP/Proyectos/pr2/SEPmonG3/SEPmon_SW/_ide/bitstream/SEPmon.bit"
13:35:00 INFO  : Context for 'APU' is selected.
13:35:00 INFO  : Hardware design and registers information is loaded from 'C:/Users/gusta/OneDrive/Documents/universidad/4to/1r/SEP/Proyectos/pr2/SEPmonG3/SEPmonG3/export/SEPmonG3/hw/SEPmon.xsa'.
13:35:00 INFO  : 'configparams force-mem-access 1' command is executed.
13:35:00 INFO  : Context for 'APU' is selected.
13:35:00 INFO  : Sourcing of 'C:/Users/gusta/OneDrive/Documents/universidad/4to/1r/SEP/Proyectos/pr2/SEPmonG3/SEPmon_SW/_ide/psinit/ps7_init.tcl' is done.
13:35:00 INFO  : 'ps7_init' command is executed.
13:35:01 INFO  : 'ps7_post_config' command is executed.
13:35:01 INFO  : Context for processor 'ps7_cortexa9_0' is selected.
13:35:03 INFO  : The application 'C:/Users/gusta/OneDrive/Documents/universidad/4to/1r/SEP/Proyectos/pr2/SEPmonG3/SEPmon_SW/Debug/SEPmon_SW.elf' is downloaded to processor 'ps7_cortexa9_0'.
13:35:03 INFO  : 'configparams force-mem-access 0' command is executed.
13:35:03 INFO  : ----------------XSDB Script----------------
connect -url tcp:127.0.0.1:3121
targets -set -nocase -filter {name =~"APU*"}
rst -system
after 3000
targets -set -filter {jtag_cable_name =~ "Digilent Zybo Z7 210351B3FC88A" && level==0 && jtag_device_ctx=="jsn-Zybo Z7-210351B3FC88A-13722093-0"}
fpga -file C:/Users/gusta/OneDrive/Documents/universidad/4to/1r/SEP/Proyectos/pr2/SEPmonG3/SEPmon_SW/_ide/bitstream/SEPmon.bit
targets -set -nocase -filter {name =~"APU*"}
loadhw -hw C:/Users/gusta/OneDrive/Documents/universidad/4to/1r/SEP/Proyectos/pr2/SEPmonG3/SEPmonG3/export/SEPmonG3/hw/SEPmon.xsa -mem-ranges [list {0x40000000 0xbfffffff}] -regs
configparams force-mem-access 1
targets -set -nocase -filter {name =~"APU*"}
source C:/Users/gusta/OneDrive/Documents/universidad/4to/1r/SEP/Proyectos/pr2/SEPmonG3/SEPmon_SW/_ide/psinit/ps7_init.tcl
ps7_init
ps7_post_config
targets -set -nocase -filter {name =~ "*A9*#0"}
dow C:/Users/gusta/OneDrive/Documents/universidad/4to/1r/SEP/Proyectos/pr2/SEPmonG3/SEPmon_SW/Debug/SEPmon_SW.elf
configparams force-mem-access 0
----------------End of Script----------------

13:35:03 INFO  : Context for processor 'ps7_cortexa9_0' is selected.
13:35:03 INFO  : 'con' command is executed.
13:35:03 INFO  : ----------------XSDB Script (After Launch)----------------
targets -set -nocase -filter {name =~ "*A9*#0"}
con
----------------End of Script----------------

13:35:03 INFO  : Launch script is exported to file 'C:\Users\gusta\OneDrive\Documents\universidad\4to\1r\SEP\Proyectos\pr2\SEPmonG3\.sdk\launch_scripts\single_application_debug\debugger_sepmon_sw-default.tcl'
13:35:37 INFO  : Checking for BSP changes to sync application flags for project 'SEPmon_SW'...
13:35:45 INFO  : Disconnected from the channel tcfchan#4.
13:35:46 INFO  : Connected to target on host '127.0.0.1' and port '3121'.
13:35:46 INFO  : Jtag cable 'Digilent Zybo Z7 210351B3FC88A' is selected.
13:35:46 INFO  : 'jtag frequency' command is executed.
13:35:46 INFO  : Context for 'APU' is selected.
13:35:46 INFO  : System reset is completed.
13:35:49 INFO  : 'after 3000' command is executed.
13:35:49 INFO  : 'targets -set -filter {jtag_cable_name =~ "Digilent Zybo Z7 210351B3FC88A" && level==0 && jtag_device_ctx=="jsn-Zybo Z7-210351B3FC88A-13722093-0"}' command is executed.
13:35:51 INFO  : FPGA configured successfully with bitstream "C:/Users/gusta/OneDrive/Documents/universidad/4to/1r/SEP/Proyectos/pr2/SEPmonG3/SEPmon_SW/_ide/bitstream/SEPmon.bit"
13:35:51 INFO  : Context for 'APU' is selected.
13:35:51 INFO  : Hardware design and registers information is loaded from 'C:/Users/gusta/OneDrive/Documents/universidad/4to/1r/SEP/Proyectos/pr2/SEPmonG3/SEPmonG3/export/SEPmonG3/hw/SEPmon.xsa'.
13:35:51 INFO  : 'configparams force-mem-access 1' command is executed.
13:35:51 INFO  : Context for 'APU' is selected.
13:35:51 INFO  : Sourcing of 'C:/Users/gusta/OneDrive/Documents/universidad/4to/1r/SEP/Proyectos/pr2/SEPmonG3/SEPmon_SW/_ide/psinit/ps7_init.tcl' is done.
13:35:51 INFO  : 'ps7_init' command is executed.
13:35:51 INFO  : 'ps7_post_config' command is executed.
13:35:51 INFO  : Context for processor 'ps7_cortexa9_0' is selected.
13:35:53 INFO  : The application 'C:/Users/gusta/OneDrive/Documents/universidad/4to/1r/SEP/Proyectos/pr2/SEPmonG3/SEPmon_SW/Debug/SEPmon_SW.elf' is downloaded to processor 'ps7_cortexa9_0'.
13:35:53 INFO  : 'configparams force-mem-access 0' command is executed.
13:35:53 INFO  : ----------------XSDB Script----------------
connect -url tcp:127.0.0.1:3121
targets -set -nocase -filter {name =~"APU*"}
rst -system
after 3000
targets -set -filter {jtag_cable_name =~ "Digilent Zybo Z7 210351B3FC88A" && level==0 && jtag_device_ctx=="jsn-Zybo Z7-210351B3FC88A-13722093-0"}
fpga -file C:/Users/gusta/OneDrive/Documents/universidad/4to/1r/SEP/Proyectos/pr2/SEPmonG3/SEPmon_SW/_ide/bitstream/SEPmon.bit
targets -set -nocase -filter {name =~"APU*"}
loadhw -hw C:/Users/gusta/OneDrive/Documents/universidad/4to/1r/SEP/Proyectos/pr2/SEPmonG3/SEPmonG3/export/SEPmonG3/hw/SEPmon.xsa -mem-ranges [list {0x40000000 0xbfffffff}] -regs
configparams force-mem-access 1
targets -set -nocase -filter {name =~"APU*"}
source C:/Users/gusta/OneDrive/Documents/universidad/4to/1r/SEP/Proyectos/pr2/SEPmonG3/SEPmon_SW/_ide/psinit/ps7_init.tcl
ps7_init
ps7_post_config
targets -set -nocase -filter {name =~ "*A9*#0"}
dow C:/Users/gusta/OneDrive/Documents/universidad/4to/1r/SEP/Proyectos/pr2/SEPmonG3/SEPmon_SW/Debug/SEPmon_SW.elf
configparams force-mem-access 0
----------------End of Script----------------

13:35:53 INFO  : Context for processor 'ps7_cortexa9_0' is selected.
13:35:53 INFO  : 'con' command is executed.
13:35:53 INFO  : ----------------XSDB Script (After Launch)----------------
targets -set -nocase -filter {name =~ "*A9*#0"}
con
----------------End of Script----------------

13:35:53 INFO  : Launch script is exported to file 'C:\Users\gusta\OneDrive\Documents\universidad\4to\1r\SEP\Proyectos\pr2\SEPmonG3\.sdk\launch_scripts\single_application_debug\debugger_sepmon_sw-default.tcl'
13:38:28 INFO  : Checking for BSP changes to sync application flags for project 'SEPmon_SW'...
13:38:38 INFO  : Checking for BSP changes to sync application flags for project 'SEPmon_SW'...
13:39:20 INFO  : Checking for BSP changes to sync application flags for project 'SEPmon_SW'...
13:40:54 INFO  : Checking for BSP changes to sync application flags for project 'SEPmon_SW'...
13:40:59 INFO  : Disconnected from the channel tcfchan#5.
13:41:00 INFO  : Connected to target on host '127.0.0.1' and port '3121'.
13:41:00 INFO  : Jtag cable 'Digilent Zybo Z7 210351B3FC88A' is selected.
13:41:00 INFO  : 'jtag frequency' command is executed.
13:41:00 INFO  : Context for 'APU' is selected.
13:41:00 INFO  : System reset is completed.
13:41:03 INFO  : 'after 3000' command is executed.
13:41:03 INFO  : 'targets -set -filter {jtag_cable_name =~ "Digilent Zybo Z7 210351B3FC88A" && level==0 && jtag_device_ctx=="jsn-Zybo Z7-210351B3FC88A-13722093-0"}' command is executed.
13:41:04 INFO  : FPGA configured successfully with bitstream "C:/Users/gusta/OneDrive/Documents/universidad/4to/1r/SEP/Proyectos/pr2/SEPmonG3/SEPmon_SW/_ide/bitstream/SEPmon.bit"
13:41:04 INFO  : Context for 'APU' is selected.
13:41:04 INFO  : Hardware design and registers information is loaded from 'C:/Users/gusta/OneDrive/Documents/universidad/4to/1r/SEP/Proyectos/pr2/SEPmonG3/SEPmonG3/export/SEPmonG3/hw/SEPmon.xsa'.
13:41:04 INFO  : 'configparams force-mem-access 1' command is executed.
13:41:04 INFO  : Context for 'APU' is selected.
13:41:04 INFO  : Sourcing of 'C:/Users/gusta/OneDrive/Documents/universidad/4to/1r/SEP/Proyectos/pr2/SEPmonG3/SEPmon_SW/_ide/psinit/ps7_init.tcl' is done.
13:41:05 INFO  : 'ps7_init' command is executed.
13:41:05 INFO  : 'ps7_post_config' command is executed.
13:41:05 INFO  : Context for processor 'ps7_cortexa9_0' is selected.
13:41:07 INFO  : The application 'C:/Users/gusta/OneDrive/Documents/universidad/4to/1r/SEP/Proyectos/pr2/SEPmonG3/SEPmon_SW/Debug/SEPmon_SW.elf' is downloaded to processor 'ps7_cortexa9_0'.
13:41:07 INFO  : 'configparams force-mem-access 0' command is executed.
13:41:07 INFO  : ----------------XSDB Script----------------
connect -url tcp:127.0.0.1:3121
targets -set -nocase -filter {name =~"APU*"}
rst -system
after 3000
targets -set -filter {jtag_cable_name =~ "Digilent Zybo Z7 210351B3FC88A" && level==0 && jtag_device_ctx=="jsn-Zybo Z7-210351B3FC88A-13722093-0"}
fpga -file C:/Users/gusta/OneDrive/Documents/universidad/4to/1r/SEP/Proyectos/pr2/SEPmonG3/SEPmon_SW/_ide/bitstream/SEPmon.bit
targets -set -nocase -filter {name =~"APU*"}
loadhw -hw C:/Users/gusta/OneDrive/Documents/universidad/4to/1r/SEP/Proyectos/pr2/SEPmonG3/SEPmonG3/export/SEPmonG3/hw/SEPmon.xsa -mem-ranges [list {0x40000000 0xbfffffff}] -regs
configparams force-mem-access 1
targets -set -nocase -filter {name =~"APU*"}
source C:/Users/gusta/OneDrive/Documents/universidad/4to/1r/SEP/Proyectos/pr2/SEPmonG3/SEPmon_SW/_ide/psinit/ps7_init.tcl
ps7_init
ps7_post_config
targets -set -nocase -filter {name =~ "*A9*#0"}
dow C:/Users/gusta/OneDrive/Documents/universidad/4to/1r/SEP/Proyectos/pr2/SEPmonG3/SEPmon_SW/Debug/SEPmon_SW.elf
configparams force-mem-access 0
----------------End of Script----------------

13:41:07 INFO  : Context for processor 'ps7_cortexa9_0' is selected.
13:41:07 INFO  : 'con' command is executed.
13:41:07 INFO  : ----------------XSDB Script (After Launch)----------------
targets -set -nocase -filter {name =~ "*A9*#0"}
con
----------------End of Script----------------

13:41:07 INFO  : Launch script is exported to file 'C:\Users\gusta\OneDrive\Documents\universidad\4to\1r\SEP\Proyectos\pr2\SEPmonG3\.sdk\launch_scripts\single_application_debug\debugger_sepmon_sw-default.tcl'
13:42:57 INFO  : Checking for BSP changes to sync application flags for project 'SEPmon_SW'...
13:43:02 INFO  : Disconnected from the channel tcfchan#6.
13:43:03 INFO  : Connected to target on host '127.0.0.1' and port '3121'.
13:43:03 INFO  : Jtag cable 'Digilent Zybo Z7 210351B3FC88A' is selected.
13:43:03 INFO  : 'jtag frequency' command is executed.
13:43:03 INFO  : Context for 'APU' is selected.
13:43:03 INFO  : System reset is completed.
13:43:06 INFO  : 'after 3000' command is executed.
13:43:06 INFO  : 'targets -set -filter {jtag_cable_name =~ "Digilent Zybo Z7 210351B3FC88A" && level==0 && jtag_device_ctx=="jsn-Zybo Z7-210351B3FC88A-13722093-0"}' command is executed.
13:43:08 INFO  : FPGA configured successfully with bitstream "C:/Users/gusta/OneDrive/Documents/universidad/4to/1r/SEP/Proyectos/pr2/SEPmonG3/SEPmon_SW/_ide/bitstream/SEPmon.bit"
13:43:08 INFO  : Context for 'APU' is selected.
13:43:08 INFO  : Hardware design and registers information is loaded from 'C:/Users/gusta/OneDrive/Documents/universidad/4to/1r/SEP/Proyectos/pr2/SEPmonG3/SEPmonG3/export/SEPmonG3/hw/SEPmon.xsa'.
13:43:08 INFO  : 'configparams force-mem-access 1' command is executed.
13:43:08 INFO  : Context for 'APU' is selected.
13:43:08 INFO  : Sourcing of 'C:/Users/gusta/OneDrive/Documents/universidad/4to/1r/SEP/Proyectos/pr2/SEPmonG3/SEPmon_SW/_ide/psinit/ps7_init.tcl' is done.
13:43:08 INFO  : 'ps7_init' command is executed.
13:43:08 INFO  : 'ps7_post_config' command is executed.
13:43:08 INFO  : Context for processor 'ps7_cortexa9_0' is selected.
13:43:10 INFO  : The application 'C:/Users/gusta/OneDrive/Documents/universidad/4to/1r/SEP/Proyectos/pr2/SEPmonG3/SEPmon_SW/Debug/SEPmon_SW.elf' is downloaded to processor 'ps7_cortexa9_0'.
13:43:10 INFO  : 'configparams force-mem-access 0' command is executed.
13:43:10 INFO  : ----------------XSDB Script----------------
connect -url tcp:127.0.0.1:3121
targets -set -nocase -filter {name =~"APU*"}
rst -system
after 3000
targets -set -filter {jtag_cable_name =~ "Digilent Zybo Z7 210351B3FC88A" && level==0 && jtag_device_ctx=="jsn-Zybo Z7-210351B3FC88A-13722093-0"}
fpga -file C:/Users/gusta/OneDrive/Documents/universidad/4to/1r/SEP/Proyectos/pr2/SEPmonG3/SEPmon_SW/_ide/bitstream/SEPmon.bit
targets -set -nocase -filter {name =~"APU*"}
loadhw -hw C:/Users/gusta/OneDrive/Documents/universidad/4to/1r/SEP/Proyectos/pr2/SEPmonG3/SEPmonG3/export/SEPmonG3/hw/SEPmon.xsa -mem-ranges [list {0x40000000 0xbfffffff}] -regs
configparams force-mem-access 1
targets -set -nocase -filter {name =~"APU*"}
source C:/Users/gusta/OneDrive/Documents/universidad/4to/1r/SEP/Proyectos/pr2/SEPmonG3/SEPmon_SW/_ide/psinit/ps7_init.tcl
ps7_init
ps7_post_config
targets -set -nocase -filter {name =~ "*A9*#0"}
dow C:/Users/gusta/OneDrive/Documents/universidad/4to/1r/SEP/Proyectos/pr2/SEPmonG3/SEPmon_SW/Debug/SEPmon_SW.elf
configparams force-mem-access 0
----------------End of Script----------------

13:43:10 INFO  : Context for processor 'ps7_cortexa9_0' is selected.
13:43:10 INFO  : 'con' command is executed.
13:43:10 INFO  : ----------------XSDB Script (After Launch)----------------
targets -set -nocase -filter {name =~ "*A9*#0"}
con
----------------End of Script----------------

13:43:10 INFO  : Launch script is exported to file 'C:\Users\gusta\OneDrive\Documents\universidad\4to\1r\SEP\Proyectos\pr2\SEPmonG3\.sdk\launch_scripts\single_application_debug\debugger_sepmon_sw-default.tcl'
13:43:38 INFO  : Checking for BSP changes to sync application flags for project 'SEPmon_SW'...
13:43:44 INFO  : Disconnected from the channel tcfchan#7.
13:43:45 INFO  : Connected to target on host '127.0.0.1' and port '3121'.
13:43:45 INFO  : Jtag cable 'Digilent Zybo Z7 210351B3FC88A' is selected.
13:43:45 INFO  : 'jtag frequency' command is executed.
13:43:45 INFO  : Context for 'APU' is selected.
13:43:45 INFO  : System reset is completed.
13:43:48 INFO  : 'after 3000' command is executed.
13:43:48 INFO  : 'targets -set -filter {jtag_cable_name =~ "Digilent Zybo Z7 210351B3FC88A" && level==0 && jtag_device_ctx=="jsn-Zybo Z7-210351B3FC88A-13722093-0"}' command is executed.
13:43:49 INFO  : FPGA configured successfully with bitstream "C:/Users/gusta/OneDrive/Documents/universidad/4to/1r/SEP/Proyectos/pr2/SEPmonG3/SEPmon_SW/_ide/bitstream/SEPmon.bit"
13:43:49 INFO  : Context for 'APU' is selected.
13:43:49 INFO  : Hardware design and registers information is loaded from 'C:/Users/gusta/OneDrive/Documents/universidad/4to/1r/SEP/Proyectos/pr2/SEPmonG3/SEPmonG3/export/SEPmonG3/hw/SEPmon.xsa'.
13:43:49 INFO  : 'configparams force-mem-access 1' command is executed.
13:43:49 INFO  : Context for 'APU' is selected.
13:43:49 INFO  : Sourcing of 'C:/Users/gusta/OneDrive/Documents/universidad/4to/1r/SEP/Proyectos/pr2/SEPmonG3/SEPmon_SW/_ide/psinit/ps7_init.tcl' is done.
13:43:50 INFO  : 'ps7_init' command is executed.
13:43:50 INFO  : 'ps7_post_config' command is executed.
13:43:50 INFO  : Context for processor 'ps7_cortexa9_0' is selected.
13:43:52 INFO  : The application 'C:/Users/gusta/OneDrive/Documents/universidad/4to/1r/SEP/Proyectos/pr2/SEPmonG3/SEPmon_SW/Debug/SEPmon_SW.elf' is downloaded to processor 'ps7_cortexa9_0'.
13:43:52 INFO  : 'configparams force-mem-access 0' command is executed.
13:43:52 INFO  : ----------------XSDB Script----------------
connect -url tcp:127.0.0.1:3121
targets -set -nocase -filter {name =~"APU*"}
rst -system
after 3000
targets -set -filter {jtag_cable_name =~ "Digilent Zybo Z7 210351B3FC88A" && level==0 && jtag_device_ctx=="jsn-Zybo Z7-210351B3FC88A-13722093-0"}
fpga -file C:/Users/gusta/OneDrive/Documents/universidad/4to/1r/SEP/Proyectos/pr2/SEPmonG3/SEPmon_SW/_ide/bitstream/SEPmon.bit
targets -set -nocase -filter {name =~"APU*"}
loadhw -hw C:/Users/gusta/OneDrive/Documents/universidad/4to/1r/SEP/Proyectos/pr2/SEPmonG3/SEPmonG3/export/SEPmonG3/hw/SEPmon.xsa -mem-ranges [list {0x40000000 0xbfffffff}] -regs
configparams force-mem-access 1
targets -set -nocase -filter {name =~"APU*"}
source C:/Users/gusta/OneDrive/Documents/universidad/4to/1r/SEP/Proyectos/pr2/SEPmonG3/SEPmon_SW/_ide/psinit/ps7_init.tcl
ps7_init
ps7_post_config
targets -set -nocase -filter {name =~ "*A9*#0"}
dow C:/Users/gusta/OneDrive/Documents/universidad/4to/1r/SEP/Proyectos/pr2/SEPmonG3/SEPmon_SW/Debug/SEPmon_SW.elf
configparams force-mem-access 0
----------------End of Script----------------

13:43:52 INFO  : Context for processor 'ps7_cortexa9_0' is selected.
13:43:52 INFO  : 'con' command is executed.
13:43:52 INFO  : ----------------XSDB Script (After Launch)----------------
targets -set -nocase -filter {name =~ "*A9*#0"}
con
----------------End of Script----------------

13:43:52 INFO  : Launch script is exported to file 'C:\Users\gusta\OneDrive\Documents\universidad\4to\1r\SEP\Proyectos\pr2\SEPmonG3\.sdk\launch_scripts\single_application_debug\debugger_sepmon_sw-default.tcl'
13:44:55 INFO  : Checking for BSP changes to sync application flags for project 'SEPmon_SW'...
13:44:59 INFO  : Disconnected from the channel tcfchan#8.
13:45:01 INFO  : Connected to target on host '127.0.0.1' and port '3121'.
13:45:01 INFO  : Jtag cable 'Digilent Zybo Z7 210351B3FC88A' is selected.
13:45:01 INFO  : 'jtag frequency' command is executed.
13:45:01 INFO  : Context for 'APU' is selected.
13:45:01 INFO  : System reset is completed.
13:45:04 INFO  : 'after 3000' command is executed.
13:45:04 INFO  : 'targets -set -filter {jtag_cable_name =~ "Digilent Zybo Z7 210351B3FC88A" && level==0 && jtag_device_ctx=="jsn-Zybo Z7-210351B3FC88A-13722093-0"}' command is executed.
13:45:05 INFO  : FPGA configured successfully with bitstream "C:/Users/gusta/OneDrive/Documents/universidad/4to/1r/SEP/Proyectos/pr2/SEPmonG3/SEPmon_SW/_ide/bitstream/SEPmon.bit"
13:45:05 INFO  : Context for 'APU' is selected.
13:45:05 INFO  : Hardware design and registers information is loaded from 'C:/Users/gusta/OneDrive/Documents/universidad/4to/1r/SEP/Proyectos/pr2/SEPmonG3/SEPmonG3/export/SEPmonG3/hw/SEPmon.xsa'.
13:45:05 INFO  : 'configparams force-mem-access 1' command is executed.
13:45:05 INFO  : Context for 'APU' is selected.
13:45:05 INFO  : Sourcing of 'C:/Users/gusta/OneDrive/Documents/universidad/4to/1r/SEP/Proyectos/pr2/SEPmonG3/SEPmon_SW/_ide/psinit/ps7_init.tcl' is done.
13:45:05 INFO  : 'ps7_init' command is executed.
13:45:05 INFO  : 'ps7_post_config' command is executed.
13:45:05 INFO  : Context for processor 'ps7_cortexa9_0' is selected.
13:45:08 INFO  : The application 'C:/Users/gusta/OneDrive/Documents/universidad/4to/1r/SEP/Proyectos/pr2/SEPmonG3/SEPmon_SW/Debug/SEPmon_SW.elf' is downloaded to processor 'ps7_cortexa9_0'.
13:45:08 INFO  : 'configparams force-mem-access 0' command is executed.
13:45:08 INFO  : ----------------XSDB Script----------------
connect -url tcp:127.0.0.1:3121
targets -set -nocase -filter {name =~"APU*"}
rst -system
after 3000
targets -set -filter {jtag_cable_name =~ "Digilent Zybo Z7 210351B3FC88A" && level==0 && jtag_device_ctx=="jsn-Zybo Z7-210351B3FC88A-13722093-0"}
fpga -file C:/Users/gusta/OneDrive/Documents/universidad/4to/1r/SEP/Proyectos/pr2/SEPmonG3/SEPmon_SW/_ide/bitstream/SEPmon.bit
targets -set -nocase -filter {name =~"APU*"}
loadhw -hw C:/Users/gusta/OneDrive/Documents/universidad/4to/1r/SEP/Proyectos/pr2/SEPmonG3/SEPmonG3/export/SEPmonG3/hw/SEPmon.xsa -mem-ranges [list {0x40000000 0xbfffffff}] -regs
configparams force-mem-access 1
targets -set -nocase -filter {name =~"APU*"}
source C:/Users/gusta/OneDrive/Documents/universidad/4to/1r/SEP/Proyectos/pr2/SEPmonG3/SEPmon_SW/_ide/psinit/ps7_init.tcl
ps7_init
ps7_post_config
targets -set -nocase -filter {name =~ "*A9*#0"}
dow C:/Users/gusta/OneDrive/Documents/universidad/4to/1r/SEP/Proyectos/pr2/SEPmonG3/SEPmon_SW/Debug/SEPmon_SW.elf
configparams force-mem-access 0
----------------End of Script----------------

13:45:08 INFO  : Context for processor 'ps7_cortexa9_0' is selected.
13:45:08 INFO  : 'con' command is executed.
13:45:08 INFO  : ----------------XSDB Script (After Launch)----------------
targets -set -nocase -filter {name =~ "*A9*#0"}
con
----------------End of Script----------------

13:45:08 INFO  : Launch script is exported to file 'C:\Users\gusta\OneDrive\Documents\universidad\4to\1r\SEP\Proyectos\pr2\SEPmonG3\.sdk\launch_scripts\single_application_debug\debugger_sepmon_sw-default.tcl'
13:46:55 INFO  : Checking for BSP changes to sync application flags for project 'SEPmon_SW'...
13:47:27 INFO  : Disconnected from the channel tcfchan#9.
13:47:28 INFO  : Connected to target on host '127.0.0.1' and port '3121'.
13:47:28 INFO  : Jtag cable 'Digilent Zybo Z7 210351B3FC88A' is selected.
13:47:28 INFO  : 'jtag frequency' command is executed.
13:47:28 INFO  : Context for 'APU' is selected.
13:47:28 INFO  : System reset is completed.
13:47:31 INFO  : 'after 3000' command is executed.
13:47:31 INFO  : 'targets -set -filter {jtag_cable_name =~ "Digilent Zybo Z7 210351B3FC88A" && level==0 && jtag_device_ctx=="jsn-Zybo Z7-210351B3FC88A-13722093-0"}' command is executed.
13:47:32 INFO  : FPGA configured successfully with bitstream "C:/Users/gusta/OneDrive/Documents/universidad/4to/1r/SEP/Proyectos/pr2/SEPmonG3/SEPmon_SW/_ide/bitstream/SEPmon.bit"
13:47:32 INFO  : Context for 'APU' is selected.
13:47:33 INFO  : Hardware design and registers information is loaded from 'C:/Users/gusta/OneDrive/Documents/universidad/4to/1r/SEP/Proyectos/pr2/SEPmonG3/SEPmonG3/export/SEPmonG3/hw/SEPmon.xsa'.
13:47:33 INFO  : 'configparams force-mem-access 1' command is executed.
13:47:33 INFO  : Context for 'APU' is selected.
13:47:33 INFO  : Sourcing of 'C:/Users/gusta/OneDrive/Documents/universidad/4to/1r/SEP/Proyectos/pr2/SEPmonG3/SEPmon_SW/_ide/psinit/ps7_init.tcl' is done.
13:47:33 INFO  : 'ps7_init' command is executed.
13:47:33 INFO  : 'ps7_post_config' command is executed.
13:47:33 INFO  : Context for processor 'ps7_cortexa9_0' is selected.
13:47:35 INFO  : The application 'C:/Users/gusta/OneDrive/Documents/universidad/4to/1r/SEP/Proyectos/pr2/SEPmonG3/SEPmon_SW/Debug/SEPmon_SW.elf' is downloaded to processor 'ps7_cortexa9_0'.
13:47:35 INFO  : 'configparams force-mem-access 0' command is executed.
13:47:35 INFO  : ----------------XSDB Script----------------
connect -url tcp:127.0.0.1:3121
targets -set -nocase -filter {name =~"APU*"}
rst -system
after 3000
targets -set -filter {jtag_cable_name =~ "Digilent Zybo Z7 210351B3FC88A" && level==0 && jtag_device_ctx=="jsn-Zybo Z7-210351B3FC88A-13722093-0"}
fpga -file C:/Users/gusta/OneDrive/Documents/universidad/4to/1r/SEP/Proyectos/pr2/SEPmonG3/SEPmon_SW/_ide/bitstream/SEPmon.bit
targets -set -nocase -filter {name =~"APU*"}
loadhw -hw C:/Users/gusta/OneDrive/Documents/universidad/4to/1r/SEP/Proyectos/pr2/SEPmonG3/SEPmonG3/export/SEPmonG3/hw/SEPmon.xsa -mem-ranges [list {0x40000000 0xbfffffff}] -regs
configparams force-mem-access 1
targets -set -nocase -filter {name =~"APU*"}
source C:/Users/gusta/OneDrive/Documents/universidad/4to/1r/SEP/Proyectos/pr2/SEPmonG3/SEPmon_SW/_ide/psinit/ps7_init.tcl
ps7_init
ps7_post_config
targets -set -nocase -filter {name =~ "*A9*#0"}
dow C:/Users/gusta/OneDrive/Documents/universidad/4to/1r/SEP/Proyectos/pr2/SEPmonG3/SEPmon_SW/Debug/SEPmon_SW.elf
configparams force-mem-access 0
----------------End of Script----------------

13:47:35 INFO  : Context for processor 'ps7_cortexa9_0' is selected.
13:47:35 INFO  : 'con' command is executed.
13:47:35 INFO  : ----------------XSDB Script (After Launch)----------------
targets -set -nocase -filter {name =~ "*A9*#0"}
con
----------------End of Script----------------

13:47:35 INFO  : Launch script is exported to file 'C:\Users\gusta\OneDrive\Documents\universidad\4to\1r\SEP\Proyectos\pr2\SEPmonG3\.sdk\launch_scripts\single_application_debug\debugger_sepmon_sw-default.tcl'
13:48:08 INFO  : Checking for BSP changes to sync application flags for project 'SEPmon_SW'...
13:48:13 INFO  : Disconnected from the channel tcfchan#10.
13:48:14 INFO  : Connected to target on host '127.0.0.1' and port '3121'.
13:48:14 INFO  : Jtag cable 'Digilent Zybo Z7 210351B3FC88A' is selected.
13:48:14 INFO  : 'jtag frequency' command is executed.
13:48:14 INFO  : Context for 'APU' is selected.
13:48:14 INFO  : System reset is completed.
13:48:17 INFO  : 'after 3000' command is executed.
13:48:17 INFO  : 'targets -set -filter {jtag_cable_name =~ "Digilent Zybo Z7 210351B3FC88A" && level==0 && jtag_device_ctx=="jsn-Zybo Z7-210351B3FC88A-13722093-0"}' command is executed.
13:48:18 INFO  : FPGA configured successfully with bitstream "C:/Users/gusta/OneDrive/Documents/universidad/4to/1r/SEP/Proyectos/pr2/SEPmonG3/SEPmon_SW/_ide/bitstream/SEPmon.bit"
13:48:18 INFO  : Context for 'APU' is selected.
13:48:18 INFO  : Hardware design and registers information is loaded from 'C:/Users/gusta/OneDrive/Documents/universidad/4to/1r/SEP/Proyectos/pr2/SEPmonG3/SEPmonG3/export/SEPmonG3/hw/SEPmon.xsa'.
13:48:18 INFO  : 'configparams force-mem-access 1' command is executed.
13:48:18 INFO  : Context for 'APU' is selected.
13:48:18 INFO  : Sourcing of 'C:/Users/gusta/OneDrive/Documents/universidad/4to/1r/SEP/Proyectos/pr2/SEPmonG3/SEPmon_SW/_ide/psinit/ps7_init.tcl' is done.
13:48:18 INFO  : 'ps7_init' command is executed.
13:48:19 INFO  : 'ps7_post_config' command is executed.
13:48:19 INFO  : Context for processor 'ps7_cortexa9_0' is selected.
13:48:21 INFO  : The application 'C:/Users/gusta/OneDrive/Documents/universidad/4to/1r/SEP/Proyectos/pr2/SEPmonG3/SEPmon_SW/Debug/SEPmon_SW.elf' is downloaded to processor 'ps7_cortexa9_0'.
13:48:21 INFO  : 'configparams force-mem-access 0' command is executed.
13:48:21 INFO  : ----------------XSDB Script----------------
connect -url tcp:127.0.0.1:3121
targets -set -nocase -filter {name =~"APU*"}
rst -system
after 3000
targets -set -filter {jtag_cable_name =~ "Digilent Zybo Z7 210351B3FC88A" && level==0 && jtag_device_ctx=="jsn-Zybo Z7-210351B3FC88A-13722093-0"}
fpga -file C:/Users/gusta/OneDrive/Documents/universidad/4to/1r/SEP/Proyectos/pr2/SEPmonG3/SEPmon_SW/_ide/bitstream/SEPmon.bit
targets -set -nocase -filter {name =~"APU*"}
loadhw -hw C:/Users/gusta/OneDrive/Documents/universidad/4to/1r/SEP/Proyectos/pr2/SEPmonG3/SEPmonG3/export/SEPmonG3/hw/SEPmon.xsa -mem-ranges [list {0x40000000 0xbfffffff}] -regs
configparams force-mem-access 1
targets -set -nocase -filter {name =~"APU*"}
source C:/Users/gusta/OneDrive/Documents/universidad/4to/1r/SEP/Proyectos/pr2/SEPmonG3/SEPmon_SW/_ide/psinit/ps7_init.tcl
ps7_init
ps7_post_config
targets -set -nocase -filter {name =~ "*A9*#0"}
dow C:/Users/gusta/OneDrive/Documents/universidad/4to/1r/SEP/Proyectos/pr2/SEPmonG3/SEPmon_SW/Debug/SEPmon_SW.elf
configparams force-mem-access 0
----------------End of Script----------------

13:48:21 INFO  : Context for processor 'ps7_cortexa9_0' is selected.
13:48:21 INFO  : 'con' command is executed.
13:48:21 INFO  : ----------------XSDB Script (After Launch)----------------
targets -set -nocase -filter {name =~ "*A9*#0"}
con
----------------End of Script----------------

13:48:21 INFO  : Launch script is exported to file 'C:\Users\gusta\OneDrive\Documents\universidad\4to\1r\SEP\Proyectos\pr2\SEPmonG3\.sdk\launch_scripts\single_application_debug\debugger_sepmon_sw-default.tcl'
13:49:12 INFO  : Checking for BSP changes to sync application flags for project 'SEPmon_SW'...
13:49:17 INFO  : Disconnected from the channel tcfchan#11.
13:49:18 INFO  : Connected to target on host '127.0.0.1' and port '3121'.
13:49:19 INFO  : Jtag cable 'Digilent Zybo Z7 210351B3FC88A' is selected.
13:49:19 INFO  : 'jtag frequency' command is executed.
13:49:19 INFO  : Context for 'APU' is selected.
13:49:19 INFO  : System reset is completed.
13:49:22 INFO  : 'after 3000' command is executed.
13:49:22 INFO  : 'targets -set -filter {jtag_cable_name =~ "Digilent Zybo Z7 210351B3FC88A" && level==0 && jtag_device_ctx=="jsn-Zybo Z7-210351B3FC88A-13722093-0"}' command is executed.
13:49:23 INFO  : FPGA configured successfully with bitstream "C:/Users/gusta/OneDrive/Documents/universidad/4to/1r/SEP/Proyectos/pr2/SEPmonG3/SEPmon_SW/_ide/bitstream/SEPmon.bit"
13:49:23 INFO  : Context for 'APU' is selected.
13:49:23 INFO  : Hardware design and registers information is loaded from 'C:/Users/gusta/OneDrive/Documents/universidad/4to/1r/SEP/Proyectos/pr2/SEPmonG3/SEPmonG3/export/SEPmonG3/hw/SEPmon.xsa'.
13:49:23 INFO  : 'configparams force-mem-access 1' command is executed.
13:49:23 INFO  : Context for 'APU' is selected.
13:49:23 INFO  : Sourcing of 'C:/Users/gusta/OneDrive/Documents/universidad/4to/1r/SEP/Proyectos/pr2/SEPmonG3/SEPmon_SW/_ide/psinit/ps7_init.tcl' is done.
13:49:23 INFO  : 'ps7_init' command is executed.
13:49:23 INFO  : 'ps7_post_config' command is executed.
13:49:23 INFO  : Context for processor 'ps7_cortexa9_0' is selected.
13:49:25 INFO  : The application 'C:/Users/gusta/OneDrive/Documents/universidad/4to/1r/SEP/Proyectos/pr2/SEPmonG3/SEPmon_SW/Debug/SEPmon_SW.elf' is downloaded to processor 'ps7_cortexa9_0'.
13:49:25 INFO  : 'configparams force-mem-access 0' command is executed.
13:49:25 INFO  : ----------------XSDB Script----------------
connect -url tcp:127.0.0.1:3121
targets -set -nocase -filter {name =~"APU*"}
rst -system
after 3000
targets -set -filter {jtag_cable_name =~ "Digilent Zybo Z7 210351B3FC88A" && level==0 && jtag_device_ctx=="jsn-Zybo Z7-210351B3FC88A-13722093-0"}
fpga -file C:/Users/gusta/OneDrive/Documents/universidad/4to/1r/SEP/Proyectos/pr2/SEPmonG3/SEPmon_SW/_ide/bitstream/SEPmon.bit
targets -set -nocase -filter {name =~"APU*"}
loadhw -hw C:/Users/gusta/OneDrive/Documents/universidad/4to/1r/SEP/Proyectos/pr2/SEPmonG3/SEPmonG3/export/SEPmonG3/hw/SEPmon.xsa -mem-ranges [list {0x40000000 0xbfffffff}] -regs
configparams force-mem-access 1
targets -set -nocase -filter {name =~"APU*"}
source C:/Users/gusta/OneDrive/Documents/universidad/4to/1r/SEP/Proyectos/pr2/SEPmonG3/SEPmon_SW/_ide/psinit/ps7_init.tcl
ps7_init
ps7_post_config
targets -set -nocase -filter {name =~ "*A9*#0"}
dow C:/Users/gusta/OneDrive/Documents/universidad/4to/1r/SEP/Proyectos/pr2/SEPmonG3/SEPmon_SW/Debug/SEPmon_SW.elf
configparams force-mem-access 0
----------------End of Script----------------

13:49:25 INFO  : Context for processor 'ps7_cortexa9_0' is selected.
13:49:26 INFO  : 'con' command is executed.
13:49:26 INFO  : ----------------XSDB Script (After Launch)----------------
targets -set -nocase -filter {name =~ "*A9*#0"}
con
----------------End of Script----------------

13:49:26 INFO  : Launch script is exported to file 'C:\Users\gusta\OneDrive\Documents\universidad\4to\1r\SEP\Proyectos\pr2\SEPmonG3\.sdk\launch_scripts\single_application_debug\debugger_sepmon_sw-default.tcl'
14:45:34 INFO  : Checking for BSP changes to sync application flags for project 'SEPmon_SW'...
14:46:44 INFO  : Checking for BSP changes to sync application flags for project 'SEPmon_SW'...
15:18:26 INFO  : Hardware specification for platform project 'SEPmonG3' is updated.
15:20:35 INFO  : Hardware specification for platform project 'SEPmonG3' is updated.
15:21:10 INFO  : Result from executing command 'getProjects': SEPmonG3
15:21:10 INFO  : Result from executing command 'getPlatforms': SEPmonG3|C:/Users/gusta/OneDrive/Documents/universidad/4to/1r/SEP/Proyectos/pr2/SEPmonG3/SEPmonG3/export/SEPmonG3/SEPmonG3.xpfm
15:26:04 INFO  : Checking for BSP changes to sync application flags for project 'SEPmon_SW'...
15:26:06 INFO  : Updating application flags with new BSP settings...
15:26:07 INFO  : Successfully updated application flags for project SEPmon_SW.
15:26:45 INFO  : Checking for BSP changes to sync application flags for project 'SEPmon_SW'...
15:26:52 INFO  : Checking for BSP changes to sync application flags for project 'SEPmon_SW'...
15:27:08 INFO  : Checking for BSP changes to sync application flags for project 'SEPmon_SW'...
15:27:44 INFO  : Checking for BSP changes to sync application flags for project 'SEPmon_SW'...
15:27:52 INFO  : Disconnected from the channel tcfchan#12.
15:27:53 INFO  : The hardware specfication used by project 'SEPmon_SW' is out of sync with the platform. Resource files extracted from the hardware specfiication will be updated.
15:27:53 INFO  : The file 'C:\Users\gusta\OneDrive\Documents\universidad\4to\1r\SEP\Proyectos\pr2\SEPmonG3\SEPmon_SW\_ide\bitstream\SEPmon.bit' stored in project is removed.
15:27:53 INFO  : The updated bitstream files are copied from platform to folder 'C:\Users\gusta\OneDrive\Documents\universidad\4to\1r\SEP\Proyectos\pr2\SEPmonG3\SEPmon_SW\_ide\bitstream' in project 'SEPmon_SW'.
15:27:53 INFO  : The file 'C:\Users\gusta\OneDrive\Documents\universidad\4to\1r\SEP\Proyectos\pr2\SEPmonG3\SEPmon_SW\_ide\psinit\ps7_init.tcl' stored in project is removed.
15:27:57 INFO  : The updated ps init files are copied from platform to folder 'C:\Users\gusta\OneDrive\Documents\universidad\4to\1r\SEP\Proyectos\pr2\SEPmonG3\SEPmon_SW\_ide\psinit' in project 'SEPmon_SW'.
15:27:57 INFO  : Connected to target on host '127.0.0.1' and port '3121'.
15:27:57 INFO  : Jtag cable 'Digilent Zybo Z7 210351B3FC88A' is selected.
15:27:58 INFO  : 'jtag frequency' command is executed.
15:27:58 INFO  : Context for 'APU' is selected.
15:27:58 INFO  : System reset is completed.
15:28:01 INFO  : 'after 3000' command is executed.
15:28:01 INFO  : 'targets -set -filter {jtag_cable_name =~ "Digilent Zybo Z7 210351B3FC88A" && level==0 && jtag_device_ctx=="jsn-Zybo Z7-210351B3FC88A-13722093-0"}' command is executed.
15:28:01 ERROR : couldn't open "C:/Users/gusta/OneDrive/Documents/universidad/4to/1r/SEP/Proyectos/pr2/SEPmonG3/SEPmon_SW/_ide/bitstream/SEPmon.bit": no such file or directory
15:28:01 ERROR : Exception occured while running Program FPGA.
java.lang.RuntimeException: couldn't open "C:/Users/gusta/OneDrive/Documents/universidad/4to/1r/SEP/Proyectos/pr2/SEPmonG3/SEPmon_SW/_ide/bitstream/SEPmon.bit": no such file or directory
15:28:01 INFO  : ----------------XSDB Script----------------
connect -url tcp:127.0.0.1:3121
targets -set -nocase -filter {name =~"APU*"}
rst -system
after 3000
----------------End of Script----------------

15:28:01 ERROR : couldn't open "C:/Users/gusta/OneDrive/Documents/universidad/4to/1r/SEP/Proyectos/pr2/SEPmonG3/SEPmon_SW/_ide/bitstream/SEPmon.bit": no such file or directory
15:29:27 INFO  : Connected to target on host '127.0.0.1' and port '3121'.
15:29:27 INFO  : Jtag cable 'Digilent Zybo Z7 210351B3FC88A' is selected.
15:29:27 INFO  : 'jtag frequency' command is executed.
15:29:27 INFO  : Context for 'APU' is selected.
15:29:27 INFO  : System reset is completed.
15:29:30 INFO  : 'after 3000' command is executed.
15:29:30 INFO  : 'targets -set -filter {jtag_cable_name =~ "Digilent Zybo Z7 210351B3FC88A" && level==0 && jtag_device_ctx=="jsn-Zybo Z7-210351B3FC88A-13722093-0"}' command is executed.
15:29:31 INFO  : FPGA configured successfully with bitstream "C:/Users/gusta/OneDrive/Documents/universidad/4to/1r/SEP/Proyectos/pr2/SEPmonG3/SEPmon_SW/_ide/bitstream/SEPmonG3V2.bit"
15:29:31 INFO  : Context for 'APU' is selected.
15:29:31 INFO  : Hardware design and registers information is loaded from 'C:/Users/gusta/OneDrive/Documents/universidad/4to/1r/SEP/Proyectos/pr2/SEPmonG3/SEPmonG3/export/SEPmonG3/hw/SEPmonG3V2.xsa'.
15:29:31 INFO  : 'configparams force-mem-access 1' command is executed.
15:29:31 INFO  : Context for 'APU' is selected.
15:29:31 INFO  : Sourcing of 'C:/Users/gusta/OneDrive/Documents/universidad/4to/1r/SEP/Proyectos/pr2/SEPmonG3/SEPmon_SW/_ide/psinit/ps7_init.tcl' is done.
15:29:32 INFO  : 'ps7_init' command is executed.
15:29:32 INFO  : 'ps7_post_config' command is executed.
15:29:32 INFO  : Context for processor 'ps7_cortexa9_0' is selected.
15:29:34 INFO  : The application 'C:/Users/gusta/OneDrive/Documents/universidad/4to/1r/SEP/Proyectos/pr2/SEPmonG3/SEPmon_SW/Debug/SEPmon_SW.elf' is downloaded to processor 'ps7_cortexa9_0'.
15:29:34 INFO  : 'configparams force-mem-access 0' command is executed.
15:29:34 INFO  : ----------------XSDB Script----------------
connect -url tcp:127.0.0.1:3121
targets -set -nocase -filter {name =~"APU*"}
rst -system
after 3000
targets -set -filter {jtag_cable_name =~ "Digilent Zybo Z7 210351B3FC88A" && level==0 && jtag_device_ctx=="jsn-Zybo Z7-210351B3FC88A-13722093-0"}
fpga -file C:/Users/gusta/OneDrive/Documents/universidad/4to/1r/SEP/Proyectos/pr2/SEPmonG3/SEPmon_SW/_ide/bitstream/SEPmonG3V2.bit
targets -set -nocase -filter {name =~"APU*"}
loadhw -hw C:/Users/gusta/OneDrive/Documents/universidad/4to/1r/SEP/Proyectos/pr2/SEPmonG3/SEPmonG3/export/SEPmonG3/hw/SEPmonG3V2.xsa -mem-ranges [list {0x40000000 0xbfffffff}] -regs
configparams force-mem-access 1
targets -set -nocase -filter {name =~"APU*"}
source C:/Users/gusta/OneDrive/Documents/universidad/4to/1r/SEP/Proyectos/pr2/SEPmonG3/SEPmon_SW/_ide/psinit/ps7_init.tcl
ps7_init
ps7_post_config
targets -set -nocase -filter {name =~ "*A9*#0"}
dow C:/Users/gusta/OneDrive/Documents/universidad/4to/1r/SEP/Proyectos/pr2/SEPmonG3/SEPmon_SW/Debug/SEPmon_SW.elf
configparams force-mem-access 0
----------------End of Script----------------

15:29:34 INFO  : Context for processor 'ps7_cortexa9_0' is selected.
15:29:34 INFO  : 'con' command is executed.
15:29:34 INFO  : ----------------XSDB Script (After Launch)----------------
targets -set -nocase -filter {name =~ "*A9*#0"}
con
----------------End of Script----------------

15:29:34 INFO  : Launch script is exported to file 'C:\Users\gusta\OneDrive\Documents\universidad\4to\1r\SEP\Proyectos\pr2\SEPmonG3\.sdk\launch_scripts\single_application_debug\debugger_sepmon_sw-default_1.tcl'
15:30:01 INFO  : Connected to target on host '127.0.0.1' and port '3121'.
15:30:01 INFO  : Jtag cable 'Digilent Zybo Z7 210351B3FC88A' is selected.
15:30:01 INFO  : 'jtag frequency' command is executed.
15:30:01 INFO  : Context for 'APU' is selected.
15:30:02 INFO  : System reset is completed.
15:30:05 INFO  : 'after 3000' command is executed.
15:30:05 INFO  : 'targets -set -filter {jtag_cable_name =~ "Digilent Zybo Z7 210351B3FC88A" && level==0 && jtag_device_ctx=="jsn-Zybo Z7-210351B3FC88A-13722093-0"}' command is executed.
15:30:05 ERROR : couldn't open "C:/Users/gusta/OneDrive/Documents/universidad/4to/1r/SEP/Proyectos/pr2/SEPmonG3/SEPmon_SW/_ide/bitstream/SEPmon.bit": no such file or directory
15:30:05 ERROR : Exception occured while running Program FPGA.
java.lang.RuntimeException: couldn't open "C:/Users/gusta/OneDrive/Documents/universidad/4to/1r/SEP/Proyectos/pr2/SEPmonG3/SEPmon_SW/_ide/bitstream/SEPmon.bit": no such file or directory
15:30:05 INFO  : ----------------XSDB Script----------------
connect -url tcp:127.0.0.1:3121
targets -set -nocase -filter {name =~"APU*"}
rst -system
after 3000
----------------End of Script----------------

15:30:05 ERROR : couldn't open "C:/Users/gusta/OneDrive/Documents/universidad/4to/1r/SEP/Proyectos/pr2/SEPmonG3/SEPmon_SW/_ide/bitstream/SEPmon.bit": no such file or directory
15:30:16 INFO  : Disconnected from the channel tcfchan#14.
15:30:17 INFO  : Connected to target on host '127.0.0.1' and port '3121'.
15:30:17 INFO  : Jtag cable 'Digilent Zybo Z7 210351B3FC88A' is selected.
15:30:17 INFO  : 'jtag frequency' command is executed.
15:30:17 INFO  : Context for 'APU' is selected.
15:30:17 INFO  : System reset is completed.
15:30:20 INFO  : 'after 3000' command is executed.
15:30:20 INFO  : 'targets -set -filter {jtag_cable_name =~ "Digilent Zybo Z7 210351B3FC88A" && level==0 && jtag_device_ctx=="jsn-Zybo Z7-210351B3FC88A-13722093-0"}' command is executed.
15:30:21 INFO  : FPGA configured successfully with bitstream "C:/Users/gusta/OneDrive/Documents/universidad/4to/1r/SEP/Proyectos/pr2/SEPmonG3/SEPmon_SW/_ide/bitstream/SEPmonG3V2.bit"
15:30:21 INFO  : Context for 'APU' is selected.
15:30:21 INFO  : Hardware design and registers information is loaded from 'C:/Users/gusta/OneDrive/Documents/universidad/4to/1r/SEP/Proyectos/pr2/SEPmonG3/SEPmonG3/export/SEPmonG3/hw/SEPmonG3V2.xsa'.
15:30:21 INFO  : 'configparams force-mem-access 1' command is executed.
15:30:21 INFO  : Context for 'APU' is selected.
15:30:21 INFO  : Sourcing of 'C:/Users/gusta/OneDrive/Documents/universidad/4to/1r/SEP/Proyectos/pr2/SEPmonG3/SEPmon_SW/_ide/psinit/ps7_init.tcl' is done.
15:30:22 INFO  : 'ps7_init' command is executed.
15:30:22 INFO  : 'ps7_post_config' command is executed.
15:30:22 INFO  : Context for processor 'ps7_cortexa9_0' is selected.
15:30:24 INFO  : The application 'C:/Users/gusta/OneDrive/Documents/universidad/4to/1r/SEP/Proyectos/pr2/SEPmonG3/SEPmon_SW/Debug/SEPmon_SW.elf' is downloaded to processor 'ps7_cortexa9_0'.
15:30:24 INFO  : 'configparams force-mem-access 0' command is executed.
15:30:24 INFO  : ----------------XSDB Script----------------
connect -url tcp:127.0.0.1:3121
targets -set -nocase -filter {name =~"APU*"}
rst -system
after 3000
targets -set -filter {jtag_cable_name =~ "Digilent Zybo Z7 210351B3FC88A" && level==0 && jtag_device_ctx=="jsn-Zybo Z7-210351B3FC88A-13722093-0"}
fpga -file C:/Users/gusta/OneDrive/Documents/universidad/4to/1r/SEP/Proyectos/pr2/SEPmonG3/SEPmon_SW/_ide/bitstream/SEPmonG3V2.bit
targets -set -nocase -filter {name =~"APU*"}
loadhw -hw C:/Users/gusta/OneDrive/Documents/universidad/4to/1r/SEP/Proyectos/pr2/SEPmonG3/SEPmonG3/export/SEPmonG3/hw/SEPmonG3V2.xsa -mem-ranges [list {0x40000000 0xbfffffff}] -regs
configparams force-mem-access 1
targets -set -nocase -filter {name =~"APU*"}
source C:/Users/gusta/OneDrive/Documents/universidad/4to/1r/SEP/Proyectos/pr2/SEPmonG3/SEPmon_SW/_ide/psinit/ps7_init.tcl
ps7_init
ps7_post_config
targets -set -nocase -filter {name =~ "*A9*#0"}
dow C:/Users/gusta/OneDrive/Documents/universidad/4to/1r/SEP/Proyectos/pr2/SEPmonG3/SEPmon_SW/Debug/SEPmon_SW.elf
configparams force-mem-access 0
----------------End of Script----------------

15:30:24 INFO  : Context for processor 'ps7_cortexa9_0' is selected.
15:30:24 INFO  : 'con' command is executed.
15:30:24 INFO  : ----------------XSDB Script (After Launch)----------------
targets -set -nocase -filter {name =~ "*A9*#0"}
con
----------------End of Script----------------

15:30:24 INFO  : Launch script is exported to file 'C:\Users\gusta\OneDrive\Documents\universidad\4to\1r\SEP\Proyectos\pr2\SEPmonG3\.sdk\launch_scripts\single_application_debug\debugger_sepmon_sw-default_1.tcl'
15:36:29 INFO  : Checking for BSP changes to sync application flags for project 'SEPmon_SW'...
15:38:29 INFO  : Disconnected from the channel tcfchan#15.
15:38:30 INFO  : Connected to target on host '127.0.0.1' and port '3121'.
15:38:30 INFO  : Jtag cable 'Digilent Zybo Z7 210351B3FC88A' is selected.
15:38:30 INFO  : 'jtag frequency' command is executed.
15:38:30 INFO  : Context for 'APU' is selected.
15:38:30 INFO  : System reset is completed.
15:38:33 INFO  : 'after 3000' command is executed.
15:38:33 INFO  : 'targets -set -filter {jtag_cable_name =~ "Digilent Zybo Z7 210351B3FC88A" && level==0 && jtag_device_ctx=="jsn-Zybo Z7-210351B3FC88A-13722093-0"}' command is executed.
15:38:35 INFO  : FPGA configured successfully with bitstream "C:/Users/gusta/OneDrive/Documents/universidad/4to/1r/SEP/Proyectos/pr2/SEPmonG3/SEPmon_SW/_ide/bitstream/SEPmonG3V2.bit"
15:38:35 INFO  : Context for 'APU' is selected.
15:38:35 INFO  : Hardware design and registers information is loaded from 'C:/Users/gusta/OneDrive/Documents/universidad/4to/1r/SEP/Proyectos/pr2/SEPmonG3/SEPmonG3/export/SEPmonG3/hw/SEPmonG3V2.xsa'.
15:38:35 INFO  : 'configparams force-mem-access 1' command is executed.
15:38:35 INFO  : Context for 'APU' is selected.
15:38:35 INFO  : Sourcing of 'C:/Users/gusta/OneDrive/Documents/universidad/4to/1r/SEP/Proyectos/pr2/SEPmonG3/SEPmon_SW/_ide/psinit/ps7_init.tcl' is done.
15:38:35 INFO  : 'ps7_init' command is executed.
15:38:35 INFO  : 'ps7_post_config' command is executed.
15:38:35 INFO  : Context for processor 'ps7_cortexa9_0' is selected.
15:38:37 INFO  : The application 'C:/Users/gusta/OneDrive/Documents/universidad/4to/1r/SEP/Proyectos/pr2/SEPmonG3/SEPmon_SW/Debug/SEPmon_SW.elf' is downloaded to processor 'ps7_cortexa9_0'.
15:38:37 INFO  : 'configparams force-mem-access 0' command is executed.
15:38:37 INFO  : ----------------XSDB Script----------------
connect -url tcp:127.0.0.1:3121
targets -set -nocase -filter {name =~"APU*"}
rst -system
after 3000
targets -set -filter {jtag_cable_name =~ "Digilent Zybo Z7 210351B3FC88A" && level==0 && jtag_device_ctx=="jsn-Zybo Z7-210351B3FC88A-13722093-0"}
fpga -file C:/Users/gusta/OneDrive/Documents/universidad/4to/1r/SEP/Proyectos/pr2/SEPmonG3/SEPmon_SW/_ide/bitstream/SEPmonG3V2.bit
targets -set -nocase -filter {name =~"APU*"}
loadhw -hw C:/Users/gusta/OneDrive/Documents/universidad/4to/1r/SEP/Proyectos/pr2/SEPmonG3/SEPmonG3/export/SEPmonG3/hw/SEPmonG3V2.xsa -mem-ranges [list {0x40000000 0xbfffffff}] -regs
configparams force-mem-access 1
targets -set -nocase -filter {name =~"APU*"}
source C:/Users/gusta/OneDrive/Documents/universidad/4to/1r/SEP/Proyectos/pr2/SEPmonG3/SEPmon_SW/_ide/psinit/ps7_init.tcl
ps7_init
ps7_post_config
targets -set -nocase -filter {name =~ "*A9*#0"}
dow C:/Users/gusta/OneDrive/Documents/universidad/4to/1r/SEP/Proyectos/pr2/SEPmonG3/SEPmon_SW/Debug/SEPmon_SW.elf
configparams force-mem-access 0
----------------End of Script----------------

15:38:37 INFO  : Context for processor 'ps7_cortexa9_0' is selected.
15:38:37 INFO  : 'con' command is executed.
15:38:37 INFO  : ----------------XSDB Script (After Launch)----------------
targets -set -nocase -filter {name =~ "*A9*#0"}
con
----------------End of Script----------------

15:38:37 INFO  : Launch script is exported to file 'C:\Users\gusta\OneDrive\Documents\universidad\4to\1r\SEP\Proyectos\pr2\SEPmonG3\.sdk\launch_scripts\single_application_debug\debugger_sepmon_sw-default_1.tcl'
15:45:35 INFO  : Checking for BSP changes to sync application flags for project 'SEPmon_SW'...
15:45:48 INFO  : Disconnected from the channel tcfchan#16.
15:45:49 INFO  : Connected to target on host '127.0.0.1' and port '3121'.
15:45:50 INFO  : Jtag cable 'Digilent Zybo Z7 210351B3FC88A' is selected.
15:45:50 INFO  : 'jtag frequency' command is executed.
15:45:50 INFO  : Context for 'APU' is selected.
15:45:50 INFO  : System reset is completed.
15:45:53 INFO  : 'after 3000' command is executed.
15:45:53 INFO  : 'targets -set -filter {jtag_cable_name =~ "Digilent Zybo Z7 210351B3FC88A" && level==0 && jtag_device_ctx=="jsn-Zybo Z7-210351B3FC88A-13722093-0"}' command is executed.
15:45:54 INFO  : FPGA configured successfully with bitstream "C:/Users/gusta/OneDrive/Documents/universidad/4to/1r/SEP/Proyectos/pr2/SEPmonG3/SEPmon_SW/_ide/bitstream/SEPmonG3V2.bit"
15:45:54 INFO  : Context for 'APU' is selected.
15:45:54 INFO  : Hardware design and registers information is loaded from 'C:/Users/gusta/OneDrive/Documents/universidad/4to/1r/SEP/Proyectos/pr2/SEPmonG3/SEPmonG3/export/SEPmonG3/hw/SEPmonG3V2.xsa'.
15:45:54 INFO  : 'configparams force-mem-access 1' command is executed.
15:45:54 INFO  : Context for 'APU' is selected.
15:45:54 INFO  : Sourcing of 'C:/Users/gusta/OneDrive/Documents/universidad/4to/1r/SEP/Proyectos/pr2/SEPmonG3/SEPmon_SW/_ide/psinit/ps7_init.tcl' is done.
15:45:54 INFO  : 'ps7_init' command is executed.
15:45:54 INFO  : 'ps7_post_config' command is executed.
15:45:54 INFO  : Context for processor 'ps7_cortexa9_0' is selected.
15:45:57 INFO  : The application 'C:/Users/gusta/OneDrive/Documents/universidad/4to/1r/SEP/Proyectos/pr2/SEPmonG3/SEPmon_SW/Debug/SEPmon_SW.elf' is downloaded to processor 'ps7_cortexa9_0'.
15:45:57 INFO  : 'configparams force-mem-access 0' command is executed.
15:45:57 INFO  : ----------------XSDB Script----------------
connect -url tcp:127.0.0.1:3121
targets -set -nocase -filter {name =~"APU*"}
rst -system
after 3000
targets -set -filter {jtag_cable_name =~ "Digilent Zybo Z7 210351B3FC88A" && level==0 && jtag_device_ctx=="jsn-Zybo Z7-210351B3FC88A-13722093-0"}
fpga -file C:/Users/gusta/OneDrive/Documents/universidad/4to/1r/SEP/Proyectos/pr2/SEPmonG3/SEPmon_SW/_ide/bitstream/SEPmonG3V2.bit
targets -set -nocase -filter {name =~"APU*"}
loadhw -hw C:/Users/gusta/OneDrive/Documents/universidad/4to/1r/SEP/Proyectos/pr2/SEPmonG3/SEPmonG3/export/SEPmonG3/hw/SEPmonG3V2.xsa -mem-ranges [list {0x40000000 0xbfffffff}] -regs
configparams force-mem-access 1
targets -set -nocase -filter {name =~"APU*"}
source C:/Users/gusta/OneDrive/Documents/universidad/4to/1r/SEP/Proyectos/pr2/SEPmonG3/SEPmon_SW/_ide/psinit/ps7_init.tcl
ps7_init
ps7_post_config
targets -set -nocase -filter {name =~ "*A9*#0"}
dow C:/Users/gusta/OneDrive/Documents/universidad/4to/1r/SEP/Proyectos/pr2/SEPmonG3/SEPmon_SW/Debug/SEPmon_SW.elf
configparams force-mem-access 0
----------------End of Script----------------

15:45:57 INFO  : Context for processor 'ps7_cortexa9_0' is selected.
15:45:57 INFO  : 'con' command is executed.
15:45:57 INFO  : ----------------XSDB Script (After Launch)----------------
targets -set -nocase -filter {name =~ "*A9*#0"}
con
----------------End of Script----------------

15:45:57 INFO  : Launch script is exported to file 'C:\Users\gusta\OneDrive\Documents\universidad\4to\1r\SEP\Proyectos\pr2\SEPmonG3\.sdk\launch_scripts\single_application_debug\debugger_sepmon_sw-default_1.tcl'
15:54:24 INFO  : Checking for BSP changes to sync application flags for project 'SEPmon_SW'...
15:55:34 INFO  : Checking for BSP changes to sync application flags for project 'SEPmon_SW'...
15:56:21 INFO  : Checking for BSP changes to sync application flags for project 'SEPmon_SW'...
15:58:39 INFO  : Checking for BSP changes to sync application flags for project 'SEPmon_SW'...
16:02:19 INFO  : Checking for BSP changes to sync application flags for project 'SEPmon_SW'...
16:02:27 INFO  : Checking for BSP changes to sync application flags for project 'SEPmon_SW'...
16:02:36 INFO  : Disconnected from the channel tcfchan#17.
16:02:37 INFO  : Connected to target on host '127.0.0.1' and port '3121'.
16:02:37 INFO  : Jtag cable 'Digilent Zybo Z7 210351B3FC88A' is selected.
16:02:37 INFO  : 'jtag frequency' command is executed.
16:02:37 INFO  : Context for 'APU' is selected.
16:02:37 INFO  : System reset is completed.
16:02:40 INFO  : 'after 3000' command is executed.
16:02:41 INFO  : 'targets -set -filter {jtag_cable_name =~ "Digilent Zybo Z7 210351B3FC88A" && level==0 && jtag_device_ctx=="jsn-Zybo Z7-210351B3FC88A-13722093-0"}' command is executed.
16:02:42 INFO  : FPGA configured successfully with bitstream "C:/Users/gusta/OneDrive/Documents/universidad/4to/1r/SEP/Proyectos/pr2/SEPmonG3/SEPmon_SW/_ide/bitstream/SEPmonG3V2.bit"
16:02:42 INFO  : Context for 'APU' is selected.
16:02:42 INFO  : Hardware design and registers information is loaded from 'C:/Users/gusta/OneDrive/Documents/universidad/4to/1r/SEP/Proyectos/pr2/SEPmonG3/SEPmonG3/export/SEPmonG3/hw/SEPmonG3V2.xsa'.
16:02:42 INFO  : 'configparams force-mem-access 1' command is executed.
16:02:42 INFO  : Context for 'APU' is selected.
16:02:42 INFO  : Sourcing of 'C:/Users/gusta/OneDrive/Documents/universidad/4to/1r/SEP/Proyectos/pr2/SEPmonG3/SEPmon_SW/_ide/psinit/ps7_init.tcl' is done.
16:02:42 INFO  : 'ps7_init' command is executed.
16:02:42 INFO  : 'ps7_post_config' command is executed.
16:02:42 INFO  : Context for processor 'ps7_cortexa9_0' is selected.
16:02:44 INFO  : The application 'C:/Users/gusta/OneDrive/Documents/universidad/4to/1r/SEP/Proyectos/pr2/SEPmonG3/SEPmon_SW/Debug/SEPmon_SW.elf' is downloaded to processor 'ps7_cortexa9_0'.
16:02:44 INFO  : 'configparams force-mem-access 0' command is executed.
16:02:44 INFO  : ----------------XSDB Script----------------
connect -url tcp:127.0.0.1:3121
targets -set -nocase -filter {name =~"APU*"}
rst -system
after 3000
targets -set -filter {jtag_cable_name =~ "Digilent Zybo Z7 210351B3FC88A" && level==0 && jtag_device_ctx=="jsn-Zybo Z7-210351B3FC88A-13722093-0"}
fpga -file C:/Users/gusta/OneDrive/Documents/universidad/4to/1r/SEP/Proyectos/pr2/SEPmonG3/SEPmon_SW/_ide/bitstream/SEPmonG3V2.bit
targets -set -nocase -filter {name =~"APU*"}
loadhw -hw C:/Users/gusta/OneDrive/Documents/universidad/4to/1r/SEP/Proyectos/pr2/SEPmonG3/SEPmonG3/export/SEPmonG3/hw/SEPmonG3V2.xsa -mem-ranges [list {0x40000000 0xbfffffff}] -regs
configparams force-mem-access 1
targets -set -nocase -filter {name =~"APU*"}
source C:/Users/gusta/OneDrive/Documents/universidad/4to/1r/SEP/Proyectos/pr2/SEPmonG3/SEPmon_SW/_ide/psinit/ps7_init.tcl
ps7_init
ps7_post_config
targets -set -nocase -filter {name =~ "*A9*#0"}
dow C:/Users/gusta/OneDrive/Documents/universidad/4to/1r/SEP/Proyectos/pr2/SEPmonG3/SEPmon_SW/Debug/SEPmon_SW.elf
configparams force-mem-access 0
----------------End of Script----------------

16:02:45 INFO  : Context for processor 'ps7_cortexa9_0' is selected.
16:02:45 INFO  : 'con' command is executed.
16:02:45 INFO  : ----------------XSDB Script (After Launch)----------------
targets -set -nocase -filter {name =~ "*A9*#0"}
con
----------------End of Script----------------

16:02:45 INFO  : Launch script is exported to file 'C:\Users\gusta\OneDrive\Documents\universidad\4to\1r\SEP\Proyectos\pr2\SEPmonG3\.sdk\launch_scripts\single_application_debug\debugger_sepmon_sw-default_1.tcl'
16:04:04 INFO  : Checking for BSP changes to sync application flags for project 'SEPmon_SW'...
16:04:16 INFO  : Disconnected from the channel tcfchan#18.
16:04:17 INFO  : Connected to target on host '127.0.0.1' and port '3121'.
16:04:17 INFO  : Jtag cable 'Digilent Zybo Z7 210351B3FC88A' is selected.
16:04:17 INFO  : 'jtag frequency' command is executed.
16:04:17 INFO  : Context for 'APU' is selected.
16:04:17 INFO  : System reset is completed.
16:04:20 INFO  : 'after 3000' command is executed.
16:04:20 INFO  : 'targets -set -filter {jtag_cable_name =~ "Digilent Zybo Z7 210351B3FC88A" && level==0 && jtag_device_ctx=="jsn-Zybo Z7-210351B3FC88A-13722093-0"}' command is executed.
16:04:21 INFO  : FPGA configured successfully with bitstream "C:/Users/gusta/OneDrive/Documents/universidad/4to/1r/SEP/Proyectos/pr2/SEPmonG3/SEPmon_SW/_ide/bitstream/SEPmonG3V2.bit"
16:04:21 INFO  : Context for 'APU' is selected.
16:04:22 INFO  : Hardware design and registers information is loaded from 'C:/Users/gusta/OneDrive/Documents/universidad/4to/1r/SEP/Proyectos/pr2/SEPmonG3/SEPmonG3/export/SEPmonG3/hw/SEPmonG3V2.xsa'.
16:04:22 INFO  : 'configparams force-mem-access 1' command is executed.
16:04:22 INFO  : Context for 'APU' is selected.
16:04:22 INFO  : Sourcing of 'C:/Users/gusta/OneDrive/Documents/universidad/4to/1r/SEP/Proyectos/pr2/SEPmonG3/SEPmon_SW/_ide/psinit/ps7_init.tcl' is done.
16:04:22 INFO  : 'ps7_init' command is executed.
16:04:22 INFO  : 'ps7_post_config' command is executed.
16:04:22 INFO  : Context for processor 'ps7_cortexa9_0' is selected.
16:04:24 INFO  : The application 'C:/Users/gusta/OneDrive/Documents/universidad/4to/1r/SEP/Proyectos/pr2/SEPmonG3/SEPmon_SW/Debug/SEPmon_SW.elf' is downloaded to processor 'ps7_cortexa9_0'.
16:04:24 INFO  : 'configparams force-mem-access 0' command is executed.
16:04:24 INFO  : ----------------XSDB Script----------------
connect -url tcp:127.0.0.1:3121
targets -set -nocase -filter {name =~"APU*"}
rst -system
after 3000
targets -set -filter {jtag_cable_name =~ "Digilent Zybo Z7 210351B3FC88A" && level==0 && jtag_device_ctx=="jsn-Zybo Z7-210351B3FC88A-13722093-0"}
fpga -file C:/Users/gusta/OneDrive/Documents/universidad/4to/1r/SEP/Proyectos/pr2/SEPmonG3/SEPmon_SW/_ide/bitstream/SEPmonG3V2.bit
targets -set -nocase -filter {name =~"APU*"}
loadhw -hw C:/Users/gusta/OneDrive/Documents/universidad/4to/1r/SEP/Proyectos/pr2/SEPmonG3/SEPmonG3/export/SEPmonG3/hw/SEPmonG3V2.xsa -mem-ranges [list {0x40000000 0xbfffffff}] -regs
configparams force-mem-access 1
targets -set -nocase -filter {name =~"APU*"}
source C:/Users/gusta/OneDrive/Documents/universidad/4to/1r/SEP/Proyectos/pr2/SEPmonG3/SEPmon_SW/_ide/psinit/ps7_init.tcl
ps7_init
ps7_post_config
targets -set -nocase -filter {name =~ "*A9*#0"}
dow C:/Users/gusta/OneDrive/Documents/universidad/4to/1r/SEP/Proyectos/pr2/SEPmonG3/SEPmon_SW/Debug/SEPmon_SW.elf
configparams force-mem-access 0
----------------End of Script----------------

16:04:24 INFO  : Context for processor 'ps7_cortexa9_0' is selected.
16:04:24 INFO  : 'con' command is executed.
16:04:24 INFO  : ----------------XSDB Script (After Launch)----------------
targets -set -nocase -filter {name =~ "*A9*#0"}
con
----------------End of Script----------------

16:04:24 INFO  : Launch script is exported to file 'C:\Users\gusta\OneDrive\Documents\universidad\4to\1r\SEP\Proyectos\pr2\SEPmonG3\.sdk\launch_scripts\single_application_debug\debugger_sepmon_sw-default_1.tcl'
16:07:33 INFO  : Checking for BSP changes to sync application flags for project 'SEPmon_SW'...
16:07:39 INFO  : Disconnected from the channel tcfchan#19.
16:07:40 INFO  : Connected to target on host '127.0.0.1' and port '3121'.
16:07:40 INFO  : Jtag cable 'Digilent Zybo Z7 210351B3FC88A' is selected.
16:07:40 INFO  : 'jtag frequency' command is executed.
16:07:40 INFO  : Context for 'APU' is selected.
16:07:40 INFO  : System reset is completed.
16:07:43 INFO  : 'after 3000' command is executed.
16:07:43 INFO  : 'targets -set -filter {jtag_cable_name =~ "Digilent Zybo Z7 210351B3FC88A" && level==0 && jtag_device_ctx=="jsn-Zybo Z7-210351B3FC88A-13722093-0"}' command is executed.
16:07:44 INFO  : FPGA configured successfully with bitstream "C:/Users/gusta/OneDrive/Documents/universidad/4to/1r/SEP/Proyectos/pr2/SEPmonG3/SEPmon_SW/_ide/bitstream/SEPmonG3V2.bit"
16:07:44 INFO  : Context for 'APU' is selected.
16:07:44 INFO  : Hardware design and registers information is loaded from 'C:/Users/gusta/OneDrive/Documents/universidad/4to/1r/SEP/Proyectos/pr2/SEPmonG3/SEPmonG3/export/SEPmonG3/hw/SEPmonG3V2.xsa'.
16:07:44 INFO  : 'configparams force-mem-access 1' command is executed.
16:07:44 INFO  : Context for 'APU' is selected.
16:07:44 INFO  : Sourcing of 'C:/Users/gusta/OneDrive/Documents/universidad/4to/1r/SEP/Proyectos/pr2/SEPmonG3/SEPmon_SW/_ide/psinit/ps7_init.tcl' is done.
16:07:45 INFO  : 'ps7_init' command is executed.
16:07:45 INFO  : 'ps7_post_config' command is executed.
16:07:45 INFO  : Context for processor 'ps7_cortexa9_0' is selected.
16:07:47 INFO  : The application 'C:/Users/gusta/OneDrive/Documents/universidad/4to/1r/SEP/Proyectos/pr2/SEPmonG3/SEPmon_SW/Debug/SEPmon_SW.elf' is downloaded to processor 'ps7_cortexa9_0'.
16:07:47 INFO  : 'configparams force-mem-access 0' command is executed.
16:07:47 INFO  : ----------------XSDB Script----------------
connect -url tcp:127.0.0.1:3121
targets -set -nocase -filter {name =~"APU*"}
rst -system
after 3000
targets -set -filter {jtag_cable_name =~ "Digilent Zybo Z7 210351B3FC88A" && level==0 && jtag_device_ctx=="jsn-Zybo Z7-210351B3FC88A-13722093-0"}
fpga -file C:/Users/gusta/OneDrive/Documents/universidad/4to/1r/SEP/Proyectos/pr2/SEPmonG3/SEPmon_SW/_ide/bitstream/SEPmonG3V2.bit
targets -set -nocase -filter {name =~"APU*"}
loadhw -hw C:/Users/gusta/OneDrive/Documents/universidad/4to/1r/SEP/Proyectos/pr2/SEPmonG3/SEPmonG3/export/SEPmonG3/hw/SEPmonG3V2.xsa -mem-ranges [list {0x40000000 0xbfffffff}] -regs
configparams force-mem-access 1
targets -set -nocase -filter {name =~"APU*"}
source C:/Users/gusta/OneDrive/Documents/universidad/4to/1r/SEP/Proyectos/pr2/SEPmonG3/SEPmon_SW/_ide/psinit/ps7_init.tcl
ps7_init
ps7_post_config
targets -set -nocase -filter {name =~ "*A9*#0"}
dow C:/Users/gusta/OneDrive/Documents/universidad/4to/1r/SEP/Proyectos/pr2/SEPmonG3/SEPmon_SW/Debug/SEPmon_SW.elf
configparams force-mem-access 0
----------------End of Script----------------

16:07:47 INFO  : Context for processor 'ps7_cortexa9_0' is selected.
16:07:47 INFO  : 'con' command is executed.
16:07:47 INFO  : ----------------XSDB Script (After Launch)----------------
targets -set -nocase -filter {name =~ "*A9*#0"}
con
----------------End of Script----------------

16:07:47 INFO  : Launch script is exported to file 'C:\Users\gusta\OneDrive\Documents\universidad\4to\1r\SEP\Proyectos\pr2\SEPmonG3\.sdk\launch_scripts\single_application_debug\debugger_sepmon_sw-default_1.tcl'
16:09:01 INFO  : Checking for BSP changes to sync application flags for project 'SEPmon_SW'...
16:09:06 INFO  : Disconnected from the channel tcfchan#20.
16:09:07 INFO  : Connected to target on host '127.0.0.1' and port '3121'.
16:09:07 INFO  : Jtag cable 'Digilent Zybo Z7 210351B3FC88A' is selected.
16:09:07 INFO  : 'jtag frequency' command is executed.
16:09:07 INFO  : Context for 'APU' is selected.
16:09:07 INFO  : System reset is completed.
16:09:10 INFO  : 'after 3000' command is executed.
16:09:10 INFO  : 'targets -set -filter {jtag_cable_name =~ "Digilent Zybo Z7 210351B3FC88A" && level==0 && jtag_device_ctx=="jsn-Zybo Z7-210351B3FC88A-13722093-0"}' command is executed.
16:09:11 INFO  : FPGA configured successfully with bitstream "C:/Users/gusta/OneDrive/Documents/universidad/4to/1r/SEP/Proyectos/pr2/SEPmonG3/SEPmon_SW/_ide/bitstream/SEPmonG3V2.bit"
16:09:12 INFO  : Context for 'APU' is selected.
16:09:12 INFO  : Hardware design and registers information is loaded from 'C:/Users/gusta/OneDrive/Documents/universidad/4to/1r/SEP/Proyectos/pr2/SEPmonG3/SEPmonG3/export/SEPmonG3/hw/SEPmonG3V2.xsa'.
16:09:12 INFO  : 'configparams force-mem-access 1' command is executed.
16:09:12 INFO  : Context for 'APU' is selected.
16:09:12 INFO  : Sourcing of 'C:/Users/gusta/OneDrive/Documents/universidad/4to/1r/SEP/Proyectos/pr2/SEPmonG3/SEPmon_SW/_ide/psinit/ps7_init.tcl' is done.
16:09:12 INFO  : 'ps7_init' command is executed.
16:09:12 INFO  : 'ps7_post_config' command is executed.
16:09:12 INFO  : Context for processor 'ps7_cortexa9_0' is selected.
16:09:14 INFO  : The application 'C:/Users/gusta/OneDrive/Documents/universidad/4to/1r/SEP/Proyectos/pr2/SEPmonG3/SEPmon_SW/Debug/SEPmon_SW.elf' is downloaded to processor 'ps7_cortexa9_0'.
16:09:14 INFO  : 'configparams force-mem-access 0' command is executed.
16:09:14 INFO  : ----------------XSDB Script----------------
connect -url tcp:127.0.0.1:3121
targets -set -nocase -filter {name =~"APU*"}
rst -system
after 3000
targets -set -filter {jtag_cable_name =~ "Digilent Zybo Z7 210351B3FC88A" && level==0 && jtag_device_ctx=="jsn-Zybo Z7-210351B3FC88A-13722093-0"}
fpga -file C:/Users/gusta/OneDrive/Documents/universidad/4to/1r/SEP/Proyectos/pr2/SEPmonG3/SEPmon_SW/_ide/bitstream/SEPmonG3V2.bit
targets -set -nocase -filter {name =~"APU*"}
loadhw -hw C:/Users/gusta/OneDrive/Documents/universidad/4to/1r/SEP/Proyectos/pr2/SEPmonG3/SEPmonG3/export/SEPmonG3/hw/SEPmonG3V2.xsa -mem-ranges [list {0x40000000 0xbfffffff}] -regs
configparams force-mem-access 1
targets -set -nocase -filter {name =~"APU*"}
source C:/Users/gusta/OneDrive/Documents/universidad/4to/1r/SEP/Proyectos/pr2/SEPmonG3/SEPmon_SW/_ide/psinit/ps7_init.tcl
ps7_init
ps7_post_config
targets -set -nocase -filter {name =~ "*A9*#0"}
dow C:/Users/gusta/OneDrive/Documents/universidad/4to/1r/SEP/Proyectos/pr2/SEPmonG3/SEPmon_SW/Debug/SEPmon_SW.elf
configparams force-mem-access 0
----------------End of Script----------------

16:09:14 INFO  : Context for processor 'ps7_cortexa9_0' is selected.
16:09:14 INFO  : 'con' command is executed.
16:09:14 INFO  : ----------------XSDB Script (After Launch)----------------
targets -set -nocase -filter {name =~ "*A9*#0"}
con
----------------End of Script----------------

16:09:14 INFO  : Launch script is exported to file 'C:\Users\gusta\OneDrive\Documents\universidad\4to\1r\SEP\Proyectos\pr2\SEPmonG3\.sdk\launch_scripts\single_application_debug\debugger_sepmon_sw-default_1.tcl'
16:11:53 INFO  : Checking for BSP changes to sync application flags for project 'SEPmon_SW'...
16:11:59 INFO  : Disconnected from the channel tcfchan#21.
16:12:00 INFO  : Connected to target on host '127.0.0.1' and port '3121'.
16:12:00 INFO  : Jtag cable 'Digilent Zybo Z7 210351B3FC88A' is selected.
16:12:00 INFO  : 'jtag frequency' command is executed.
16:12:00 INFO  : Context for 'APU' is selected.
16:12:00 INFO  : System reset is completed.
16:12:03 INFO  : 'after 3000' command is executed.
16:12:03 INFO  : 'targets -set -filter {jtag_cable_name =~ "Digilent Zybo Z7 210351B3FC88A" && level==0 && jtag_device_ctx=="jsn-Zybo Z7-210351B3FC88A-13722093-0"}' command is executed.
16:12:04 INFO  : FPGA configured successfully with bitstream "C:/Users/gusta/OneDrive/Documents/universidad/4to/1r/SEP/Proyectos/pr2/SEPmonG3/SEPmon_SW/_ide/bitstream/SEPmonG3V2.bit"
16:12:04 INFO  : Context for 'APU' is selected.
16:12:04 INFO  : Hardware design and registers information is loaded from 'C:/Users/gusta/OneDrive/Documents/universidad/4to/1r/SEP/Proyectos/pr2/SEPmonG3/SEPmonG3/export/SEPmonG3/hw/SEPmonG3V2.xsa'.
16:12:04 INFO  : 'configparams force-mem-access 1' command is executed.
16:12:04 INFO  : Context for 'APU' is selected.
16:12:04 INFO  : Sourcing of 'C:/Users/gusta/OneDrive/Documents/universidad/4to/1r/SEP/Proyectos/pr2/SEPmonG3/SEPmon_SW/_ide/psinit/ps7_init.tcl' is done.
16:12:05 INFO  : 'ps7_init' command is executed.
16:12:05 INFO  : 'ps7_post_config' command is executed.
16:12:05 INFO  : Context for processor 'ps7_cortexa9_0' is selected.
16:12:07 INFO  : The application 'C:/Users/gusta/OneDrive/Documents/universidad/4to/1r/SEP/Proyectos/pr2/SEPmonG3/SEPmon_SW/Debug/SEPmon_SW.elf' is downloaded to processor 'ps7_cortexa9_0'.
16:12:07 INFO  : 'configparams force-mem-access 0' command is executed.
16:12:07 INFO  : ----------------XSDB Script----------------
connect -url tcp:127.0.0.1:3121
targets -set -nocase -filter {name =~"APU*"}
rst -system
after 3000
targets -set -filter {jtag_cable_name =~ "Digilent Zybo Z7 210351B3FC88A" && level==0 && jtag_device_ctx=="jsn-Zybo Z7-210351B3FC88A-13722093-0"}
fpga -file C:/Users/gusta/OneDrive/Documents/universidad/4to/1r/SEP/Proyectos/pr2/SEPmonG3/SEPmon_SW/_ide/bitstream/SEPmonG3V2.bit
targets -set -nocase -filter {name =~"APU*"}
loadhw -hw C:/Users/gusta/OneDrive/Documents/universidad/4to/1r/SEP/Proyectos/pr2/SEPmonG3/SEPmonG3/export/SEPmonG3/hw/SEPmonG3V2.xsa -mem-ranges [list {0x40000000 0xbfffffff}] -regs
configparams force-mem-access 1
targets -set -nocase -filter {name =~"APU*"}
source C:/Users/gusta/OneDrive/Documents/universidad/4to/1r/SEP/Proyectos/pr2/SEPmonG3/SEPmon_SW/_ide/psinit/ps7_init.tcl
ps7_init
ps7_post_config
targets -set -nocase -filter {name =~ "*A9*#0"}
dow C:/Users/gusta/OneDrive/Documents/universidad/4to/1r/SEP/Proyectos/pr2/SEPmonG3/SEPmon_SW/Debug/SEPmon_SW.elf
configparams force-mem-access 0
----------------End of Script----------------

16:12:07 INFO  : Context for processor 'ps7_cortexa9_0' is selected.
16:12:07 INFO  : 'con' command is executed.
16:12:07 INFO  : ----------------XSDB Script (After Launch)----------------
targets -set -nocase -filter {name =~ "*A9*#0"}
con
----------------End of Script----------------

16:12:07 INFO  : Launch script is exported to file 'C:\Users\gusta\OneDrive\Documents\universidad\4to\1r\SEP\Proyectos\pr2\SEPmonG3\.sdk\launch_scripts\single_application_debug\debugger_sepmon_sw-default_1.tcl'
16:13:26 INFO  : Disconnected from the channel tcfchan#22.
16:13:27 INFO  : Connected to target on host '127.0.0.1' and port '3121'.
16:13:27 INFO  : Jtag cable 'Digilent Zybo Z7 210351B3FC88A' is selected.
16:13:27 INFO  : 'jtag frequency' command is executed.
16:13:27 INFO  : Context for 'APU' is selected.
16:13:27 INFO  : System reset is completed.
16:13:30 INFO  : 'after 3000' command is executed.
16:13:30 INFO  : 'targets -set -filter {jtag_cable_name =~ "Digilent Zybo Z7 210351B3FC88A" && level==0 && jtag_device_ctx=="jsn-Zybo Z7-210351B3FC88A-13722093-0"}' command is executed.
16:13:32 INFO  : FPGA configured successfully with bitstream "C:/Users/gusta/OneDrive/Documents/universidad/4to/1r/SEP/Proyectos/pr2/SEPmonG3/SEPmon_SW/_ide/bitstream/SEPmonG3V2.bit"
16:13:32 INFO  : Context for 'APU' is selected.
16:13:32 INFO  : Hardware design and registers information is loaded from 'C:/Users/gusta/OneDrive/Documents/universidad/4to/1r/SEP/Proyectos/pr2/SEPmonG3/SEPmonG3/export/SEPmonG3/hw/SEPmonG3V2.xsa'.
16:13:32 INFO  : 'configparams force-mem-access 1' command is executed.
16:13:32 INFO  : Context for 'APU' is selected.
16:13:32 INFO  : Sourcing of 'C:/Users/gusta/OneDrive/Documents/universidad/4to/1r/SEP/Proyectos/pr2/SEPmonG3/SEPmon_SW/_ide/psinit/ps7_init.tcl' is done.
16:13:32 INFO  : 'ps7_init' command is executed.
16:13:32 INFO  : 'ps7_post_config' command is executed.
16:13:32 INFO  : Context for processor 'ps7_cortexa9_0' is selected.
16:13:34 INFO  : The application 'C:/Users/gusta/OneDrive/Documents/universidad/4to/1r/SEP/Proyectos/pr2/SEPmonG3/SEPmon_SW/Debug/SEPmon_SW.elf' is downloaded to processor 'ps7_cortexa9_0'.
16:13:34 INFO  : 'configparams force-mem-access 0' command is executed.
16:13:34 INFO  : ----------------XSDB Script----------------
connect -url tcp:127.0.0.1:3121
targets -set -nocase -filter {name =~"APU*"}
rst -system
after 3000
targets -set -filter {jtag_cable_name =~ "Digilent Zybo Z7 210351B3FC88A" && level==0 && jtag_device_ctx=="jsn-Zybo Z7-210351B3FC88A-13722093-0"}
fpga -file C:/Users/gusta/OneDrive/Documents/universidad/4to/1r/SEP/Proyectos/pr2/SEPmonG3/SEPmon_SW/_ide/bitstream/SEPmonG3V2.bit
targets -set -nocase -filter {name =~"APU*"}
loadhw -hw C:/Users/gusta/OneDrive/Documents/universidad/4to/1r/SEP/Proyectos/pr2/SEPmonG3/SEPmonG3/export/SEPmonG3/hw/SEPmonG3V2.xsa -mem-ranges [list {0x40000000 0xbfffffff}] -regs
configparams force-mem-access 1
targets -set -nocase -filter {name =~"APU*"}
source C:/Users/gusta/OneDrive/Documents/universidad/4to/1r/SEP/Proyectos/pr2/SEPmonG3/SEPmon_SW/_ide/psinit/ps7_init.tcl
ps7_init
ps7_post_config
targets -set -nocase -filter {name =~ "*A9*#0"}
dow C:/Users/gusta/OneDrive/Documents/universidad/4to/1r/SEP/Proyectos/pr2/SEPmonG3/SEPmon_SW/Debug/SEPmon_SW.elf
configparams force-mem-access 0
----------------End of Script----------------

16:13:34 INFO  : Context for processor 'ps7_cortexa9_0' is selected.
16:13:34 INFO  : 'con' command is executed.
16:13:34 INFO  : ----------------XSDB Script (After Launch)----------------
targets -set -nocase -filter {name =~ "*A9*#0"}
con
----------------End of Script----------------

16:13:34 INFO  : Launch script is exported to file 'C:\Users\gusta\OneDrive\Documents\universidad\4to\1r\SEP\Proyectos\pr2\SEPmonG3\.sdk\launch_scripts\single_application_debug\debugger_sepmon_sw-default_1.tcl'
16:17:16 INFO  : Checking for BSP changes to sync application flags for project 'SEPmon_SW'...
16:29:55 INFO  : Checking for BSP changes to sync application flags for project 'SEPmon_SW'...
16:30:10 INFO  : Checking for BSP changes to sync application flags for project 'SEPmon_SW'...
16:30:24 INFO  : Checking for BSP changes to sync application flags for project 'SEPmon_SW'...
16:30:28 INFO  : Disconnected from the channel tcfchan#23.
16:30:29 INFO  : Connected to target on host '127.0.0.1' and port '3121'.
16:30:30 INFO  : Jtag cable 'Digilent Zybo Z7 210351B3FC88A' is selected.
16:30:30 INFO  : 'jtag frequency' command is executed.
16:30:30 INFO  : Context for 'APU' is selected.
16:30:30 INFO  : System reset is completed.
16:30:33 INFO  : 'after 3000' command is executed.
16:30:33 INFO  : 'targets -set -filter {jtag_cable_name =~ "Digilent Zybo Z7 210351B3FC88A" && level==0 && jtag_device_ctx=="jsn-Zybo Z7-210351B3FC88A-13722093-0"}' command is executed.
16:30:34 INFO  : FPGA configured successfully with bitstream "C:/Users/gusta/OneDrive/Documents/universidad/4to/1r/SEP/Proyectos/pr2/SEPmonG3/SEPmon_SW/_ide/bitstream/SEPmonG3V2.bit"
16:30:34 INFO  : Context for 'APU' is selected.
16:30:34 INFO  : Hardware design and registers information is loaded from 'C:/Users/gusta/OneDrive/Documents/universidad/4to/1r/SEP/Proyectos/pr2/SEPmonG3/SEPmonG3/export/SEPmonG3/hw/SEPmonG3V2.xsa'.
16:30:34 INFO  : 'configparams force-mem-access 1' command is executed.
16:30:34 INFO  : Context for 'APU' is selected.
16:30:34 INFO  : Sourcing of 'C:/Users/gusta/OneDrive/Documents/universidad/4to/1r/SEP/Proyectos/pr2/SEPmonG3/SEPmon_SW/_ide/psinit/ps7_init.tcl' is done.
16:30:34 INFO  : 'ps7_init' command is executed.
16:30:34 INFO  : 'ps7_post_config' command is executed.
16:30:34 INFO  : Context for processor 'ps7_cortexa9_0' is selected.
16:30:36 INFO  : The application 'C:/Users/gusta/OneDrive/Documents/universidad/4to/1r/SEP/Proyectos/pr2/SEPmonG3/SEPmon_SW/Debug/SEPmon_SW.elf' is downloaded to processor 'ps7_cortexa9_0'.
16:30:36 INFO  : 'configparams force-mem-access 0' command is executed.
16:30:36 INFO  : ----------------XSDB Script----------------
connect -url tcp:127.0.0.1:3121
targets -set -nocase -filter {name =~"APU*"}
rst -system
after 3000
targets -set -filter {jtag_cable_name =~ "Digilent Zybo Z7 210351B3FC88A" && level==0 && jtag_device_ctx=="jsn-Zybo Z7-210351B3FC88A-13722093-0"}
fpga -file C:/Users/gusta/OneDrive/Documents/universidad/4to/1r/SEP/Proyectos/pr2/SEPmonG3/SEPmon_SW/_ide/bitstream/SEPmonG3V2.bit
targets -set -nocase -filter {name =~"APU*"}
loadhw -hw C:/Users/gusta/OneDrive/Documents/universidad/4to/1r/SEP/Proyectos/pr2/SEPmonG3/SEPmonG3/export/SEPmonG3/hw/SEPmonG3V2.xsa -mem-ranges [list {0x40000000 0xbfffffff}] -regs
configparams force-mem-access 1
targets -set -nocase -filter {name =~"APU*"}
source C:/Users/gusta/OneDrive/Documents/universidad/4to/1r/SEP/Proyectos/pr2/SEPmonG3/SEPmon_SW/_ide/psinit/ps7_init.tcl
ps7_init
ps7_post_config
targets -set -nocase -filter {name =~ "*A9*#0"}
dow C:/Users/gusta/OneDrive/Documents/universidad/4to/1r/SEP/Proyectos/pr2/SEPmonG3/SEPmon_SW/Debug/SEPmon_SW.elf
configparams force-mem-access 0
----------------End of Script----------------

16:30:37 INFO  : Context for processor 'ps7_cortexa9_0' is selected.
16:30:37 INFO  : 'con' command is executed.
16:30:37 INFO  : ----------------XSDB Script (After Launch)----------------
targets -set -nocase -filter {name =~ "*A9*#0"}
con
----------------End of Script----------------

16:30:37 INFO  : Launch script is exported to file 'C:\Users\gusta\OneDrive\Documents\universidad\4to\1r\SEP\Proyectos\pr2\SEPmonG3\.sdk\launch_scripts\single_application_debug\debugger_sepmon_sw-default_1.tcl'
16:31:31 INFO  : Disconnected from the channel tcfchan#24.
16:31:32 INFO  : Connected to target on host '127.0.0.1' and port '3121'.
16:31:32 INFO  : Jtag cable 'Digilent Zybo Z7 210351B3FC88A' is selected.
16:31:32 INFO  : 'jtag frequency' command is executed.
16:31:32 INFO  : Context for 'APU' is selected.
16:31:32 INFO  : System reset is completed.
16:31:35 INFO  : 'after 3000' command is executed.
16:31:35 INFO  : 'targets -set -filter {jtag_cable_name =~ "Digilent Zybo Z7 210351B3FC88A" && level==0 && jtag_device_ctx=="jsn-Zybo Z7-210351B3FC88A-13722093-0"}' command is executed.
16:31:36 INFO  : FPGA configured successfully with bitstream "C:/Users/gusta/OneDrive/Documents/universidad/4to/1r/SEP/Proyectos/pr2/SEPmonG3/SEPmon_SW/_ide/bitstream/SEPmonG3V2.bit"
16:31:37 INFO  : Context for 'APU' is selected.
16:31:37 INFO  : Hardware design and registers information is loaded from 'C:/Users/gusta/OneDrive/Documents/universidad/4to/1r/SEP/Proyectos/pr2/SEPmonG3/SEPmonG3/export/SEPmonG3/hw/SEPmonG3V2.xsa'.
16:31:37 INFO  : 'configparams force-mem-access 1' command is executed.
16:31:37 INFO  : Context for 'APU' is selected.
16:31:37 INFO  : Sourcing of 'C:/Users/gusta/OneDrive/Documents/universidad/4to/1r/SEP/Proyectos/pr2/SEPmonG3/SEPmon_SW/_ide/psinit/ps7_init.tcl' is done.
16:31:37 INFO  : 'ps7_init' command is executed.
16:31:37 INFO  : 'ps7_post_config' command is executed.
16:31:37 INFO  : Context for processor 'ps7_cortexa9_0' is selected.
16:31:39 INFO  : The application 'C:/Users/gusta/OneDrive/Documents/universidad/4to/1r/SEP/Proyectos/pr2/SEPmonG3/SEPmon_SW/Debug/SEPmon_SW.elf' is downloaded to processor 'ps7_cortexa9_0'.
16:31:39 INFO  : 'configparams force-mem-access 0' command is executed.
16:31:39 INFO  : ----------------XSDB Script----------------
connect -url tcp:127.0.0.1:3121
targets -set -nocase -filter {name =~"APU*"}
rst -system
after 3000
targets -set -filter {jtag_cable_name =~ "Digilent Zybo Z7 210351B3FC88A" && level==0 && jtag_device_ctx=="jsn-Zybo Z7-210351B3FC88A-13722093-0"}
fpga -file C:/Users/gusta/OneDrive/Documents/universidad/4to/1r/SEP/Proyectos/pr2/SEPmonG3/SEPmon_SW/_ide/bitstream/SEPmonG3V2.bit
targets -set -nocase -filter {name =~"APU*"}
loadhw -hw C:/Users/gusta/OneDrive/Documents/universidad/4to/1r/SEP/Proyectos/pr2/SEPmonG3/SEPmonG3/export/SEPmonG3/hw/SEPmonG3V2.xsa -mem-ranges [list {0x40000000 0xbfffffff}] -regs
configparams force-mem-access 1
targets -set -nocase -filter {name =~"APU*"}
source C:/Users/gusta/OneDrive/Documents/universidad/4to/1r/SEP/Proyectos/pr2/SEPmonG3/SEPmon_SW/_ide/psinit/ps7_init.tcl
ps7_init
ps7_post_config
targets -set -nocase -filter {name =~ "*A9*#0"}
dow C:/Users/gusta/OneDrive/Documents/universidad/4to/1r/SEP/Proyectos/pr2/SEPmonG3/SEPmon_SW/Debug/SEPmon_SW.elf
configparams force-mem-access 0
----------------End of Script----------------

16:31:39 INFO  : Context for processor 'ps7_cortexa9_0' is selected.
16:31:39 INFO  : 'con' command is executed.
16:31:39 INFO  : ----------------XSDB Script (After Launch)----------------
targets -set -nocase -filter {name =~ "*A9*#0"}
con
----------------End of Script----------------

16:31:39 INFO  : Launch script is exported to file 'C:\Users\gusta\OneDrive\Documents\universidad\4to\1r\SEP\Proyectos\pr2\SEPmonG3\.sdk\launch_scripts\single_application_debug\debugger_sepmon_sw-default_1.tcl'
16:33:59 INFO  : Checking for BSP changes to sync application flags for project 'SEPmon_SW'...
16:34:13 INFO  : Checking for BSP changes to sync application flags for project 'SEPmon_SW'...
16:34:20 INFO  : Disconnected from the channel tcfchan#25.
16:34:21 INFO  : Connected to target on host '127.0.0.1' and port '3121'.
16:34:21 INFO  : Jtag cable 'Digilent Zybo Z7 210351B3FC88A' is selected.
16:34:21 INFO  : 'jtag frequency' command is executed.
16:34:21 INFO  : Context for 'APU' is selected.
16:34:21 INFO  : System reset is completed.
16:34:24 INFO  : 'after 3000' command is executed.
16:34:24 INFO  : 'targets -set -filter {jtag_cable_name =~ "Digilent Zybo Z7 210351B3FC88A" && level==0 && jtag_device_ctx=="jsn-Zybo Z7-210351B3FC88A-13722093-0"}' command is executed.
16:34:25 INFO  : FPGA configured successfully with bitstream "C:/Users/gusta/OneDrive/Documents/universidad/4to/1r/SEP/Proyectos/pr2/SEPmonG3/SEPmon_SW/_ide/bitstream/SEPmonG3V2.bit"
16:34:25 INFO  : Context for 'APU' is selected.
16:34:25 INFO  : Hardware design and registers information is loaded from 'C:/Users/gusta/OneDrive/Documents/universidad/4to/1r/SEP/Proyectos/pr2/SEPmonG3/SEPmonG3/export/SEPmonG3/hw/SEPmonG3V2.xsa'.
16:34:25 INFO  : 'configparams force-mem-access 1' command is executed.
16:34:25 INFO  : Context for 'APU' is selected.
16:34:25 INFO  : Sourcing of 'C:/Users/gusta/OneDrive/Documents/universidad/4to/1r/SEP/Proyectos/pr2/SEPmonG3/SEPmon_SW/_ide/psinit/ps7_init.tcl' is done.
16:34:26 INFO  : 'ps7_init' command is executed.
16:34:26 INFO  : 'ps7_post_config' command is executed.
16:34:26 INFO  : Context for processor 'ps7_cortexa9_0' is selected.
16:34:28 INFO  : The application 'C:/Users/gusta/OneDrive/Documents/universidad/4to/1r/SEP/Proyectos/pr2/SEPmonG3/SEPmon_SW/Debug/SEPmon_SW.elf' is downloaded to processor 'ps7_cortexa9_0'.
16:34:28 INFO  : 'configparams force-mem-access 0' command is executed.
16:34:28 INFO  : ----------------XSDB Script----------------
connect -url tcp:127.0.0.1:3121
targets -set -nocase -filter {name =~"APU*"}
rst -system
after 3000
targets -set -filter {jtag_cable_name =~ "Digilent Zybo Z7 210351B3FC88A" && level==0 && jtag_device_ctx=="jsn-Zybo Z7-210351B3FC88A-13722093-0"}
fpga -file C:/Users/gusta/OneDrive/Documents/universidad/4to/1r/SEP/Proyectos/pr2/SEPmonG3/SEPmon_SW/_ide/bitstream/SEPmonG3V2.bit
targets -set -nocase -filter {name =~"APU*"}
loadhw -hw C:/Users/gusta/OneDrive/Documents/universidad/4to/1r/SEP/Proyectos/pr2/SEPmonG3/SEPmonG3/export/SEPmonG3/hw/SEPmonG3V2.xsa -mem-ranges [list {0x40000000 0xbfffffff}] -regs
configparams force-mem-access 1
targets -set -nocase -filter {name =~"APU*"}
source C:/Users/gusta/OneDrive/Documents/universidad/4to/1r/SEP/Proyectos/pr2/SEPmonG3/SEPmon_SW/_ide/psinit/ps7_init.tcl
ps7_init
ps7_post_config
targets -set -nocase -filter {name =~ "*A9*#0"}
dow C:/Users/gusta/OneDrive/Documents/universidad/4to/1r/SEP/Proyectos/pr2/SEPmonG3/SEPmon_SW/Debug/SEPmon_SW.elf
configparams force-mem-access 0
----------------End of Script----------------

16:34:28 INFO  : Context for processor 'ps7_cortexa9_0' is selected.
16:34:28 INFO  : 'con' command is executed.
16:34:28 INFO  : ----------------XSDB Script (After Launch)----------------
targets -set -nocase -filter {name =~ "*A9*#0"}
con
----------------End of Script----------------

16:34:28 INFO  : Launch script is exported to file 'C:\Users\gusta\OneDrive\Documents\universidad\4to\1r\SEP\Proyectos\pr2\SEPmonG3\.sdk\launch_scripts\single_application_debug\debugger_sepmon_sw-default_1.tcl'
16:36:11 INFO  : Checking for BSP changes to sync application flags for project 'SEPmon_SW'...
16:36:47 INFO  : Checking for BSP changes to sync application flags for project 'SEPmon_SW'...
16:38:32 INFO  : Checking for BSP changes to sync application flags for project 'SEPmon_SW'...
16:38:56 INFO  : Checking for BSP changes to sync application flags for project 'SEPmon_SW'...
16:39:04 INFO  : Disconnected from the channel tcfchan#26.
16:39:05 INFO  : Connected to target on host '127.0.0.1' and port '3121'.
16:39:05 INFO  : Jtag cable 'Digilent Zybo Z7 210351B3FC88A' is selected.
16:39:05 INFO  : 'jtag frequency' command is executed.
16:39:05 INFO  : Context for 'APU' is selected.
16:39:05 INFO  : System reset is completed.
16:39:08 INFO  : 'after 3000' command is executed.
16:39:08 INFO  : 'targets -set -filter {jtag_cable_name =~ "Digilent Zybo Z7 210351B3FC88A" && level==0 && jtag_device_ctx=="jsn-Zybo Z7-210351B3FC88A-13722093-0"}' command is executed.
16:39:09 INFO  : FPGA configured successfully with bitstream "C:/Users/gusta/OneDrive/Documents/universidad/4to/1r/SEP/Proyectos/pr2/SEPmonG3/SEPmon_SW/_ide/bitstream/SEPmonG3V2.bit"
16:39:10 INFO  : Context for 'APU' is selected.
16:39:10 INFO  : Hardware design and registers information is loaded from 'C:/Users/gusta/OneDrive/Documents/universidad/4to/1r/SEP/Proyectos/pr2/SEPmonG3/SEPmonG3/export/SEPmonG3/hw/SEPmonG3V2.xsa'.
16:39:10 INFO  : 'configparams force-mem-access 1' command is executed.
16:39:10 INFO  : Context for 'APU' is selected.
16:39:10 INFO  : Sourcing of 'C:/Users/gusta/OneDrive/Documents/universidad/4to/1r/SEP/Proyectos/pr2/SEPmonG3/SEPmon_SW/_ide/psinit/ps7_init.tcl' is done.
16:39:10 INFO  : 'ps7_init' command is executed.
16:39:10 INFO  : 'ps7_post_config' command is executed.
16:39:10 INFO  : Context for processor 'ps7_cortexa9_0' is selected.
16:39:12 INFO  : The application 'C:/Users/gusta/OneDrive/Documents/universidad/4to/1r/SEP/Proyectos/pr2/SEPmonG3/SEPmon_SW/Debug/SEPmon_SW.elf' is downloaded to processor 'ps7_cortexa9_0'.
16:39:12 INFO  : 'configparams force-mem-access 0' command is executed.
16:39:12 INFO  : ----------------XSDB Script----------------
connect -url tcp:127.0.0.1:3121
targets -set -nocase -filter {name =~"APU*"}
rst -system
after 3000
targets -set -filter {jtag_cable_name =~ "Digilent Zybo Z7 210351B3FC88A" && level==0 && jtag_device_ctx=="jsn-Zybo Z7-210351B3FC88A-13722093-0"}
fpga -file C:/Users/gusta/OneDrive/Documents/universidad/4to/1r/SEP/Proyectos/pr2/SEPmonG3/SEPmon_SW/_ide/bitstream/SEPmonG3V2.bit
targets -set -nocase -filter {name =~"APU*"}
loadhw -hw C:/Users/gusta/OneDrive/Documents/universidad/4to/1r/SEP/Proyectos/pr2/SEPmonG3/SEPmonG3/export/SEPmonG3/hw/SEPmonG3V2.xsa -mem-ranges [list {0x40000000 0xbfffffff}] -regs
configparams force-mem-access 1
targets -set -nocase -filter {name =~"APU*"}
source C:/Users/gusta/OneDrive/Documents/universidad/4to/1r/SEP/Proyectos/pr2/SEPmonG3/SEPmon_SW/_ide/psinit/ps7_init.tcl
ps7_init
ps7_post_config
targets -set -nocase -filter {name =~ "*A9*#0"}
dow C:/Users/gusta/OneDrive/Documents/universidad/4to/1r/SEP/Proyectos/pr2/SEPmonG3/SEPmon_SW/Debug/SEPmon_SW.elf
configparams force-mem-access 0
----------------End of Script----------------

16:39:12 INFO  : Context for processor 'ps7_cortexa9_0' is selected.
16:39:12 INFO  : 'con' command is executed.
16:39:12 INFO  : ----------------XSDB Script (After Launch)----------------
targets -set -nocase -filter {name =~ "*A9*#0"}
con
----------------End of Script----------------

16:39:12 INFO  : Launch script is exported to file 'C:\Users\gusta\OneDrive\Documents\universidad\4to\1r\SEP\Proyectos\pr2\SEPmonG3\.sdk\launch_scripts\single_application_debug\debugger_sepmon_sw-default_1.tcl'
16:42:49 INFO  : Checking for BSP changes to sync application flags for project 'SEPmon_SW'...
16:42:59 INFO  : Disconnected from the channel tcfchan#27.
16:43:00 INFO  : Connected to target on host '127.0.0.1' and port '3121'.
16:43:00 INFO  : Jtag cable 'Digilent Zybo Z7 210351B3FC88A' is selected.
16:43:00 INFO  : 'jtag frequency' command is executed.
16:43:00 INFO  : Context for 'APU' is selected.
16:43:00 INFO  : System reset is completed.
16:43:03 INFO  : 'after 3000' command is executed.
16:43:03 INFO  : 'targets -set -filter {jtag_cable_name =~ "Digilent Zybo Z7 210351B3FC88A" && level==0 && jtag_device_ctx=="jsn-Zybo Z7-210351B3FC88A-13722093-0"}' command is executed.
16:43:04 INFO  : FPGA configured successfully with bitstream "C:/Users/gusta/OneDrive/Documents/universidad/4to/1r/SEP/Proyectos/pr2/SEPmonG3/SEPmon_SW/_ide/bitstream/SEPmonG3V2.bit"
16:43:04 INFO  : Context for 'APU' is selected.
16:43:04 INFO  : Hardware design and registers information is loaded from 'C:/Users/gusta/OneDrive/Documents/universidad/4to/1r/SEP/Proyectos/pr2/SEPmonG3/SEPmonG3/export/SEPmonG3/hw/SEPmonG3V2.xsa'.
16:43:04 INFO  : 'configparams force-mem-access 1' command is executed.
16:43:04 INFO  : Context for 'APU' is selected.
16:43:04 INFO  : Sourcing of 'C:/Users/gusta/OneDrive/Documents/universidad/4to/1r/SEP/Proyectos/pr2/SEPmonG3/SEPmon_SW/_ide/psinit/ps7_init.tcl' is done.
16:43:05 INFO  : 'ps7_init' command is executed.
16:43:05 INFO  : 'ps7_post_config' command is executed.
16:43:05 INFO  : Context for processor 'ps7_cortexa9_0' is selected.
16:43:07 INFO  : The application 'C:/Users/gusta/OneDrive/Documents/universidad/4to/1r/SEP/Proyectos/pr2/SEPmonG3/SEPmon_SW/Debug/SEPmon_SW.elf' is downloaded to processor 'ps7_cortexa9_0'.
16:43:07 INFO  : 'configparams force-mem-access 0' command is executed.
16:43:07 INFO  : ----------------XSDB Script----------------
connect -url tcp:127.0.0.1:3121
targets -set -nocase -filter {name =~"APU*"}
rst -system
after 3000
targets -set -filter {jtag_cable_name =~ "Digilent Zybo Z7 210351B3FC88A" && level==0 && jtag_device_ctx=="jsn-Zybo Z7-210351B3FC88A-13722093-0"}
fpga -file C:/Users/gusta/OneDrive/Documents/universidad/4to/1r/SEP/Proyectos/pr2/SEPmonG3/SEPmon_SW/_ide/bitstream/SEPmonG3V2.bit
targets -set -nocase -filter {name =~"APU*"}
loadhw -hw C:/Users/gusta/OneDrive/Documents/universidad/4to/1r/SEP/Proyectos/pr2/SEPmonG3/SEPmonG3/export/SEPmonG3/hw/SEPmonG3V2.xsa -mem-ranges [list {0x40000000 0xbfffffff}] -regs
configparams force-mem-access 1
targets -set -nocase -filter {name =~"APU*"}
source C:/Users/gusta/OneDrive/Documents/universidad/4to/1r/SEP/Proyectos/pr2/SEPmonG3/SEPmon_SW/_ide/psinit/ps7_init.tcl
ps7_init
ps7_post_config
targets -set -nocase -filter {name =~ "*A9*#0"}
dow C:/Users/gusta/OneDrive/Documents/universidad/4to/1r/SEP/Proyectos/pr2/SEPmonG3/SEPmon_SW/Debug/SEPmon_SW.elf
configparams force-mem-access 0
----------------End of Script----------------

16:43:07 INFO  : Context for processor 'ps7_cortexa9_0' is selected.
16:43:07 INFO  : 'con' command is executed.
16:43:07 INFO  : ----------------XSDB Script (After Launch)----------------
targets -set -nocase -filter {name =~ "*A9*#0"}
con
----------------End of Script----------------

16:43:07 INFO  : Launch script is exported to file 'C:\Users\gusta\OneDrive\Documents\universidad\4to\1r\SEP\Proyectos\pr2\SEPmonG3\.sdk\launch_scripts\single_application_debug\debugger_sepmon_sw-default_1.tcl'
16:44:20 INFO  : Checking for BSP changes to sync application flags for project 'SEPmon_SW'...
16:44:27 INFO  : Disconnected from the channel tcfchan#28.
16:44:28 INFO  : Connected to target on host '127.0.0.1' and port '3121'.
16:44:28 INFO  : Jtag cable 'Digilent Zybo Z7 210351B3FC88A' is selected.
16:44:28 INFO  : 'jtag frequency' command is executed.
16:44:28 INFO  : Context for 'APU' is selected.
16:44:28 INFO  : System reset is completed.
16:44:31 INFO  : 'after 3000' command is executed.
16:44:31 INFO  : 'targets -set -filter {jtag_cable_name =~ "Digilent Zybo Z7 210351B3FC88A" && level==0 && jtag_device_ctx=="jsn-Zybo Z7-210351B3FC88A-13722093-0"}' command is executed.
16:44:33 INFO  : FPGA configured successfully with bitstream "C:/Users/gusta/OneDrive/Documents/universidad/4to/1r/SEP/Proyectos/pr2/SEPmonG3/SEPmon_SW/_ide/bitstream/SEPmonG3V2.bit"
16:44:33 INFO  : Context for 'APU' is selected.
16:44:33 INFO  : Hardware design and registers information is loaded from 'C:/Users/gusta/OneDrive/Documents/universidad/4to/1r/SEP/Proyectos/pr2/SEPmonG3/SEPmonG3/export/SEPmonG3/hw/SEPmonG3V2.xsa'.
16:44:33 INFO  : 'configparams force-mem-access 1' command is executed.
16:44:33 INFO  : Context for 'APU' is selected.
16:44:33 INFO  : Sourcing of 'C:/Users/gusta/OneDrive/Documents/universidad/4to/1r/SEP/Proyectos/pr2/SEPmonG3/SEPmon_SW/_ide/psinit/ps7_init.tcl' is done.
16:44:33 INFO  : 'ps7_init' command is executed.
16:44:33 INFO  : 'ps7_post_config' command is executed.
16:44:33 INFO  : Context for processor 'ps7_cortexa9_0' is selected.
16:44:35 INFO  : The application 'C:/Users/gusta/OneDrive/Documents/universidad/4to/1r/SEP/Proyectos/pr2/SEPmonG3/SEPmon_SW/Debug/SEPmon_SW.elf' is downloaded to processor 'ps7_cortexa9_0'.
16:44:35 INFO  : 'configparams force-mem-access 0' command is executed.
16:44:35 INFO  : ----------------XSDB Script----------------
connect -url tcp:127.0.0.1:3121
targets -set -nocase -filter {name =~"APU*"}
rst -system
after 3000
targets -set -filter {jtag_cable_name =~ "Digilent Zybo Z7 210351B3FC88A" && level==0 && jtag_device_ctx=="jsn-Zybo Z7-210351B3FC88A-13722093-0"}
fpga -file C:/Users/gusta/OneDrive/Documents/universidad/4to/1r/SEP/Proyectos/pr2/SEPmonG3/SEPmon_SW/_ide/bitstream/SEPmonG3V2.bit
targets -set -nocase -filter {name =~"APU*"}
loadhw -hw C:/Users/gusta/OneDrive/Documents/universidad/4to/1r/SEP/Proyectos/pr2/SEPmonG3/SEPmonG3/export/SEPmonG3/hw/SEPmonG3V2.xsa -mem-ranges [list {0x40000000 0xbfffffff}] -regs
configparams force-mem-access 1
targets -set -nocase -filter {name =~"APU*"}
source C:/Users/gusta/OneDrive/Documents/universidad/4to/1r/SEP/Proyectos/pr2/SEPmonG3/SEPmon_SW/_ide/psinit/ps7_init.tcl
ps7_init
ps7_post_config
targets -set -nocase -filter {name =~ "*A9*#0"}
dow C:/Users/gusta/OneDrive/Documents/universidad/4to/1r/SEP/Proyectos/pr2/SEPmonG3/SEPmon_SW/Debug/SEPmon_SW.elf
configparams force-mem-access 0
----------------End of Script----------------

16:44:35 INFO  : Context for processor 'ps7_cortexa9_0' is selected.
16:44:35 INFO  : 'con' command is executed.
16:44:35 INFO  : ----------------XSDB Script (After Launch)----------------
targets -set -nocase -filter {name =~ "*A9*#0"}
con
----------------End of Script----------------

16:44:35 INFO  : Launch script is exported to file 'C:\Users\gusta\OneDrive\Documents\universidad\4to\1r\SEP\Proyectos\pr2\SEPmonG3\.sdk\launch_scripts\single_application_debug\debugger_sepmon_sw-default_1.tcl'
16:50:36 INFO  : Checking for BSP changes to sync application flags for project 'SEPmon_SW'...
16:50:44 INFO  : Disconnected from the channel tcfchan#29.
16:50:45 INFO  : Connected to target on host '127.0.0.1' and port '3121'.
16:50:45 INFO  : Jtag cable 'Digilent Zybo Z7 210351B3FC88A' is selected.
16:50:45 INFO  : 'jtag frequency' command is executed.
16:50:45 INFO  : Context for 'APU' is selected.
16:50:45 INFO  : System reset is completed.
16:50:48 INFO  : 'after 3000' command is executed.
16:50:48 INFO  : 'targets -set -filter {jtag_cable_name =~ "Digilent Zybo Z7 210351B3FC88A" && level==0 && jtag_device_ctx=="jsn-Zybo Z7-210351B3FC88A-13722093-0"}' command is executed.
16:50:50 INFO  : FPGA configured successfully with bitstream "C:/Users/gusta/OneDrive/Documents/universidad/4to/1r/SEP/Proyectos/pr2/SEPmonG3/SEPmon_SW/_ide/bitstream/SEPmonG3V2.bit"
16:50:50 INFO  : Context for 'APU' is selected.
16:50:50 INFO  : Hardware design and registers information is loaded from 'C:/Users/gusta/OneDrive/Documents/universidad/4to/1r/SEP/Proyectos/pr2/SEPmonG3/SEPmonG3/export/SEPmonG3/hw/SEPmonG3V2.xsa'.
16:50:50 INFO  : 'configparams force-mem-access 1' command is executed.
16:50:50 INFO  : Context for 'APU' is selected.
16:50:50 INFO  : Sourcing of 'C:/Users/gusta/OneDrive/Documents/universidad/4to/1r/SEP/Proyectos/pr2/SEPmonG3/SEPmon_SW/_ide/psinit/ps7_init.tcl' is done.
16:50:50 INFO  : 'ps7_init' command is executed.
16:50:50 INFO  : 'ps7_post_config' command is executed.
16:50:50 INFO  : Context for processor 'ps7_cortexa9_0' is selected.
16:50:52 INFO  : The application 'C:/Users/gusta/OneDrive/Documents/universidad/4to/1r/SEP/Proyectos/pr2/SEPmonG3/SEPmon_SW/Debug/SEPmon_SW.elf' is downloaded to processor 'ps7_cortexa9_0'.
16:50:52 INFO  : 'configparams force-mem-access 0' command is executed.
16:50:52 INFO  : ----------------XSDB Script----------------
connect -url tcp:127.0.0.1:3121
targets -set -nocase -filter {name =~"APU*"}
rst -system
after 3000
targets -set -filter {jtag_cable_name =~ "Digilent Zybo Z7 210351B3FC88A" && level==0 && jtag_device_ctx=="jsn-Zybo Z7-210351B3FC88A-13722093-0"}
fpga -file C:/Users/gusta/OneDrive/Documents/universidad/4to/1r/SEP/Proyectos/pr2/SEPmonG3/SEPmon_SW/_ide/bitstream/SEPmonG3V2.bit
targets -set -nocase -filter {name =~"APU*"}
loadhw -hw C:/Users/gusta/OneDrive/Documents/universidad/4to/1r/SEP/Proyectos/pr2/SEPmonG3/SEPmonG3/export/SEPmonG3/hw/SEPmonG3V2.xsa -mem-ranges [list {0x40000000 0xbfffffff}] -regs
configparams force-mem-access 1
targets -set -nocase -filter {name =~"APU*"}
source C:/Users/gusta/OneDrive/Documents/universidad/4to/1r/SEP/Proyectos/pr2/SEPmonG3/SEPmon_SW/_ide/psinit/ps7_init.tcl
ps7_init
ps7_post_config
targets -set -nocase -filter {name =~ "*A9*#0"}
dow C:/Users/gusta/OneDrive/Documents/universidad/4to/1r/SEP/Proyectos/pr2/SEPmonG3/SEPmon_SW/Debug/SEPmon_SW.elf
configparams force-mem-access 0
----------------End of Script----------------

16:50:52 INFO  : Context for processor 'ps7_cortexa9_0' is selected.
16:50:52 INFO  : 'con' command is executed.
16:50:52 INFO  : ----------------XSDB Script (After Launch)----------------
targets -set -nocase -filter {name =~ "*A9*#0"}
con
----------------End of Script----------------

16:50:52 INFO  : Launch script is exported to file 'C:\Users\gusta\OneDrive\Documents\universidad\4to\1r\SEP\Proyectos\pr2\SEPmonG3\.sdk\launch_scripts\single_application_debug\debugger_sepmon_sw-default_1.tcl'
16:53:25 INFO  : Checking for BSP changes to sync application flags for project 'SEPmon_SW'...
16:54:58 INFO  : Checking for BSP changes to sync application flags for project 'SEPmon_SW'...
16:55:05 INFO  : Checking for BSP changes to sync application flags for project 'SEPmon_SW'...
16:55:51 INFO  : Checking for BSP changes to sync application flags for project 'SEPmon_SW'...
16:55:56 INFO  : Disconnected from the channel tcfchan#30.
16:55:57 INFO  : Connected to target on host '127.0.0.1' and port '3121'.
16:55:57 INFO  : Jtag cable 'Digilent Zybo Z7 210351B3FC88A' is selected.
16:55:57 INFO  : 'jtag frequency' command is executed.
16:55:58 INFO  : Context for 'APU' is selected.
16:55:58 INFO  : System reset is completed.
16:56:01 INFO  : 'after 3000' command is executed.
16:56:01 INFO  : 'targets -set -filter {jtag_cable_name =~ "Digilent Zybo Z7 210351B3FC88A" && level==0 && jtag_device_ctx=="jsn-Zybo Z7-210351B3FC88A-13722093-0"}' command is executed.
16:56:02 INFO  : FPGA configured successfully with bitstream "C:/Users/gusta/OneDrive/Documents/universidad/4to/1r/SEP/Proyectos/pr2/SEPmonG3/SEPmon_SW/_ide/bitstream/SEPmonG3V2.bit"
16:56:02 INFO  : Context for 'APU' is selected.
16:56:02 INFO  : Hardware design and registers information is loaded from 'C:/Users/gusta/OneDrive/Documents/universidad/4to/1r/SEP/Proyectos/pr2/SEPmonG3/SEPmonG3/export/SEPmonG3/hw/SEPmonG3V2.xsa'.
16:56:02 INFO  : 'configparams force-mem-access 1' command is executed.
16:56:02 INFO  : Context for 'APU' is selected.
16:56:02 INFO  : Sourcing of 'C:/Users/gusta/OneDrive/Documents/universidad/4to/1r/SEP/Proyectos/pr2/SEPmonG3/SEPmon_SW/_ide/psinit/ps7_init.tcl' is done.
16:56:02 INFO  : 'ps7_init' command is executed.
16:56:02 INFO  : 'ps7_post_config' command is executed.
16:56:02 INFO  : Context for processor 'ps7_cortexa9_0' is selected.
16:56:04 INFO  : The application 'C:/Users/gusta/OneDrive/Documents/universidad/4to/1r/SEP/Proyectos/pr2/SEPmonG3/SEPmon_SW/Debug/SEPmon_SW.elf' is downloaded to processor 'ps7_cortexa9_0'.
16:56:05 INFO  : 'configparams force-mem-access 0' command is executed.
16:56:05 INFO  : ----------------XSDB Script----------------
connect -url tcp:127.0.0.1:3121
targets -set -nocase -filter {name =~"APU*"}
rst -system
after 3000
targets -set -filter {jtag_cable_name =~ "Digilent Zybo Z7 210351B3FC88A" && level==0 && jtag_device_ctx=="jsn-Zybo Z7-210351B3FC88A-13722093-0"}
fpga -file C:/Users/gusta/OneDrive/Documents/universidad/4to/1r/SEP/Proyectos/pr2/SEPmonG3/SEPmon_SW/_ide/bitstream/SEPmonG3V2.bit
targets -set -nocase -filter {name =~"APU*"}
loadhw -hw C:/Users/gusta/OneDrive/Documents/universidad/4to/1r/SEP/Proyectos/pr2/SEPmonG3/SEPmonG3/export/SEPmonG3/hw/SEPmonG3V2.xsa -mem-ranges [list {0x40000000 0xbfffffff}] -regs
configparams force-mem-access 1
targets -set -nocase -filter {name =~"APU*"}
source C:/Users/gusta/OneDrive/Documents/universidad/4to/1r/SEP/Proyectos/pr2/SEPmonG3/SEPmon_SW/_ide/psinit/ps7_init.tcl
ps7_init
ps7_post_config
targets -set -nocase -filter {name =~ "*A9*#0"}
dow C:/Users/gusta/OneDrive/Documents/universidad/4to/1r/SEP/Proyectos/pr2/SEPmonG3/SEPmon_SW/Debug/SEPmon_SW.elf
configparams force-mem-access 0
----------------End of Script----------------

16:56:05 INFO  : Context for processor 'ps7_cortexa9_0' is selected.
16:56:05 INFO  : 'con' command is executed.
16:56:05 INFO  : ----------------XSDB Script (After Launch)----------------
targets -set -nocase -filter {name =~ "*A9*#0"}
con
----------------End of Script----------------

16:56:05 INFO  : Launch script is exported to file 'C:\Users\gusta\OneDrive\Documents\universidad\4to\1r\SEP\Proyectos\pr2\SEPmonG3\.sdk\launch_scripts\single_application_debug\debugger_sepmon_sw-default_1.tcl'
16:57:19 INFO  : Checking for BSP changes to sync application flags for project 'SEPmon_SW'...
16:57:24 INFO  : Disconnected from the channel tcfchan#31.
16:57:25 INFO  : Connected to target on host '127.0.0.1' and port '3121'.
16:57:26 INFO  : Jtag cable 'Digilent Zybo Z7 210351B3FC88A' is selected.
16:57:26 INFO  : 'jtag frequency' command is executed.
16:57:26 INFO  : Context for 'APU' is selected.
16:57:26 INFO  : System reset is completed.
16:57:29 INFO  : 'after 3000' command is executed.
16:57:29 INFO  : 'targets -set -filter {jtag_cable_name =~ "Digilent Zybo Z7 210351B3FC88A" && level==0 && jtag_device_ctx=="jsn-Zybo Z7-210351B3FC88A-13722093-0"}' command is executed.
16:57:30 INFO  : FPGA configured successfully with bitstream "C:/Users/gusta/OneDrive/Documents/universidad/4to/1r/SEP/Proyectos/pr2/SEPmonG3/SEPmon_SW/_ide/bitstream/SEPmonG3V2.bit"
16:57:30 INFO  : Context for 'APU' is selected.
16:57:30 INFO  : Hardware design and registers information is loaded from 'C:/Users/gusta/OneDrive/Documents/universidad/4to/1r/SEP/Proyectos/pr2/SEPmonG3/SEPmonG3/export/SEPmonG3/hw/SEPmonG3V2.xsa'.
16:57:30 INFO  : 'configparams force-mem-access 1' command is executed.
16:57:30 INFO  : Context for 'APU' is selected.
16:57:30 INFO  : Sourcing of 'C:/Users/gusta/OneDrive/Documents/universidad/4to/1r/SEP/Proyectos/pr2/SEPmonG3/SEPmon_SW/_ide/psinit/ps7_init.tcl' is done.
16:57:31 INFO  : 'ps7_init' command is executed.
16:57:31 INFO  : 'ps7_post_config' command is executed.
16:57:31 INFO  : Context for processor 'ps7_cortexa9_0' is selected.
16:57:33 INFO  : The application 'C:/Users/gusta/OneDrive/Documents/universidad/4to/1r/SEP/Proyectos/pr2/SEPmonG3/SEPmon_SW/Debug/SEPmon_SW.elf' is downloaded to processor 'ps7_cortexa9_0'.
16:57:33 INFO  : 'configparams force-mem-access 0' command is executed.
16:57:33 INFO  : ----------------XSDB Script----------------
connect -url tcp:127.0.0.1:3121
targets -set -nocase -filter {name =~"APU*"}
rst -system
after 3000
targets -set -filter {jtag_cable_name =~ "Digilent Zybo Z7 210351B3FC88A" && level==0 && jtag_device_ctx=="jsn-Zybo Z7-210351B3FC88A-13722093-0"}
fpga -file C:/Users/gusta/OneDrive/Documents/universidad/4to/1r/SEP/Proyectos/pr2/SEPmonG3/SEPmon_SW/_ide/bitstream/SEPmonG3V2.bit
targets -set -nocase -filter {name =~"APU*"}
loadhw -hw C:/Users/gusta/OneDrive/Documents/universidad/4to/1r/SEP/Proyectos/pr2/SEPmonG3/SEPmonG3/export/SEPmonG3/hw/SEPmonG3V2.xsa -mem-ranges [list {0x40000000 0xbfffffff}] -regs
configparams force-mem-access 1
targets -set -nocase -filter {name =~"APU*"}
source C:/Users/gusta/OneDrive/Documents/universidad/4to/1r/SEP/Proyectos/pr2/SEPmonG3/SEPmon_SW/_ide/psinit/ps7_init.tcl
ps7_init
ps7_post_config
targets -set -nocase -filter {name =~ "*A9*#0"}
dow C:/Users/gusta/OneDrive/Documents/universidad/4to/1r/SEP/Proyectos/pr2/SEPmonG3/SEPmon_SW/Debug/SEPmon_SW.elf
configparams force-mem-access 0
----------------End of Script----------------

16:57:33 INFO  : Context for processor 'ps7_cortexa9_0' is selected.
16:57:33 INFO  : 'con' command is executed.
16:57:33 INFO  : ----------------XSDB Script (After Launch)----------------
targets -set -nocase -filter {name =~ "*A9*#0"}
con
----------------End of Script----------------

16:57:33 INFO  : Launch script is exported to file 'C:\Users\gusta\OneDrive\Documents\universidad\4to\1r\SEP\Proyectos\pr2\SEPmonG3\.sdk\launch_scripts\single_application_debug\debugger_sepmon_sw-default_1.tcl'
17:01:59 INFO  : Checking for BSP changes to sync application flags for project 'SEPmon_SW'...
17:02:05 INFO  : Disconnected from the channel tcfchan#32.
17:02:06 INFO  : Connected to target on host '127.0.0.1' and port '3121'.
17:02:06 INFO  : Jtag cable 'Digilent Zybo Z7 210351B3FC88A' is selected.
17:02:06 INFO  : 'jtag frequency' command is executed.
17:02:06 INFO  : Context for 'APU' is selected.
17:02:06 INFO  : System reset is completed.
17:02:09 INFO  : 'after 3000' command is executed.
17:02:09 INFO  : 'targets -set -filter {jtag_cable_name =~ "Digilent Zybo Z7 210351B3FC88A" && level==0 && jtag_device_ctx=="jsn-Zybo Z7-210351B3FC88A-13722093-0"}' command is executed.
17:02:10 INFO  : FPGA configured successfully with bitstream "C:/Users/gusta/OneDrive/Documents/universidad/4to/1r/SEP/Proyectos/pr2/SEPmonG3/SEPmon_SW/_ide/bitstream/SEPmonG3V2.bit"
17:02:10 INFO  : Context for 'APU' is selected.
17:02:10 INFO  : Hardware design and registers information is loaded from 'C:/Users/gusta/OneDrive/Documents/universidad/4to/1r/SEP/Proyectos/pr2/SEPmonG3/SEPmonG3/export/SEPmonG3/hw/SEPmonG3V2.xsa'.
17:02:10 INFO  : 'configparams force-mem-access 1' command is executed.
17:02:10 INFO  : Context for 'APU' is selected.
17:02:10 INFO  : Sourcing of 'C:/Users/gusta/OneDrive/Documents/universidad/4to/1r/SEP/Proyectos/pr2/SEPmonG3/SEPmon_SW/_ide/psinit/ps7_init.tcl' is done.
17:02:11 INFO  : 'ps7_init' command is executed.
17:02:11 INFO  : 'ps7_post_config' command is executed.
17:02:11 INFO  : Context for processor 'ps7_cortexa9_0' is selected.
17:02:13 INFO  : The application 'C:/Users/gusta/OneDrive/Documents/universidad/4to/1r/SEP/Proyectos/pr2/SEPmonG3/SEPmon_SW/Debug/SEPmon_SW.elf' is downloaded to processor 'ps7_cortexa9_0'.
17:02:13 INFO  : 'configparams force-mem-access 0' command is executed.
17:02:13 INFO  : ----------------XSDB Script----------------
connect -url tcp:127.0.0.1:3121
targets -set -nocase -filter {name =~"APU*"}
rst -system
after 3000
targets -set -filter {jtag_cable_name =~ "Digilent Zybo Z7 210351B3FC88A" && level==0 && jtag_device_ctx=="jsn-Zybo Z7-210351B3FC88A-13722093-0"}
fpga -file C:/Users/gusta/OneDrive/Documents/universidad/4to/1r/SEP/Proyectos/pr2/SEPmonG3/SEPmon_SW/_ide/bitstream/SEPmonG3V2.bit
targets -set -nocase -filter {name =~"APU*"}
loadhw -hw C:/Users/gusta/OneDrive/Documents/universidad/4to/1r/SEP/Proyectos/pr2/SEPmonG3/SEPmonG3/export/SEPmonG3/hw/SEPmonG3V2.xsa -mem-ranges [list {0x40000000 0xbfffffff}] -regs
configparams force-mem-access 1
targets -set -nocase -filter {name =~"APU*"}
source C:/Users/gusta/OneDrive/Documents/universidad/4to/1r/SEP/Proyectos/pr2/SEPmonG3/SEPmon_SW/_ide/psinit/ps7_init.tcl
ps7_init
ps7_post_config
targets -set -nocase -filter {name =~ "*A9*#0"}
dow C:/Users/gusta/OneDrive/Documents/universidad/4to/1r/SEP/Proyectos/pr2/SEPmonG3/SEPmon_SW/Debug/SEPmon_SW.elf
configparams force-mem-access 0
----------------End of Script----------------

17:02:13 INFO  : Context for processor 'ps7_cortexa9_0' is selected.
17:02:13 INFO  : 'con' command is executed.
17:02:13 INFO  : ----------------XSDB Script (After Launch)----------------
targets -set -nocase -filter {name =~ "*A9*#0"}
con
----------------End of Script----------------

17:02:13 INFO  : Launch script is exported to file 'C:\Users\gusta\OneDrive\Documents\universidad\4to\1r\SEP\Proyectos\pr2\SEPmonG3\.sdk\launch_scripts\single_application_debug\debugger_sepmon_sw-default_1.tcl'
17:03:18 INFO  : Checking for BSP changes to sync application flags for project 'SEPmon_SW'...
17:04:03 INFO  : Disconnected from the channel tcfchan#33.
17:04:04 INFO  : Connected to target on host '127.0.0.1' and port '3121'.
17:04:05 INFO  : Jtag cable 'Digilent Zybo Z7 210351B3FC88A' is selected.
17:04:05 INFO  : 'jtag frequency' command is executed.
17:04:05 INFO  : Context for 'APU' is selected.
17:04:05 INFO  : System reset is completed.
17:04:08 INFO  : 'after 3000' command is executed.
17:04:08 INFO  : 'targets -set -filter {jtag_cable_name =~ "Digilent Zybo Z7 210351B3FC88A" && level==0 && jtag_device_ctx=="jsn-Zybo Z7-210351B3FC88A-13722093-0"}' command is executed.
17:04:09 INFO  : FPGA configured successfully with bitstream "C:/Users/gusta/OneDrive/Documents/universidad/4to/1r/SEP/Proyectos/pr2/SEPmonG3/SEPmon_SW/_ide/bitstream/SEPmonG3V2.bit"
17:04:09 INFO  : Context for 'APU' is selected.
17:04:09 INFO  : Hardware design and registers information is loaded from 'C:/Users/gusta/OneDrive/Documents/universidad/4to/1r/SEP/Proyectos/pr2/SEPmonG3/SEPmonG3/export/SEPmonG3/hw/SEPmonG3V2.xsa'.
17:04:09 INFO  : 'configparams force-mem-access 1' command is executed.
17:04:09 INFO  : Context for 'APU' is selected.
17:04:09 INFO  : Sourcing of 'C:/Users/gusta/OneDrive/Documents/universidad/4to/1r/SEP/Proyectos/pr2/SEPmonG3/SEPmon_SW/_ide/psinit/ps7_init.tcl' is done.
17:04:10 INFO  : 'ps7_init' command is executed.
17:04:10 INFO  : 'ps7_post_config' command is executed.
17:04:10 INFO  : Context for processor 'ps7_cortexa9_0' is selected.
17:04:12 INFO  : The application 'C:/Users/gusta/OneDrive/Documents/universidad/4to/1r/SEP/Proyectos/pr2/SEPmonG3/SEPmon_SW/Debug/SEPmon_SW.elf' is downloaded to processor 'ps7_cortexa9_0'.
17:04:12 INFO  : 'configparams force-mem-access 0' command is executed.
17:04:12 INFO  : ----------------XSDB Script----------------
connect -url tcp:127.0.0.1:3121
targets -set -nocase -filter {name =~"APU*"}
rst -system
after 3000
targets -set -filter {jtag_cable_name =~ "Digilent Zybo Z7 210351B3FC88A" && level==0 && jtag_device_ctx=="jsn-Zybo Z7-210351B3FC88A-13722093-0"}
fpga -file C:/Users/gusta/OneDrive/Documents/universidad/4to/1r/SEP/Proyectos/pr2/SEPmonG3/SEPmon_SW/_ide/bitstream/SEPmonG3V2.bit
targets -set -nocase -filter {name =~"APU*"}
loadhw -hw C:/Users/gusta/OneDrive/Documents/universidad/4to/1r/SEP/Proyectos/pr2/SEPmonG3/SEPmonG3/export/SEPmonG3/hw/SEPmonG3V2.xsa -mem-ranges [list {0x40000000 0xbfffffff}] -regs
configparams force-mem-access 1
targets -set -nocase -filter {name =~"APU*"}
source C:/Users/gusta/OneDrive/Documents/universidad/4to/1r/SEP/Proyectos/pr2/SEPmonG3/SEPmon_SW/_ide/psinit/ps7_init.tcl
ps7_init
ps7_post_config
targets -set -nocase -filter {name =~ "*A9*#0"}
dow C:/Users/gusta/OneDrive/Documents/universidad/4to/1r/SEP/Proyectos/pr2/SEPmonG3/SEPmon_SW/Debug/SEPmon_SW.elf
configparams force-mem-access 0
----------------End of Script----------------

17:04:12 INFO  : Context for processor 'ps7_cortexa9_0' is selected.
17:04:12 INFO  : 'con' command is executed.
17:04:12 INFO  : ----------------XSDB Script (After Launch)----------------
targets -set -nocase -filter {name =~ "*A9*#0"}
con
----------------End of Script----------------

17:04:12 INFO  : Launch script is exported to file 'C:\Users\gusta\OneDrive\Documents\universidad\4to\1r\SEP\Proyectos\pr2\SEPmonG3\.sdk\launch_scripts\single_application_debug\debugger_sepmon_sw-default_1.tcl'
17:07:19 INFO  : Checking for BSP changes to sync application flags for project 'SEPmon_SW'...
17:07:25 INFO  : Checking for BSP changes to sync application flags for project 'SEPmon_SW'...
17:07:36 INFO  : Disconnected from the channel tcfchan#34.
17:07:37 INFO  : Connected to target on host '127.0.0.1' and port '3121'.
17:07:37 INFO  : Jtag cable 'Digilent Zybo Z7 210351B3FC88A' is selected.
17:07:37 INFO  : 'jtag frequency' command is executed.
17:07:37 INFO  : Context for 'APU' is selected.
17:07:37 INFO  : System reset is completed.
17:07:40 INFO  : 'after 3000' command is executed.
17:07:40 INFO  : 'targets -set -filter {jtag_cable_name =~ "Digilent Zybo Z7 210351B3FC88A" && level==0 && jtag_device_ctx=="jsn-Zybo Z7-210351B3FC88A-13722093-0"}' command is executed.
17:07:41 INFO  : FPGA configured successfully with bitstream "C:/Users/gusta/OneDrive/Documents/universidad/4to/1r/SEP/Proyectos/pr2/SEPmonG3/SEPmon_SW/_ide/bitstream/SEPmonG3V2.bit"
17:07:41 INFO  : Context for 'APU' is selected.
17:07:41 INFO  : Hardware design and registers information is loaded from 'C:/Users/gusta/OneDrive/Documents/universidad/4to/1r/SEP/Proyectos/pr2/SEPmonG3/SEPmonG3/export/SEPmonG3/hw/SEPmonG3V2.xsa'.
17:07:41 INFO  : 'configparams force-mem-access 1' command is executed.
17:07:41 INFO  : Context for 'APU' is selected.
17:07:41 INFO  : Sourcing of 'C:/Users/gusta/OneDrive/Documents/universidad/4to/1r/SEP/Proyectos/pr2/SEPmonG3/SEPmon_SW/_ide/psinit/ps7_init.tcl' is done.
17:07:42 INFO  : 'ps7_init' command is executed.
17:07:42 INFO  : 'ps7_post_config' command is executed.
17:07:42 INFO  : Context for processor 'ps7_cortexa9_0' is selected.
17:07:44 INFO  : The application 'C:/Users/gusta/OneDrive/Documents/universidad/4to/1r/SEP/Proyectos/pr2/SEPmonG3/SEPmon_SW/Debug/SEPmon_SW.elf' is downloaded to processor 'ps7_cortexa9_0'.
17:07:44 INFO  : 'configparams force-mem-access 0' command is executed.
17:07:44 INFO  : ----------------XSDB Script----------------
connect -url tcp:127.0.0.1:3121
targets -set -nocase -filter {name =~"APU*"}
rst -system
after 3000
targets -set -filter {jtag_cable_name =~ "Digilent Zybo Z7 210351B3FC88A" && level==0 && jtag_device_ctx=="jsn-Zybo Z7-210351B3FC88A-13722093-0"}
fpga -file C:/Users/gusta/OneDrive/Documents/universidad/4to/1r/SEP/Proyectos/pr2/SEPmonG3/SEPmon_SW/_ide/bitstream/SEPmonG3V2.bit
targets -set -nocase -filter {name =~"APU*"}
loadhw -hw C:/Users/gusta/OneDrive/Documents/universidad/4to/1r/SEP/Proyectos/pr2/SEPmonG3/SEPmonG3/export/SEPmonG3/hw/SEPmonG3V2.xsa -mem-ranges [list {0x40000000 0xbfffffff}] -regs
configparams force-mem-access 1
targets -set -nocase -filter {name =~"APU*"}
source C:/Users/gusta/OneDrive/Documents/universidad/4to/1r/SEP/Proyectos/pr2/SEPmonG3/SEPmon_SW/_ide/psinit/ps7_init.tcl
ps7_init
ps7_post_config
targets -set -nocase -filter {name =~ "*A9*#0"}
dow C:/Users/gusta/OneDrive/Documents/universidad/4to/1r/SEP/Proyectos/pr2/SEPmonG3/SEPmon_SW/Debug/SEPmon_SW.elf
configparams force-mem-access 0
----------------End of Script----------------

17:07:44 INFO  : Context for processor 'ps7_cortexa9_0' is selected.
17:07:44 INFO  : 'con' command is executed.
17:07:44 INFO  : ----------------XSDB Script (After Launch)----------------
targets -set -nocase -filter {name =~ "*A9*#0"}
con
----------------End of Script----------------

17:07:44 INFO  : Launch script is exported to file 'C:\Users\gusta\OneDrive\Documents\universidad\4to\1r\SEP\Proyectos\pr2\SEPmonG3\.sdk\launch_scripts\single_application_debug\debugger_sepmon_sw-default_1.tcl'
17:14:22 INFO  : Checking for BSP changes to sync application flags for project 'SEPmon_SW'...
17:14:29 INFO  : Disconnected from the channel tcfchan#35.
17:14:30 INFO  : Connected to target on host '127.0.0.1' and port '3121'.
17:14:30 INFO  : Jtag cable 'Digilent Zybo Z7 210351B3FC88A' is selected.
17:14:30 INFO  : 'jtag frequency' command is executed.
17:14:30 INFO  : Context for 'APU' is selected.
17:14:30 INFO  : System reset is completed.
17:14:33 INFO  : 'after 3000' command is executed.
17:14:33 INFO  : 'targets -set -filter {jtag_cable_name =~ "Digilent Zybo Z7 210351B3FC88A" && level==0 && jtag_device_ctx=="jsn-Zybo Z7-210351B3FC88A-13722093-0"}' command is executed.
17:14:34 INFO  : FPGA configured successfully with bitstream "C:/Users/gusta/OneDrive/Documents/universidad/4to/1r/SEP/Proyectos/pr2/SEPmonG3/SEPmon_SW/_ide/bitstream/SEPmonG3V2.bit"
17:14:34 INFO  : Context for 'APU' is selected.
17:14:34 INFO  : Hardware design and registers information is loaded from 'C:/Users/gusta/OneDrive/Documents/universidad/4to/1r/SEP/Proyectos/pr2/SEPmonG3/SEPmonG3/export/SEPmonG3/hw/SEPmonG3V2.xsa'.
17:14:34 INFO  : 'configparams force-mem-access 1' command is executed.
17:14:34 INFO  : Context for 'APU' is selected.
17:14:34 INFO  : Sourcing of 'C:/Users/gusta/OneDrive/Documents/universidad/4to/1r/SEP/Proyectos/pr2/SEPmonG3/SEPmon_SW/_ide/psinit/ps7_init.tcl' is done.
17:14:35 INFO  : 'ps7_init' command is executed.
17:14:35 INFO  : 'ps7_post_config' command is executed.
17:14:35 INFO  : Context for processor 'ps7_cortexa9_0' is selected.
17:14:37 INFO  : The application 'C:/Users/gusta/OneDrive/Documents/universidad/4to/1r/SEP/Proyectos/pr2/SEPmonG3/SEPmon_SW/Debug/SEPmon_SW.elf' is downloaded to processor 'ps7_cortexa9_0'.
17:14:37 INFO  : 'configparams force-mem-access 0' command is executed.
17:14:37 INFO  : ----------------XSDB Script----------------
connect -url tcp:127.0.0.1:3121
targets -set -nocase -filter {name =~"APU*"}
rst -system
after 3000
targets -set -filter {jtag_cable_name =~ "Digilent Zybo Z7 210351B3FC88A" && level==0 && jtag_device_ctx=="jsn-Zybo Z7-210351B3FC88A-13722093-0"}
fpga -file C:/Users/gusta/OneDrive/Documents/universidad/4to/1r/SEP/Proyectos/pr2/SEPmonG3/SEPmon_SW/_ide/bitstream/SEPmonG3V2.bit
targets -set -nocase -filter {name =~"APU*"}
loadhw -hw C:/Users/gusta/OneDrive/Documents/universidad/4to/1r/SEP/Proyectos/pr2/SEPmonG3/SEPmonG3/export/SEPmonG3/hw/SEPmonG3V2.xsa -mem-ranges [list {0x40000000 0xbfffffff}] -regs
configparams force-mem-access 1
targets -set -nocase -filter {name =~"APU*"}
source C:/Users/gusta/OneDrive/Documents/universidad/4to/1r/SEP/Proyectos/pr2/SEPmonG3/SEPmon_SW/_ide/psinit/ps7_init.tcl
ps7_init
ps7_post_config
targets -set -nocase -filter {name =~ "*A9*#0"}
dow C:/Users/gusta/OneDrive/Documents/universidad/4to/1r/SEP/Proyectos/pr2/SEPmonG3/SEPmon_SW/Debug/SEPmon_SW.elf
configparams force-mem-access 0
----------------End of Script----------------

17:14:37 INFO  : Context for processor 'ps7_cortexa9_0' is selected.
17:14:37 INFO  : 'con' command is executed.
17:14:37 INFO  : ----------------XSDB Script (After Launch)----------------
targets -set -nocase -filter {name =~ "*A9*#0"}
con
----------------End of Script----------------

17:14:37 INFO  : Launch script is exported to file 'C:\Users\gusta\OneDrive\Documents\universidad\4to\1r\SEP\Proyectos\pr2\SEPmonG3\.sdk\launch_scripts\single_application_debug\debugger_sepmon_sw-default_1.tcl'
17:17:49 INFO  : Checking for BSP changes to sync application flags for project 'SEPmon_SW'...
17:17:56 INFO  : Disconnected from the channel tcfchan#36.
17:17:57 INFO  : Connected to target on host '127.0.0.1' and port '3121'.
17:17:57 INFO  : Jtag cable 'Digilent Zybo Z7 210351B3FC88A' is selected.
17:17:57 INFO  : 'jtag frequency' command is executed.
17:17:57 INFO  : Context for 'APU' is selected.
17:17:57 INFO  : System reset is completed.
17:18:00 INFO  : 'after 3000' command is executed.
17:18:00 INFO  : 'targets -set -filter {jtag_cable_name =~ "Digilent Zybo Z7 210351B3FC88A" && level==0 && jtag_device_ctx=="jsn-Zybo Z7-210351B3FC88A-13722093-0"}' command is executed.
17:18:02 INFO  : FPGA configured successfully with bitstream "C:/Users/gusta/OneDrive/Documents/universidad/4to/1r/SEP/Proyectos/pr2/SEPmonG3/SEPmon_SW/_ide/bitstream/SEPmonG3V2.bit"
17:18:02 INFO  : Context for 'APU' is selected.
17:18:02 INFO  : Hardware design and registers information is loaded from 'C:/Users/gusta/OneDrive/Documents/universidad/4to/1r/SEP/Proyectos/pr2/SEPmonG3/SEPmonG3/export/SEPmonG3/hw/SEPmonG3V2.xsa'.
17:18:02 INFO  : 'configparams force-mem-access 1' command is executed.
17:18:02 INFO  : Context for 'APU' is selected.
17:18:02 INFO  : Sourcing of 'C:/Users/gusta/OneDrive/Documents/universidad/4to/1r/SEP/Proyectos/pr2/SEPmonG3/SEPmon_SW/_ide/psinit/ps7_init.tcl' is done.
17:18:02 INFO  : 'ps7_init' command is executed.
17:18:02 INFO  : 'ps7_post_config' command is executed.
17:18:02 INFO  : Context for processor 'ps7_cortexa9_0' is selected.
17:18:04 INFO  : The application 'C:/Users/gusta/OneDrive/Documents/universidad/4to/1r/SEP/Proyectos/pr2/SEPmonG3/SEPmon_SW/Debug/SEPmon_SW.elf' is downloaded to processor 'ps7_cortexa9_0'.
17:18:04 INFO  : 'configparams force-mem-access 0' command is executed.
17:18:04 INFO  : ----------------XSDB Script----------------
connect -url tcp:127.0.0.1:3121
targets -set -nocase -filter {name =~"APU*"}
rst -system
after 3000
targets -set -filter {jtag_cable_name =~ "Digilent Zybo Z7 210351B3FC88A" && level==0 && jtag_device_ctx=="jsn-Zybo Z7-210351B3FC88A-13722093-0"}
fpga -file C:/Users/gusta/OneDrive/Documents/universidad/4to/1r/SEP/Proyectos/pr2/SEPmonG3/SEPmon_SW/_ide/bitstream/SEPmonG3V2.bit
targets -set -nocase -filter {name =~"APU*"}
loadhw -hw C:/Users/gusta/OneDrive/Documents/universidad/4to/1r/SEP/Proyectos/pr2/SEPmonG3/SEPmonG3/export/SEPmonG3/hw/SEPmonG3V2.xsa -mem-ranges [list {0x40000000 0xbfffffff}] -regs
configparams force-mem-access 1
targets -set -nocase -filter {name =~"APU*"}
source C:/Users/gusta/OneDrive/Documents/universidad/4to/1r/SEP/Proyectos/pr2/SEPmonG3/SEPmon_SW/_ide/psinit/ps7_init.tcl
ps7_init
ps7_post_config
targets -set -nocase -filter {name =~ "*A9*#0"}
dow C:/Users/gusta/OneDrive/Documents/universidad/4to/1r/SEP/Proyectos/pr2/SEPmonG3/SEPmon_SW/Debug/SEPmon_SW.elf
configparams force-mem-access 0
----------------End of Script----------------

17:18:04 INFO  : Context for processor 'ps7_cortexa9_0' is selected.
17:18:04 INFO  : 'con' command is executed.
17:18:04 INFO  : ----------------XSDB Script (After Launch)----------------
targets -set -nocase -filter {name =~ "*A9*#0"}
con
----------------End of Script----------------

17:18:04 INFO  : Launch script is exported to file 'C:\Users\gusta\OneDrive\Documents\universidad\4to\1r\SEP\Proyectos\pr2\SEPmonG3\.sdk\launch_scripts\single_application_debug\debugger_sepmon_sw-default_1.tcl'
17:19:50 INFO  : Disconnected from the channel tcfchan#37.
17:19:51 INFO  : Connected to target on host '127.0.0.1' and port '3121'.
17:19:51 INFO  : Jtag cable 'Digilent Zybo Z7 210351B3FC88A' is selected.
17:19:51 INFO  : 'jtag frequency' command is executed.
17:19:51 INFO  : Context for 'APU' is selected.
17:19:51 INFO  : System reset is completed.
17:19:54 INFO  : 'after 3000' command is executed.
17:19:54 INFO  : 'targets -set -filter {jtag_cable_name =~ "Digilent Zybo Z7 210351B3FC88A" && level==0 && jtag_device_ctx=="jsn-Zybo Z7-210351B3FC88A-13722093-0"}' command is executed.
17:19:55 INFO  : FPGA configured successfully with bitstream "C:/Users/gusta/OneDrive/Documents/universidad/4to/1r/SEP/Proyectos/pr2/SEPmonG3/SEPmon_SW/_ide/bitstream/SEPmonG3V2.bit"
17:19:55 INFO  : Context for 'APU' is selected.
17:19:55 INFO  : Hardware design and registers information is loaded from 'C:/Users/gusta/OneDrive/Documents/universidad/4to/1r/SEP/Proyectos/pr2/SEPmonG3/SEPmonG3/export/SEPmonG3/hw/SEPmonG3V2.xsa'.
17:19:55 INFO  : 'configparams force-mem-access 1' command is executed.
17:19:55 INFO  : Context for 'APU' is selected.
17:19:55 INFO  : Sourcing of 'C:/Users/gusta/OneDrive/Documents/universidad/4to/1r/SEP/Proyectos/pr2/SEPmonG3/SEPmon_SW/_ide/psinit/ps7_init.tcl' is done.
17:19:56 INFO  : 'ps7_init' command is executed.
17:19:56 INFO  : 'ps7_post_config' command is executed.
17:19:56 INFO  : Context for processor 'ps7_cortexa9_0' is selected.
17:19:58 INFO  : The application 'C:/Users/gusta/OneDrive/Documents/universidad/4to/1r/SEP/Proyectos/pr2/SEPmonG3/SEPmon_SW/Debug/SEPmon_SW.elf' is downloaded to processor 'ps7_cortexa9_0'.
17:19:58 INFO  : 'configparams force-mem-access 0' command is executed.
17:19:58 INFO  : ----------------XSDB Script----------------
connect -url tcp:127.0.0.1:3121
targets -set -nocase -filter {name =~"APU*"}
rst -system
after 3000
targets -set -filter {jtag_cable_name =~ "Digilent Zybo Z7 210351B3FC88A" && level==0 && jtag_device_ctx=="jsn-Zybo Z7-210351B3FC88A-13722093-0"}
fpga -file C:/Users/gusta/OneDrive/Documents/universidad/4to/1r/SEP/Proyectos/pr2/SEPmonG3/SEPmon_SW/_ide/bitstream/SEPmonG3V2.bit
targets -set -nocase -filter {name =~"APU*"}
loadhw -hw C:/Users/gusta/OneDrive/Documents/universidad/4to/1r/SEP/Proyectos/pr2/SEPmonG3/SEPmonG3/export/SEPmonG3/hw/SEPmonG3V2.xsa -mem-ranges [list {0x40000000 0xbfffffff}] -regs
configparams force-mem-access 1
targets -set -nocase -filter {name =~"APU*"}
source C:/Users/gusta/OneDrive/Documents/universidad/4to/1r/SEP/Proyectos/pr2/SEPmonG3/SEPmon_SW/_ide/psinit/ps7_init.tcl
ps7_init
ps7_post_config
targets -set -nocase -filter {name =~ "*A9*#0"}
dow C:/Users/gusta/OneDrive/Documents/universidad/4to/1r/SEP/Proyectos/pr2/SEPmonG3/SEPmon_SW/Debug/SEPmon_SW.elf
configparams force-mem-access 0
----------------End of Script----------------

17:19:58 INFO  : Context for processor 'ps7_cortexa9_0' is selected.
17:19:58 INFO  : 'con' command is executed.
17:19:58 INFO  : ----------------XSDB Script (After Launch)----------------
targets -set -nocase -filter {name =~ "*A9*#0"}
con
----------------End of Script----------------

17:19:58 INFO  : Launch script is exported to file 'C:\Users\gusta\OneDrive\Documents\universidad\4to\1r\SEP\Proyectos\pr2\SEPmonG3\.sdk\launch_scripts\single_application_debug\debugger_sepmon_sw-default_1.tcl'
17:31:25 INFO  : Checking for BSP changes to sync application flags for project 'SEPmon_SW'...
17:31:41 INFO  : Checking for BSP changes to sync application flags for project 'SEPmon_SW'...
17:31:47 INFO  : Disconnected from the channel tcfchan#38.
17:31:48 INFO  : Connected to target on host '127.0.0.1' and port '3121'.
17:31:48 INFO  : Jtag cable 'Digilent Zybo Z7 210351B3FC88A' is selected.
17:31:48 INFO  : 'jtag frequency' command is executed.
17:31:48 INFO  : Context for 'APU' is selected.
17:31:48 INFO  : System reset is completed.
17:31:51 INFO  : 'after 3000' command is executed.
17:31:52 INFO  : 'targets -set -filter {jtag_cable_name =~ "Digilent Zybo Z7 210351B3FC88A" && level==0 && jtag_device_ctx=="jsn-Zybo Z7-210351B3FC88A-13722093-0"}' command is executed.
17:31:53 INFO  : FPGA configured successfully with bitstream "C:/Users/gusta/OneDrive/Documents/universidad/4to/1r/SEP/Proyectos/pr2/SEPmonG3/SEPmon_SW/_ide/bitstream/SEPmonG3V2.bit"
17:31:53 INFO  : Context for 'APU' is selected.
17:31:53 INFO  : Hardware design and registers information is loaded from 'C:/Users/gusta/OneDrive/Documents/universidad/4to/1r/SEP/Proyectos/pr2/SEPmonG3/SEPmonG3/export/SEPmonG3/hw/SEPmonG3V2.xsa'.
17:31:53 INFO  : 'configparams force-mem-access 1' command is executed.
17:31:53 INFO  : Context for 'APU' is selected.
17:31:53 INFO  : Sourcing of 'C:/Users/gusta/OneDrive/Documents/universidad/4to/1r/SEP/Proyectos/pr2/SEPmonG3/SEPmon_SW/_ide/psinit/ps7_init.tcl' is done.
17:31:53 INFO  : 'ps7_init' command is executed.
17:31:53 INFO  : 'ps7_post_config' command is executed.
17:31:53 INFO  : Context for processor 'ps7_cortexa9_0' is selected.
17:31:55 INFO  : The application 'C:/Users/gusta/OneDrive/Documents/universidad/4to/1r/SEP/Proyectos/pr2/SEPmonG3/SEPmon_SW/Debug/SEPmon_SW.elf' is downloaded to processor 'ps7_cortexa9_0'.
17:31:55 INFO  : 'configparams force-mem-access 0' command is executed.
17:31:55 INFO  : ----------------XSDB Script----------------
connect -url tcp:127.0.0.1:3121
targets -set -nocase -filter {name =~"APU*"}
rst -system
after 3000
targets -set -filter {jtag_cable_name =~ "Digilent Zybo Z7 210351B3FC88A" && level==0 && jtag_device_ctx=="jsn-Zybo Z7-210351B3FC88A-13722093-0"}
fpga -file C:/Users/gusta/OneDrive/Documents/universidad/4to/1r/SEP/Proyectos/pr2/SEPmonG3/SEPmon_SW/_ide/bitstream/SEPmonG3V2.bit
targets -set -nocase -filter {name =~"APU*"}
loadhw -hw C:/Users/gusta/OneDrive/Documents/universidad/4to/1r/SEP/Proyectos/pr2/SEPmonG3/SEPmonG3/export/SEPmonG3/hw/SEPmonG3V2.xsa -mem-ranges [list {0x40000000 0xbfffffff}] -regs
configparams force-mem-access 1
targets -set -nocase -filter {name =~"APU*"}
source C:/Users/gusta/OneDrive/Documents/universidad/4to/1r/SEP/Proyectos/pr2/SEPmonG3/SEPmon_SW/_ide/psinit/ps7_init.tcl
ps7_init
ps7_post_config
targets -set -nocase -filter {name =~ "*A9*#0"}
dow C:/Users/gusta/OneDrive/Documents/universidad/4to/1r/SEP/Proyectos/pr2/SEPmonG3/SEPmon_SW/Debug/SEPmon_SW.elf
configparams force-mem-access 0
----------------End of Script----------------

17:31:55 INFO  : Context for processor 'ps7_cortexa9_0' is selected.
17:31:55 INFO  : 'con' command is executed.
17:31:55 INFO  : ----------------XSDB Script (After Launch)----------------
targets -set -nocase -filter {name =~ "*A9*#0"}
con
----------------End of Script----------------

17:31:55 INFO  : Launch script is exported to file 'C:\Users\gusta\OneDrive\Documents\universidad\4to\1r\SEP\Proyectos\pr2\SEPmonG3\.sdk\launch_scripts\single_application_debug\debugger_sepmon_sw-default_1.tcl'
17:32:39 INFO  : Checking for BSP changes to sync application flags for project 'SEPmon_SW'...
17:32:43 INFO  : Disconnected from the channel tcfchan#39.
17:32:44 INFO  : Connected to target on host '127.0.0.1' and port '3121'.
17:32:45 INFO  : Jtag cable 'Digilent Zybo Z7 210351B3FC88A' is selected.
17:32:45 INFO  : 'jtag frequency' command is executed.
17:32:45 INFO  : Context for 'APU' is selected.
17:32:45 INFO  : System reset is completed.
17:32:48 INFO  : 'after 3000' command is executed.
17:32:48 INFO  : 'targets -set -filter {jtag_cable_name =~ "Digilent Zybo Z7 210351B3FC88A" && level==0 && jtag_device_ctx=="jsn-Zybo Z7-210351B3FC88A-13722093-0"}' command is executed.
17:32:49 INFO  : FPGA configured successfully with bitstream "C:/Users/gusta/OneDrive/Documents/universidad/4to/1r/SEP/Proyectos/pr2/SEPmonG3/SEPmon_SW/_ide/bitstream/SEPmonG3V2.bit"
17:32:49 INFO  : Context for 'APU' is selected.
17:32:49 INFO  : Hardware design and registers information is loaded from 'C:/Users/gusta/OneDrive/Documents/universidad/4to/1r/SEP/Proyectos/pr2/SEPmonG3/SEPmonG3/export/SEPmonG3/hw/SEPmonG3V2.xsa'.
17:32:49 INFO  : 'configparams force-mem-access 1' command is executed.
17:32:49 INFO  : Context for 'APU' is selected.
17:32:49 INFO  : Sourcing of 'C:/Users/gusta/OneDrive/Documents/universidad/4to/1r/SEP/Proyectos/pr2/SEPmonG3/SEPmon_SW/_ide/psinit/ps7_init.tcl' is done.
17:32:49 INFO  : 'ps7_init' command is executed.
17:32:49 INFO  : 'ps7_post_config' command is executed.
17:32:49 INFO  : Context for processor 'ps7_cortexa9_0' is selected.
17:32:51 INFO  : The application 'C:/Users/gusta/OneDrive/Documents/universidad/4to/1r/SEP/Proyectos/pr2/SEPmonG3/SEPmon_SW/Debug/SEPmon_SW.elf' is downloaded to processor 'ps7_cortexa9_0'.
17:32:51 INFO  : 'configparams force-mem-access 0' command is executed.
17:32:51 INFO  : ----------------XSDB Script----------------
connect -url tcp:127.0.0.1:3121
targets -set -nocase -filter {name =~"APU*"}
rst -system
after 3000
targets -set -filter {jtag_cable_name =~ "Digilent Zybo Z7 210351B3FC88A" && level==0 && jtag_device_ctx=="jsn-Zybo Z7-210351B3FC88A-13722093-0"}
fpga -file C:/Users/gusta/OneDrive/Documents/universidad/4to/1r/SEP/Proyectos/pr2/SEPmonG3/SEPmon_SW/_ide/bitstream/SEPmonG3V2.bit
targets -set -nocase -filter {name =~"APU*"}
loadhw -hw C:/Users/gusta/OneDrive/Documents/universidad/4to/1r/SEP/Proyectos/pr2/SEPmonG3/SEPmonG3/export/SEPmonG3/hw/SEPmonG3V2.xsa -mem-ranges [list {0x40000000 0xbfffffff}] -regs
configparams force-mem-access 1
targets -set -nocase -filter {name =~"APU*"}
source C:/Users/gusta/OneDrive/Documents/universidad/4to/1r/SEP/Proyectos/pr2/SEPmonG3/SEPmon_SW/_ide/psinit/ps7_init.tcl
ps7_init
ps7_post_config
targets -set -nocase -filter {name =~ "*A9*#0"}
dow C:/Users/gusta/OneDrive/Documents/universidad/4to/1r/SEP/Proyectos/pr2/SEPmonG3/SEPmon_SW/Debug/SEPmon_SW.elf
configparams force-mem-access 0
----------------End of Script----------------

17:32:52 INFO  : Context for processor 'ps7_cortexa9_0' is selected.
17:32:52 INFO  : 'con' command is executed.
17:32:52 INFO  : ----------------XSDB Script (After Launch)----------------
targets -set -nocase -filter {name =~ "*A9*#0"}
con
----------------End of Script----------------

17:32:52 INFO  : Launch script is exported to file 'C:\Users\gusta\OneDrive\Documents\universidad\4to\1r\SEP\Proyectos\pr2\SEPmonG3\.sdk\launch_scripts\single_application_debug\debugger_sepmon_sw-default_1.tcl'
17:37:37 INFO  : Checking for BSP changes to sync application flags for project 'SEPmon_SW'...
17:37:43 INFO  : Disconnected from the channel tcfchan#40.
17:37:44 INFO  : Connected to target on host '127.0.0.1' and port '3121'.
17:37:44 INFO  : Jtag cable 'Digilent Zybo Z7 210351B3FC88A' is selected.
17:37:44 INFO  : 'jtag frequency' command is executed.
17:37:44 INFO  : Context for 'APU' is selected.
17:37:44 INFO  : System reset is completed.
17:37:47 INFO  : 'after 3000' command is executed.
17:37:47 INFO  : 'targets -set -filter {jtag_cable_name =~ "Digilent Zybo Z7 210351B3FC88A" && level==0 && jtag_device_ctx=="jsn-Zybo Z7-210351B3FC88A-13722093-0"}' command is executed.
17:37:49 INFO  : FPGA configured successfully with bitstream "C:/Users/gusta/OneDrive/Documents/universidad/4to/1r/SEP/Proyectos/pr2/SEPmonG3/SEPmon_SW/_ide/bitstream/SEPmonG3V2.bit"
17:37:49 INFO  : Context for 'APU' is selected.
17:37:49 INFO  : Hardware design and registers information is loaded from 'C:/Users/gusta/OneDrive/Documents/universidad/4to/1r/SEP/Proyectos/pr2/SEPmonG3/SEPmonG3/export/SEPmonG3/hw/SEPmonG3V2.xsa'.
17:37:49 INFO  : 'configparams force-mem-access 1' command is executed.
17:37:49 INFO  : Context for 'APU' is selected.
17:37:49 INFO  : Sourcing of 'C:/Users/gusta/OneDrive/Documents/universidad/4to/1r/SEP/Proyectos/pr2/SEPmonG3/SEPmon_SW/_ide/psinit/ps7_init.tcl' is done.
17:37:49 INFO  : 'ps7_init' command is executed.
17:37:49 INFO  : 'ps7_post_config' command is executed.
17:37:49 INFO  : Context for processor 'ps7_cortexa9_0' is selected.
17:37:51 INFO  : The application 'C:/Users/gusta/OneDrive/Documents/universidad/4to/1r/SEP/Proyectos/pr2/SEPmonG3/SEPmon_SW/Debug/SEPmon_SW.elf' is downloaded to processor 'ps7_cortexa9_0'.
17:37:51 INFO  : 'configparams force-mem-access 0' command is executed.
17:37:51 INFO  : ----------------XSDB Script----------------
connect -url tcp:127.0.0.1:3121
targets -set -nocase -filter {name =~"APU*"}
rst -system
after 3000
targets -set -filter {jtag_cable_name =~ "Digilent Zybo Z7 210351B3FC88A" && level==0 && jtag_device_ctx=="jsn-Zybo Z7-210351B3FC88A-13722093-0"}
fpga -file C:/Users/gusta/OneDrive/Documents/universidad/4to/1r/SEP/Proyectos/pr2/SEPmonG3/SEPmon_SW/_ide/bitstream/SEPmonG3V2.bit
targets -set -nocase -filter {name =~"APU*"}
loadhw -hw C:/Users/gusta/OneDrive/Documents/universidad/4to/1r/SEP/Proyectos/pr2/SEPmonG3/SEPmonG3/export/SEPmonG3/hw/SEPmonG3V2.xsa -mem-ranges [list {0x40000000 0xbfffffff}] -regs
configparams force-mem-access 1
targets -set -nocase -filter {name =~"APU*"}
source C:/Users/gusta/OneDrive/Documents/universidad/4to/1r/SEP/Proyectos/pr2/SEPmonG3/SEPmon_SW/_ide/psinit/ps7_init.tcl
ps7_init
ps7_post_config
targets -set -nocase -filter {name =~ "*A9*#0"}
dow C:/Users/gusta/OneDrive/Documents/universidad/4to/1r/SEP/Proyectos/pr2/SEPmonG3/SEPmon_SW/Debug/SEPmon_SW.elf
configparams force-mem-access 0
----------------End of Script----------------

17:37:51 INFO  : Context for processor 'ps7_cortexa9_0' is selected.
17:37:51 INFO  : 'con' command is executed.
17:37:51 INFO  : ----------------XSDB Script (After Launch)----------------
targets -set -nocase -filter {name =~ "*A9*#0"}
con
----------------End of Script----------------

17:37:51 INFO  : Launch script is exported to file 'C:\Users\gusta\OneDrive\Documents\universidad\4to\1r\SEP\Proyectos\pr2\SEPmonG3\.sdk\launch_scripts\single_application_debug\debugger_sepmon_sw-default_1.tcl'
17:38:20 INFO  : Checking for BSP changes to sync application flags for project 'SEPmon_SW'...
17:38:27 INFO  : Disconnected from the channel tcfchan#41.
17:38:28 INFO  : Connected to target on host '127.0.0.1' and port '3121'.
17:38:29 INFO  : Jtag cable 'Digilent Zybo Z7 210351B3FC88A' is selected.
17:38:29 INFO  : 'jtag frequency' command is executed.
17:38:29 INFO  : Context for 'APU' is selected.
17:38:29 INFO  : System reset is completed.
17:38:32 INFO  : 'after 3000' command is executed.
17:38:32 INFO  : 'targets -set -filter {jtag_cable_name =~ "Digilent Zybo Z7 210351B3FC88A" && level==0 && jtag_device_ctx=="jsn-Zybo Z7-210351B3FC88A-13722093-0"}' command is executed.
17:38:33 INFO  : FPGA configured successfully with bitstream "C:/Users/gusta/OneDrive/Documents/universidad/4to/1r/SEP/Proyectos/pr2/SEPmonG3/SEPmon_SW/_ide/bitstream/SEPmonG3V2.bit"
17:38:33 INFO  : Context for 'APU' is selected.
17:38:33 INFO  : Hardware design and registers information is loaded from 'C:/Users/gusta/OneDrive/Documents/universidad/4to/1r/SEP/Proyectos/pr2/SEPmonG3/SEPmonG3/export/SEPmonG3/hw/SEPmonG3V2.xsa'.
17:38:33 INFO  : 'configparams force-mem-access 1' command is executed.
17:38:33 INFO  : Context for 'APU' is selected.
17:38:33 INFO  : Sourcing of 'C:/Users/gusta/OneDrive/Documents/universidad/4to/1r/SEP/Proyectos/pr2/SEPmonG3/SEPmon_SW/_ide/psinit/ps7_init.tcl' is done.
17:38:33 INFO  : 'ps7_init' command is executed.
17:38:33 INFO  : 'ps7_post_config' command is executed.
17:38:33 INFO  : Context for processor 'ps7_cortexa9_0' is selected.
17:38:36 INFO  : The application 'C:/Users/gusta/OneDrive/Documents/universidad/4to/1r/SEP/Proyectos/pr2/SEPmonG3/SEPmon_SW/Debug/SEPmon_SW.elf' is downloaded to processor 'ps7_cortexa9_0'.
17:38:36 INFO  : 'configparams force-mem-access 0' command is executed.
17:38:36 INFO  : ----------------XSDB Script----------------
connect -url tcp:127.0.0.1:3121
targets -set -nocase -filter {name =~"APU*"}
rst -system
after 3000
targets -set -filter {jtag_cable_name =~ "Digilent Zybo Z7 210351B3FC88A" && level==0 && jtag_device_ctx=="jsn-Zybo Z7-210351B3FC88A-13722093-0"}
fpga -file C:/Users/gusta/OneDrive/Documents/universidad/4to/1r/SEP/Proyectos/pr2/SEPmonG3/SEPmon_SW/_ide/bitstream/SEPmonG3V2.bit
targets -set -nocase -filter {name =~"APU*"}
loadhw -hw C:/Users/gusta/OneDrive/Documents/universidad/4to/1r/SEP/Proyectos/pr2/SEPmonG3/SEPmonG3/export/SEPmonG3/hw/SEPmonG3V2.xsa -mem-ranges [list {0x40000000 0xbfffffff}] -regs
configparams force-mem-access 1
targets -set -nocase -filter {name =~"APU*"}
source C:/Users/gusta/OneDrive/Documents/universidad/4to/1r/SEP/Proyectos/pr2/SEPmonG3/SEPmon_SW/_ide/psinit/ps7_init.tcl
ps7_init
ps7_post_config
targets -set -nocase -filter {name =~ "*A9*#0"}
dow C:/Users/gusta/OneDrive/Documents/universidad/4to/1r/SEP/Proyectos/pr2/SEPmonG3/SEPmon_SW/Debug/SEPmon_SW.elf
configparams force-mem-access 0
----------------End of Script----------------

17:38:36 INFO  : Context for processor 'ps7_cortexa9_0' is selected.
17:38:36 INFO  : 'con' command is executed.
17:38:36 INFO  : ----------------XSDB Script (After Launch)----------------
targets -set -nocase -filter {name =~ "*A9*#0"}
con
----------------End of Script----------------

17:38:36 INFO  : Launch script is exported to file 'C:\Users\gusta\OneDrive\Documents\universidad\4to\1r\SEP\Proyectos\pr2\SEPmonG3\.sdk\launch_scripts\single_application_debug\debugger_sepmon_sw-default_1.tcl'
17:40:51 INFO  : Checking for BSP changes to sync application flags for project 'SEPmon_SW'...
17:40:55 INFO  : Disconnected from the channel tcfchan#42.
17:40:56 INFO  : Connected to target on host '127.0.0.1' and port '3121'.
17:40:57 INFO  : Jtag cable 'Digilent Zybo Z7 210351B3FC88A' is selected.
17:40:57 INFO  : 'jtag frequency' command is executed.
17:40:57 INFO  : Context for 'APU' is selected.
17:40:57 INFO  : System reset is completed.
17:41:00 INFO  : 'after 3000' command is executed.
17:41:00 INFO  : 'targets -set -filter {jtag_cable_name =~ "Digilent Zybo Z7 210351B3FC88A" && level==0 && jtag_device_ctx=="jsn-Zybo Z7-210351B3FC88A-13722093-0"}' command is executed.
17:41:01 INFO  : FPGA configured successfully with bitstream "C:/Users/gusta/OneDrive/Documents/universidad/4to/1r/SEP/Proyectos/pr2/SEPmonG3/SEPmon_SW/_ide/bitstream/SEPmonG3V2.bit"
17:41:01 INFO  : Context for 'APU' is selected.
17:41:01 INFO  : Hardware design and registers information is loaded from 'C:/Users/gusta/OneDrive/Documents/universidad/4to/1r/SEP/Proyectos/pr2/SEPmonG3/SEPmonG3/export/SEPmonG3/hw/SEPmonG3V2.xsa'.
17:41:01 INFO  : 'configparams force-mem-access 1' command is executed.
17:41:01 INFO  : Context for 'APU' is selected.
17:41:01 INFO  : Sourcing of 'C:/Users/gusta/OneDrive/Documents/universidad/4to/1r/SEP/Proyectos/pr2/SEPmonG3/SEPmon_SW/_ide/psinit/ps7_init.tcl' is done.
17:41:01 INFO  : 'ps7_init' command is executed.
17:41:01 INFO  : 'ps7_post_config' command is executed.
17:41:01 INFO  : Context for processor 'ps7_cortexa9_0' is selected.
17:41:03 INFO  : The application 'C:/Users/gusta/OneDrive/Documents/universidad/4to/1r/SEP/Proyectos/pr2/SEPmonG3/SEPmon_SW/Debug/SEPmon_SW.elf' is downloaded to processor 'ps7_cortexa9_0'.
17:41:03 INFO  : 'configparams force-mem-access 0' command is executed.
17:41:03 INFO  : ----------------XSDB Script----------------
connect -url tcp:127.0.0.1:3121
targets -set -nocase -filter {name =~"APU*"}
rst -system
after 3000
targets -set -filter {jtag_cable_name =~ "Digilent Zybo Z7 210351B3FC88A" && level==0 && jtag_device_ctx=="jsn-Zybo Z7-210351B3FC88A-13722093-0"}
fpga -file C:/Users/gusta/OneDrive/Documents/universidad/4to/1r/SEP/Proyectos/pr2/SEPmonG3/SEPmon_SW/_ide/bitstream/SEPmonG3V2.bit
targets -set -nocase -filter {name =~"APU*"}
loadhw -hw C:/Users/gusta/OneDrive/Documents/universidad/4to/1r/SEP/Proyectos/pr2/SEPmonG3/SEPmonG3/export/SEPmonG3/hw/SEPmonG3V2.xsa -mem-ranges [list {0x40000000 0xbfffffff}] -regs
configparams force-mem-access 1
targets -set -nocase -filter {name =~"APU*"}
source C:/Users/gusta/OneDrive/Documents/universidad/4to/1r/SEP/Proyectos/pr2/SEPmonG3/SEPmon_SW/_ide/psinit/ps7_init.tcl
ps7_init
ps7_post_config
targets -set -nocase -filter {name =~ "*A9*#0"}
dow C:/Users/gusta/OneDrive/Documents/universidad/4to/1r/SEP/Proyectos/pr2/SEPmonG3/SEPmon_SW/Debug/SEPmon_SW.elf
configparams force-mem-access 0
----------------End of Script----------------

17:41:04 INFO  : Context for processor 'ps7_cortexa9_0' is selected.
17:41:04 INFO  : 'con' command is executed.
17:41:04 INFO  : ----------------XSDB Script (After Launch)----------------
targets -set -nocase -filter {name =~ "*A9*#0"}
con
----------------End of Script----------------

17:41:04 INFO  : Launch script is exported to file 'C:\Users\gusta\OneDrive\Documents\universidad\4to\1r\SEP\Proyectos\pr2\SEPmonG3\.sdk\launch_scripts\single_application_debug\debugger_sepmon_sw-default_1.tcl'
17:42:53 INFO  : Checking for BSP changes to sync application flags for project 'SEPmon_SW'...
17:43:02 INFO  : Disconnected from the channel tcfchan#43.
17:43:03 INFO  : Connected to target on host '127.0.0.1' and port '3121'.
17:43:03 INFO  : Jtag cable 'Digilent Zybo Z7 210351B3FC88A' is selected.
17:43:03 INFO  : 'jtag frequency' command is executed.
17:43:03 INFO  : Context for 'APU' is selected.
17:43:03 INFO  : System reset is completed.
17:43:06 INFO  : 'after 3000' command is executed.
17:43:06 INFO  : 'targets -set -filter {jtag_cable_name =~ "Digilent Zybo Z7 210351B3FC88A" && level==0 && jtag_device_ctx=="jsn-Zybo Z7-210351B3FC88A-13722093-0"}' command is executed.
17:43:07 INFO  : FPGA configured successfully with bitstream "C:/Users/gusta/OneDrive/Documents/universidad/4to/1r/SEP/Proyectos/pr2/SEPmonG3/SEPmon_SW/_ide/bitstream/SEPmonG3V2.bit"
17:43:07 INFO  : Context for 'APU' is selected.
17:43:07 INFO  : Hardware design and registers information is loaded from 'C:/Users/gusta/OneDrive/Documents/universidad/4to/1r/SEP/Proyectos/pr2/SEPmonG3/SEPmonG3/export/SEPmonG3/hw/SEPmonG3V2.xsa'.
17:43:07 INFO  : 'configparams force-mem-access 1' command is executed.
17:43:07 INFO  : Context for 'APU' is selected.
17:43:07 INFO  : Sourcing of 'C:/Users/gusta/OneDrive/Documents/universidad/4to/1r/SEP/Proyectos/pr2/SEPmonG3/SEPmon_SW/_ide/psinit/ps7_init.tcl' is done.
17:43:08 INFO  : 'ps7_init' command is executed.
17:43:08 INFO  : 'ps7_post_config' command is executed.
17:43:08 INFO  : Context for processor 'ps7_cortexa9_0' is selected.
17:43:10 INFO  : The application 'C:/Users/gusta/OneDrive/Documents/universidad/4to/1r/SEP/Proyectos/pr2/SEPmonG3/SEPmon_SW/Debug/SEPmon_SW.elf' is downloaded to processor 'ps7_cortexa9_0'.
17:43:10 INFO  : 'configparams force-mem-access 0' command is executed.
17:43:10 INFO  : ----------------XSDB Script----------------
connect -url tcp:127.0.0.1:3121
targets -set -nocase -filter {name =~"APU*"}
rst -system
after 3000
targets -set -filter {jtag_cable_name =~ "Digilent Zybo Z7 210351B3FC88A" && level==0 && jtag_device_ctx=="jsn-Zybo Z7-210351B3FC88A-13722093-0"}
fpga -file C:/Users/gusta/OneDrive/Documents/universidad/4to/1r/SEP/Proyectos/pr2/SEPmonG3/SEPmon_SW/_ide/bitstream/SEPmonG3V2.bit
targets -set -nocase -filter {name =~"APU*"}
loadhw -hw C:/Users/gusta/OneDrive/Documents/universidad/4to/1r/SEP/Proyectos/pr2/SEPmonG3/SEPmonG3/export/SEPmonG3/hw/SEPmonG3V2.xsa -mem-ranges [list {0x40000000 0xbfffffff}] -regs
configparams force-mem-access 1
targets -set -nocase -filter {name =~"APU*"}
source C:/Users/gusta/OneDrive/Documents/universidad/4to/1r/SEP/Proyectos/pr2/SEPmonG3/SEPmon_SW/_ide/psinit/ps7_init.tcl
ps7_init
ps7_post_config
targets -set -nocase -filter {name =~ "*A9*#0"}
dow C:/Users/gusta/OneDrive/Documents/universidad/4to/1r/SEP/Proyectos/pr2/SEPmonG3/SEPmon_SW/Debug/SEPmon_SW.elf
configparams force-mem-access 0
----------------End of Script----------------

17:43:10 INFO  : Context for processor 'ps7_cortexa9_0' is selected.
17:43:10 INFO  : 'con' command is executed.
17:43:10 INFO  : ----------------XSDB Script (After Launch)----------------
targets -set -nocase -filter {name =~ "*A9*#0"}
con
----------------End of Script----------------

17:43:10 INFO  : Launch script is exported to file 'C:\Users\gusta\OneDrive\Documents\universidad\4to\1r\SEP\Proyectos\pr2\SEPmonG3\.sdk\launch_scripts\single_application_debug\debugger_sepmon_sw-default_1.tcl'
17:43:46 INFO  : Checking for BSP changes to sync application flags for project 'SEPmon_SW'...
17:43:54 INFO  : Disconnected from the channel tcfchan#44.
17:43:55 INFO  : Connected to target on host '127.0.0.1' and port '3121'.
17:43:55 INFO  : Jtag cable 'Digilent Zybo Z7 210351B3FC88A' is selected.
17:43:55 INFO  : 'jtag frequency' command is executed.
17:43:55 INFO  : Context for 'APU' is selected.
17:43:55 INFO  : System reset is completed.
17:43:58 INFO  : 'after 3000' command is executed.
17:43:58 INFO  : 'targets -set -filter {jtag_cable_name =~ "Digilent Zybo Z7 210351B3FC88A" && level==0 && jtag_device_ctx=="jsn-Zybo Z7-210351B3FC88A-13722093-0"}' command is executed.
17:44:00 INFO  : FPGA configured successfully with bitstream "C:/Users/gusta/OneDrive/Documents/universidad/4to/1r/SEP/Proyectos/pr2/SEPmonG3/SEPmon_SW/_ide/bitstream/SEPmonG3V2.bit"
17:44:00 INFO  : Context for 'APU' is selected.
17:44:00 INFO  : Hardware design and registers information is loaded from 'C:/Users/gusta/OneDrive/Documents/universidad/4to/1r/SEP/Proyectos/pr2/SEPmonG3/SEPmonG3/export/SEPmonG3/hw/SEPmonG3V2.xsa'.
17:44:00 INFO  : 'configparams force-mem-access 1' command is executed.
17:44:00 INFO  : Context for 'APU' is selected.
17:44:00 INFO  : Sourcing of 'C:/Users/gusta/OneDrive/Documents/universidad/4to/1r/SEP/Proyectos/pr2/SEPmonG3/SEPmon_SW/_ide/psinit/ps7_init.tcl' is done.
17:44:00 INFO  : 'ps7_init' command is executed.
17:44:00 INFO  : 'ps7_post_config' command is executed.
17:44:00 INFO  : Context for processor 'ps7_cortexa9_0' is selected.
17:44:02 INFO  : The application 'C:/Users/gusta/OneDrive/Documents/universidad/4to/1r/SEP/Proyectos/pr2/SEPmonG3/SEPmon_SW/Debug/SEPmon_SW.elf' is downloaded to processor 'ps7_cortexa9_0'.
17:44:02 INFO  : 'configparams force-mem-access 0' command is executed.
17:44:02 INFO  : ----------------XSDB Script----------------
connect -url tcp:127.0.0.1:3121
targets -set -nocase -filter {name =~"APU*"}
rst -system
after 3000
targets -set -filter {jtag_cable_name =~ "Digilent Zybo Z7 210351B3FC88A" && level==0 && jtag_device_ctx=="jsn-Zybo Z7-210351B3FC88A-13722093-0"}
fpga -file C:/Users/gusta/OneDrive/Documents/universidad/4to/1r/SEP/Proyectos/pr2/SEPmonG3/SEPmon_SW/_ide/bitstream/SEPmonG3V2.bit
targets -set -nocase -filter {name =~"APU*"}
loadhw -hw C:/Users/gusta/OneDrive/Documents/universidad/4to/1r/SEP/Proyectos/pr2/SEPmonG3/SEPmonG3/export/SEPmonG3/hw/SEPmonG3V2.xsa -mem-ranges [list {0x40000000 0xbfffffff}] -regs
configparams force-mem-access 1
targets -set -nocase -filter {name =~"APU*"}
source C:/Users/gusta/OneDrive/Documents/universidad/4to/1r/SEP/Proyectos/pr2/SEPmonG3/SEPmon_SW/_ide/psinit/ps7_init.tcl
ps7_init
ps7_post_config
targets -set -nocase -filter {name =~ "*A9*#0"}
dow C:/Users/gusta/OneDrive/Documents/universidad/4to/1r/SEP/Proyectos/pr2/SEPmonG3/SEPmon_SW/Debug/SEPmon_SW.elf
configparams force-mem-access 0
----------------End of Script----------------

17:44:02 INFO  : Context for processor 'ps7_cortexa9_0' is selected.
17:44:02 INFO  : 'con' command is executed.
17:44:02 INFO  : ----------------XSDB Script (After Launch)----------------
targets -set -nocase -filter {name =~ "*A9*#0"}
con
----------------End of Script----------------

17:44:02 INFO  : Launch script is exported to file 'C:\Users\gusta\OneDrive\Documents\universidad\4to\1r\SEP\Proyectos\pr2\SEPmonG3\.sdk\launch_scripts\single_application_debug\debugger_sepmon_sw-default_1.tcl'
17:45:02 INFO  : Checking for BSP changes to sync application flags for project 'SEPmon_SW'...
17:45:08 INFO  : Disconnected from the channel tcfchan#45.
17:45:09 INFO  : Connected to target on host '127.0.0.1' and port '3121'.
17:45:09 INFO  : Jtag cable 'Digilent Zybo Z7 210351B3FC88A' is selected.
17:45:09 INFO  : 'jtag frequency' command is executed.
17:45:09 INFO  : Context for 'APU' is selected.
17:45:09 INFO  : System reset is completed.
17:45:12 INFO  : 'after 3000' command is executed.
17:45:12 INFO  : 'targets -set -filter {jtag_cable_name =~ "Digilent Zybo Z7 210351B3FC88A" && level==0 && jtag_device_ctx=="jsn-Zybo Z7-210351B3FC88A-13722093-0"}' command is executed.
17:45:13 INFO  : FPGA configured successfully with bitstream "C:/Users/gusta/OneDrive/Documents/universidad/4to/1r/SEP/Proyectos/pr2/SEPmonG3/SEPmon_SW/_ide/bitstream/SEPmonG3V2.bit"
17:45:13 INFO  : Context for 'APU' is selected.
17:45:13 INFO  : Hardware design and registers information is loaded from 'C:/Users/gusta/OneDrive/Documents/universidad/4to/1r/SEP/Proyectos/pr2/SEPmonG3/SEPmonG3/export/SEPmonG3/hw/SEPmonG3V2.xsa'.
17:45:13 INFO  : 'configparams force-mem-access 1' command is executed.
17:45:13 INFO  : Context for 'APU' is selected.
17:45:13 INFO  : Sourcing of 'C:/Users/gusta/OneDrive/Documents/universidad/4to/1r/SEP/Proyectos/pr2/SEPmonG3/SEPmon_SW/_ide/psinit/ps7_init.tcl' is done.
17:45:14 INFO  : 'ps7_init' command is executed.
17:45:14 INFO  : 'ps7_post_config' command is executed.
17:45:14 INFO  : Context for processor 'ps7_cortexa9_0' is selected.
17:45:16 INFO  : The application 'C:/Users/gusta/OneDrive/Documents/universidad/4to/1r/SEP/Proyectos/pr2/SEPmonG3/SEPmon_SW/Debug/SEPmon_SW.elf' is downloaded to processor 'ps7_cortexa9_0'.
17:45:16 INFO  : 'configparams force-mem-access 0' command is executed.
17:45:16 INFO  : ----------------XSDB Script----------------
connect -url tcp:127.0.0.1:3121
targets -set -nocase -filter {name =~"APU*"}
rst -system
after 3000
targets -set -filter {jtag_cable_name =~ "Digilent Zybo Z7 210351B3FC88A" && level==0 && jtag_device_ctx=="jsn-Zybo Z7-210351B3FC88A-13722093-0"}
fpga -file C:/Users/gusta/OneDrive/Documents/universidad/4to/1r/SEP/Proyectos/pr2/SEPmonG3/SEPmon_SW/_ide/bitstream/SEPmonG3V2.bit
targets -set -nocase -filter {name =~"APU*"}
loadhw -hw C:/Users/gusta/OneDrive/Documents/universidad/4to/1r/SEP/Proyectos/pr2/SEPmonG3/SEPmonG3/export/SEPmonG3/hw/SEPmonG3V2.xsa -mem-ranges [list {0x40000000 0xbfffffff}] -regs
configparams force-mem-access 1
targets -set -nocase -filter {name =~"APU*"}
source C:/Users/gusta/OneDrive/Documents/universidad/4to/1r/SEP/Proyectos/pr2/SEPmonG3/SEPmon_SW/_ide/psinit/ps7_init.tcl
ps7_init
ps7_post_config
targets -set -nocase -filter {name =~ "*A9*#0"}
dow C:/Users/gusta/OneDrive/Documents/universidad/4to/1r/SEP/Proyectos/pr2/SEPmonG3/SEPmon_SW/Debug/SEPmon_SW.elf
configparams force-mem-access 0
----------------End of Script----------------

17:45:16 INFO  : Context for processor 'ps7_cortexa9_0' is selected.
17:45:16 INFO  : 'con' command is executed.
17:45:16 INFO  : ----------------XSDB Script (After Launch)----------------
targets -set -nocase -filter {name =~ "*A9*#0"}
con
----------------End of Script----------------

17:45:16 INFO  : Launch script is exported to file 'C:\Users\gusta\OneDrive\Documents\universidad\4to\1r\SEP\Proyectos\pr2\SEPmonG3\.sdk\launch_scripts\single_application_debug\debugger_sepmon_sw-default_1.tcl'
17:45:56 INFO  : Checking for BSP changes to sync application flags for project 'SEPmon_SW'...
17:46:01 INFO  : Disconnected from the channel tcfchan#46.
17:46:02 INFO  : Connected to target on host '127.0.0.1' and port '3121'.
17:46:02 INFO  : Jtag cable 'Digilent Zybo Z7 210351B3FC88A' is selected.
17:46:02 INFO  : 'jtag frequency' command is executed.
17:46:02 INFO  : Context for 'APU' is selected.
17:46:02 INFO  : System reset is completed.
17:46:05 INFO  : 'after 3000' command is executed.
17:46:05 INFO  : 'targets -set -filter {jtag_cable_name =~ "Digilent Zybo Z7 210351B3FC88A" && level==0 && jtag_device_ctx=="jsn-Zybo Z7-210351B3FC88A-13722093-0"}' command is executed.
17:46:06 INFO  : FPGA configured successfully with bitstream "C:/Users/gusta/OneDrive/Documents/universidad/4to/1r/SEP/Proyectos/pr2/SEPmonG3/SEPmon_SW/_ide/bitstream/SEPmonG3V2.bit"
17:46:07 INFO  : Context for 'APU' is selected.
17:46:07 INFO  : Hardware design and registers information is loaded from 'C:/Users/gusta/OneDrive/Documents/universidad/4to/1r/SEP/Proyectos/pr2/SEPmonG3/SEPmonG3/export/SEPmonG3/hw/SEPmonG3V2.xsa'.
17:46:07 INFO  : 'configparams force-mem-access 1' command is executed.
17:46:07 INFO  : Context for 'APU' is selected.
17:46:07 INFO  : Sourcing of 'C:/Users/gusta/OneDrive/Documents/universidad/4to/1r/SEP/Proyectos/pr2/SEPmonG3/SEPmon_SW/_ide/psinit/ps7_init.tcl' is done.
17:46:07 INFO  : 'ps7_init' command is executed.
17:46:07 INFO  : 'ps7_post_config' command is executed.
17:46:07 INFO  : Context for processor 'ps7_cortexa9_0' is selected.
17:46:09 INFO  : The application 'C:/Users/gusta/OneDrive/Documents/universidad/4to/1r/SEP/Proyectos/pr2/SEPmonG3/SEPmon_SW/Debug/SEPmon_SW.elf' is downloaded to processor 'ps7_cortexa9_0'.
17:46:09 INFO  : 'configparams force-mem-access 0' command is executed.
17:46:09 INFO  : ----------------XSDB Script----------------
connect -url tcp:127.0.0.1:3121
targets -set -nocase -filter {name =~"APU*"}
rst -system
after 3000
targets -set -filter {jtag_cable_name =~ "Digilent Zybo Z7 210351B3FC88A" && level==0 && jtag_device_ctx=="jsn-Zybo Z7-210351B3FC88A-13722093-0"}
fpga -file C:/Users/gusta/OneDrive/Documents/universidad/4to/1r/SEP/Proyectos/pr2/SEPmonG3/SEPmon_SW/_ide/bitstream/SEPmonG3V2.bit
targets -set -nocase -filter {name =~"APU*"}
loadhw -hw C:/Users/gusta/OneDrive/Documents/universidad/4to/1r/SEP/Proyectos/pr2/SEPmonG3/SEPmonG3/export/SEPmonG3/hw/SEPmonG3V2.xsa -mem-ranges [list {0x40000000 0xbfffffff}] -regs
configparams force-mem-access 1
targets -set -nocase -filter {name =~"APU*"}
source C:/Users/gusta/OneDrive/Documents/universidad/4to/1r/SEP/Proyectos/pr2/SEPmonG3/SEPmon_SW/_ide/psinit/ps7_init.tcl
ps7_init
ps7_post_config
targets -set -nocase -filter {name =~ "*A9*#0"}
dow C:/Users/gusta/OneDrive/Documents/universidad/4to/1r/SEP/Proyectos/pr2/SEPmonG3/SEPmon_SW/Debug/SEPmon_SW.elf
configparams force-mem-access 0
----------------End of Script----------------

17:46:09 INFO  : Context for processor 'ps7_cortexa9_0' is selected.
17:46:09 INFO  : 'con' command is executed.
17:46:09 INFO  : ----------------XSDB Script (After Launch)----------------
targets -set -nocase -filter {name =~ "*A9*#0"}
con
----------------End of Script----------------

17:46:09 INFO  : Launch script is exported to file 'C:\Users\gusta\OneDrive\Documents\universidad\4to\1r\SEP\Proyectos\pr2\SEPmonG3\.sdk\launch_scripts\single_application_debug\debugger_sepmon_sw-default_1.tcl'
17:47:59 INFO  : Checking for BSP changes to sync application flags for project 'SEPmon_SW'...
17:48:07 INFO  : Disconnected from the channel tcfchan#47.
17:48:08 INFO  : Connected to target on host '127.0.0.1' and port '3121'.
17:48:08 INFO  : Jtag cable 'Digilent Zybo Z7 210351B3FC88A' is selected.
17:48:08 INFO  : 'jtag frequency' command is executed.
17:48:08 INFO  : Context for 'APU' is selected.
17:48:08 INFO  : System reset is completed.
17:48:11 INFO  : 'after 3000' command is executed.
17:48:11 INFO  : 'targets -set -filter {jtag_cable_name =~ "Digilent Zybo Z7 210351B3FC88A" && level==0 && jtag_device_ctx=="jsn-Zybo Z7-210351B3FC88A-13722093-0"}' command is executed.
17:48:13 INFO  : FPGA configured successfully with bitstream "C:/Users/gusta/OneDrive/Documents/universidad/4to/1r/SEP/Proyectos/pr2/SEPmonG3/SEPmon_SW/_ide/bitstream/SEPmonG3V2.bit"
17:48:13 INFO  : Context for 'APU' is selected.
17:48:13 INFO  : Hardware design and registers information is loaded from 'C:/Users/gusta/OneDrive/Documents/universidad/4to/1r/SEP/Proyectos/pr2/SEPmonG3/SEPmonG3/export/SEPmonG3/hw/SEPmonG3V2.xsa'.
17:48:13 INFO  : 'configparams force-mem-access 1' command is executed.
17:48:13 INFO  : Context for 'APU' is selected.
17:48:13 INFO  : Sourcing of 'C:/Users/gusta/OneDrive/Documents/universidad/4to/1r/SEP/Proyectos/pr2/SEPmonG3/SEPmon_SW/_ide/psinit/ps7_init.tcl' is done.
17:48:13 INFO  : 'ps7_init' command is executed.
17:48:13 INFO  : 'ps7_post_config' command is executed.
17:48:13 INFO  : Context for processor 'ps7_cortexa9_0' is selected.
17:48:15 INFO  : The application 'C:/Users/gusta/OneDrive/Documents/universidad/4to/1r/SEP/Proyectos/pr2/SEPmonG3/SEPmon_SW/Debug/SEPmon_SW.elf' is downloaded to processor 'ps7_cortexa9_0'.
17:48:15 INFO  : 'configparams force-mem-access 0' command is executed.
17:48:15 INFO  : ----------------XSDB Script----------------
connect -url tcp:127.0.0.1:3121
targets -set -nocase -filter {name =~"APU*"}
rst -system
after 3000
targets -set -filter {jtag_cable_name =~ "Digilent Zybo Z7 210351B3FC88A" && level==0 && jtag_device_ctx=="jsn-Zybo Z7-210351B3FC88A-13722093-0"}
fpga -file C:/Users/gusta/OneDrive/Documents/universidad/4to/1r/SEP/Proyectos/pr2/SEPmonG3/SEPmon_SW/_ide/bitstream/SEPmonG3V2.bit
targets -set -nocase -filter {name =~"APU*"}
loadhw -hw C:/Users/gusta/OneDrive/Documents/universidad/4to/1r/SEP/Proyectos/pr2/SEPmonG3/SEPmonG3/export/SEPmonG3/hw/SEPmonG3V2.xsa -mem-ranges [list {0x40000000 0xbfffffff}] -regs
configparams force-mem-access 1
targets -set -nocase -filter {name =~"APU*"}
source C:/Users/gusta/OneDrive/Documents/universidad/4to/1r/SEP/Proyectos/pr2/SEPmonG3/SEPmon_SW/_ide/psinit/ps7_init.tcl
ps7_init
ps7_post_config
targets -set -nocase -filter {name =~ "*A9*#0"}
dow C:/Users/gusta/OneDrive/Documents/universidad/4to/1r/SEP/Proyectos/pr2/SEPmonG3/SEPmon_SW/Debug/SEPmon_SW.elf
configparams force-mem-access 0
----------------End of Script----------------

17:48:15 INFO  : Context for processor 'ps7_cortexa9_0' is selected.
17:48:15 INFO  : 'con' command is executed.
17:48:15 INFO  : ----------------XSDB Script (After Launch)----------------
targets -set -nocase -filter {name =~ "*A9*#0"}
con
----------------End of Script----------------

17:48:15 INFO  : Launch script is exported to file 'C:\Users\gusta\OneDrive\Documents\universidad\4to\1r\SEP\Proyectos\pr2\SEPmonG3\.sdk\launch_scripts\single_application_debug\debugger_sepmon_sw-default_1.tcl'
17:48:59 INFO  : Checking for BSP changes to sync application flags for project 'SEPmon_SW'...
17:49:04 INFO  : Checking for BSP changes to sync application flags for project 'SEPmon_SW'...
17:49:18 INFO  : Disconnected from the channel tcfchan#48.
17:49:19 INFO  : Connected to target on host '127.0.0.1' and port '3121'.
17:49:19 INFO  : Jtag cable 'Digilent Zybo Z7 210351B3FC88A' is selected.
17:49:19 INFO  : 'jtag frequency' command is executed.
17:49:19 INFO  : Context for 'APU' is selected.
17:49:19 INFO  : System reset is completed.
17:49:22 INFO  : 'after 3000' command is executed.
17:49:22 INFO  : 'targets -set -filter {jtag_cable_name =~ "Digilent Zybo Z7 210351B3FC88A" && level==0 && jtag_device_ctx=="jsn-Zybo Z7-210351B3FC88A-13722093-0"}' command is executed.
17:49:23 INFO  : FPGA configured successfully with bitstream "C:/Users/gusta/OneDrive/Documents/universidad/4to/1r/SEP/Proyectos/pr2/SEPmonG3/SEPmon_SW/_ide/bitstream/SEPmonG3V2.bit"
17:49:23 INFO  : Context for 'APU' is selected.
17:49:23 INFO  : Hardware design and registers information is loaded from 'C:/Users/gusta/OneDrive/Documents/universidad/4to/1r/SEP/Proyectos/pr2/SEPmonG3/SEPmonG3/export/SEPmonG3/hw/SEPmonG3V2.xsa'.
17:49:23 INFO  : 'configparams force-mem-access 1' command is executed.
17:49:23 INFO  : Context for 'APU' is selected.
17:49:23 INFO  : Sourcing of 'C:/Users/gusta/OneDrive/Documents/universidad/4to/1r/SEP/Proyectos/pr2/SEPmonG3/SEPmon_SW/_ide/psinit/ps7_init.tcl' is done.
17:49:24 INFO  : 'ps7_init' command is executed.
17:49:24 INFO  : 'ps7_post_config' command is executed.
17:49:24 INFO  : Context for processor 'ps7_cortexa9_0' is selected.
17:49:26 INFO  : The application 'C:/Users/gusta/OneDrive/Documents/universidad/4to/1r/SEP/Proyectos/pr2/SEPmonG3/SEPmon_SW/Debug/SEPmon_SW.elf' is downloaded to processor 'ps7_cortexa9_0'.
17:49:26 INFO  : 'configparams force-mem-access 0' command is executed.
17:49:26 INFO  : ----------------XSDB Script----------------
connect -url tcp:127.0.0.1:3121
targets -set -nocase -filter {name =~"APU*"}
rst -system
after 3000
targets -set -filter {jtag_cable_name =~ "Digilent Zybo Z7 210351B3FC88A" && level==0 && jtag_device_ctx=="jsn-Zybo Z7-210351B3FC88A-13722093-0"}
fpga -file C:/Users/gusta/OneDrive/Documents/universidad/4to/1r/SEP/Proyectos/pr2/SEPmonG3/SEPmon_SW/_ide/bitstream/SEPmonG3V2.bit
targets -set -nocase -filter {name =~"APU*"}
loadhw -hw C:/Users/gusta/OneDrive/Documents/universidad/4to/1r/SEP/Proyectos/pr2/SEPmonG3/SEPmonG3/export/SEPmonG3/hw/SEPmonG3V2.xsa -mem-ranges [list {0x40000000 0xbfffffff}] -regs
configparams force-mem-access 1
targets -set -nocase -filter {name =~"APU*"}
source C:/Users/gusta/OneDrive/Documents/universidad/4to/1r/SEP/Proyectos/pr2/SEPmonG3/SEPmon_SW/_ide/psinit/ps7_init.tcl
ps7_init
ps7_post_config
targets -set -nocase -filter {name =~ "*A9*#0"}
dow C:/Users/gusta/OneDrive/Documents/universidad/4to/1r/SEP/Proyectos/pr2/SEPmonG3/SEPmon_SW/Debug/SEPmon_SW.elf
configparams force-mem-access 0
----------------End of Script----------------

17:49:26 INFO  : Context for processor 'ps7_cortexa9_0' is selected.
17:49:26 INFO  : 'con' command is executed.
17:49:26 INFO  : ----------------XSDB Script (After Launch)----------------
targets -set -nocase -filter {name =~ "*A9*#0"}
con
----------------End of Script----------------

17:49:26 INFO  : Launch script is exported to file 'C:\Users\gusta\OneDrive\Documents\universidad\4to\1r\SEP\Proyectos\pr2\SEPmonG3\.sdk\launch_scripts\single_application_debug\debugger_sepmon_sw-default_1.tcl'
17:50:25 INFO  : Checking for BSP changes to sync application flags for project 'SEPmon_SW'...
17:50:36 INFO  : Disconnected from the channel tcfchan#49.
17:50:37 INFO  : Connected to target on host '127.0.0.1' and port '3121'.
17:50:37 INFO  : Jtag cable 'Digilent Zybo Z7 210351B3FC88A' is selected.
17:50:37 INFO  : 'jtag frequency' command is executed.
17:50:37 INFO  : Context for 'APU' is selected.
17:50:38 INFO  : System reset is completed.
17:50:41 INFO  : 'after 3000' command is executed.
17:50:41 INFO  : 'targets -set -filter {jtag_cable_name =~ "Digilent Zybo Z7 210351B3FC88A" && level==0 && jtag_device_ctx=="jsn-Zybo Z7-210351B3FC88A-13722093-0"}' command is executed.
17:50:42 INFO  : FPGA configured successfully with bitstream "C:/Users/gusta/OneDrive/Documents/universidad/4to/1r/SEP/Proyectos/pr2/SEPmonG3/SEPmon_SW/_ide/bitstream/SEPmonG3V2.bit"
17:50:42 INFO  : Context for 'APU' is selected.
17:50:42 INFO  : Hardware design and registers information is loaded from 'C:/Users/gusta/OneDrive/Documents/universidad/4to/1r/SEP/Proyectos/pr2/SEPmonG3/SEPmonG3/export/SEPmonG3/hw/SEPmonG3V2.xsa'.
17:50:42 INFO  : 'configparams force-mem-access 1' command is executed.
17:50:42 INFO  : Context for 'APU' is selected.
17:50:42 INFO  : Sourcing of 'C:/Users/gusta/OneDrive/Documents/universidad/4to/1r/SEP/Proyectos/pr2/SEPmonG3/SEPmon_SW/_ide/psinit/ps7_init.tcl' is done.
17:50:42 INFO  : 'ps7_init' command is executed.
17:50:42 INFO  : 'ps7_post_config' command is executed.
17:50:42 INFO  : Context for processor 'ps7_cortexa9_0' is selected.
17:50:44 INFO  : The application 'C:/Users/gusta/OneDrive/Documents/universidad/4to/1r/SEP/Proyectos/pr2/SEPmonG3/SEPmon_SW/Debug/SEPmon_SW.elf' is downloaded to processor 'ps7_cortexa9_0'.
17:50:44 INFO  : 'configparams force-mem-access 0' command is executed.
17:50:44 INFO  : ----------------XSDB Script----------------
connect -url tcp:127.0.0.1:3121
targets -set -nocase -filter {name =~"APU*"}
rst -system
after 3000
targets -set -filter {jtag_cable_name =~ "Digilent Zybo Z7 210351B3FC88A" && level==0 && jtag_device_ctx=="jsn-Zybo Z7-210351B3FC88A-13722093-0"}
fpga -file C:/Users/gusta/OneDrive/Documents/universidad/4to/1r/SEP/Proyectos/pr2/SEPmonG3/SEPmon_SW/_ide/bitstream/SEPmonG3V2.bit
targets -set -nocase -filter {name =~"APU*"}
loadhw -hw C:/Users/gusta/OneDrive/Documents/universidad/4to/1r/SEP/Proyectos/pr2/SEPmonG3/SEPmonG3/export/SEPmonG3/hw/SEPmonG3V2.xsa -mem-ranges [list {0x40000000 0xbfffffff}] -regs
configparams force-mem-access 1
targets -set -nocase -filter {name =~"APU*"}
source C:/Users/gusta/OneDrive/Documents/universidad/4to/1r/SEP/Proyectos/pr2/SEPmonG3/SEPmon_SW/_ide/psinit/ps7_init.tcl
ps7_init
ps7_post_config
targets -set -nocase -filter {name =~ "*A9*#0"}
dow C:/Users/gusta/OneDrive/Documents/universidad/4to/1r/SEP/Proyectos/pr2/SEPmonG3/SEPmon_SW/Debug/SEPmon_SW.elf
configparams force-mem-access 0
----------------End of Script----------------

17:50:44 INFO  : Context for processor 'ps7_cortexa9_0' is selected.
17:50:45 INFO  : 'con' command is executed.
17:50:45 INFO  : ----------------XSDB Script (After Launch)----------------
targets -set -nocase -filter {name =~ "*A9*#0"}
con
----------------End of Script----------------

17:50:45 INFO  : Launch script is exported to file 'C:\Users\gusta\OneDrive\Documents\universidad\4to\1r\SEP\Proyectos\pr2\SEPmonG3\.sdk\launch_scripts\single_application_debug\debugger_sepmon_sw-default_1.tcl'
17:55:09 INFO  : Disconnected from the channel tcfchan#50.
17:55:10 INFO  : Connected to target on host '127.0.0.1' and port '3121'.
17:55:10 INFO  : Jtag cable 'Digilent Zybo Z7 210351B3FC88A' is selected.
17:55:10 INFO  : 'jtag frequency' command is executed.
17:55:10 INFO  : Context for 'APU' is selected.
17:55:10 INFO  : System reset is completed.
17:55:13 INFO  : 'after 3000' command is executed.
17:55:13 INFO  : 'targets -set -filter {jtag_cable_name =~ "Digilent Zybo Z7 210351B3FC88A" && level==0 && jtag_device_ctx=="jsn-Zybo Z7-210351B3FC88A-13722093-0"}' command is executed.
17:55:14 INFO  : FPGA configured successfully with bitstream "C:/Users/gusta/OneDrive/Documents/universidad/4to/1r/SEP/Proyectos/pr2/SEPmonG3/SEPmon_SW/_ide/bitstream/SEPmonG3V2.bit"
17:55:14 INFO  : Context for 'APU' is selected.
17:55:14 INFO  : Hardware design and registers information is loaded from 'C:/Users/gusta/OneDrive/Documents/universidad/4to/1r/SEP/Proyectos/pr2/SEPmonG3/SEPmonG3/export/SEPmonG3/hw/SEPmonG3V2.xsa'.
17:55:14 INFO  : 'configparams force-mem-access 1' command is executed.
17:55:14 INFO  : Context for 'APU' is selected.
17:55:14 INFO  : Sourcing of 'C:/Users/gusta/OneDrive/Documents/universidad/4to/1r/SEP/Proyectos/pr2/SEPmonG3/SEPmon_SW/_ide/psinit/ps7_init.tcl' is done.
17:55:15 INFO  : 'ps7_init' command is executed.
17:55:15 INFO  : 'ps7_post_config' command is executed.
17:55:15 INFO  : Context for processor 'ps7_cortexa9_0' is selected.
17:55:17 INFO  : The application 'C:/Users/gusta/OneDrive/Documents/universidad/4to/1r/SEP/Proyectos/pr2/SEPmonG3/SEPmon_SW/Debug/SEPmon_SW.elf' is downloaded to processor 'ps7_cortexa9_0'.
17:55:17 INFO  : 'configparams force-mem-access 0' command is executed.
17:55:17 INFO  : ----------------XSDB Script----------------
connect -url tcp:127.0.0.1:3121
targets -set -nocase -filter {name =~"APU*"}
rst -system
after 3000
targets -set -filter {jtag_cable_name =~ "Digilent Zybo Z7 210351B3FC88A" && level==0 && jtag_device_ctx=="jsn-Zybo Z7-210351B3FC88A-13722093-0"}
fpga -file C:/Users/gusta/OneDrive/Documents/universidad/4to/1r/SEP/Proyectos/pr2/SEPmonG3/SEPmon_SW/_ide/bitstream/SEPmonG3V2.bit
targets -set -nocase -filter {name =~"APU*"}
loadhw -hw C:/Users/gusta/OneDrive/Documents/universidad/4to/1r/SEP/Proyectos/pr2/SEPmonG3/SEPmonG3/export/SEPmonG3/hw/SEPmonG3V2.xsa -mem-ranges [list {0x40000000 0xbfffffff}] -regs
configparams force-mem-access 1
targets -set -nocase -filter {name =~"APU*"}
source C:/Users/gusta/OneDrive/Documents/universidad/4to/1r/SEP/Proyectos/pr2/SEPmonG3/SEPmon_SW/_ide/psinit/ps7_init.tcl
ps7_init
ps7_post_config
targets -set -nocase -filter {name =~ "*A9*#0"}
dow C:/Users/gusta/OneDrive/Documents/universidad/4to/1r/SEP/Proyectos/pr2/SEPmonG3/SEPmon_SW/Debug/SEPmon_SW.elf
configparams force-mem-access 0
----------------End of Script----------------

17:55:17 INFO  : Context for processor 'ps7_cortexa9_0' is selected.
17:55:17 INFO  : 'con' command is executed.
17:55:17 INFO  : ----------------XSDB Script (After Launch)----------------
targets -set -nocase -filter {name =~ "*A9*#0"}
con
----------------End of Script----------------

17:55:17 INFO  : Launch script is exported to file 'C:\Users\gusta\OneDrive\Documents\universidad\4to\1r\SEP\Proyectos\pr2\SEPmonG3\.sdk\launch_scripts\single_application_debug\debugger_sepmon_sw-default_1.tcl'
18:07:46 INFO  : Checking for BSP changes to sync application flags for project 'SEPmon_SW'...
18:07:57 INFO  : Disconnected from the channel tcfchan#51.
18:07:58 INFO  : Connected to target on host '127.0.0.1' and port '3121'.
18:07:58 INFO  : Jtag cable 'Digilent Zybo Z7 210351B3FC88A' is selected.
18:07:58 INFO  : 'jtag frequency' command is executed.
18:07:58 INFO  : Context for 'APU' is selected.
18:07:58 INFO  : System reset is completed.
18:08:01 INFO  : 'after 3000' command is executed.
18:08:01 INFO  : 'targets -set -filter {jtag_cable_name =~ "Digilent Zybo Z7 210351B3FC88A" && level==0 && jtag_device_ctx=="jsn-Zybo Z7-210351B3FC88A-13722093-0"}' command is executed.
18:08:02 INFO  : FPGA configured successfully with bitstream "C:/Users/gusta/OneDrive/Documents/universidad/4to/1r/SEP/Proyectos/pr2/SEPmonG3/SEPmon_SW/_ide/bitstream/SEPmonG3V2.bit"
18:08:02 INFO  : Context for 'APU' is selected.
18:08:03 INFO  : Hardware design and registers information is loaded from 'C:/Users/gusta/OneDrive/Documents/universidad/4to/1r/SEP/Proyectos/pr2/SEPmonG3/SEPmonG3/export/SEPmonG3/hw/SEPmonG3V2.xsa'.
18:08:03 INFO  : 'configparams force-mem-access 1' command is executed.
18:08:03 INFO  : Context for 'APU' is selected.
18:08:03 INFO  : Sourcing of 'C:/Users/gusta/OneDrive/Documents/universidad/4to/1r/SEP/Proyectos/pr2/SEPmonG3/SEPmon_SW/_ide/psinit/ps7_init.tcl' is done.
18:08:03 INFO  : 'ps7_init' command is executed.
18:08:03 INFO  : 'ps7_post_config' command is executed.
18:08:03 INFO  : Context for processor 'ps7_cortexa9_0' is selected.
18:08:05 INFO  : The application 'C:/Users/gusta/OneDrive/Documents/universidad/4to/1r/SEP/Proyectos/pr2/SEPmonG3/SEPmon_SW/Debug/SEPmon_SW.elf' is downloaded to processor 'ps7_cortexa9_0'.
18:08:05 INFO  : 'configparams force-mem-access 0' command is executed.
18:08:05 INFO  : ----------------XSDB Script----------------
connect -url tcp:127.0.0.1:3121
targets -set -nocase -filter {name =~"APU*"}
rst -system
after 3000
targets -set -filter {jtag_cable_name =~ "Digilent Zybo Z7 210351B3FC88A" && level==0 && jtag_device_ctx=="jsn-Zybo Z7-210351B3FC88A-13722093-0"}
fpga -file C:/Users/gusta/OneDrive/Documents/universidad/4to/1r/SEP/Proyectos/pr2/SEPmonG3/SEPmon_SW/_ide/bitstream/SEPmonG3V2.bit
targets -set -nocase -filter {name =~"APU*"}
loadhw -hw C:/Users/gusta/OneDrive/Documents/universidad/4to/1r/SEP/Proyectos/pr2/SEPmonG3/SEPmonG3/export/SEPmonG3/hw/SEPmonG3V2.xsa -mem-ranges [list {0x40000000 0xbfffffff}] -regs
configparams force-mem-access 1
targets -set -nocase -filter {name =~"APU*"}
source C:/Users/gusta/OneDrive/Documents/universidad/4to/1r/SEP/Proyectos/pr2/SEPmonG3/SEPmon_SW/_ide/psinit/ps7_init.tcl
ps7_init
ps7_post_config
targets -set -nocase -filter {name =~ "*A9*#0"}
dow C:/Users/gusta/OneDrive/Documents/universidad/4to/1r/SEP/Proyectos/pr2/SEPmonG3/SEPmon_SW/Debug/SEPmon_SW.elf
configparams force-mem-access 0
----------------End of Script----------------

18:08:05 INFO  : Context for processor 'ps7_cortexa9_0' is selected.
18:08:05 INFO  : 'con' command is executed.
18:08:05 INFO  : ----------------XSDB Script (After Launch)----------------
targets -set -nocase -filter {name =~ "*A9*#0"}
con
----------------End of Script----------------

18:08:05 INFO  : Launch script is exported to file 'C:\Users\gusta\OneDrive\Documents\universidad\4to\1r\SEP\Proyectos\pr2\SEPmonG3\.sdk\launch_scripts\single_application_debug\debugger_sepmon_sw-default_1.tcl'
18:08:58 INFO  : Checking for BSP changes to sync application flags for project 'SEPmon_SW'...
18:09:03 INFO  : Checking for BSP changes to sync application flags for project 'SEPmon_SW'...
18:09:08 INFO  : Disconnected from the channel tcfchan#52.
18:09:09 INFO  : Connected to target on host '127.0.0.1' and port '3121'.
18:09:09 INFO  : Jtag cable 'Digilent Zybo Z7 210351B3FC88A' is selected.
18:09:09 INFO  : 'jtag frequency' command is executed.
18:09:10 INFO  : Context for 'APU' is selected.
18:09:10 INFO  : System reset is completed.
18:09:13 INFO  : 'after 3000' command is executed.
18:09:13 INFO  : 'targets -set -filter {jtag_cable_name =~ "Digilent Zybo Z7 210351B3FC88A" && level==0 && jtag_device_ctx=="jsn-Zybo Z7-210351B3FC88A-13722093-0"}' command is executed.
18:09:14 INFO  : FPGA configured successfully with bitstream "C:/Users/gusta/OneDrive/Documents/universidad/4to/1r/SEP/Proyectos/pr2/SEPmonG3/SEPmon_SW/_ide/bitstream/SEPmonG3V2.bit"
18:09:14 INFO  : Context for 'APU' is selected.
18:09:14 INFO  : Hardware design and registers information is loaded from 'C:/Users/gusta/OneDrive/Documents/universidad/4to/1r/SEP/Proyectos/pr2/SEPmonG3/SEPmonG3/export/SEPmonG3/hw/SEPmonG3V2.xsa'.
18:09:14 INFO  : 'configparams force-mem-access 1' command is executed.
18:09:14 INFO  : Context for 'APU' is selected.
18:09:14 INFO  : Sourcing of 'C:/Users/gusta/OneDrive/Documents/universidad/4to/1r/SEP/Proyectos/pr2/SEPmonG3/SEPmon_SW/_ide/psinit/ps7_init.tcl' is done.
18:09:14 INFO  : 'ps7_init' command is executed.
18:09:14 INFO  : 'ps7_post_config' command is executed.
18:09:14 INFO  : Context for processor 'ps7_cortexa9_0' is selected.
18:09:17 INFO  : The application 'C:/Users/gusta/OneDrive/Documents/universidad/4to/1r/SEP/Proyectos/pr2/SEPmonG3/SEPmon_SW/Debug/SEPmon_SW.elf' is downloaded to processor 'ps7_cortexa9_0'.
18:09:17 INFO  : 'configparams force-mem-access 0' command is executed.
18:09:17 INFO  : ----------------XSDB Script----------------
connect -url tcp:127.0.0.1:3121
targets -set -nocase -filter {name =~"APU*"}
rst -system
after 3000
targets -set -filter {jtag_cable_name =~ "Digilent Zybo Z7 210351B3FC88A" && level==0 && jtag_device_ctx=="jsn-Zybo Z7-210351B3FC88A-13722093-0"}
fpga -file C:/Users/gusta/OneDrive/Documents/universidad/4to/1r/SEP/Proyectos/pr2/SEPmonG3/SEPmon_SW/_ide/bitstream/SEPmonG3V2.bit
targets -set -nocase -filter {name =~"APU*"}
loadhw -hw C:/Users/gusta/OneDrive/Documents/universidad/4to/1r/SEP/Proyectos/pr2/SEPmonG3/SEPmonG3/export/SEPmonG3/hw/SEPmonG3V2.xsa -mem-ranges [list {0x40000000 0xbfffffff}] -regs
configparams force-mem-access 1
targets -set -nocase -filter {name =~"APU*"}
source C:/Users/gusta/OneDrive/Documents/universidad/4to/1r/SEP/Proyectos/pr2/SEPmonG3/SEPmon_SW/_ide/psinit/ps7_init.tcl
ps7_init
ps7_post_config
targets -set -nocase -filter {name =~ "*A9*#0"}
dow C:/Users/gusta/OneDrive/Documents/universidad/4to/1r/SEP/Proyectos/pr2/SEPmonG3/SEPmon_SW/Debug/SEPmon_SW.elf
configparams force-mem-access 0
----------------End of Script----------------

18:09:17 INFO  : Context for processor 'ps7_cortexa9_0' is selected.
18:09:17 INFO  : 'con' command is executed.
18:09:17 INFO  : ----------------XSDB Script (After Launch)----------------
targets -set -nocase -filter {name =~ "*A9*#0"}
con
----------------End of Script----------------

18:09:17 INFO  : Launch script is exported to file 'C:\Users\gusta\OneDrive\Documents\universidad\4to\1r\SEP\Proyectos\pr2\SEPmonG3\.sdk\launch_scripts\single_application_debug\debugger_sepmon_sw-default_1.tcl'
18:10:40 INFO  : Checking for BSP changes to sync application flags for project 'SEPmon_SW'...
18:10:54 INFO  : Disconnected from the channel tcfchan#53.
18:10:55 INFO  : Connected to target on host '127.0.0.1' and port '3121'.
18:10:55 INFO  : Jtag cable 'Digilent Zybo Z7 210351B3FC88A' is selected.
18:10:55 INFO  : 'jtag frequency' command is executed.
18:10:55 INFO  : Context for 'APU' is selected.
18:10:55 INFO  : System reset is completed.
18:10:58 INFO  : 'after 3000' command is executed.
18:10:58 INFO  : 'targets -set -filter {jtag_cable_name =~ "Digilent Zybo Z7 210351B3FC88A" && level==0 && jtag_device_ctx=="jsn-Zybo Z7-210351B3FC88A-13722093-0"}' command is executed.
18:11:00 INFO  : FPGA configured successfully with bitstream "C:/Users/gusta/OneDrive/Documents/universidad/4to/1r/SEP/Proyectos/pr2/SEPmonG3/SEPmon_SW/_ide/bitstream/SEPmonG3V2.bit"
18:11:00 INFO  : Context for 'APU' is selected.
18:11:00 INFO  : Hardware design and registers information is loaded from 'C:/Users/gusta/OneDrive/Documents/universidad/4to/1r/SEP/Proyectos/pr2/SEPmonG3/SEPmonG3/export/SEPmonG3/hw/SEPmonG3V2.xsa'.
18:11:00 INFO  : 'configparams force-mem-access 1' command is executed.
18:11:00 INFO  : Context for 'APU' is selected.
18:11:00 INFO  : Sourcing of 'C:/Users/gusta/OneDrive/Documents/universidad/4to/1r/SEP/Proyectos/pr2/SEPmonG3/SEPmon_SW/_ide/psinit/ps7_init.tcl' is done.
18:11:00 INFO  : 'ps7_init' command is executed.
18:11:00 INFO  : 'ps7_post_config' command is executed.
18:11:00 INFO  : Context for processor 'ps7_cortexa9_0' is selected.
18:11:02 INFO  : The application 'C:/Users/gusta/OneDrive/Documents/universidad/4to/1r/SEP/Proyectos/pr2/SEPmonG3/SEPmon_SW/Debug/SEPmon_SW.elf' is downloaded to processor 'ps7_cortexa9_0'.
18:11:02 INFO  : 'configparams force-mem-access 0' command is executed.
18:11:02 INFO  : ----------------XSDB Script----------------
connect -url tcp:127.0.0.1:3121
targets -set -nocase -filter {name =~"APU*"}
rst -system
after 3000
targets -set -filter {jtag_cable_name =~ "Digilent Zybo Z7 210351B3FC88A" && level==0 && jtag_device_ctx=="jsn-Zybo Z7-210351B3FC88A-13722093-0"}
fpga -file C:/Users/gusta/OneDrive/Documents/universidad/4to/1r/SEP/Proyectos/pr2/SEPmonG3/SEPmon_SW/_ide/bitstream/SEPmonG3V2.bit
targets -set -nocase -filter {name =~"APU*"}
loadhw -hw C:/Users/gusta/OneDrive/Documents/universidad/4to/1r/SEP/Proyectos/pr2/SEPmonG3/SEPmonG3/export/SEPmonG3/hw/SEPmonG3V2.xsa -mem-ranges [list {0x40000000 0xbfffffff}] -regs
configparams force-mem-access 1
targets -set -nocase -filter {name =~"APU*"}
source C:/Users/gusta/OneDrive/Documents/universidad/4to/1r/SEP/Proyectos/pr2/SEPmonG3/SEPmon_SW/_ide/psinit/ps7_init.tcl
ps7_init
ps7_post_config
targets -set -nocase -filter {name =~ "*A9*#0"}
dow C:/Users/gusta/OneDrive/Documents/universidad/4to/1r/SEP/Proyectos/pr2/SEPmonG3/SEPmon_SW/Debug/SEPmon_SW.elf
configparams force-mem-access 0
----------------End of Script----------------

18:11:02 INFO  : Context for processor 'ps7_cortexa9_0' is selected.
18:11:02 INFO  : 'con' command is executed.
18:11:02 INFO  : ----------------XSDB Script (After Launch)----------------
targets -set -nocase -filter {name =~ "*A9*#0"}
con
----------------End of Script----------------

18:11:02 INFO  : Launch script is exported to file 'C:\Users\gusta\OneDrive\Documents\universidad\4to\1r\SEP\Proyectos\pr2\SEPmonG3\.sdk\launch_scripts\single_application_debug\debugger_sepmon_sw-default_1.tcl'
18:20:47 INFO  : Checking for BSP changes to sync application flags for project 'SEPmon_SW'...
18:20:53 INFO  : Checking for BSP changes to sync application flags for project 'SEPmon_SW'...
18:21:15 INFO  : Checking for BSP changes to sync application flags for project 'SEPmon_SW'...
18:21:21 INFO  : Disconnected from the channel tcfchan#54.
18:21:22 INFO  : Connected to target on host '127.0.0.1' and port '3121'.
18:21:22 INFO  : Jtag cable 'Digilent Zybo Z7 210351B3FC88A' is selected.
18:21:22 INFO  : 'jtag frequency' command is executed.
18:21:22 INFO  : Context for 'APU' is selected.
18:21:22 INFO  : System reset is completed.
18:21:25 INFO  : 'after 3000' command is executed.
18:21:25 INFO  : 'targets -set -filter {jtag_cable_name =~ "Digilent Zybo Z7 210351B3FC88A" && level==0 && jtag_device_ctx=="jsn-Zybo Z7-210351B3FC88A-13722093-0"}' command is executed.
18:21:26 INFO  : FPGA configured successfully with bitstream "C:/Users/gusta/OneDrive/Documents/universidad/4to/1r/SEP/Proyectos/pr2/SEPmonG3/SEPmon_SW/_ide/bitstream/SEPmonG3V2.bit"
18:21:26 INFO  : Context for 'APU' is selected.
18:21:26 INFO  : Hardware design and registers information is loaded from 'C:/Users/gusta/OneDrive/Documents/universidad/4to/1r/SEP/Proyectos/pr2/SEPmonG3/SEPmonG3/export/SEPmonG3/hw/SEPmonG3V2.xsa'.
18:21:26 INFO  : 'configparams force-mem-access 1' command is executed.
18:21:26 INFO  : Context for 'APU' is selected.
18:21:26 INFO  : Sourcing of 'C:/Users/gusta/OneDrive/Documents/universidad/4to/1r/SEP/Proyectos/pr2/SEPmonG3/SEPmon_SW/_ide/psinit/ps7_init.tcl' is done.
18:21:27 INFO  : 'ps7_init' command is executed.
18:21:27 INFO  : 'ps7_post_config' command is executed.
18:21:27 INFO  : Context for processor 'ps7_cortexa9_0' is selected.
18:21:29 INFO  : The application 'C:/Users/gusta/OneDrive/Documents/universidad/4to/1r/SEP/Proyectos/pr2/SEPmonG3/SEPmon_SW/Debug/SEPmon_SW.elf' is downloaded to processor 'ps7_cortexa9_0'.
18:21:29 INFO  : 'configparams force-mem-access 0' command is executed.
18:21:29 INFO  : ----------------XSDB Script----------------
connect -url tcp:127.0.0.1:3121
targets -set -nocase -filter {name =~"APU*"}
rst -system
after 3000
targets -set -filter {jtag_cable_name =~ "Digilent Zybo Z7 210351B3FC88A" && level==0 && jtag_device_ctx=="jsn-Zybo Z7-210351B3FC88A-13722093-0"}
fpga -file C:/Users/gusta/OneDrive/Documents/universidad/4to/1r/SEP/Proyectos/pr2/SEPmonG3/SEPmon_SW/_ide/bitstream/SEPmonG3V2.bit
targets -set -nocase -filter {name =~"APU*"}
loadhw -hw C:/Users/gusta/OneDrive/Documents/universidad/4to/1r/SEP/Proyectos/pr2/SEPmonG3/SEPmonG3/export/SEPmonG3/hw/SEPmonG3V2.xsa -mem-ranges [list {0x40000000 0xbfffffff}] -regs
configparams force-mem-access 1
targets -set -nocase -filter {name =~"APU*"}
source C:/Users/gusta/OneDrive/Documents/universidad/4to/1r/SEP/Proyectos/pr2/SEPmonG3/SEPmon_SW/_ide/psinit/ps7_init.tcl
ps7_init
ps7_post_config
targets -set -nocase -filter {name =~ "*A9*#0"}
dow C:/Users/gusta/OneDrive/Documents/universidad/4to/1r/SEP/Proyectos/pr2/SEPmonG3/SEPmon_SW/Debug/SEPmon_SW.elf
configparams force-mem-access 0
----------------End of Script----------------

18:21:29 INFO  : Context for processor 'ps7_cortexa9_0' is selected.
18:21:29 INFO  : 'con' command is executed.
18:21:29 INFO  : ----------------XSDB Script (After Launch)----------------
targets -set -nocase -filter {name =~ "*A9*#0"}
con
----------------End of Script----------------

18:21:29 INFO  : Launch script is exported to file 'C:\Users\gusta\OneDrive\Documents\universidad\4to\1r\SEP\Proyectos\pr2\SEPmonG3\.sdk\launch_scripts\single_application_debug\debugger_sepmon_sw-default_1.tcl'
18:24:49 INFO  : Checking for BSP changes to sync application flags for project 'SEPmon_SW'...
18:24:56 INFO  : Disconnected from the channel tcfchan#55.
18:24:57 INFO  : Connected to target on host '127.0.0.1' and port '3121'.
18:24:57 INFO  : Jtag cable 'Digilent Zybo Z7 210351B3FC88A' is selected.
18:24:57 INFO  : 'jtag frequency' command is executed.
18:24:57 INFO  : Context for 'APU' is selected.
18:24:57 INFO  : System reset is completed.
18:25:00 INFO  : 'after 3000' command is executed.
18:25:00 INFO  : 'targets -set -filter {jtag_cable_name =~ "Digilent Zybo Z7 210351B3FC88A" && level==0 && jtag_device_ctx=="jsn-Zybo Z7-210351B3FC88A-13722093-0"}' command is executed.
18:25:01 INFO  : FPGA configured successfully with bitstream "C:/Users/gusta/OneDrive/Documents/universidad/4to/1r/SEP/Proyectos/pr2/SEPmonG3/SEPmon_SW/_ide/bitstream/SEPmonG3V2.bit"
18:25:01 INFO  : Context for 'APU' is selected.
18:25:01 INFO  : Hardware design and registers information is loaded from 'C:/Users/gusta/OneDrive/Documents/universidad/4to/1r/SEP/Proyectos/pr2/SEPmonG3/SEPmonG3/export/SEPmonG3/hw/SEPmonG3V2.xsa'.
18:25:01 INFO  : 'configparams force-mem-access 1' command is executed.
18:25:01 INFO  : Context for 'APU' is selected.
18:25:01 INFO  : Sourcing of 'C:/Users/gusta/OneDrive/Documents/universidad/4to/1r/SEP/Proyectos/pr2/SEPmonG3/SEPmon_SW/_ide/psinit/ps7_init.tcl' is done.
18:25:02 INFO  : 'ps7_init' command is executed.
18:25:02 INFO  : 'ps7_post_config' command is executed.
18:25:02 INFO  : Context for processor 'ps7_cortexa9_0' is selected.
18:25:04 INFO  : The application 'C:/Users/gusta/OneDrive/Documents/universidad/4to/1r/SEP/Proyectos/pr2/SEPmonG3/SEPmon_SW/Debug/SEPmon_SW.elf' is downloaded to processor 'ps7_cortexa9_0'.
18:25:04 INFO  : 'configparams force-mem-access 0' command is executed.
18:25:04 INFO  : ----------------XSDB Script----------------
connect -url tcp:127.0.0.1:3121
targets -set -nocase -filter {name =~"APU*"}
rst -system
after 3000
targets -set -filter {jtag_cable_name =~ "Digilent Zybo Z7 210351B3FC88A" && level==0 && jtag_device_ctx=="jsn-Zybo Z7-210351B3FC88A-13722093-0"}
fpga -file C:/Users/gusta/OneDrive/Documents/universidad/4to/1r/SEP/Proyectos/pr2/SEPmonG3/SEPmon_SW/_ide/bitstream/SEPmonG3V2.bit
targets -set -nocase -filter {name =~"APU*"}
loadhw -hw C:/Users/gusta/OneDrive/Documents/universidad/4to/1r/SEP/Proyectos/pr2/SEPmonG3/SEPmonG3/export/SEPmonG3/hw/SEPmonG3V2.xsa -mem-ranges [list {0x40000000 0xbfffffff}] -regs
configparams force-mem-access 1
targets -set -nocase -filter {name =~"APU*"}
source C:/Users/gusta/OneDrive/Documents/universidad/4to/1r/SEP/Proyectos/pr2/SEPmonG3/SEPmon_SW/_ide/psinit/ps7_init.tcl
ps7_init
ps7_post_config
targets -set -nocase -filter {name =~ "*A9*#0"}
dow C:/Users/gusta/OneDrive/Documents/universidad/4to/1r/SEP/Proyectos/pr2/SEPmonG3/SEPmon_SW/Debug/SEPmon_SW.elf
configparams force-mem-access 0
----------------End of Script----------------

18:25:04 INFO  : Context for processor 'ps7_cortexa9_0' is selected.
18:25:04 INFO  : 'con' command is executed.
18:25:04 INFO  : ----------------XSDB Script (After Launch)----------------
targets -set -nocase -filter {name =~ "*A9*#0"}
con
----------------End of Script----------------

18:25:04 INFO  : Launch script is exported to file 'C:\Users\gusta\OneDrive\Documents\universidad\4to\1r\SEP\Proyectos\pr2\SEPmonG3\.sdk\launch_scripts\single_application_debug\debugger_sepmon_sw-default_1.tcl'
18:26:09 INFO  : Checking for BSP changes to sync application flags for project 'SEPmon_SW'...
18:26:14 INFO  : Disconnected from the channel tcfchan#56.
18:26:16 INFO  : Connected to target on host '127.0.0.1' and port '3121'.
18:26:16 INFO  : Jtag cable 'Digilent Zybo Z7 210351B3FC88A' is selected.
18:26:16 INFO  : 'jtag frequency' command is executed.
18:26:16 INFO  : Context for 'APU' is selected.
18:26:16 INFO  : System reset is completed.
18:26:19 INFO  : 'after 3000' command is executed.
18:26:19 INFO  : 'targets -set -filter {jtag_cable_name =~ "Digilent Zybo Z7 210351B3FC88A" && level==0 && jtag_device_ctx=="jsn-Zybo Z7-210351B3FC88A-13722093-0"}' command is executed.
18:26:20 INFO  : FPGA configured successfully with bitstream "C:/Users/gusta/OneDrive/Documents/universidad/4to/1r/SEP/Proyectos/pr2/SEPmonG3/SEPmon_SW/_ide/bitstream/SEPmonG3V2.bit"
18:26:20 INFO  : Context for 'APU' is selected.
18:26:20 INFO  : Hardware design and registers information is loaded from 'C:/Users/gusta/OneDrive/Documents/universidad/4to/1r/SEP/Proyectos/pr2/SEPmonG3/SEPmonG3/export/SEPmonG3/hw/SEPmonG3V2.xsa'.
18:26:20 INFO  : 'configparams force-mem-access 1' command is executed.
18:26:20 INFO  : Context for 'APU' is selected.
18:26:20 INFO  : Sourcing of 'C:/Users/gusta/OneDrive/Documents/universidad/4to/1r/SEP/Proyectos/pr2/SEPmonG3/SEPmon_SW/_ide/psinit/ps7_init.tcl' is done.
18:26:20 INFO  : 'ps7_init' command is executed.
18:26:20 INFO  : 'ps7_post_config' command is executed.
18:26:20 INFO  : Context for processor 'ps7_cortexa9_0' is selected.
18:26:23 INFO  : The application 'C:/Users/gusta/OneDrive/Documents/universidad/4to/1r/SEP/Proyectos/pr2/SEPmonG3/SEPmon_SW/Debug/SEPmon_SW.elf' is downloaded to processor 'ps7_cortexa9_0'.
18:26:23 INFO  : 'configparams force-mem-access 0' command is executed.
18:26:23 INFO  : ----------------XSDB Script----------------
connect -url tcp:127.0.0.1:3121
targets -set -nocase -filter {name =~"APU*"}
rst -system
after 3000
targets -set -filter {jtag_cable_name =~ "Digilent Zybo Z7 210351B3FC88A" && level==0 && jtag_device_ctx=="jsn-Zybo Z7-210351B3FC88A-13722093-0"}
fpga -file C:/Users/gusta/OneDrive/Documents/universidad/4to/1r/SEP/Proyectos/pr2/SEPmonG3/SEPmon_SW/_ide/bitstream/SEPmonG3V2.bit
targets -set -nocase -filter {name =~"APU*"}
loadhw -hw C:/Users/gusta/OneDrive/Documents/universidad/4to/1r/SEP/Proyectos/pr2/SEPmonG3/SEPmonG3/export/SEPmonG3/hw/SEPmonG3V2.xsa -mem-ranges [list {0x40000000 0xbfffffff}] -regs
configparams force-mem-access 1
targets -set -nocase -filter {name =~"APU*"}
source C:/Users/gusta/OneDrive/Documents/universidad/4to/1r/SEP/Proyectos/pr2/SEPmonG3/SEPmon_SW/_ide/psinit/ps7_init.tcl
ps7_init
ps7_post_config
targets -set -nocase -filter {name =~ "*A9*#0"}
dow C:/Users/gusta/OneDrive/Documents/universidad/4to/1r/SEP/Proyectos/pr2/SEPmonG3/SEPmon_SW/Debug/SEPmon_SW.elf
configparams force-mem-access 0
----------------End of Script----------------

18:26:23 INFO  : Context for processor 'ps7_cortexa9_0' is selected.
18:26:23 INFO  : 'con' command is executed.
18:26:23 INFO  : ----------------XSDB Script (After Launch)----------------
targets -set -nocase -filter {name =~ "*A9*#0"}
con
----------------End of Script----------------

18:26:23 INFO  : Launch script is exported to file 'C:\Users\gusta\OneDrive\Documents\universidad\4to\1r\SEP\Proyectos\pr2\SEPmonG3\.sdk\launch_scripts\single_application_debug\debugger_sepmon_sw-default_1.tcl'
18:44:49 INFO  : Checking for BSP changes to sync application flags for project 'SEPmon_SW'...
18:44:55 INFO  : Disconnected from the channel tcfchan#57.
18:44:56 INFO  : Connected to target on host '127.0.0.1' and port '3121'.
18:44:57 INFO  : Jtag cable 'Digilent Zybo Z7 210351B3FC88A' is selected.
18:44:57 INFO  : 'jtag frequency' command is executed.
18:44:57 INFO  : Context for 'APU' is selected.
18:44:57 INFO  : System reset is completed.
18:45:00 INFO  : 'after 3000' command is executed.
18:45:00 INFO  : 'targets -set -filter {jtag_cable_name =~ "Digilent Zybo Z7 210351B3FC88A" && level==0 && jtag_device_ctx=="jsn-Zybo Z7-210351B3FC88A-13722093-0"}' command is executed.
18:45:01 INFO  : FPGA configured successfully with bitstream "C:/Users/gusta/OneDrive/Documents/universidad/4to/1r/SEP/Proyectos/pr2/SEPmonG3/SEPmon_SW/_ide/bitstream/SEPmonG3V2.bit"
18:45:01 INFO  : Context for 'APU' is selected.
18:45:01 INFO  : Hardware design and registers information is loaded from 'C:/Users/gusta/OneDrive/Documents/universidad/4to/1r/SEP/Proyectos/pr2/SEPmonG3/SEPmonG3/export/SEPmonG3/hw/SEPmonG3V2.xsa'.
18:45:01 INFO  : 'configparams force-mem-access 1' command is executed.
18:45:01 INFO  : Context for 'APU' is selected.
18:45:01 INFO  : Sourcing of 'C:/Users/gusta/OneDrive/Documents/universidad/4to/1r/SEP/Proyectos/pr2/SEPmonG3/SEPmon_SW/_ide/psinit/ps7_init.tcl' is done.
18:45:02 INFO  : 'ps7_init' command is executed.
18:45:02 INFO  : 'ps7_post_config' command is executed.
18:45:02 INFO  : Context for processor 'ps7_cortexa9_0' is selected.
18:45:04 INFO  : The application 'C:/Users/gusta/OneDrive/Documents/universidad/4to/1r/SEP/Proyectos/pr2/SEPmonG3/SEPmon_SW/Debug/SEPmon_SW.elf' is downloaded to processor 'ps7_cortexa9_0'.
18:45:04 INFO  : 'configparams force-mem-access 0' command is executed.
18:45:04 INFO  : ----------------XSDB Script----------------
connect -url tcp:127.0.0.1:3121
targets -set -nocase -filter {name =~"APU*"}
rst -system
after 3000
targets -set -filter {jtag_cable_name =~ "Digilent Zybo Z7 210351B3FC88A" && level==0 && jtag_device_ctx=="jsn-Zybo Z7-210351B3FC88A-13722093-0"}
fpga -file C:/Users/gusta/OneDrive/Documents/universidad/4to/1r/SEP/Proyectos/pr2/SEPmonG3/SEPmon_SW/_ide/bitstream/SEPmonG3V2.bit
targets -set -nocase -filter {name =~"APU*"}
loadhw -hw C:/Users/gusta/OneDrive/Documents/universidad/4to/1r/SEP/Proyectos/pr2/SEPmonG3/SEPmonG3/export/SEPmonG3/hw/SEPmonG3V2.xsa -mem-ranges [list {0x40000000 0xbfffffff}] -regs
configparams force-mem-access 1
targets -set -nocase -filter {name =~"APU*"}
source C:/Users/gusta/OneDrive/Documents/universidad/4to/1r/SEP/Proyectos/pr2/SEPmonG3/SEPmon_SW/_ide/psinit/ps7_init.tcl
ps7_init
ps7_post_config
targets -set -nocase -filter {name =~ "*A9*#0"}
dow C:/Users/gusta/OneDrive/Documents/universidad/4to/1r/SEP/Proyectos/pr2/SEPmonG3/SEPmon_SW/Debug/SEPmon_SW.elf
configparams force-mem-access 0
----------------End of Script----------------

18:45:04 INFO  : Context for processor 'ps7_cortexa9_0' is selected.
18:45:04 INFO  : 'con' command is executed.
18:45:04 INFO  : ----------------XSDB Script (After Launch)----------------
targets -set -nocase -filter {name =~ "*A9*#0"}
con
----------------End of Script----------------

18:45:04 INFO  : Launch script is exported to file 'C:\Users\gusta\OneDrive\Documents\universidad\4to\1r\SEP\Proyectos\pr2\SEPmonG3\.sdk\launch_scripts\single_application_debug\debugger_sepmon_sw-default_1.tcl'
18:46:38 INFO  : Checking for BSP changes to sync application flags for project 'SEPmon_SW'...
18:46:43 INFO  : Disconnected from the channel tcfchan#58.
18:46:44 INFO  : Connected to target on host '127.0.0.1' and port '3121'.
18:46:44 INFO  : Jtag cable 'Digilent Zybo Z7 210351B3FC88A' is selected.
18:46:44 INFO  : 'jtag frequency' command is executed.
18:46:44 INFO  : Context for 'APU' is selected.
18:46:45 INFO  : System reset is completed.
18:46:48 INFO  : 'after 3000' command is executed.
18:46:48 INFO  : 'targets -set -filter {jtag_cable_name =~ "Digilent Zybo Z7 210351B3FC88A" && level==0 && jtag_device_ctx=="jsn-Zybo Z7-210351B3FC88A-13722093-0"}' command is executed.
18:46:49 INFO  : FPGA configured successfully with bitstream "C:/Users/gusta/OneDrive/Documents/universidad/4to/1r/SEP/Proyectos/pr2/SEPmonG3/SEPmon_SW/_ide/bitstream/SEPmonG3V2.bit"
18:46:49 INFO  : Context for 'APU' is selected.
18:46:49 INFO  : Hardware design and registers information is loaded from 'C:/Users/gusta/OneDrive/Documents/universidad/4to/1r/SEP/Proyectos/pr2/SEPmonG3/SEPmonG3/export/SEPmonG3/hw/SEPmonG3V2.xsa'.
18:46:49 INFO  : 'configparams force-mem-access 1' command is executed.
18:46:49 INFO  : Context for 'APU' is selected.
18:46:49 INFO  : Sourcing of 'C:/Users/gusta/OneDrive/Documents/universidad/4to/1r/SEP/Proyectos/pr2/SEPmonG3/SEPmon_SW/_ide/psinit/ps7_init.tcl' is done.
18:46:49 INFO  : 'ps7_init' command is executed.
18:46:49 INFO  : 'ps7_post_config' command is executed.
18:46:49 INFO  : Context for processor 'ps7_cortexa9_0' is selected.
18:46:51 INFO  : The application 'C:/Users/gusta/OneDrive/Documents/universidad/4to/1r/SEP/Proyectos/pr2/SEPmonG3/SEPmon_SW/Debug/SEPmon_SW.elf' is downloaded to processor 'ps7_cortexa9_0'.
18:46:52 INFO  : 'configparams force-mem-access 0' command is executed.
18:46:52 INFO  : ----------------XSDB Script----------------
connect -url tcp:127.0.0.1:3121
targets -set -nocase -filter {name =~"APU*"}
rst -system
after 3000
targets -set -filter {jtag_cable_name =~ "Digilent Zybo Z7 210351B3FC88A" && level==0 && jtag_device_ctx=="jsn-Zybo Z7-210351B3FC88A-13722093-0"}
fpga -file C:/Users/gusta/OneDrive/Documents/universidad/4to/1r/SEP/Proyectos/pr2/SEPmonG3/SEPmon_SW/_ide/bitstream/SEPmonG3V2.bit
targets -set -nocase -filter {name =~"APU*"}
loadhw -hw C:/Users/gusta/OneDrive/Documents/universidad/4to/1r/SEP/Proyectos/pr2/SEPmonG3/SEPmonG3/export/SEPmonG3/hw/SEPmonG3V2.xsa -mem-ranges [list {0x40000000 0xbfffffff}] -regs
configparams force-mem-access 1
targets -set -nocase -filter {name =~"APU*"}
source C:/Users/gusta/OneDrive/Documents/universidad/4to/1r/SEP/Proyectos/pr2/SEPmonG3/SEPmon_SW/_ide/psinit/ps7_init.tcl
ps7_init
ps7_post_config
targets -set -nocase -filter {name =~ "*A9*#0"}
dow C:/Users/gusta/OneDrive/Documents/universidad/4to/1r/SEP/Proyectos/pr2/SEPmonG3/SEPmon_SW/Debug/SEPmon_SW.elf
configparams force-mem-access 0
----------------End of Script----------------

18:46:52 INFO  : Context for processor 'ps7_cortexa9_0' is selected.
18:46:52 INFO  : 'con' command is executed.
18:46:52 INFO  : ----------------XSDB Script (After Launch)----------------
targets -set -nocase -filter {name =~ "*A9*#0"}
con
----------------End of Script----------------

18:46:52 INFO  : Launch script is exported to file 'C:\Users\gusta\OneDrive\Documents\universidad\4to\1r\SEP\Proyectos\pr2\SEPmonG3\.sdk\launch_scripts\single_application_debug\debugger_sepmon_sw-default_1.tcl'
18:48:16 INFO  : Checking for BSP changes to sync application flags for project 'SEPmon_SW'...
18:48:39 INFO  : Disconnected from the channel tcfchan#59.
18:48:41 INFO  : Connected to target on host '127.0.0.1' and port '3121'.
18:48:41 INFO  : Jtag cable 'Digilent Zybo Z7 210351B3FC88A' is selected.
18:48:41 INFO  : 'jtag frequency' command is executed.
18:48:41 INFO  : Context for 'APU' is selected.
18:48:41 INFO  : System reset is completed.
18:48:44 INFO  : 'after 3000' command is executed.
18:48:44 INFO  : 'targets -set -filter {jtag_cable_name =~ "Digilent Zybo Z7 210351B3FC88A" && level==0 && jtag_device_ctx=="jsn-Zybo Z7-210351B3FC88A-13722093-0"}' command is executed.
18:48:45 INFO  : FPGA configured successfully with bitstream "C:/Users/gusta/OneDrive/Documents/universidad/4to/1r/SEP/Proyectos/pr2/SEPmonG3/SEPmon_SW/_ide/bitstream/SEPmonG3V2.bit"
18:48:45 INFO  : Context for 'APU' is selected.
18:48:45 INFO  : Hardware design and registers information is loaded from 'C:/Users/gusta/OneDrive/Documents/universidad/4to/1r/SEP/Proyectos/pr2/SEPmonG3/SEPmonG3/export/SEPmonG3/hw/SEPmonG3V2.xsa'.
18:48:45 INFO  : 'configparams force-mem-access 1' command is executed.
18:48:45 INFO  : Context for 'APU' is selected.
18:48:45 INFO  : Sourcing of 'C:/Users/gusta/OneDrive/Documents/universidad/4to/1r/SEP/Proyectos/pr2/SEPmonG3/SEPmon_SW/_ide/psinit/ps7_init.tcl' is done.
18:48:46 INFO  : 'ps7_init' command is executed.
18:48:46 INFO  : 'ps7_post_config' command is executed.
18:48:46 INFO  : Context for processor 'ps7_cortexa9_0' is selected.
18:48:48 INFO  : The application 'C:/Users/gusta/OneDrive/Documents/universidad/4to/1r/SEP/Proyectos/pr2/SEPmonG3/SEPmon_SW/Debug/SEPmon_SW.elf' is downloaded to processor 'ps7_cortexa9_0'.
18:48:48 INFO  : 'configparams force-mem-access 0' command is executed.
18:48:48 INFO  : ----------------XSDB Script----------------
connect -url tcp:127.0.0.1:3121
targets -set -nocase -filter {name =~"APU*"}
rst -system
after 3000
targets -set -filter {jtag_cable_name =~ "Digilent Zybo Z7 210351B3FC88A" && level==0 && jtag_device_ctx=="jsn-Zybo Z7-210351B3FC88A-13722093-0"}
fpga -file C:/Users/gusta/OneDrive/Documents/universidad/4to/1r/SEP/Proyectos/pr2/SEPmonG3/SEPmon_SW/_ide/bitstream/SEPmonG3V2.bit
targets -set -nocase -filter {name =~"APU*"}
loadhw -hw C:/Users/gusta/OneDrive/Documents/universidad/4to/1r/SEP/Proyectos/pr2/SEPmonG3/SEPmonG3/export/SEPmonG3/hw/SEPmonG3V2.xsa -mem-ranges [list {0x40000000 0xbfffffff}] -regs
configparams force-mem-access 1
targets -set -nocase -filter {name =~"APU*"}
source C:/Users/gusta/OneDrive/Documents/universidad/4to/1r/SEP/Proyectos/pr2/SEPmonG3/SEPmon_SW/_ide/psinit/ps7_init.tcl
ps7_init
ps7_post_config
targets -set -nocase -filter {name =~ "*A9*#0"}
dow C:/Users/gusta/OneDrive/Documents/universidad/4to/1r/SEP/Proyectos/pr2/SEPmonG3/SEPmon_SW/Debug/SEPmon_SW.elf
configparams force-mem-access 0
----------------End of Script----------------

18:48:48 INFO  : Context for processor 'ps7_cortexa9_0' is selected.
18:48:48 INFO  : 'con' command is executed.
18:48:48 INFO  : ----------------XSDB Script (After Launch)----------------
targets -set -nocase -filter {name =~ "*A9*#0"}
con
----------------End of Script----------------

18:48:48 INFO  : Launch script is exported to file 'C:\Users\gusta\OneDrive\Documents\universidad\4to\1r\SEP\Proyectos\pr2\SEPmonG3\.sdk\launch_scripts\single_application_debug\debugger_sepmon_sw-default_1.tcl'
19:09:24 INFO  : Checking for BSP changes to sync application flags for project 'SEPmon_SW'...
19:09:38 INFO  : Checking for BSP changes to sync application flags for project 'SEPmon_SW'...
19:11:49 INFO  : Checking for BSP changes to sync application flags for project 'SEPmon_SW'...
19:12:00 INFO  : Checking for BSP changes to sync application flags for project 'SEPmon_SW'...
19:12:11 INFO  : Checking for BSP changes to sync application flags for project 'SEPmon_SW'...
19:12:26 INFO  : Checking for BSP changes to sync application flags for project 'SEPmon_SW'...
19:12:45 INFO  : Checking for BSP changes to sync application flags for project 'SEPmon_SW'...
19:13:59 INFO  : Checking for BSP changes to sync application flags for project 'SEPmon_SW'...
19:18:03 INFO  : Checking for BSP changes to sync application flags for project 'SEPmon_SW'...
19:18:12 INFO  : Checking for BSP changes to sync application flags for project 'SEPmon_SW'...
19:18:48 INFO  : Checking for BSP changes to sync application flags for project 'SEPmon_SW'...
19:18:54 INFO  : Disconnected from the channel tcfchan#60.
19:18:55 INFO  : Connected to target on host '127.0.0.1' and port '3121'.
19:18:55 INFO  : Jtag cable 'Digilent Zybo Z7 210351B3FC88A' is selected.
19:18:55 INFO  : 'jtag frequency' command is executed.
19:18:55 INFO  : Context for 'APU' is selected.
19:18:55 INFO  : System reset is completed.
19:18:58 INFO  : 'after 3000' command is executed.
19:18:58 INFO  : 'targets -set -filter {jtag_cable_name =~ "Digilent Zybo Z7 210351B3FC88A" && level==0 && jtag_device_ctx=="jsn-Zybo Z7-210351B3FC88A-13722093-0"}' command is executed.
19:19:00 INFO  : FPGA configured successfully with bitstream "C:/Users/gusta/OneDrive/Documents/universidad/4to/1r/SEP/Proyectos/pr2/SEPmonG3/SEPmon_SW/_ide/bitstream/SEPmonG3V2.bit"
19:19:00 INFO  : Context for 'APU' is selected.
19:19:00 INFO  : Hardware design and registers information is loaded from 'C:/Users/gusta/OneDrive/Documents/universidad/4to/1r/SEP/Proyectos/pr2/SEPmonG3/SEPmonG3/export/SEPmonG3/hw/SEPmonG3V2.xsa'.
19:19:00 INFO  : 'configparams force-mem-access 1' command is executed.
19:19:00 INFO  : Context for 'APU' is selected.
19:19:00 INFO  : Sourcing of 'C:/Users/gusta/OneDrive/Documents/universidad/4to/1r/SEP/Proyectos/pr2/SEPmonG3/SEPmon_SW/_ide/psinit/ps7_init.tcl' is done.
19:19:00 INFO  : 'ps7_init' command is executed.
19:19:00 INFO  : 'ps7_post_config' command is executed.
19:19:00 INFO  : Context for processor 'ps7_cortexa9_0' is selected.
19:19:02 INFO  : The application 'C:/Users/gusta/OneDrive/Documents/universidad/4to/1r/SEP/Proyectos/pr2/SEPmonG3/SEPmon_SW/Debug/SEPmon_SW.elf' is downloaded to processor 'ps7_cortexa9_0'.
19:19:02 INFO  : 'configparams force-mem-access 0' command is executed.
19:19:02 INFO  : ----------------XSDB Script----------------
connect -url tcp:127.0.0.1:3121
targets -set -nocase -filter {name =~"APU*"}
rst -system
after 3000
targets -set -filter {jtag_cable_name =~ "Digilent Zybo Z7 210351B3FC88A" && level==0 && jtag_device_ctx=="jsn-Zybo Z7-210351B3FC88A-13722093-0"}
fpga -file C:/Users/gusta/OneDrive/Documents/universidad/4to/1r/SEP/Proyectos/pr2/SEPmonG3/SEPmon_SW/_ide/bitstream/SEPmonG3V2.bit
targets -set -nocase -filter {name =~"APU*"}
loadhw -hw C:/Users/gusta/OneDrive/Documents/universidad/4to/1r/SEP/Proyectos/pr2/SEPmonG3/SEPmonG3/export/SEPmonG3/hw/SEPmonG3V2.xsa -mem-ranges [list {0x40000000 0xbfffffff}] -regs
configparams force-mem-access 1
targets -set -nocase -filter {name =~"APU*"}
source C:/Users/gusta/OneDrive/Documents/universidad/4to/1r/SEP/Proyectos/pr2/SEPmonG3/SEPmon_SW/_ide/psinit/ps7_init.tcl
ps7_init
ps7_post_config
targets -set -nocase -filter {name =~ "*A9*#0"}
dow C:/Users/gusta/OneDrive/Documents/universidad/4to/1r/SEP/Proyectos/pr2/SEPmonG3/SEPmon_SW/Debug/SEPmon_SW.elf
configparams force-mem-access 0
----------------End of Script----------------

19:19:02 INFO  : Context for processor 'ps7_cortexa9_0' is selected.
19:19:02 INFO  : 'con' command is executed.
19:19:02 INFO  : ----------------XSDB Script (After Launch)----------------
targets -set -nocase -filter {name =~ "*A9*#0"}
con
----------------End of Script----------------

19:19:02 INFO  : Launch script is exported to file 'C:\Users\gusta\OneDrive\Documents\universidad\4to\1r\SEP\Proyectos\pr2\SEPmonG3\.sdk\launch_scripts\single_application_debug\debugger_sepmon_sw-default_1.tcl'
19:20:22 INFO  : Checking for BSP changes to sync application flags for project 'SEPmon_SW'...
19:20:27 INFO  : Disconnected from the channel tcfchan#61.
19:20:28 INFO  : Connected to target on host '127.0.0.1' and port '3121'.
19:20:29 INFO  : Jtag cable 'Digilent Zybo Z7 210351B3FC88A' is selected.
19:20:29 INFO  : 'jtag frequency' command is executed.
19:20:29 INFO  : Context for 'APU' is selected.
19:20:29 INFO  : System reset is completed.
19:20:32 INFO  : 'after 3000' command is executed.
19:20:32 INFO  : 'targets -set -filter {jtag_cable_name =~ "Digilent Zybo Z7 210351B3FC88A" && level==0 && jtag_device_ctx=="jsn-Zybo Z7-210351B3FC88A-13722093-0"}' command is executed.
19:20:33 INFO  : FPGA configured successfully with bitstream "C:/Users/gusta/OneDrive/Documents/universidad/4to/1r/SEP/Proyectos/pr2/SEPmonG3/SEPmon_SW/_ide/bitstream/SEPmonG3V2.bit"
19:20:33 INFO  : Context for 'APU' is selected.
19:20:33 INFO  : Hardware design and registers information is loaded from 'C:/Users/gusta/OneDrive/Documents/universidad/4to/1r/SEP/Proyectos/pr2/SEPmonG3/SEPmonG3/export/SEPmonG3/hw/SEPmonG3V2.xsa'.
19:20:33 INFO  : 'configparams force-mem-access 1' command is executed.
19:20:33 INFO  : Context for 'APU' is selected.
19:20:33 INFO  : Sourcing of 'C:/Users/gusta/OneDrive/Documents/universidad/4to/1r/SEP/Proyectos/pr2/SEPmonG3/SEPmon_SW/_ide/psinit/ps7_init.tcl' is done.
19:20:33 INFO  : 'ps7_init' command is executed.
19:20:33 INFO  : 'ps7_post_config' command is executed.
19:20:33 INFO  : Context for processor 'ps7_cortexa9_0' is selected.
19:20:36 INFO  : The application 'C:/Users/gusta/OneDrive/Documents/universidad/4to/1r/SEP/Proyectos/pr2/SEPmonG3/SEPmon_SW/Debug/SEPmon_SW.elf' is downloaded to processor 'ps7_cortexa9_0'.
19:20:36 INFO  : 'configparams force-mem-access 0' command is executed.
19:20:36 INFO  : ----------------XSDB Script----------------
connect -url tcp:127.0.0.1:3121
targets -set -nocase -filter {name =~"APU*"}
rst -system
after 3000
targets -set -filter {jtag_cable_name =~ "Digilent Zybo Z7 210351B3FC88A" && level==0 && jtag_device_ctx=="jsn-Zybo Z7-210351B3FC88A-13722093-0"}
fpga -file C:/Users/gusta/OneDrive/Documents/universidad/4to/1r/SEP/Proyectos/pr2/SEPmonG3/SEPmon_SW/_ide/bitstream/SEPmonG3V2.bit
targets -set -nocase -filter {name =~"APU*"}
loadhw -hw C:/Users/gusta/OneDrive/Documents/universidad/4to/1r/SEP/Proyectos/pr2/SEPmonG3/SEPmonG3/export/SEPmonG3/hw/SEPmonG3V2.xsa -mem-ranges [list {0x40000000 0xbfffffff}] -regs
configparams force-mem-access 1
targets -set -nocase -filter {name =~"APU*"}
source C:/Users/gusta/OneDrive/Documents/universidad/4to/1r/SEP/Proyectos/pr2/SEPmonG3/SEPmon_SW/_ide/psinit/ps7_init.tcl
ps7_init
ps7_post_config
targets -set -nocase -filter {name =~ "*A9*#0"}
dow C:/Users/gusta/OneDrive/Documents/universidad/4to/1r/SEP/Proyectos/pr2/SEPmonG3/SEPmon_SW/Debug/SEPmon_SW.elf
configparams force-mem-access 0
----------------End of Script----------------

19:20:36 INFO  : Context for processor 'ps7_cortexa9_0' is selected.
19:20:36 INFO  : 'con' command is executed.
19:20:36 INFO  : ----------------XSDB Script (After Launch)----------------
targets -set -nocase -filter {name =~ "*A9*#0"}
con
----------------End of Script----------------

19:20:36 INFO  : Launch script is exported to file 'C:\Users\gusta\OneDrive\Documents\universidad\4to\1r\SEP\Proyectos\pr2\SEPmonG3\.sdk\launch_scripts\single_application_debug\debugger_sepmon_sw-default_1.tcl'
19:21:49 INFO  : Checking for BSP changes to sync application flags for project 'SEPmon_SW'...
19:22:23 INFO  : Checking for BSP changes to sync application flags for project 'SEPmon_SW'...
19:22:28 INFO  : Disconnected from the channel tcfchan#62.
19:22:29 INFO  : Connected to target on host '127.0.0.1' and port '3121'.
19:22:29 INFO  : Jtag cable 'Digilent Zybo Z7 210351B3FC88A' is selected.
19:22:29 INFO  : 'jtag frequency' command is executed.
19:22:29 INFO  : Context for 'APU' is selected.
19:22:30 INFO  : System reset is completed.
19:22:33 INFO  : 'after 3000' command is executed.
19:22:33 INFO  : 'targets -set -filter {jtag_cable_name =~ "Digilent Zybo Z7 210351B3FC88A" && level==0 && jtag_device_ctx=="jsn-Zybo Z7-210351B3FC88A-13722093-0"}' command is executed.
19:22:34 INFO  : FPGA configured successfully with bitstream "C:/Users/gusta/OneDrive/Documents/universidad/4to/1r/SEP/Proyectos/pr2/SEPmonG3/SEPmon_SW/_ide/bitstream/SEPmonG3V2.bit"
19:22:34 INFO  : Context for 'APU' is selected.
19:22:34 INFO  : Hardware design and registers information is loaded from 'C:/Users/gusta/OneDrive/Documents/universidad/4to/1r/SEP/Proyectos/pr2/SEPmonG3/SEPmonG3/export/SEPmonG3/hw/SEPmonG3V2.xsa'.
19:22:34 INFO  : 'configparams force-mem-access 1' command is executed.
19:22:34 INFO  : Context for 'APU' is selected.
19:22:34 INFO  : Sourcing of 'C:/Users/gusta/OneDrive/Documents/universidad/4to/1r/SEP/Proyectos/pr2/SEPmonG3/SEPmon_SW/_ide/psinit/ps7_init.tcl' is done.
19:22:34 INFO  : 'ps7_init' command is executed.
19:22:34 INFO  : 'ps7_post_config' command is executed.
19:22:34 INFO  : Context for processor 'ps7_cortexa9_0' is selected.
19:22:36 INFO  : The application 'C:/Users/gusta/OneDrive/Documents/universidad/4to/1r/SEP/Proyectos/pr2/SEPmonG3/SEPmon_SW/Debug/SEPmon_SW.elf' is downloaded to processor 'ps7_cortexa9_0'.
19:22:37 INFO  : 'configparams force-mem-access 0' command is executed.
19:22:37 INFO  : ----------------XSDB Script----------------
connect -url tcp:127.0.0.1:3121
targets -set -nocase -filter {name =~"APU*"}
rst -system
after 3000
targets -set -filter {jtag_cable_name =~ "Digilent Zybo Z7 210351B3FC88A" && level==0 && jtag_device_ctx=="jsn-Zybo Z7-210351B3FC88A-13722093-0"}
fpga -file C:/Users/gusta/OneDrive/Documents/universidad/4to/1r/SEP/Proyectos/pr2/SEPmonG3/SEPmon_SW/_ide/bitstream/SEPmonG3V2.bit
targets -set -nocase -filter {name =~"APU*"}
loadhw -hw C:/Users/gusta/OneDrive/Documents/universidad/4to/1r/SEP/Proyectos/pr2/SEPmonG3/SEPmonG3/export/SEPmonG3/hw/SEPmonG3V2.xsa -mem-ranges [list {0x40000000 0xbfffffff}] -regs
configparams force-mem-access 1
targets -set -nocase -filter {name =~"APU*"}
source C:/Users/gusta/OneDrive/Documents/universidad/4to/1r/SEP/Proyectos/pr2/SEPmonG3/SEPmon_SW/_ide/psinit/ps7_init.tcl
ps7_init
ps7_post_config
targets -set -nocase -filter {name =~ "*A9*#0"}
dow C:/Users/gusta/OneDrive/Documents/universidad/4to/1r/SEP/Proyectos/pr2/SEPmonG3/SEPmon_SW/Debug/SEPmon_SW.elf
configparams force-mem-access 0
----------------End of Script----------------

19:22:37 INFO  : Context for processor 'ps7_cortexa9_0' is selected.
19:22:37 INFO  : 'con' command is executed.
19:22:37 INFO  : ----------------XSDB Script (After Launch)----------------
targets -set -nocase -filter {name =~ "*A9*#0"}
con
----------------End of Script----------------

19:22:37 INFO  : Launch script is exported to file 'C:\Users\gusta\OneDrive\Documents\universidad\4to\1r\SEP\Proyectos\pr2\SEPmonG3\.sdk\launch_scripts\single_application_debug\debugger_sepmon_sw-default_1.tcl'
19:25:12 INFO  : Checking for BSP changes to sync application flags for project 'SEPmon_SW'...
19:25:21 INFO  : Disconnected from the channel tcfchan#63.
19:25:22 INFO  : Connected to target on host '127.0.0.1' and port '3121'.
19:25:22 INFO  : Jtag cable 'Digilent Zybo Z7 210351B3FC88A' is selected.
19:25:22 INFO  : 'jtag frequency' command is executed.
19:25:22 INFO  : Context for 'APU' is selected.
19:25:22 INFO  : System reset is completed.
19:25:25 INFO  : 'after 3000' command is executed.
19:25:25 INFO  : 'targets -set -filter {jtag_cable_name =~ "Digilent Zybo Z7 210351B3FC88A" && level==0 && jtag_device_ctx=="jsn-Zybo Z7-210351B3FC88A-13722093-0"}' command is executed.
19:25:26 INFO  : FPGA configured successfully with bitstream "C:/Users/gusta/OneDrive/Documents/universidad/4to/1r/SEP/Proyectos/pr2/SEPmonG3/SEPmon_SW/_ide/bitstream/SEPmonG3V2.bit"
19:25:26 INFO  : Context for 'APU' is selected.
19:25:26 INFO  : Hardware design and registers information is loaded from 'C:/Users/gusta/OneDrive/Documents/universidad/4to/1r/SEP/Proyectos/pr2/SEPmonG3/SEPmonG3/export/SEPmonG3/hw/SEPmonG3V2.xsa'.
19:25:26 INFO  : 'configparams force-mem-access 1' command is executed.
19:25:26 INFO  : Context for 'APU' is selected.
19:25:26 INFO  : Sourcing of 'C:/Users/gusta/OneDrive/Documents/universidad/4to/1r/SEP/Proyectos/pr2/SEPmonG3/SEPmon_SW/_ide/psinit/ps7_init.tcl' is done.
19:25:27 INFO  : 'ps7_init' command is executed.
19:25:27 INFO  : 'ps7_post_config' command is executed.
19:25:27 INFO  : Context for processor 'ps7_cortexa9_0' is selected.
19:25:29 INFO  : The application 'C:/Users/gusta/OneDrive/Documents/universidad/4to/1r/SEP/Proyectos/pr2/SEPmonG3/SEPmon_SW/Debug/SEPmon_SW.elf' is downloaded to processor 'ps7_cortexa9_0'.
19:25:29 INFO  : 'configparams force-mem-access 0' command is executed.
19:25:29 INFO  : ----------------XSDB Script----------------
connect -url tcp:127.0.0.1:3121
targets -set -nocase -filter {name =~"APU*"}
rst -system
after 3000
targets -set -filter {jtag_cable_name =~ "Digilent Zybo Z7 210351B3FC88A" && level==0 && jtag_device_ctx=="jsn-Zybo Z7-210351B3FC88A-13722093-0"}
fpga -file C:/Users/gusta/OneDrive/Documents/universidad/4to/1r/SEP/Proyectos/pr2/SEPmonG3/SEPmon_SW/_ide/bitstream/SEPmonG3V2.bit
targets -set -nocase -filter {name =~"APU*"}
loadhw -hw C:/Users/gusta/OneDrive/Documents/universidad/4to/1r/SEP/Proyectos/pr2/SEPmonG3/SEPmonG3/export/SEPmonG3/hw/SEPmonG3V2.xsa -mem-ranges [list {0x40000000 0xbfffffff}] -regs
configparams force-mem-access 1
targets -set -nocase -filter {name =~"APU*"}
source C:/Users/gusta/OneDrive/Documents/universidad/4to/1r/SEP/Proyectos/pr2/SEPmonG3/SEPmon_SW/_ide/psinit/ps7_init.tcl
ps7_init
ps7_post_config
targets -set -nocase -filter {name =~ "*A9*#0"}
dow C:/Users/gusta/OneDrive/Documents/universidad/4to/1r/SEP/Proyectos/pr2/SEPmonG3/SEPmon_SW/Debug/SEPmon_SW.elf
configparams force-mem-access 0
----------------End of Script----------------

19:25:29 INFO  : Context for processor 'ps7_cortexa9_0' is selected.
19:25:29 INFO  : 'con' command is executed.
19:25:29 INFO  : ----------------XSDB Script (After Launch)----------------
targets -set -nocase -filter {name =~ "*A9*#0"}
con
----------------End of Script----------------

19:25:29 INFO  : Launch script is exported to file 'C:\Users\gusta\OneDrive\Documents\universidad\4to\1r\SEP\Proyectos\pr2\SEPmonG3\.sdk\launch_scripts\single_application_debug\debugger_sepmon_sw-default_1.tcl'
19:26:00 INFO  : Checking for BSP changes to sync application flags for project 'SEPmon_SW'...
19:26:05 INFO  : Disconnected from the channel tcfchan#64.
19:26:06 INFO  : Connected to target on host '127.0.0.1' and port '3121'.
19:26:06 INFO  : Jtag cable 'Digilent Zybo Z7 210351B3FC88A' is selected.
19:26:06 INFO  : 'jtag frequency' command is executed.
19:26:06 INFO  : Context for 'APU' is selected.
19:26:06 INFO  : System reset is completed.
19:26:09 INFO  : 'after 3000' command is executed.
19:26:09 INFO  : 'targets -set -filter {jtag_cable_name =~ "Digilent Zybo Z7 210351B3FC88A" && level==0 && jtag_device_ctx=="jsn-Zybo Z7-210351B3FC88A-13722093-0"}' command is executed.
19:26:10 INFO  : FPGA configured successfully with bitstream "C:/Users/gusta/OneDrive/Documents/universidad/4to/1r/SEP/Proyectos/pr2/SEPmonG3/SEPmon_SW/_ide/bitstream/SEPmonG3V2.bit"
19:26:10 INFO  : Context for 'APU' is selected.
19:26:10 INFO  : Hardware design and registers information is loaded from 'C:/Users/gusta/OneDrive/Documents/universidad/4to/1r/SEP/Proyectos/pr2/SEPmonG3/SEPmonG3/export/SEPmonG3/hw/SEPmonG3V2.xsa'.
19:26:10 INFO  : 'configparams force-mem-access 1' command is executed.
19:26:10 INFO  : Context for 'APU' is selected.
19:26:10 INFO  : Sourcing of 'C:/Users/gusta/OneDrive/Documents/universidad/4to/1r/SEP/Proyectos/pr2/SEPmonG3/SEPmon_SW/_ide/psinit/ps7_init.tcl' is done.
19:26:11 INFO  : 'ps7_init' command is executed.
19:26:11 INFO  : 'ps7_post_config' command is executed.
19:26:11 INFO  : Context for processor 'ps7_cortexa9_0' is selected.
19:26:13 INFO  : The application 'C:/Users/gusta/OneDrive/Documents/universidad/4to/1r/SEP/Proyectos/pr2/SEPmonG3/SEPmon_SW/Debug/SEPmon_SW.elf' is downloaded to processor 'ps7_cortexa9_0'.
19:26:13 INFO  : 'configparams force-mem-access 0' command is executed.
19:26:13 INFO  : ----------------XSDB Script----------------
connect -url tcp:127.0.0.1:3121
targets -set -nocase -filter {name =~"APU*"}
rst -system
after 3000
targets -set -filter {jtag_cable_name =~ "Digilent Zybo Z7 210351B3FC88A" && level==0 && jtag_device_ctx=="jsn-Zybo Z7-210351B3FC88A-13722093-0"}
fpga -file C:/Users/gusta/OneDrive/Documents/universidad/4to/1r/SEP/Proyectos/pr2/SEPmonG3/SEPmon_SW/_ide/bitstream/SEPmonG3V2.bit
targets -set -nocase -filter {name =~"APU*"}
loadhw -hw C:/Users/gusta/OneDrive/Documents/universidad/4to/1r/SEP/Proyectos/pr2/SEPmonG3/SEPmonG3/export/SEPmonG3/hw/SEPmonG3V2.xsa -mem-ranges [list {0x40000000 0xbfffffff}] -regs
configparams force-mem-access 1
targets -set -nocase -filter {name =~"APU*"}
source C:/Users/gusta/OneDrive/Documents/universidad/4to/1r/SEP/Proyectos/pr2/SEPmonG3/SEPmon_SW/_ide/psinit/ps7_init.tcl
ps7_init
ps7_post_config
targets -set -nocase -filter {name =~ "*A9*#0"}
dow C:/Users/gusta/OneDrive/Documents/universidad/4to/1r/SEP/Proyectos/pr2/SEPmonG3/SEPmon_SW/Debug/SEPmon_SW.elf
configparams force-mem-access 0
----------------End of Script----------------

19:26:13 INFO  : Context for processor 'ps7_cortexa9_0' is selected.
19:26:13 INFO  : 'con' command is executed.
19:26:13 INFO  : ----------------XSDB Script (After Launch)----------------
targets -set -nocase -filter {name =~ "*A9*#0"}
con
----------------End of Script----------------

19:26:13 INFO  : Launch script is exported to file 'C:\Users\gusta\OneDrive\Documents\universidad\4to\1r\SEP\Proyectos\pr2\SEPmonG3\.sdk\launch_scripts\single_application_debug\debugger_sepmon_sw-default_1.tcl'
19:27:34 INFO  : Checking for BSP changes to sync application flags for project 'SEPmon_SW'...
19:27:52 INFO  : Checking for BSP changes to sync application flags for project 'SEPmon_SW'...
19:28:04 INFO  : Disconnected from the channel tcfchan#65.
19:28:05 INFO  : Connected to target on host '127.0.0.1' and port '3121'.
19:28:05 INFO  : Jtag cable 'Digilent Zybo Z7 210351B3FC88A' is selected.
19:28:05 INFO  : 'jtag frequency' command is executed.
19:28:05 INFO  : Context for 'APU' is selected.
19:28:05 INFO  : System reset is completed.
19:28:08 INFO  : 'after 3000' command is executed.
19:28:08 INFO  : 'targets -set -filter {jtag_cable_name =~ "Digilent Zybo Z7 210351B3FC88A" && level==0 && jtag_device_ctx=="jsn-Zybo Z7-210351B3FC88A-13722093-0"}' command is executed.
19:28:09 INFO  : FPGA configured successfully with bitstream "C:/Users/gusta/OneDrive/Documents/universidad/4to/1r/SEP/Proyectos/pr2/SEPmonG3/SEPmon_SW/_ide/bitstream/SEPmonG3V2.bit"
19:28:09 INFO  : Context for 'APU' is selected.
19:28:09 INFO  : Hardware design and registers information is loaded from 'C:/Users/gusta/OneDrive/Documents/universidad/4to/1r/SEP/Proyectos/pr2/SEPmonG3/SEPmonG3/export/SEPmonG3/hw/SEPmonG3V2.xsa'.
19:28:09 INFO  : 'configparams force-mem-access 1' command is executed.
19:28:09 INFO  : Context for 'APU' is selected.
19:28:09 INFO  : Sourcing of 'C:/Users/gusta/OneDrive/Documents/universidad/4to/1r/SEP/Proyectos/pr2/SEPmonG3/SEPmon_SW/_ide/psinit/ps7_init.tcl' is done.
19:28:10 INFO  : 'ps7_init' command is executed.
19:28:10 INFO  : 'ps7_post_config' command is executed.
19:28:10 INFO  : Context for processor 'ps7_cortexa9_0' is selected.
19:28:12 INFO  : The application 'C:/Users/gusta/OneDrive/Documents/universidad/4to/1r/SEP/Proyectos/pr2/SEPmonG3/SEPmon_SW/Debug/SEPmon_SW.elf' is downloaded to processor 'ps7_cortexa9_0'.
19:28:12 INFO  : 'configparams force-mem-access 0' command is executed.
19:28:12 INFO  : ----------------XSDB Script----------------
connect -url tcp:127.0.0.1:3121
targets -set -nocase -filter {name =~"APU*"}
rst -system
after 3000
targets -set -filter {jtag_cable_name =~ "Digilent Zybo Z7 210351B3FC88A" && level==0 && jtag_device_ctx=="jsn-Zybo Z7-210351B3FC88A-13722093-0"}
fpga -file C:/Users/gusta/OneDrive/Documents/universidad/4to/1r/SEP/Proyectos/pr2/SEPmonG3/SEPmon_SW/_ide/bitstream/SEPmonG3V2.bit
targets -set -nocase -filter {name =~"APU*"}
loadhw -hw C:/Users/gusta/OneDrive/Documents/universidad/4to/1r/SEP/Proyectos/pr2/SEPmonG3/SEPmonG3/export/SEPmonG3/hw/SEPmonG3V2.xsa -mem-ranges [list {0x40000000 0xbfffffff}] -regs
configparams force-mem-access 1
targets -set -nocase -filter {name =~"APU*"}
source C:/Users/gusta/OneDrive/Documents/universidad/4to/1r/SEP/Proyectos/pr2/SEPmonG3/SEPmon_SW/_ide/psinit/ps7_init.tcl
ps7_init
ps7_post_config
targets -set -nocase -filter {name =~ "*A9*#0"}
dow C:/Users/gusta/OneDrive/Documents/universidad/4to/1r/SEP/Proyectos/pr2/SEPmonG3/SEPmon_SW/Debug/SEPmon_SW.elf
configparams force-mem-access 0
----------------End of Script----------------

19:28:12 INFO  : Context for processor 'ps7_cortexa9_0' is selected.
19:28:12 INFO  : 'con' command is executed.
19:28:12 INFO  : ----------------XSDB Script (After Launch)----------------
targets -set -nocase -filter {name =~ "*A9*#0"}
con
----------------End of Script----------------

19:28:12 INFO  : Launch script is exported to file 'C:\Users\gusta\OneDrive\Documents\universidad\4to\1r\SEP\Proyectos\pr2\SEPmonG3\.sdk\launch_scripts\single_application_debug\debugger_sepmon_sw-default_1.tcl'
19:37:36 INFO  : Checking for BSP changes to sync application flags for project 'SEPmon_SW'...
19:38:11 INFO  : Checking for BSP changes to sync application flags for project 'SEPmon_SW'...
19:38:20 INFO  : Disconnected from the channel tcfchan#66.
19:38:21 INFO  : Connected to target on host '127.0.0.1' and port '3121'.
19:38:21 INFO  : Jtag cable 'Digilent Zybo Z7 210351B3FC88A' is selected.
19:38:21 INFO  : 'jtag frequency' command is executed.
19:38:21 INFO  : Context for 'APU' is selected.
19:38:21 INFO  : System reset is completed.
19:38:24 INFO  : 'after 3000' command is executed.
19:38:24 INFO  : 'targets -set -filter {jtag_cable_name =~ "Digilent Zybo Z7 210351B3FC88A" && level==0 && jtag_device_ctx=="jsn-Zybo Z7-210351B3FC88A-13722093-0"}' command is executed.
19:38:25 INFO  : FPGA configured successfully with bitstream "C:/Users/gusta/OneDrive/Documents/universidad/4to/1r/SEP/Proyectos/pr2/SEPmonG3/SEPmon_SW/_ide/bitstream/SEPmonG3V2.bit"
19:38:25 INFO  : Context for 'APU' is selected.
19:38:26 INFO  : Hardware design and registers information is loaded from 'C:/Users/gusta/OneDrive/Documents/universidad/4to/1r/SEP/Proyectos/pr2/SEPmonG3/SEPmonG3/export/SEPmonG3/hw/SEPmonG3V2.xsa'.
19:38:26 INFO  : 'configparams force-mem-access 1' command is executed.
19:38:26 INFO  : Context for 'APU' is selected.
19:38:26 INFO  : Sourcing of 'C:/Users/gusta/OneDrive/Documents/universidad/4to/1r/SEP/Proyectos/pr2/SEPmonG3/SEPmon_SW/_ide/psinit/ps7_init.tcl' is done.
19:38:26 INFO  : 'ps7_init' command is executed.
19:38:26 INFO  : 'ps7_post_config' command is executed.
19:38:26 INFO  : Context for processor 'ps7_cortexa9_0' is selected.
19:38:28 INFO  : The application 'C:/Users/gusta/OneDrive/Documents/universidad/4to/1r/SEP/Proyectos/pr2/SEPmonG3/SEPmon_SW/Debug/SEPmon_SW.elf' is downloaded to processor 'ps7_cortexa9_0'.
19:38:28 INFO  : 'configparams force-mem-access 0' command is executed.
19:38:28 INFO  : ----------------XSDB Script----------------
connect -url tcp:127.0.0.1:3121
targets -set -nocase -filter {name =~"APU*"}
rst -system
after 3000
targets -set -filter {jtag_cable_name =~ "Digilent Zybo Z7 210351B3FC88A" && level==0 && jtag_device_ctx=="jsn-Zybo Z7-210351B3FC88A-13722093-0"}
fpga -file C:/Users/gusta/OneDrive/Documents/universidad/4to/1r/SEP/Proyectos/pr2/SEPmonG3/SEPmon_SW/_ide/bitstream/SEPmonG3V2.bit
targets -set -nocase -filter {name =~"APU*"}
loadhw -hw C:/Users/gusta/OneDrive/Documents/universidad/4to/1r/SEP/Proyectos/pr2/SEPmonG3/SEPmonG3/export/SEPmonG3/hw/SEPmonG3V2.xsa -mem-ranges [list {0x40000000 0xbfffffff}] -regs
configparams force-mem-access 1
targets -set -nocase -filter {name =~"APU*"}
source C:/Users/gusta/OneDrive/Documents/universidad/4to/1r/SEP/Proyectos/pr2/SEPmonG3/SEPmon_SW/_ide/psinit/ps7_init.tcl
ps7_init
ps7_post_config
targets -set -nocase -filter {name =~ "*A9*#0"}
dow C:/Users/gusta/OneDrive/Documents/universidad/4to/1r/SEP/Proyectos/pr2/SEPmonG3/SEPmon_SW/Debug/SEPmon_SW.elf
configparams force-mem-access 0
----------------End of Script----------------

19:38:28 INFO  : Context for processor 'ps7_cortexa9_0' is selected.
19:38:28 INFO  : 'con' command is executed.
19:38:28 INFO  : ----------------XSDB Script (After Launch)----------------
targets -set -nocase -filter {name =~ "*A9*#0"}
con
----------------End of Script----------------

19:38:28 INFO  : Launch script is exported to file 'C:\Users\gusta\OneDrive\Documents\universidad\4to\1r\SEP\Proyectos\pr2\SEPmonG3\.sdk\launch_scripts\single_application_debug\debugger_sepmon_sw-default_1.tcl'
19:40:11 INFO  : Checking for BSP changes to sync application flags for project 'SEPmon_SW'...
19:40:19 INFO  : Disconnected from the channel tcfchan#67.
19:40:20 INFO  : Connected to target on host '127.0.0.1' and port '3121'.
19:40:20 INFO  : Jtag cable 'Digilent Zybo Z7 210351B3FC88A' is selected.
19:40:20 INFO  : 'jtag frequency' command is executed.
19:40:20 INFO  : Context for 'APU' is selected.
19:40:21 INFO  : System reset is completed.
19:40:24 INFO  : 'after 3000' command is executed.
19:40:24 INFO  : 'targets -set -filter {jtag_cable_name =~ "Digilent Zybo Z7 210351B3FC88A" && level==0 && jtag_device_ctx=="jsn-Zybo Z7-210351B3FC88A-13722093-0"}' command is executed.
19:40:25 INFO  : FPGA configured successfully with bitstream "C:/Users/gusta/OneDrive/Documents/universidad/4to/1r/SEP/Proyectos/pr2/SEPmonG3/SEPmon_SW/_ide/bitstream/SEPmonG3V2.bit"
19:40:25 INFO  : Context for 'APU' is selected.
19:40:25 INFO  : Hardware design and registers information is loaded from 'C:/Users/gusta/OneDrive/Documents/universidad/4to/1r/SEP/Proyectos/pr2/SEPmonG3/SEPmonG3/export/SEPmonG3/hw/SEPmonG3V2.xsa'.
19:40:25 INFO  : 'configparams force-mem-access 1' command is executed.
19:40:25 INFO  : Context for 'APU' is selected.
19:40:25 INFO  : Sourcing of 'C:/Users/gusta/OneDrive/Documents/universidad/4to/1r/SEP/Proyectos/pr2/SEPmonG3/SEPmon_SW/_ide/psinit/ps7_init.tcl' is done.
19:40:25 INFO  : 'ps7_init' command is executed.
19:40:25 INFO  : 'ps7_post_config' command is executed.
19:40:25 INFO  : Context for processor 'ps7_cortexa9_0' is selected.
19:40:28 INFO  : The application 'C:/Users/gusta/OneDrive/Documents/universidad/4to/1r/SEP/Proyectos/pr2/SEPmonG3/SEPmon_SW/Debug/SEPmon_SW.elf' is downloaded to processor 'ps7_cortexa9_0'.
19:40:28 INFO  : 'configparams force-mem-access 0' command is executed.
19:40:28 INFO  : ----------------XSDB Script----------------
connect -url tcp:127.0.0.1:3121
targets -set -nocase -filter {name =~"APU*"}
rst -system
after 3000
targets -set -filter {jtag_cable_name =~ "Digilent Zybo Z7 210351B3FC88A" && level==0 && jtag_device_ctx=="jsn-Zybo Z7-210351B3FC88A-13722093-0"}
fpga -file C:/Users/gusta/OneDrive/Documents/universidad/4to/1r/SEP/Proyectos/pr2/SEPmonG3/SEPmon_SW/_ide/bitstream/SEPmonG3V2.bit
targets -set -nocase -filter {name =~"APU*"}
loadhw -hw C:/Users/gusta/OneDrive/Documents/universidad/4to/1r/SEP/Proyectos/pr2/SEPmonG3/SEPmonG3/export/SEPmonG3/hw/SEPmonG3V2.xsa -mem-ranges [list {0x40000000 0xbfffffff}] -regs
configparams force-mem-access 1
targets -set -nocase -filter {name =~"APU*"}
source C:/Users/gusta/OneDrive/Documents/universidad/4to/1r/SEP/Proyectos/pr2/SEPmonG3/SEPmon_SW/_ide/psinit/ps7_init.tcl
ps7_init
ps7_post_config
targets -set -nocase -filter {name =~ "*A9*#0"}
dow C:/Users/gusta/OneDrive/Documents/universidad/4to/1r/SEP/Proyectos/pr2/SEPmonG3/SEPmon_SW/Debug/SEPmon_SW.elf
configparams force-mem-access 0
----------------End of Script----------------

19:40:28 INFO  : Context for processor 'ps7_cortexa9_0' is selected.
19:40:28 INFO  : 'con' command is executed.
19:40:28 INFO  : ----------------XSDB Script (After Launch)----------------
targets -set -nocase -filter {name =~ "*A9*#0"}
con
----------------End of Script----------------

19:40:28 INFO  : Launch script is exported to file 'C:\Users\gusta\OneDrive\Documents\universidad\4to\1r\SEP\Proyectos\pr2\SEPmonG3\.sdk\launch_scripts\single_application_debug\debugger_sepmon_sw-default_1.tcl'
19:48:11 INFO  : Checking for BSP changes to sync application flags for project 'SEPmon_SW'...
19:57:31 INFO  : Checking for BSP changes to sync application flags for project 'SEPmon_SW'...
19:57:38 INFO  : Checking for BSP changes to sync application flags for project 'SEPmon_SW'...
19:57:42 INFO  : Disconnected from the channel tcfchan#68.
19:57:43 INFO  : Connected to target on host '127.0.0.1' and port '3121'.
19:57:43 INFO  : Jtag cable 'Digilent Zybo Z7 210351B3FC88A' is selected.
19:57:43 INFO  : 'jtag frequency' command is executed.
19:57:43 INFO  : Context for 'APU' is selected.
19:57:43 INFO  : System reset is completed.
19:57:47 INFO  : 'after 3000' command is executed.
19:57:47 INFO  : 'targets -set -filter {jtag_cable_name =~ "Digilent Zybo Z7 210351B3FC88A" && level==0 && jtag_device_ctx=="jsn-Zybo Z7-210351B3FC88A-13722093-0"}' command is executed.
19:57:48 INFO  : FPGA configured successfully with bitstream "C:/Users/gusta/OneDrive/Documents/universidad/4to/1r/SEP/Proyectos/pr2/SEPmonG3/SEPmon_SW/_ide/bitstream/SEPmonG3V2.bit"
19:57:48 INFO  : Context for 'APU' is selected.
19:57:48 INFO  : Hardware design and registers information is loaded from 'C:/Users/gusta/OneDrive/Documents/universidad/4to/1r/SEP/Proyectos/pr2/SEPmonG3/SEPmonG3/export/SEPmonG3/hw/SEPmonG3V2.xsa'.
19:57:48 INFO  : 'configparams force-mem-access 1' command is executed.
19:57:48 INFO  : Context for 'APU' is selected.
19:57:48 INFO  : Sourcing of 'C:/Users/gusta/OneDrive/Documents/universidad/4to/1r/SEP/Proyectos/pr2/SEPmonG3/SEPmon_SW/_ide/psinit/ps7_init.tcl' is done.
19:57:48 INFO  : 'ps7_init' command is executed.
19:57:48 INFO  : 'ps7_post_config' command is executed.
19:57:48 INFO  : Context for processor 'ps7_cortexa9_0' is selected.
19:57:50 INFO  : The application 'C:/Users/gusta/OneDrive/Documents/universidad/4to/1r/SEP/Proyectos/pr2/SEPmonG3/SEPmon_SW/Debug/SEPmon_SW.elf' is downloaded to processor 'ps7_cortexa9_0'.
19:57:51 INFO  : 'configparams force-mem-access 0' command is executed.
19:57:51 INFO  : ----------------XSDB Script----------------
connect -url tcp:127.0.0.1:3121
targets -set -nocase -filter {name =~"APU*"}
rst -system
after 3000
targets -set -filter {jtag_cable_name =~ "Digilent Zybo Z7 210351B3FC88A" && level==0 && jtag_device_ctx=="jsn-Zybo Z7-210351B3FC88A-13722093-0"}
fpga -file C:/Users/gusta/OneDrive/Documents/universidad/4to/1r/SEP/Proyectos/pr2/SEPmonG3/SEPmon_SW/_ide/bitstream/SEPmonG3V2.bit
targets -set -nocase -filter {name =~"APU*"}
loadhw -hw C:/Users/gusta/OneDrive/Documents/universidad/4to/1r/SEP/Proyectos/pr2/SEPmonG3/SEPmonG3/export/SEPmonG3/hw/SEPmonG3V2.xsa -mem-ranges [list {0x40000000 0xbfffffff}] -regs
configparams force-mem-access 1
targets -set -nocase -filter {name =~"APU*"}
source C:/Users/gusta/OneDrive/Documents/universidad/4to/1r/SEP/Proyectos/pr2/SEPmonG3/SEPmon_SW/_ide/psinit/ps7_init.tcl
ps7_init
ps7_post_config
targets -set -nocase -filter {name =~ "*A9*#0"}
dow C:/Users/gusta/OneDrive/Documents/universidad/4to/1r/SEP/Proyectos/pr2/SEPmonG3/SEPmon_SW/Debug/SEPmon_SW.elf
configparams force-mem-access 0
----------------End of Script----------------

19:57:51 INFO  : Context for processor 'ps7_cortexa9_0' is selected.
19:57:51 INFO  : 'con' command is executed.
19:57:51 INFO  : ----------------XSDB Script (After Launch)----------------
targets -set -nocase -filter {name =~ "*A9*#0"}
con
----------------End of Script----------------

19:57:51 INFO  : Launch script is exported to file 'C:\Users\gusta\OneDrive\Documents\universidad\4to\1r\SEP\Proyectos\pr2\SEPmonG3\.sdk\launch_scripts\single_application_debug\debugger_sepmon_sw-default_1.tcl'
19:59:54 INFO  : Checking for BSP changes to sync application flags for project 'SEPmon_SW'...
20:00:25 INFO  : Checking for BSP changes to sync application flags for project 'SEPmon_SW'...
20:00:31 INFO  : Disconnected from the channel tcfchan#69.
20:00:32 INFO  : Connected to target on host '127.0.0.1' and port '3121'.
20:00:32 INFO  : Jtag cable 'Digilent Zybo Z7 210351B3FC88A' is selected.
20:00:32 INFO  : 'jtag frequency' command is executed.
20:00:32 INFO  : Context for 'APU' is selected.
20:00:32 INFO  : System reset is completed.
20:00:35 INFO  : 'after 3000' command is executed.
20:00:35 INFO  : 'targets -set -filter {jtag_cable_name =~ "Digilent Zybo Z7 210351B3FC88A" && level==0 && jtag_device_ctx=="jsn-Zybo Z7-210351B3FC88A-13722093-0"}' command is executed.
20:00:36 INFO  : FPGA configured successfully with bitstream "C:/Users/gusta/OneDrive/Documents/universidad/4to/1r/SEP/Proyectos/pr2/SEPmonG3/SEPmon_SW/_ide/bitstream/SEPmonG3V2.bit"
20:00:36 INFO  : Context for 'APU' is selected.
20:00:36 INFO  : Hardware design and registers information is loaded from 'C:/Users/gusta/OneDrive/Documents/universidad/4to/1r/SEP/Proyectos/pr2/SEPmonG3/SEPmonG3/export/SEPmonG3/hw/SEPmonG3V2.xsa'.
20:00:36 INFO  : 'configparams force-mem-access 1' command is executed.
20:00:36 INFO  : Context for 'APU' is selected.
20:00:36 INFO  : Sourcing of 'C:/Users/gusta/OneDrive/Documents/universidad/4to/1r/SEP/Proyectos/pr2/SEPmonG3/SEPmon_SW/_ide/psinit/ps7_init.tcl' is done.
20:00:37 INFO  : 'ps7_init' command is executed.
20:00:37 INFO  : 'ps7_post_config' command is executed.
20:00:37 INFO  : Context for processor 'ps7_cortexa9_0' is selected.
20:00:39 INFO  : The application 'C:/Users/gusta/OneDrive/Documents/universidad/4to/1r/SEP/Proyectos/pr2/SEPmonG3/SEPmon_SW/Debug/SEPmon_SW.elf' is downloaded to processor 'ps7_cortexa9_0'.
20:00:39 INFO  : 'configparams force-mem-access 0' command is executed.
20:00:39 INFO  : ----------------XSDB Script----------------
connect -url tcp:127.0.0.1:3121
targets -set -nocase -filter {name =~"APU*"}
rst -system
after 3000
targets -set -filter {jtag_cable_name =~ "Digilent Zybo Z7 210351B3FC88A" && level==0 && jtag_device_ctx=="jsn-Zybo Z7-210351B3FC88A-13722093-0"}
fpga -file C:/Users/gusta/OneDrive/Documents/universidad/4to/1r/SEP/Proyectos/pr2/SEPmonG3/SEPmon_SW/_ide/bitstream/SEPmonG3V2.bit
targets -set -nocase -filter {name =~"APU*"}
loadhw -hw C:/Users/gusta/OneDrive/Documents/universidad/4to/1r/SEP/Proyectos/pr2/SEPmonG3/SEPmonG3/export/SEPmonG3/hw/SEPmonG3V2.xsa -mem-ranges [list {0x40000000 0xbfffffff}] -regs
configparams force-mem-access 1
targets -set -nocase -filter {name =~"APU*"}
source C:/Users/gusta/OneDrive/Documents/universidad/4to/1r/SEP/Proyectos/pr2/SEPmonG3/SEPmon_SW/_ide/psinit/ps7_init.tcl
ps7_init
ps7_post_config
targets -set -nocase -filter {name =~ "*A9*#0"}
dow C:/Users/gusta/OneDrive/Documents/universidad/4to/1r/SEP/Proyectos/pr2/SEPmonG3/SEPmon_SW/Debug/SEPmon_SW.elf
configparams force-mem-access 0
----------------End of Script----------------

20:00:39 INFO  : Context for processor 'ps7_cortexa9_0' is selected.
20:00:39 INFO  : 'con' command is executed.
20:00:39 INFO  : ----------------XSDB Script (After Launch)----------------
targets -set -nocase -filter {name =~ "*A9*#0"}
con
----------------End of Script----------------

20:00:39 INFO  : Launch script is exported to file 'C:\Users\gusta\OneDrive\Documents\universidad\4to\1r\SEP\Proyectos\pr2\SEPmonG3\.sdk\launch_scripts\single_application_debug\debugger_sepmon_sw-default_1.tcl'
20:01:51 INFO  : Checking for BSP changes to sync application flags for project 'SEPmon_SW'...
20:01:57 INFO  : Disconnected from the channel tcfchan#70.
20:01:58 INFO  : Connected to target on host '127.0.0.1' and port '3121'.
20:01:59 INFO  : Jtag cable 'Digilent Zybo Z7 210351B3FC88A' is selected.
20:01:59 INFO  : 'jtag frequency' command is executed.
20:01:59 INFO  : Context for 'APU' is selected.
20:01:59 INFO  : System reset is completed.
20:02:02 INFO  : 'after 3000' command is executed.
20:02:02 INFO  : 'targets -set -filter {jtag_cable_name =~ "Digilent Zybo Z7 210351B3FC88A" && level==0 && jtag_device_ctx=="jsn-Zybo Z7-210351B3FC88A-13722093-0"}' command is executed.
20:02:03 INFO  : FPGA configured successfully with bitstream "C:/Users/gusta/OneDrive/Documents/universidad/4to/1r/SEP/Proyectos/pr2/SEPmonG3/SEPmon_SW/_ide/bitstream/SEPmonG3V2.bit"
20:02:03 INFO  : Context for 'APU' is selected.
20:02:03 INFO  : Hardware design and registers information is loaded from 'C:/Users/gusta/OneDrive/Documents/universidad/4to/1r/SEP/Proyectos/pr2/SEPmonG3/SEPmonG3/export/SEPmonG3/hw/SEPmonG3V2.xsa'.
20:02:03 INFO  : 'configparams force-mem-access 1' command is executed.
20:02:03 INFO  : Context for 'APU' is selected.
20:02:03 INFO  : Sourcing of 'C:/Users/gusta/OneDrive/Documents/universidad/4to/1r/SEP/Proyectos/pr2/SEPmonG3/SEPmon_SW/_ide/psinit/ps7_init.tcl' is done.
20:02:03 INFO  : 'ps7_init' command is executed.
20:02:03 INFO  : 'ps7_post_config' command is executed.
20:02:04 INFO  : Context for processor 'ps7_cortexa9_0' is selected.
20:02:06 INFO  : The application 'C:/Users/gusta/OneDrive/Documents/universidad/4to/1r/SEP/Proyectos/pr2/SEPmonG3/SEPmon_SW/Debug/SEPmon_SW.elf' is downloaded to processor 'ps7_cortexa9_0'.
20:02:06 INFO  : 'configparams force-mem-access 0' command is executed.
20:02:06 INFO  : ----------------XSDB Script----------------
connect -url tcp:127.0.0.1:3121
targets -set -nocase -filter {name =~"APU*"}
rst -system
after 3000
targets -set -filter {jtag_cable_name =~ "Digilent Zybo Z7 210351B3FC88A" && level==0 && jtag_device_ctx=="jsn-Zybo Z7-210351B3FC88A-13722093-0"}
fpga -file C:/Users/gusta/OneDrive/Documents/universidad/4to/1r/SEP/Proyectos/pr2/SEPmonG3/SEPmon_SW/_ide/bitstream/SEPmonG3V2.bit
targets -set -nocase -filter {name =~"APU*"}
loadhw -hw C:/Users/gusta/OneDrive/Documents/universidad/4to/1r/SEP/Proyectos/pr2/SEPmonG3/SEPmonG3/export/SEPmonG3/hw/SEPmonG3V2.xsa -mem-ranges [list {0x40000000 0xbfffffff}] -regs
configparams force-mem-access 1
targets -set -nocase -filter {name =~"APU*"}
source C:/Users/gusta/OneDrive/Documents/universidad/4to/1r/SEP/Proyectos/pr2/SEPmonG3/SEPmon_SW/_ide/psinit/ps7_init.tcl
ps7_init
ps7_post_config
targets -set -nocase -filter {name =~ "*A9*#0"}
dow C:/Users/gusta/OneDrive/Documents/universidad/4to/1r/SEP/Proyectos/pr2/SEPmonG3/SEPmon_SW/Debug/SEPmon_SW.elf
configparams force-mem-access 0
----------------End of Script----------------

20:02:06 INFO  : Context for processor 'ps7_cortexa9_0' is selected.
20:02:06 INFO  : 'con' command is executed.
20:02:06 INFO  : ----------------XSDB Script (After Launch)----------------
targets -set -nocase -filter {name =~ "*A9*#0"}
con
----------------End of Script----------------

20:02:06 INFO  : Launch script is exported to file 'C:\Users\gusta\OneDrive\Documents\universidad\4to\1r\SEP\Proyectos\pr2\SEPmonG3\.sdk\launch_scripts\single_application_debug\debugger_sepmon_sw-default_1.tcl'
20:04:38 INFO  : Disconnected from the channel tcfchan#71.
20:04:39 INFO  : Connected to target on host '127.0.0.1' and port '3121'.
20:04:39 INFO  : Jtag cable 'Digilent Zybo Z7 210351B3FC88A' is selected.
20:04:39 INFO  : 'jtag frequency' command is executed.
20:04:39 INFO  : Context for 'APU' is selected.
20:04:39 INFO  : System reset is completed.
20:04:42 INFO  : 'after 3000' command is executed.
20:04:43 INFO  : 'targets -set -filter {jtag_cable_name =~ "Digilent Zybo Z7 210351B3FC88A" && level==0 && jtag_device_ctx=="jsn-Zybo Z7-210351B3FC88A-13722093-0"}' command is executed.
20:04:44 INFO  : FPGA configured successfully with bitstream "C:/Users/gusta/OneDrive/Documents/universidad/4to/1r/SEP/Proyectos/pr2/SEPmonG3/SEPmon_SW/_ide/bitstream/SEPmonG3V2.bit"
20:04:44 INFO  : Context for 'APU' is selected.
20:04:44 INFO  : Hardware design and registers information is loaded from 'C:/Users/gusta/OneDrive/Documents/universidad/4to/1r/SEP/Proyectos/pr2/SEPmonG3/SEPmonG3/export/SEPmonG3/hw/SEPmonG3V2.xsa'.
20:04:44 INFO  : 'configparams force-mem-access 1' command is executed.
20:04:44 INFO  : Context for 'APU' is selected.
20:04:44 INFO  : Sourcing of 'C:/Users/gusta/OneDrive/Documents/universidad/4to/1r/SEP/Proyectos/pr2/SEPmonG3/SEPmon_SW/_ide/psinit/ps7_init.tcl' is done.
20:04:44 INFO  : 'ps7_init' command is executed.
20:04:44 INFO  : 'ps7_post_config' command is executed.
20:04:44 INFO  : Context for processor 'ps7_cortexa9_0' is selected.
20:04:46 INFO  : The application 'C:/Users/gusta/OneDrive/Documents/universidad/4to/1r/SEP/Proyectos/pr2/SEPmonG3/SEPmon_SW/Debug/SEPmon_SW.elf' is downloaded to processor 'ps7_cortexa9_0'.
20:04:47 INFO  : 'configparams force-mem-access 0' command is executed.
20:04:47 INFO  : ----------------XSDB Script----------------
connect -url tcp:127.0.0.1:3121
targets -set -nocase -filter {name =~"APU*"}
rst -system
after 3000
targets -set -filter {jtag_cable_name =~ "Digilent Zybo Z7 210351B3FC88A" && level==0 && jtag_device_ctx=="jsn-Zybo Z7-210351B3FC88A-13722093-0"}
fpga -file C:/Users/gusta/OneDrive/Documents/universidad/4to/1r/SEP/Proyectos/pr2/SEPmonG3/SEPmon_SW/_ide/bitstream/SEPmonG3V2.bit
targets -set -nocase -filter {name =~"APU*"}
loadhw -hw C:/Users/gusta/OneDrive/Documents/universidad/4to/1r/SEP/Proyectos/pr2/SEPmonG3/SEPmonG3/export/SEPmonG3/hw/SEPmonG3V2.xsa -mem-ranges [list {0x40000000 0xbfffffff}] -regs
configparams force-mem-access 1
targets -set -nocase -filter {name =~"APU*"}
source C:/Users/gusta/OneDrive/Documents/universidad/4to/1r/SEP/Proyectos/pr2/SEPmonG3/SEPmon_SW/_ide/psinit/ps7_init.tcl
ps7_init
ps7_post_config
targets -set -nocase -filter {name =~ "*A9*#0"}
dow C:/Users/gusta/OneDrive/Documents/universidad/4to/1r/SEP/Proyectos/pr2/SEPmonG3/SEPmon_SW/Debug/SEPmon_SW.elf
configparams force-mem-access 0
----------------End of Script----------------

20:04:47 INFO  : Context for processor 'ps7_cortexa9_0' is selected.
20:04:47 INFO  : 'con' command is executed.
20:04:47 INFO  : ----------------XSDB Script (After Launch)----------------
targets -set -nocase -filter {name =~ "*A9*#0"}
con
----------------End of Script----------------

20:04:47 INFO  : Launch script is exported to file 'C:\Users\gusta\OneDrive\Documents\universidad\4to\1r\SEP\Proyectos\pr2\SEPmonG3\.sdk\launch_scripts\single_application_debug\debugger_sepmon_sw-default_1.tcl'
20:05:36 INFO  : Checking for BSP changes to sync application flags for project 'SEPmon_SW'...
20:10:17 INFO  : Checking for BSP changes to sync application flags for project 'SEPmon_SW'...
20:10:23 INFO  : Disconnected from the channel tcfchan#72.
20:10:24 INFO  : Connected to target on host '127.0.0.1' and port '3121'.
20:10:24 INFO  : Jtag cable 'Digilent Zybo Z7 210351B3FC88A' is selected.
20:10:24 INFO  : 'jtag frequency' command is executed.
20:10:24 INFO  : Context for 'APU' is selected.
20:10:24 INFO  : System reset is completed.
20:10:27 INFO  : 'after 3000' command is executed.
20:10:27 INFO  : 'targets -set -filter {jtag_cable_name =~ "Digilent Zybo Z7 210351B3FC88A" && level==0 && jtag_device_ctx=="jsn-Zybo Z7-210351B3FC88A-13722093-0"}' command is executed.
20:10:29 INFO  : FPGA configured successfully with bitstream "C:/Users/gusta/OneDrive/Documents/universidad/4to/1r/SEP/Proyectos/pr2/SEPmonG3/SEPmon_SW/_ide/bitstream/SEPmonG3V2.bit"
20:10:29 INFO  : Context for 'APU' is selected.
20:10:29 INFO  : Hardware design and registers information is loaded from 'C:/Users/gusta/OneDrive/Documents/universidad/4to/1r/SEP/Proyectos/pr2/SEPmonG3/SEPmonG3/export/SEPmonG3/hw/SEPmonG3V2.xsa'.
20:10:29 INFO  : 'configparams force-mem-access 1' command is executed.
20:10:29 INFO  : Context for 'APU' is selected.
20:10:29 INFO  : Sourcing of 'C:/Users/gusta/OneDrive/Documents/universidad/4to/1r/SEP/Proyectos/pr2/SEPmonG3/SEPmon_SW/_ide/psinit/ps7_init.tcl' is done.
20:10:29 INFO  : 'ps7_init' command is executed.
20:10:29 INFO  : 'ps7_post_config' command is executed.
20:10:29 INFO  : Context for processor 'ps7_cortexa9_0' is selected.
20:10:30 INFO  : The application 'C:/Users/gusta/OneDrive/Documents/universidad/4to/1r/SEP/Proyectos/pr2/SEPmonG3/SEPmon_SW/Debug/SEPmon_SW.elf' is downloaded to processor 'ps7_cortexa9_0'.
20:10:30 INFO  : 'configparams force-mem-access 0' command is executed.
20:10:30 INFO  : ----------------XSDB Script----------------
connect -url tcp:127.0.0.1:3121
targets -set -nocase -filter {name =~"APU*"}
rst -system
after 3000
targets -set -filter {jtag_cable_name =~ "Digilent Zybo Z7 210351B3FC88A" && level==0 && jtag_device_ctx=="jsn-Zybo Z7-210351B3FC88A-13722093-0"}
fpga -file C:/Users/gusta/OneDrive/Documents/universidad/4to/1r/SEP/Proyectos/pr2/SEPmonG3/SEPmon_SW/_ide/bitstream/SEPmonG3V2.bit
targets -set -nocase -filter {name =~"APU*"}
loadhw -hw C:/Users/gusta/OneDrive/Documents/universidad/4to/1r/SEP/Proyectos/pr2/SEPmonG3/SEPmonG3/export/SEPmonG3/hw/SEPmonG3V2.xsa -mem-ranges [list {0x40000000 0xbfffffff}] -regs
configparams force-mem-access 1
targets -set -nocase -filter {name =~"APU*"}
source C:/Users/gusta/OneDrive/Documents/universidad/4to/1r/SEP/Proyectos/pr2/SEPmonG3/SEPmon_SW/_ide/psinit/ps7_init.tcl
ps7_init
ps7_post_config
targets -set -nocase -filter {name =~ "*A9*#0"}
dow C:/Users/gusta/OneDrive/Documents/universidad/4to/1r/SEP/Proyectos/pr2/SEPmonG3/SEPmon_SW/Debug/SEPmon_SW.elf
configparams force-mem-access 0
----------------End of Script----------------

20:10:30 INFO  : Context for processor 'ps7_cortexa9_0' is selected.
20:10:30 INFO  : 'con' command is executed.
20:10:30 INFO  : ----------------XSDB Script (After Launch)----------------
targets -set -nocase -filter {name =~ "*A9*#0"}
con
----------------End of Script----------------

20:10:30 INFO  : Launch script is exported to file 'C:\Users\gusta\OneDrive\Documents\universidad\4to\1r\SEP\Proyectos\pr2\SEPmonG3\.sdk\launch_scripts\single_application_debug\debugger_sepmon_sw-default_1.tcl'
20:25:51 INFO  : Disconnected from the channel tcfchan#73.
20:25:52 INFO  : Connected to target on host '127.0.0.1' and port '3121'.
20:25:52 INFO  : Jtag cable 'Digilent Zybo Z7 210351B3FC88A' is selected.
20:25:52 INFO  : 'jtag frequency' command is executed.
20:25:52 INFO  : Context for 'APU' is selected.
20:25:52 INFO  : System reset is completed.
20:25:55 INFO  : 'after 3000' command is executed.
20:25:55 INFO  : 'targets -set -filter {jtag_cable_name =~ "Digilent Zybo Z7 210351B3FC88A" && level==0 && jtag_device_ctx=="jsn-Zybo Z7-210351B3FC88A-13722093-0"}' command is executed.
20:25:56 INFO  : FPGA configured successfully with bitstream "C:/Users/gusta/OneDrive/Documents/universidad/4to/1r/SEP/Proyectos/pr2/SEPmonG3/SEPmon_SW/_ide/bitstream/SEPmonG3V2.bit"
20:25:56 INFO  : Context for 'APU' is selected.
20:25:56 INFO  : Hardware design and registers information is loaded from 'C:/Users/gusta/OneDrive/Documents/universidad/4to/1r/SEP/Proyectos/pr2/SEPmonG3/SEPmonG3/export/SEPmonG3/hw/SEPmonG3V2.xsa'.
20:25:56 INFO  : 'configparams force-mem-access 1' command is executed.
20:25:56 INFO  : Context for 'APU' is selected.
20:25:56 INFO  : Sourcing of 'C:/Users/gusta/OneDrive/Documents/universidad/4to/1r/SEP/Proyectos/pr2/SEPmonG3/SEPmon_SW/_ide/psinit/ps7_init.tcl' is done.
20:25:57 INFO  : 'ps7_init' command is executed.
20:25:57 INFO  : 'ps7_post_config' command is executed.
20:25:57 INFO  : Context for processor 'ps7_cortexa9_0' is selected.
20:25:57 INFO  : The application 'C:/Users/gusta/OneDrive/Documents/universidad/4to/1r/SEP/Proyectos/pr2/SEPmonG3/SEPmon_SW/Debug/SEPmon_SW.elf' is downloaded to processor 'ps7_cortexa9_0'.
20:25:57 INFO  : 'configparams force-mem-access 0' command is executed.
20:25:57 INFO  : ----------------XSDB Script----------------
connect -url tcp:127.0.0.1:3121
targets -set -nocase -filter {name =~"APU*"}
rst -system
after 3000
targets -set -filter {jtag_cable_name =~ "Digilent Zybo Z7 210351B3FC88A" && level==0 && jtag_device_ctx=="jsn-Zybo Z7-210351B3FC88A-13722093-0"}
fpga -file C:/Users/gusta/OneDrive/Documents/universidad/4to/1r/SEP/Proyectos/pr2/SEPmonG3/SEPmon_SW/_ide/bitstream/SEPmonG3V2.bit
targets -set -nocase -filter {name =~"APU*"}
loadhw -hw C:/Users/gusta/OneDrive/Documents/universidad/4to/1r/SEP/Proyectos/pr2/SEPmonG3/SEPmonG3/export/SEPmonG3/hw/SEPmonG3V2.xsa -mem-ranges [list {0x40000000 0xbfffffff}] -regs
configparams force-mem-access 1
targets -set -nocase -filter {name =~"APU*"}
source C:/Users/gusta/OneDrive/Documents/universidad/4to/1r/SEP/Proyectos/pr2/SEPmonG3/SEPmon_SW/_ide/psinit/ps7_init.tcl
ps7_init
ps7_post_config
targets -set -nocase -filter {name =~ "*A9*#0"}
dow C:/Users/gusta/OneDrive/Documents/universidad/4to/1r/SEP/Proyectos/pr2/SEPmonG3/SEPmon_SW/Debug/SEPmon_SW.elf
configparams force-mem-access 0
----------------End of Script----------------

20:25:57 INFO  : Context for processor 'ps7_cortexa9_0' is selected.
20:25:57 INFO  : 'con' command is executed.
20:25:57 INFO  : ----------------XSDB Script (After Launch)----------------
targets -set -nocase -filter {name =~ "*A9*#0"}
con
----------------End of Script----------------

20:25:57 INFO  : Launch script is exported to file 'C:\Users\gusta\OneDrive\Documents\universidad\4to\1r\SEP\Proyectos\pr2\SEPmonG3\.sdk\launch_scripts\single_application_debug\debugger_sepmon_sw-default_1.tcl'
20:26:07 INFO  : Checking for BSP changes to sync application flags for project 'SEPmon_SW'...
20:26:13 INFO  : Disconnected from the channel tcfchan#74.
20:26:14 INFO  : Connected to target on host '127.0.0.1' and port '3121'.
20:26:14 INFO  : Jtag cable 'Digilent Zybo Z7 210351B3FC88A' is selected.
20:26:14 INFO  : 'jtag frequency' command is executed.
20:26:14 INFO  : Context for 'APU' is selected.
20:26:14 INFO  : System reset is completed.
20:26:17 INFO  : 'after 3000' command is executed.
20:26:17 INFO  : 'targets -set -filter {jtag_cable_name =~ "Digilent Zybo Z7 210351B3FC88A" && level==0 && jtag_device_ctx=="jsn-Zybo Z7-210351B3FC88A-13722093-0"}' command is executed.
20:26:18 INFO  : FPGA configured successfully with bitstream "C:/Users/gusta/OneDrive/Documents/universidad/4to/1r/SEP/Proyectos/pr2/SEPmonG3/SEPmon_SW/_ide/bitstream/SEPmonG3V2.bit"
20:26:18 INFO  : Context for 'APU' is selected.
20:26:18 INFO  : Hardware design and registers information is loaded from 'C:/Users/gusta/OneDrive/Documents/universidad/4to/1r/SEP/Proyectos/pr2/SEPmonG3/SEPmonG3/export/SEPmonG3/hw/SEPmonG3V2.xsa'.
20:26:18 INFO  : 'configparams force-mem-access 1' command is executed.
20:26:18 INFO  : Context for 'APU' is selected.
20:26:18 INFO  : Sourcing of 'C:/Users/gusta/OneDrive/Documents/universidad/4to/1r/SEP/Proyectos/pr2/SEPmonG3/SEPmon_SW/_ide/psinit/ps7_init.tcl' is done.
20:26:19 INFO  : 'ps7_init' command is executed.
20:26:19 INFO  : 'ps7_post_config' command is executed.
20:26:19 INFO  : Context for processor 'ps7_cortexa9_0' is selected.
20:26:21 INFO  : The application 'C:/Users/gusta/OneDrive/Documents/universidad/4to/1r/SEP/Proyectos/pr2/SEPmonG3/SEPmon_SW/Debug/SEPmon_SW.elf' is downloaded to processor 'ps7_cortexa9_0'.
20:26:21 INFO  : 'configparams force-mem-access 0' command is executed.
20:26:21 INFO  : ----------------XSDB Script----------------
connect -url tcp:127.0.0.1:3121
targets -set -nocase -filter {name =~"APU*"}
rst -system
after 3000
targets -set -filter {jtag_cable_name =~ "Digilent Zybo Z7 210351B3FC88A" && level==0 && jtag_device_ctx=="jsn-Zybo Z7-210351B3FC88A-13722093-0"}
fpga -file C:/Users/gusta/OneDrive/Documents/universidad/4to/1r/SEP/Proyectos/pr2/SEPmonG3/SEPmon_SW/_ide/bitstream/SEPmonG3V2.bit
targets -set -nocase -filter {name =~"APU*"}
loadhw -hw C:/Users/gusta/OneDrive/Documents/universidad/4to/1r/SEP/Proyectos/pr2/SEPmonG3/SEPmonG3/export/SEPmonG3/hw/SEPmonG3V2.xsa -mem-ranges [list {0x40000000 0xbfffffff}] -regs
configparams force-mem-access 1
targets -set -nocase -filter {name =~"APU*"}
source C:/Users/gusta/OneDrive/Documents/universidad/4to/1r/SEP/Proyectos/pr2/SEPmonG3/SEPmon_SW/_ide/psinit/ps7_init.tcl
ps7_init
ps7_post_config
targets -set -nocase -filter {name =~ "*A9*#0"}
dow C:/Users/gusta/OneDrive/Documents/universidad/4to/1r/SEP/Proyectos/pr2/SEPmonG3/SEPmon_SW/Debug/SEPmon_SW.elf
configparams force-mem-access 0
----------------End of Script----------------

20:26:21 INFO  : Context for processor 'ps7_cortexa9_0' is selected.
20:26:21 INFO  : 'con' command is executed.
20:26:21 INFO  : ----------------XSDB Script (After Launch)----------------
targets -set -nocase -filter {name =~ "*A9*#0"}
con
----------------End of Script----------------

20:26:21 INFO  : Launch script is exported to file 'C:\Users\gusta\OneDrive\Documents\universidad\4to\1r\SEP\Proyectos\pr2\SEPmonG3\.sdk\launch_scripts\single_application_debug\debugger_sepmon_sw-default_1.tcl'
20:31:37 INFO  : Checking for BSP changes to sync application flags for project 'SEPmon_SW'...
20:31:42 INFO  : Disconnected from the channel tcfchan#75.
20:31:43 INFO  : Connected to target on host '127.0.0.1' and port '3121'.
20:31:43 INFO  : Jtag cable 'Digilent Zybo Z7 210351B3FC88A' is selected.
20:31:43 INFO  : 'jtag frequency' command is executed.
20:31:43 INFO  : Context for 'APU' is selected.
20:31:43 INFO  : System reset is completed.
20:31:46 INFO  : 'after 3000' command is executed.
20:31:46 INFO  : 'targets -set -filter {jtag_cable_name =~ "Digilent Zybo Z7 210351B3FC88A" && level==0 && jtag_device_ctx=="jsn-Zybo Z7-210351B3FC88A-13722093-0"}' command is executed.
20:31:47 INFO  : FPGA configured successfully with bitstream "C:/Users/gusta/OneDrive/Documents/universidad/4to/1r/SEP/Proyectos/pr2/SEPmonG3/SEPmon_SW/_ide/bitstream/SEPmonG3V2.bit"
20:31:47 INFO  : Context for 'APU' is selected.
20:31:47 INFO  : Hardware design and registers information is loaded from 'C:/Users/gusta/OneDrive/Documents/universidad/4to/1r/SEP/Proyectos/pr2/SEPmonG3/SEPmonG3/export/SEPmonG3/hw/SEPmonG3V2.xsa'.
20:31:47 INFO  : 'configparams force-mem-access 1' command is executed.
20:31:47 INFO  : Context for 'APU' is selected.
20:31:47 INFO  : Sourcing of 'C:/Users/gusta/OneDrive/Documents/universidad/4to/1r/SEP/Proyectos/pr2/SEPmonG3/SEPmon_SW/_ide/psinit/ps7_init.tcl' is done.
20:31:48 INFO  : 'ps7_init' command is executed.
20:31:48 INFO  : 'ps7_post_config' command is executed.
20:31:48 INFO  : Context for processor 'ps7_cortexa9_0' is selected.
20:31:50 INFO  : The application 'C:/Users/gusta/OneDrive/Documents/universidad/4to/1r/SEP/Proyectos/pr2/SEPmonG3/SEPmon_SW/Debug/SEPmon_SW.elf' is downloaded to processor 'ps7_cortexa9_0'.
20:31:50 INFO  : 'configparams force-mem-access 0' command is executed.
20:31:50 INFO  : ----------------XSDB Script----------------
connect -url tcp:127.0.0.1:3121
targets -set -nocase -filter {name =~"APU*"}
rst -system
after 3000
targets -set -filter {jtag_cable_name =~ "Digilent Zybo Z7 210351B3FC88A" && level==0 && jtag_device_ctx=="jsn-Zybo Z7-210351B3FC88A-13722093-0"}
fpga -file C:/Users/gusta/OneDrive/Documents/universidad/4to/1r/SEP/Proyectos/pr2/SEPmonG3/SEPmon_SW/_ide/bitstream/SEPmonG3V2.bit
targets -set -nocase -filter {name =~"APU*"}
loadhw -hw C:/Users/gusta/OneDrive/Documents/universidad/4to/1r/SEP/Proyectos/pr2/SEPmonG3/SEPmonG3/export/SEPmonG3/hw/SEPmonG3V2.xsa -mem-ranges [list {0x40000000 0xbfffffff}] -regs
configparams force-mem-access 1
targets -set -nocase -filter {name =~"APU*"}
source C:/Users/gusta/OneDrive/Documents/universidad/4to/1r/SEP/Proyectos/pr2/SEPmonG3/SEPmon_SW/_ide/psinit/ps7_init.tcl
ps7_init
ps7_post_config
targets -set -nocase -filter {name =~ "*A9*#0"}
dow C:/Users/gusta/OneDrive/Documents/universidad/4to/1r/SEP/Proyectos/pr2/SEPmonG3/SEPmon_SW/Debug/SEPmon_SW.elf
configparams force-mem-access 0
----------------End of Script----------------

20:31:50 INFO  : Context for processor 'ps7_cortexa9_0' is selected.
20:31:50 INFO  : 'con' command is executed.
20:31:50 INFO  : ----------------XSDB Script (After Launch)----------------
targets -set -nocase -filter {name =~ "*A9*#0"}
con
----------------End of Script----------------

20:31:50 INFO  : Launch script is exported to file 'C:\Users\gusta\OneDrive\Documents\universidad\4to\1r\SEP\Proyectos\pr2\SEPmonG3\.sdk\launch_scripts\single_application_debug\debugger_sepmon_sw-default_1.tcl'
20:37:19 INFO  : Disconnected from the channel tcfchan#76.
20:37:20 INFO  : Connected to target on host '127.0.0.1' and port '3121'.
20:37:20 INFO  : Jtag cable 'Digilent Zybo Z7 210351B3FC88A' is selected.
20:37:20 INFO  : 'jtag frequency' command is executed.
20:37:20 INFO  : Context for 'APU' is selected.
20:37:20 INFO  : System reset is completed.
20:37:24 INFO  : 'after 3000' command is executed.
20:37:24 INFO  : 'targets -set -filter {jtag_cable_name =~ "Digilent Zybo Z7 210351B3FC88A" && level==0 && jtag_device_ctx=="jsn-Zybo Z7-210351B3FC88A-13722093-0"}' command is executed.
20:37:25 INFO  : FPGA configured successfully with bitstream "C:/Users/gusta/OneDrive/Documents/universidad/4to/1r/SEP/Proyectos/pr2/SEPmonG3/SEPmon_SW/_ide/bitstream/SEPmonG3V2.bit"
20:37:25 INFO  : Context for 'APU' is selected.
20:37:25 INFO  : Hardware design and registers information is loaded from 'C:/Users/gusta/OneDrive/Documents/universidad/4to/1r/SEP/Proyectos/pr2/SEPmonG3/SEPmonG3/export/SEPmonG3/hw/SEPmonG3V2.xsa'.
20:37:25 INFO  : 'configparams force-mem-access 1' command is executed.
20:37:25 INFO  : Context for 'APU' is selected.
20:37:25 INFO  : Sourcing of 'C:/Users/gusta/OneDrive/Documents/universidad/4to/1r/SEP/Proyectos/pr2/SEPmonG3/SEPmon_SW/_ide/psinit/ps7_init.tcl' is done.
20:37:25 INFO  : 'ps7_init' command is executed.
20:37:25 INFO  : 'ps7_post_config' command is executed.
20:37:25 INFO  : Context for processor 'ps7_cortexa9_0' is selected.
20:37:27 INFO  : The application 'C:/Users/gusta/OneDrive/Documents/universidad/4to/1r/SEP/Proyectos/pr2/SEPmonG3/SEPmon_SW/Debug/SEPmon_SW.elf' is downloaded to processor 'ps7_cortexa9_0'.
20:37:27 INFO  : 'configparams force-mem-access 0' command is executed.
20:37:27 INFO  : ----------------XSDB Script----------------
connect -url tcp:127.0.0.1:3121
targets -set -nocase -filter {name =~"APU*"}
rst -system
after 3000
targets -set -filter {jtag_cable_name =~ "Digilent Zybo Z7 210351B3FC88A" && level==0 && jtag_device_ctx=="jsn-Zybo Z7-210351B3FC88A-13722093-0"}
fpga -file C:/Users/gusta/OneDrive/Documents/universidad/4to/1r/SEP/Proyectos/pr2/SEPmonG3/SEPmon_SW/_ide/bitstream/SEPmonG3V2.bit
targets -set -nocase -filter {name =~"APU*"}
loadhw -hw C:/Users/gusta/OneDrive/Documents/universidad/4to/1r/SEP/Proyectos/pr2/SEPmonG3/SEPmonG3/export/SEPmonG3/hw/SEPmonG3V2.xsa -mem-ranges [list {0x40000000 0xbfffffff}] -regs
configparams force-mem-access 1
targets -set -nocase -filter {name =~"APU*"}
source C:/Users/gusta/OneDrive/Documents/universidad/4to/1r/SEP/Proyectos/pr2/SEPmonG3/SEPmon_SW/_ide/psinit/ps7_init.tcl
ps7_init
ps7_post_config
targets -set -nocase -filter {name =~ "*A9*#0"}
dow C:/Users/gusta/OneDrive/Documents/universidad/4to/1r/SEP/Proyectos/pr2/SEPmonG3/SEPmon_SW/Debug/SEPmon_SW.elf
configparams force-mem-access 0
----------------End of Script----------------

20:37:27 INFO  : Context for processor 'ps7_cortexa9_0' is selected.
20:37:28 INFO  : 'con' command is executed.
20:37:28 INFO  : ----------------XSDB Script (After Launch)----------------
targets -set -nocase -filter {name =~ "*A9*#0"}
con
----------------End of Script----------------

20:37:28 INFO  : Launch script is exported to file 'C:\Users\gusta\OneDrive\Documents\universidad\4to\1r\SEP\Proyectos\pr2\SEPmonG3\.sdk\launch_scripts\single_application_debug\debugger_sepmon_sw-default_1.tcl'
20:47:44 INFO  : Disconnected from the channel tcfchan#77.
20:47:45 INFO  : Connected to target on host '127.0.0.1' and port '3121'.
20:47:45 INFO  : Jtag cable 'Digilent Zybo Z7 210351B3FC88A' is selected.
20:47:45 INFO  : 'jtag frequency' command is executed.
20:47:45 INFO  : Context for 'APU' is selected.
20:47:45 INFO  : System reset is completed.
20:47:48 INFO  : 'after 3000' command is executed.
20:47:48 INFO  : 'targets -set -filter {jtag_cable_name =~ "Digilent Zybo Z7 210351B3FC88A" && level==0 && jtag_device_ctx=="jsn-Zybo Z7-210351B3FC88A-13722093-0"}' command is executed.
20:47:49 INFO  : FPGA configured successfully with bitstream "C:/Users/gusta/OneDrive/Documents/universidad/4to/1r/SEP/Proyectos/pr2/SEPmonG3/SEPmon_SW/_ide/bitstream/SEPmonG3V2.bit"
20:47:49 INFO  : Context for 'APU' is selected.
20:47:49 INFO  : Hardware design and registers information is loaded from 'C:/Users/gusta/OneDrive/Documents/universidad/4to/1r/SEP/Proyectos/pr2/SEPmonG3/SEPmonG3/export/SEPmonG3/hw/SEPmonG3V2.xsa'.
20:47:49 INFO  : 'configparams force-mem-access 1' command is executed.
20:47:49 INFO  : Context for 'APU' is selected.
20:47:49 INFO  : Sourcing of 'C:/Users/gusta/OneDrive/Documents/universidad/4to/1r/SEP/Proyectos/pr2/SEPmonG3/SEPmon_SW/_ide/psinit/ps7_init.tcl' is done.
20:47:50 INFO  : 'ps7_init' command is executed.
20:47:50 INFO  : 'ps7_post_config' command is executed.
20:47:50 INFO  : Context for processor 'ps7_cortexa9_0' is selected.
20:47:52 INFO  : The application 'C:/Users/gusta/OneDrive/Documents/universidad/4to/1r/SEP/Proyectos/pr2/SEPmonG3/SEPmon_SW/Debug/SEPmon_SW.elf' is downloaded to processor 'ps7_cortexa9_0'.
20:47:52 INFO  : 'configparams force-mem-access 0' command is executed.
20:47:52 INFO  : ----------------XSDB Script----------------
connect -url tcp:127.0.0.1:3121
targets -set -nocase -filter {name =~"APU*"}
rst -system
after 3000
targets -set -filter {jtag_cable_name =~ "Digilent Zybo Z7 210351B3FC88A" && level==0 && jtag_device_ctx=="jsn-Zybo Z7-210351B3FC88A-13722093-0"}
fpga -file C:/Users/gusta/OneDrive/Documents/universidad/4to/1r/SEP/Proyectos/pr2/SEPmonG3/SEPmon_SW/_ide/bitstream/SEPmonG3V2.bit
targets -set -nocase -filter {name =~"APU*"}
loadhw -hw C:/Users/gusta/OneDrive/Documents/universidad/4to/1r/SEP/Proyectos/pr2/SEPmonG3/SEPmonG3/export/SEPmonG3/hw/SEPmonG3V2.xsa -mem-ranges [list {0x40000000 0xbfffffff}] -regs
configparams force-mem-access 1
targets -set -nocase -filter {name =~"APU*"}
source C:/Users/gusta/OneDrive/Documents/universidad/4to/1r/SEP/Proyectos/pr2/SEPmonG3/SEPmon_SW/_ide/psinit/ps7_init.tcl
ps7_init
ps7_post_config
targets -set -nocase -filter {name =~ "*A9*#0"}
dow C:/Users/gusta/OneDrive/Documents/universidad/4to/1r/SEP/Proyectos/pr2/SEPmonG3/SEPmon_SW/Debug/SEPmon_SW.elf
configparams force-mem-access 0
----------------End of Script----------------

20:47:52 INFO  : Context for processor 'ps7_cortexa9_0' is selected.
20:47:52 INFO  : 'con' command is executed.
20:47:52 INFO  : ----------------XSDB Script (After Launch)----------------
targets -set -nocase -filter {name =~ "*A9*#0"}
con
----------------End of Script----------------

20:47:52 INFO  : Launch script is exported to file 'C:\Users\gusta\OneDrive\Documents\universidad\4to\1r\SEP\Proyectos\pr2\SEPmonG3\.sdk\launch_scripts\single_application_debug\debugger_sepmon_sw-default_1.tcl'
20:58:22 INFO  : Checking for BSP changes to sync application flags for project 'SEPmon_SW'...
20:58:40 INFO  : Checking for BSP changes to sync application flags for project 'SEPmon_SW'...
20:58:53 INFO  : Checking for BSP changes to sync application flags for project 'SEPmon_SW'...
20:59:08 INFO  : Checking for BSP changes to sync application flags for project 'SEPmon_SW'...
20:59:37 INFO  : Checking for BSP changes to sync application flags for project 'SEPmon_SW'...
20:59:47 INFO  : Checking for BSP changes to sync application flags for project 'SEPmon_SW'...
21:00:20 INFO  : Checking for BSP changes to sync application flags for project 'SEPmon_SW'...
21:00:42 INFO  : Checking for BSP changes to sync application flags for project 'SEPmon_SW'...
21:00:50 INFO  : Checking for BSP changes to sync application flags for project 'SEPmon_SW'...
21:00:55 INFO  : Checking for BSP changes to sync application flags for project 'SEPmon_SW'...
21:03:40 INFO  : Checking for BSP changes to sync application flags for project 'SEPmon_SW'...
21:03:56 INFO  : Checking for BSP changes to sync application flags for project 'SEPmon_SW'...
21:04:06 INFO  : Checking for BSP changes to sync application flags for project 'SEPmon_SW'...
21:04:55 INFO  : Checking for BSP changes to sync application flags for project 'SEPmon_SW'...
21:05:21 INFO  : Checking for BSP changes to sync application flags for project 'SEPmon_SW'...
21:06:08 INFO  : Checking for BSP changes to sync application flags for project 'SEPmon_SW'...
21:06:14 INFO  : Checking for BSP changes to sync application flags for project 'SEPmon_SW'...
21:06:25 INFO  : Checking for BSP changes to sync application flags for project 'SEPmon_SW'...
21:06:50 INFO  : Checking for BSP changes to sync application flags for project 'SEPmon_SW'...
21:06:56 INFO  : Checking for BSP changes to sync application flags for project 'SEPmon_SW'...
21:07:06 INFO  : Checking for BSP changes to sync application flags for project 'SEPmon_SW'...
21:07:12 INFO  : Checking for BSP changes to sync application flags for project 'SEPmon_SW'...
21:14:29 INFO  : Checking for BSP changes to sync application flags for project 'SEPmon_SW'...
21:14:33 INFO  : Checking for BSP changes to sync application flags for project 'SEPmon_SW'...
21:15:37 INFO  : Checking for BSP changes to sync application flags for project 'SEPmon_SW'...
21:16:05 INFO  : Checking for BSP changes to sync application flags for project 'SEPmon_SW'...
21:16:32 INFO  : Checking for BSP changes to sync application flags for project 'SEPmon_SW'...
21:16:47 INFO  : Checking for BSP changes to sync application flags for project 'SEPmon_SW'...
21:17:02 INFO  : Checking for BSP changes to sync application flags for project 'SEPmon_SW'...
21:17:11 INFO  : Checking for BSP changes to sync application flags for project 'SEPmon_SW'...
21:18:32 INFO  : Checking for BSP changes to sync application flags for project 'SEPmon_SW'...
21:19:24 INFO  : Checking for BSP changes to sync application flags for project 'SEPmon_SW'...
21:19:42 INFO  : Checking for BSP changes to sync application flags for project 'SEPmon_SW'...
21:21:28 INFO  : Checking for BSP changes to sync application flags for project 'SEPmon_SW'...
21:26:44 INFO  : Checking for BSP changes to sync application flags for project 'SEPmon_SW'...
21:40:12 INFO  : Checking for BSP changes to sync application flags for project 'SEPmon_SW'...
21:40:29 INFO  : Checking for BSP changes to sync application flags for project 'SEPmon_SW'...
21:40:57 INFO  : Checking for BSP changes to sync application flags for project 'SEPmon_SW'...
21:41:07 INFO  : Checking for BSP changes to sync application flags for project 'SEPmon_SW'...
21:41:19 INFO  : Checking for BSP changes to sync application flags for project 'SEPmon_SW'...
21:41:29 INFO  : Checking for BSP changes to sync application flags for project 'SEPmon_SW'...
21:41:38 INFO  : Checking for BSP changes to sync application flags for project 'SEPmon_SW'...
21:41:59 INFO  : Checking for BSP changes to sync application flags for project 'SEPmon_SW'...
21:43:58 INFO  : Checking for BSP changes to sync application flags for project 'SEPmon_SW'...
21:44:30 INFO  : Checking for BSP changes to sync application flags for project 'SEPmon_SW'...
21:48:12 INFO  : Checking for BSP changes to sync application flags for project 'SEPmon_SW'...
21:49:26 INFO  : Checking for BSP changes to sync application flags for project 'SEPmon_SW'...
21:49:36 INFO  : Checking for BSP changes to sync application flags for project 'SEPmon_SW'...
21:50:10 INFO  : Checking for BSP changes to sync application flags for project 'SEPmon_SW'...
21:50:21 INFO  : Checking for BSP changes to sync application flags for project 'SEPmon_SW'...
21:50:27 INFO  : Disconnected from the channel tcfchan#78.
21:50:28 INFO  : Connected to target on host '127.0.0.1' and port '3121'.
21:50:29 INFO  : Jtag cable 'Digilent Zybo Z7 210351B3FC88A' is selected.
21:50:29 INFO  : 'jtag frequency' command is executed.
21:50:29 INFO  : Context for 'APU' is selected.
21:50:29 INFO  : System reset is completed.
21:50:32 INFO  : 'after 3000' command is executed.
21:50:32 INFO  : 'targets -set -filter {jtag_cable_name =~ "Digilent Zybo Z7 210351B3FC88A" && level==0 && jtag_device_ctx=="jsn-Zybo Z7-210351B3FC88A-13722093-0"}' command is executed.
21:50:33 INFO  : FPGA configured successfully with bitstream "C:/Users/gusta/OneDrive/Documents/universidad/4to/1r/SEP/Proyectos/pr2/SEPmonG3/SEPmon_SW/_ide/bitstream/SEPmonG3V2.bit"
21:50:33 INFO  : Context for 'APU' is selected.
21:50:33 INFO  : Hardware design and registers information is loaded from 'C:/Users/gusta/OneDrive/Documents/universidad/4to/1r/SEP/Proyectos/pr2/SEPmonG3/SEPmonG3/export/SEPmonG3/hw/SEPmonG3V2.xsa'.
21:50:33 INFO  : 'configparams force-mem-access 1' command is executed.
21:50:33 INFO  : Context for 'APU' is selected.
21:50:33 INFO  : Sourcing of 'C:/Users/gusta/OneDrive/Documents/universidad/4to/1r/SEP/Proyectos/pr2/SEPmonG3/SEPmon_SW/_ide/psinit/ps7_init.tcl' is done.
21:50:34 INFO  : 'ps7_init' command is executed.
21:50:34 INFO  : 'ps7_post_config' command is executed.
21:50:34 INFO  : Context for processor 'ps7_cortexa9_0' is selected.
21:50:36 INFO  : The application 'C:/Users/gusta/OneDrive/Documents/universidad/4to/1r/SEP/Proyectos/pr2/SEPmonG3/SEPmon_SW/Debug/SEPmon_SW.elf' is downloaded to processor 'ps7_cortexa9_0'.
21:50:36 INFO  : 'configparams force-mem-access 0' command is executed.
21:50:36 INFO  : ----------------XSDB Script----------------
connect -url tcp:127.0.0.1:3121
targets -set -nocase -filter {name =~"APU*"}
rst -system
after 3000
targets -set -filter {jtag_cable_name =~ "Digilent Zybo Z7 210351B3FC88A" && level==0 && jtag_device_ctx=="jsn-Zybo Z7-210351B3FC88A-13722093-0"}
fpga -file C:/Users/gusta/OneDrive/Documents/universidad/4to/1r/SEP/Proyectos/pr2/SEPmonG3/SEPmon_SW/_ide/bitstream/SEPmonG3V2.bit
targets -set -nocase -filter {name =~"APU*"}
loadhw -hw C:/Users/gusta/OneDrive/Documents/universidad/4to/1r/SEP/Proyectos/pr2/SEPmonG3/SEPmonG3/export/SEPmonG3/hw/SEPmonG3V2.xsa -mem-ranges [list {0x40000000 0xbfffffff}] -regs
configparams force-mem-access 1
targets -set -nocase -filter {name =~"APU*"}
source C:/Users/gusta/OneDrive/Documents/universidad/4to/1r/SEP/Proyectos/pr2/SEPmonG3/SEPmon_SW/_ide/psinit/ps7_init.tcl
ps7_init
ps7_post_config
targets -set -nocase -filter {name =~ "*A9*#0"}
dow C:/Users/gusta/OneDrive/Documents/universidad/4to/1r/SEP/Proyectos/pr2/SEPmonG3/SEPmon_SW/Debug/SEPmon_SW.elf
configparams force-mem-access 0
----------------End of Script----------------

21:50:36 INFO  : Context for processor 'ps7_cortexa9_0' is selected.
21:50:36 INFO  : 'con' command is executed.
21:50:36 INFO  : ----------------XSDB Script (After Launch)----------------
targets -set -nocase -filter {name =~ "*A9*#0"}
con
----------------End of Script----------------

21:50:36 INFO  : Launch script is exported to file 'C:\Users\gusta\OneDrive\Documents\universidad\4to\1r\SEP\Proyectos\pr2\SEPmonG3\.sdk\launch_scripts\single_application_debug\debugger_sepmon_sw-default_1.tcl'
21:51:41 INFO  : Checking for BSP changes to sync application flags for project 'SEPmon_SW'...
21:51:46 INFO  : Disconnected from the channel tcfchan#79.
21:51:47 INFO  : Connected to target on host '127.0.0.1' and port '3121'.
21:51:47 INFO  : Jtag cable 'Digilent Zybo Z7 210351B3FC88A' is selected.
21:51:47 INFO  : 'jtag frequency' command is executed.
21:51:47 INFO  : Context for 'APU' is selected.
21:51:47 INFO  : System reset is completed.
21:51:50 INFO  : 'after 3000' command is executed.
21:51:50 INFO  : 'targets -set -filter {jtag_cable_name =~ "Digilent Zybo Z7 210351B3FC88A" && level==0 && jtag_device_ctx=="jsn-Zybo Z7-210351B3FC88A-13722093-0"}' command is executed.
21:51:52 INFO  : FPGA configured successfully with bitstream "C:/Users/gusta/OneDrive/Documents/universidad/4to/1r/SEP/Proyectos/pr2/SEPmonG3/SEPmon_SW/_ide/bitstream/SEPmonG3V2.bit"
21:51:52 INFO  : Context for 'APU' is selected.
21:51:52 INFO  : Hardware design and registers information is loaded from 'C:/Users/gusta/OneDrive/Documents/universidad/4to/1r/SEP/Proyectos/pr2/SEPmonG3/SEPmonG3/export/SEPmonG3/hw/SEPmonG3V2.xsa'.
21:51:52 INFO  : 'configparams force-mem-access 1' command is executed.
21:51:52 INFO  : Context for 'APU' is selected.
21:51:52 INFO  : Sourcing of 'C:/Users/gusta/OneDrive/Documents/universidad/4to/1r/SEP/Proyectos/pr2/SEPmonG3/SEPmon_SW/_ide/psinit/ps7_init.tcl' is done.
21:51:52 INFO  : 'ps7_init' command is executed.
21:51:52 INFO  : 'ps7_post_config' command is executed.
21:51:52 INFO  : Context for processor 'ps7_cortexa9_0' is selected.
21:51:54 INFO  : The application 'C:/Users/gusta/OneDrive/Documents/universidad/4to/1r/SEP/Proyectos/pr2/SEPmonG3/SEPmon_SW/Debug/SEPmon_SW.elf' is downloaded to processor 'ps7_cortexa9_0'.
21:51:54 INFO  : 'configparams force-mem-access 0' command is executed.
21:51:54 INFO  : ----------------XSDB Script----------------
connect -url tcp:127.0.0.1:3121
targets -set -nocase -filter {name =~"APU*"}
rst -system
after 3000
targets -set -filter {jtag_cable_name =~ "Digilent Zybo Z7 210351B3FC88A" && level==0 && jtag_device_ctx=="jsn-Zybo Z7-210351B3FC88A-13722093-0"}
fpga -file C:/Users/gusta/OneDrive/Documents/universidad/4to/1r/SEP/Proyectos/pr2/SEPmonG3/SEPmon_SW/_ide/bitstream/SEPmonG3V2.bit
targets -set -nocase -filter {name =~"APU*"}
loadhw -hw C:/Users/gusta/OneDrive/Documents/universidad/4to/1r/SEP/Proyectos/pr2/SEPmonG3/SEPmonG3/export/SEPmonG3/hw/SEPmonG3V2.xsa -mem-ranges [list {0x40000000 0xbfffffff}] -regs
configparams force-mem-access 1
targets -set -nocase -filter {name =~"APU*"}
source C:/Users/gusta/OneDrive/Documents/universidad/4to/1r/SEP/Proyectos/pr2/SEPmonG3/SEPmon_SW/_ide/psinit/ps7_init.tcl
ps7_init
ps7_post_config
targets -set -nocase -filter {name =~ "*A9*#0"}
dow C:/Users/gusta/OneDrive/Documents/universidad/4to/1r/SEP/Proyectos/pr2/SEPmonG3/SEPmon_SW/Debug/SEPmon_SW.elf
configparams force-mem-access 0
----------------End of Script----------------

21:51:54 INFO  : Context for processor 'ps7_cortexa9_0' is selected.
21:51:55 INFO  : 'con' command is executed.
21:51:55 INFO  : ----------------XSDB Script (After Launch)----------------
targets -set -nocase -filter {name =~ "*A9*#0"}
con
----------------End of Script----------------

21:51:55 INFO  : Launch script is exported to file 'C:\Users\gusta\OneDrive\Documents\universidad\4to\1r\SEP\Proyectos\pr2\SEPmonG3\.sdk\launch_scripts\single_application_debug\debugger_sepmon_sw-default_1.tcl'
21:52:38 INFO  : Checking for BSP changes to sync application flags for project 'SEPmon_SW'...
21:52:44 INFO  : Disconnected from the channel tcfchan#80.
21:52:45 INFO  : Connected to target on host '127.0.0.1' and port '3121'.
21:52:45 INFO  : Jtag cable 'Digilent Zybo Z7 210351B3FC88A' is selected.
21:52:45 INFO  : 'jtag frequency' command is executed.
21:52:45 INFO  : Context for 'APU' is selected.
21:52:45 INFO  : System reset is completed.
21:52:48 INFO  : 'after 3000' command is executed.
21:52:49 INFO  : 'targets -set -filter {jtag_cable_name =~ "Digilent Zybo Z7 210351B3FC88A" && level==0 && jtag_device_ctx=="jsn-Zybo Z7-210351B3FC88A-13722093-0"}' command is executed.
21:52:50 INFO  : FPGA configured successfully with bitstream "C:/Users/gusta/OneDrive/Documents/universidad/4to/1r/SEP/Proyectos/pr2/SEPmonG3/SEPmon_SW/_ide/bitstream/SEPmonG3V2.bit"
21:52:50 INFO  : Context for 'APU' is selected.
21:52:50 INFO  : Hardware design and registers information is loaded from 'C:/Users/gusta/OneDrive/Documents/universidad/4to/1r/SEP/Proyectos/pr2/SEPmonG3/SEPmonG3/export/SEPmonG3/hw/SEPmonG3V2.xsa'.
21:52:50 INFO  : 'configparams force-mem-access 1' command is executed.
21:52:50 INFO  : Context for 'APU' is selected.
21:52:50 INFO  : Sourcing of 'C:/Users/gusta/OneDrive/Documents/universidad/4to/1r/SEP/Proyectos/pr2/SEPmonG3/SEPmon_SW/_ide/psinit/ps7_init.tcl' is done.
21:52:50 INFO  : 'ps7_init' command is executed.
21:52:50 INFO  : 'ps7_post_config' command is executed.
21:52:50 INFO  : Context for processor 'ps7_cortexa9_0' is selected.
21:52:52 INFO  : The application 'C:/Users/gusta/OneDrive/Documents/universidad/4to/1r/SEP/Proyectos/pr2/SEPmonG3/SEPmon_SW/Debug/SEPmon_SW.elf' is downloaded to processor 'ps7_cortexa9_0'.
21:52:53 INFO  : 'configparams force-mem-access 0' command is executed.
21:52:53 INFO  : ----------------XSDB Script----------------
connect -url tcp:127.0.0.1:3121
targets -set -nocase -filter {name =~"APU*"}
rst -system
after 3000
targets -set -filter {jtag_cable_name =~ "Digilent Zybo Z7 210351B3FC88A" && level==0 && jtag_device_ctx=="jsn-Zybo Z7-210351B3FC88A-13722093-0"}
fpga -file C:/Users/gusta/OneDrive/Documents/universidad/4to/1r/SEP/Proyectos/pr2/SEPmonG3/SEPmon_SW/_ide/bitstream/SEPmonG3V2.bit
targets -set -nocase -filter {name =~"APU*"}
loadhw -hw C:/Users/gusta/OneDrive/Documents/universidad/4to/1r/SEP/Proyectos/pr2/SEPmonG3/SEPmonG3/export/SEPmonG3/hw/SEPmonG3V2.xsa -mem-ranges [list {0x40000000 0xbfffffff}] -regs
configparams force-mem-access 1
targets -set -nocase -filter {name =~"APU*"}
source C:/Users/gusta/OneDrive/Documents/universidad/4to/1r/SEP/Proyectos/pr2/SEPmonG3/SEPmon_SW/_ide/psinit/ps7_init.tcl
ps7_init
ps7_post_config
targets -set -nocase -filter {name =~ "*A9*#0"}
dow C:/Users/gusta/OneDrive/Documents/universidad/4to/1r/SEP/Proyectos/pr2/SEPmonG3/SEPmon_SW/Debug/SEPmon_SW.elf
configparams force-mem-access 0
----------------End of Script----------------

21:52:53 INFO  : Context for processor 'ps7_cortexa9_0' is selected.
21:52:53 INFO  : 'con' command is executed.
21:52:53 INFO  : ----------------XSDB Script (After Launch)----------------
targets -set -nocase -filter {name =~ "*A9*#0"}
con
----------------End of Script----------------

21:52:53 INFO  : Launch script is exported to file 'C:\Users\gusta\OneDrive\Documents\universidad\4to\1r\SEP\Proyectos\pr2\SEPmonG3\.sdk\launch_scripts\single_application_debug\debugger_sepmon_sw-default_1.tcl'
21:54:17 INFO  : Checking for BSP changes to sync application flags for project 'SEPmon_SW'...
21:54:23 INFO  : Disconnected from the channel tcfchan#81.
21:54:24 INFO  : Connected to target on host '127.0.0.1' and port '3121'.
21:54:24 INFO  : Jtag cable 'Digilent Zybo Z7 210351B3FC88A' is selected.
21:54:24 INFO  : 'jtag frequency' command is executed.
21:54:24 INFO  : Context for 'APU' is selected.
21:54:24 INFO  : System reset is completed.
21:54:27 INFO  : 'after 3000' command is executed.
21:54:27 INFO  : 'targets -set -filter {jtag_cable_name =~ "Digilent Zybo Z7 210351B3FC88A" && level==0 && jtag_device_ctx=="jsn-Zybo Z7-210351B3FC88A-13722093-0"}' command is executed.
21:54:29 INFO  : FPGA configured successfully with bitstream "C:/Users/gusta/OneDrive/Documents/universidad/4to/1r/SEP/Proyectos/pr2/SEPmonG3/SEPmon_SW/_ide/bitstream/SEPmonG3V2.bit"
21:54:29 INFO  : Context for 'APU' is selected.
21:54:29 INFO  : Hardware design and registers information is loaded from 'C:/Users/gusta/OneDrive/Documents/universidad/4to/1r/SEP/Proyectos/pr2/SEPmonG3/SEPmonG3/export/SEPmonG3/hw/SEPmonG3V2.xsa'.
21:54:29 INFO  : 'configparams force-mem-access 1' command is executed.
21:54:29 INFO  : Context for 'APU' is selected.
21:54:29 INFO  : Sourcing of 'C:/Users/gusta/OneDrive/Documents/universidad/4to/1r/SEP/Proyectos/pr2/SEPmonG3/SEPmon_SW/_ide/psinit/ps7_init.tcl' is done.
21:54:29 INFO  : 'ps7_init' command is executed.
21:54:29 INFO  : 'ps7_post_config' command is executed.
21:54:29 INFO  : Context for processor 'ps7_cortexa9_0' is selected.
21:54:31 INFO  : The application 'C:/Users/gusta/OneDrive/Documents/universidad/4to/1r/SEP/Proyectos/pr2/SEPmonG3/SEPmon_SW/Debug/SEPmon_SW.elf' is downloaded to processor 'ps7_cortexa9_0'.
21:54:31 INFO  : 'configparams force-mem-access 0' command is executed.
21:54:31 INFO  : ----------------XSDB Script----------------
connect -url tcp:127.0.0.1:3121
targets -set -nocase -filter {name =~"APU*"}
rst -system
after 3000
targets -set -filter {jtag_cable_name =~ "Digilent Zybo Z7 210351B3FC88A" && level==0 && jtag_device_ctx=="jsn-Zybo Z7-210351B3FC88A-13722093-0"}
fpga -file C:/Users/gusta/OneDrive/Documents/universidad/4to/1r/SEP/Proyectos/pr2/SEPmonG3/SEPmon_SW/_ide/bitstream/SEPmonG3V2.bit
targets -set -nocase -filter {name =~"APU*"}
loadhw -hw C:/Users/gusta/OneDrive/Documents/universidad/4to/1r/SEP/Proyectos/pr2/SEPmonG3/SEPmonG3/export/SEPmonG3/hw/SEPmonG3V2.xsa -mem-ranges [list {0x40000000 0xbfffffff}] -regs
configparams force-mem-access 1
targets -set -nocase -filter {name =~"APU*"}
source C:/Users/gusta/OneDrive/Documents/universidad/4to/1r/SEP/Proyectos/pr2/SEPmonG3/SEPmon_SW/_ide/psinit/ps7_init.tcl
ps7_init
ps7_post_config
targets -set -nocase -filter {name =~ "*A9*#0"}
dow C:/Users/gusta/OneDrive/Documents/universidad/4to/1r/SEP/Proyectos/pr2/SEPmonG3/SEPmon_SW/Debug/SEPmon_SW.elf
configparams force-mem-access 0
----------------End of Script----------------

21:54:31 INFO  : Context for processor 'ps7_cortexa9_0' is selected.
21:54:31 INFO  : 'con' command is executed.
21:54:31 INFO  : ----------------XSDB Script (After Launch)----------------
targets -set -nocase -filter {name =~ "*A9*#0"}
con
----------------End of Script----------------

21:54:31 INFO  : Launch script is exported to file 'C:\Users\gusta\OneDrive\Documents\universidad\4to\1r\SEP\Proyectos\pr2\SEPmonG3\.sdk\launch_scripts\single_application_debug\debugger_sepmon_sw-default_1.tcl'
21:55:26 INFO  : Checking for BSP changes to sync application flags for project 'SEPmon_SW'...
21:55:31 INFO  : Disconnected from the channel tcfchan#82.
21:55:32 INFO  : Connected to target on host '127.0.0.1' and port '3121'.
21:55:33 INFO  : Jtag cable 'Digilent Zybo Z7 210351B3FC88A' is selected.
21:55:33 INFO  : 'jtag frequency' command is executed.
21:55:33 INFO  : Context for 'APU' is selected.
21:55:33 INFO  : System reset is completed.
21:55:36 INFO  : 'after 3000' command is executed.
21:55:36 INFO  : 'targets -set -filter {jtag_cable_name =~ "Digilent Zybo Z7 210351B3FC88A" && level==0 && jtag_device_ctx=="jsn-Zybo Z7-210351B3FC88A-13722093-0"}' command is executed.
21:55:37 INFO  : FPGA configured successfully with bitstream "C:/Users/gusta/OneDrive/Documents/universidad/4to/1r/SEP/Proyectos/pr2/SEPmonG3/SEPmon_SW/_ide/bitstream/SEPmonG3V2.bit"
21:55:37 INFO  : Context for 'APU' is selected.
21:55:37 INFO  : Hardware design and registers information is loaded from 'C:/Users/gusta/OneDrive/Documents/universidad/4to/1r/SEP/Proyectos/pr2/SEPmonG3/SEPmonG3/export/SEPmonG3/hw/SEPmonG3V2.xsa'.
21:55:37 INFO  : 'configparams force-mem-access 1' command is executed.
21:55:37 INFO  : Context for 'APU' is selected.
21:55:37 INFO  : Sourcing of 'C:/Users/gusta/OneDrive/Documents/universidad/4to/1r/SEP/Proyectos/pr2/SEPmonG3/SEPmon_SW/_ide/psinit/ps7_init.tcl' is done.
21:55:38 INFO  : 'ps7_init' command is executed.
21:55:38 INFO  : 'ps7_post_config' command is executed.
21:55:38 INFO  : Context for processor 'ps7_cortexa9_0' is selected.
21:55:40 INFO  : The application 'C:/Users/gusta/OneDrive/Documents/universidad/4to/1r/SEP/Proyectos/pr2/SEPmonG3/SEPmon_SW/Debug/SEPmon_SW.elf' is downloaded to processor 'ps7_cortexa9_0'.
21:55:40 INFO  : 'configparams force-mem-access 0' command is executed.
21:55:40 INFO  : ----------------XSDB Script----------------
connect -url tcp:127.0.0.1:3121
targets -set -nocase -filter {name =~"APU*"}
rst -system
after 3000
targets -set -filter {jtag_cable_name =~ "Digilent Zybo Z7 210351B3FC88A" && level==0 && jtag_device_ctx=="jsn-Zybo Z7-210351B3FC88A-13722093-0"}
fpga -file C:/Users/gusta/OneDrive/Documents/universidad/4to/1r/SEP/Proyectos/pr2/SEPmonG3/SEPmon_SW/_ide/bitstream/SEPmonG3V2.bit
targets -set -nocase -filter {name =~"APU*"}
loadhw -hw C:/Users/gusta/OneDrive/Documents/universidad/4to/1r/SEP/Proyectos/pr2/SEPmonG3/SEPmonG3/export/SEPmonG3/hw/SEPmonG3V2.xsa -mem-ranges [list {0x40000000 0xbfffffff}] -regs
configparams force-mem-access 1
targets -set -nocase -filter {name =~"APU*"}
source C:/Users/gusta/OneDrive/Documents/universidad/4to/1r/SEP/Proyectos/pr2/SEPmonG3/SEPmon_SW/_ide/psinit/ps7_init.tcl
ps7_init
ps7_post_config
targets -set -nocase -filter {name =~ "*A9*#0"}
dow C:/Users/gusta/OneDrive/Documents/universidad/4to/1r/SEP/Proyectos/pr2/SEPmonG3/SEPmon_SW/Debug/SEPmon_SW.elf
configparams force-mem-access 0
----------------End of Script----------------

21:55:40 INFO  : Context for processor 'ps7_cortexa9_0' is selected.
21:55:40 INFO  : 'con' command is executed.
21:55:40 INFO  : ----------------XSDB Script (After Launch)----------------
targets -set -nocase -filter {name =~ "*A9*#0"}
con
----------------End of Script----------------

21:55:40 INFO  : Launch script is exported to file 'C:\Users\gusta\OneDrive\Documents\universidad\4to\1r\SEP\Proyectos\pr2\SEPmonG3\.sdk\launch_scripts\single_application_debug\debugger_sepmon_sw-default_1.tcl'
21:56:50 INFO  : Checking for BSP changes to sync application flags for project 'SEPmon_SW'...
21:56:56 INFO  : Disconnected from the channel tcfchan#83.
21:56:57 INFO  : Connected to target on host '127.0.0.1' and port '3121'.
21:56:57 INFO  : Jtag cable 'Digilent Zybo Z7 210351B3FC88A' is selected.
21:56:57 INFO  : 'jtag frequency' command is executed.
21:56:57 INFO  : Context for 'APU' is selected.
21:56:57 INFO  : System reset is completed.
21:57:00 INFO  : 'after 3000' command is executed.
21:57:00 INFO  : 'targets -set -filter {jtag_cable_name =~ "Digilent Zybo Z7 210351B3FC88A" && level==0 && jtag_device_ctx=="jsn-Zybo Z7-210351B3FC88A-13722093-0"}' command is executed.
21:57:01 INFO  : FPGA configured successfully with bitstream "C:/Users/gusta/OneDrive/Documents/universidad/4to/1r/SEP/Proyectos/pr2/SEPmonG3/SEPmon_SW/_ide/bitstream/SEPmonG3V2.bit"
21:57:01 INFO  : Context for 'APU' is selected.
21:57:01 INFO  : Hardware design and registers information is loaded from 'C:/Users/gusta/OneDrive/Documents/universidad/4to/1r/SEP/Proyectos/pr2/SEPmonG3/SEPmonG3/export/SEPmonG3/hw/SEPmonG3V2.xsa'.
21:57:01 INFO  : 'configparams force-mem-access 1' command is executed.
21:57:01 INFO  : Context for 'APU' is selected.
21:57:01 INFO  : Sourcing of 'C:/Users/gusta/OneDrive/Documents/universidad/4to/1r/SEP/Proyectos/pr2/SEPmonG3/SEPmon_SW/_ide/psinit/ps7_init.tcl' is done.
21:57:02 INFO  : 'ps7_init' command is executed.
21:57:02 INFO  : 'ps7_post_config' command is executed.
21:57:02 INFO  : Context for processor 'ps7_cortexa9_0' is selected.
21:57:04 INFO  : The application 'C:/Users/gusta/OneDrive/Documents/universidad/4to/1r/SEP/Proyectos/pr2/SEPmonG3/SEPmon_SW/Debug/SEPmon_SW.elf' is downloaded to processor 'ps7_cortexa9_0'.
21:57:04 INFO  : 'configparams force-mem-access 0' command is executed.
21:57:04 INFO  : ----------------XSDB Script----------------
connect -url tcp:127.0.0.1:3121
targets -set -nocase -filter {name =~"APU*"}
rst -system
after 3000
targets -set -filter {jtag_cable_name =~ "Digilent Zybo Z7 210351B3FC88A" && level==0 && jtag_device_ctx=="jsn-Zybo Z7-210351B3FC88A-13722093-0"}
fpga -file C:/Users/gusta/OneDrive/Documents/universidad/4to/1r/SEP/Proyectos/pr2/SEPmonG3/SEPmon_SW/_ide/bitstream/SEPmonG3V2.bit
targets -set -nocase -filter {name =~"APU*"}
loadhw -hw C:/Users/gusta/OneDrive/Documents/universidad/4to/1r/SEP/Proyectos/pr2/SEPmonG3/SEPmonG3/export/SEPmonG3/hw/SEPmonG3V2.xsa -mem-ranges [list {0x40000000 0xbfffffff}] -regs
configparams force-mem-access 1
targets -set -nocase -filter {name =~"APU*"}
source C:/Users/gusta/OneDrive/Documents/universidad/4to/1r/SEP/Proyectos/pr2/SEPmonG3/SEPmon_SW/_ide/psinit/ps7_init.tcl
ps7_init
ps7_post_config
targets -set -nocase -filter {name =~ "*A9*#0"}
dow C:/Users/gusta/OneDrive/Documents/universidad/4to/1r/SEP/Proyectos/pr2/SEPmonG3/SEPmon_SW/Debug/SEPmon_SW.elf
configparams force-mem-access 0
----------------End of Script----------------

21:57:04 INFO  : Context for processor 'ps7_cortexa9_0' is selected.
21:57:04 INFO  : 'con' command is executed.
21:57:04 INFO  : ----------------XSDB Script (After Launch)----------------
targets -set -nocase -filter {name =~ "*A9*#0"}
con
----------------End of Script----------------

21:57:04 INFO  : Launch script is exported to file 'C:\Users\gusta\OneDrive\Documents\universidad\4to\1r\SEP\Proyectos\pr2\SEPmonG3\.sdk\launch_scripts\single_application_debug\debugger_sepmon_sw-default_1.tcl'
21:58:03 INFO  : Checking for BSP changes to sync application flags for project 'SEPmon_SW'...
21:58:10 INFO  : Disconnected from the channel tcfchan#84.
21:58:11 INFO  : Connected to target on host '127.0.0.1' and port '3121'.
21:58:11 INFO  : Jtag cable 'Digilent Zybo Z7 210351B3FC88A' is selected.
21:58:11 INFO  : 'jtag frequency' command is executed.
21:58:11 INFO  : Context for 'APU' is selected.
21:58:11 INFO  : System reset is completed.
21:58:15 INFO  : 'after 3000' command is executed.
21:58:15 INFO  : 'targets -set -filter {jtag_cable_name =~ "Digilent Zybo Z7 210351B3FC88A" && level==0 && jtag_device_ctx=="jsn-Zybo Z7-210351B3FC88A-13722093-0"}' command is executed.
21:58:16 INFO  : FPGA configured successfully with bitstream "C:/Users/gusta/OneDrive/Documents/universidad/4to/1r/SEP/Proyectos/pr2/SEPmonG3/SEPmon_SW/_ide/bitstream/SEPmonG3V2.bit"
21:58:16 INFO  : Context for 'APU' is selected.
21:58:16 INFO  : Hardware design and registers information is loaded from 'C:/Users/gusta/OneDrive/Documents/universidad/4to/1r/SEP/Proyectos/pr2/SEPmonG3/SEPmonG3/export/SEPmonG3/hw/SEPmonG3V2.xsa'.
21:58:16 INFO  : 'configparams force-mem-access 1' command is executed.
21:58:16 INFO  : Context for 'APU' is selected.
21:58:16 INFO  : Sourcing of 'C:/Users/gusta/OneDrive/Documents/universidad/4to/1r/SEP/Proyectos/pr2/SEPmonG3/SEPmon_SW/_ide/psinit/ps7_init.tcl' is done.
21:58:16 INFO  : 'ps7_init' command is executed.
21:58:16 INFO  : 'ps7_post_config' command is executed.
21:58:16 INFO  : Context for processor 'ps7_cortexa9_0' is selected.
21:58:18 INFO  : The application 'C:/Users/gusta/OneDrive/Documents/universidad/4to/1r/SEP/Proyectos/pr2/SEPmonG3/SEPmon_SW/Debug/SEPmon_SW.elf' is downloaded to processor 'ps7_cortexa9_0'.
21:58:18 INFO  : 'configparams force-mem-access 0' command is executed.
21:58:18 INFO  : ----------------XSDB Script----------------
connect -url tcp:127.0.0.1:3121
targets -set -nocase -filter {name =~"APU*"}
rst -system
after 3000
targets -set -filter {jtag_cable_name =~ "Digilent Zybo Z7 210351B3FC88A" && level==0 && jtag_device_ctx=="jsn-Zybo Z7-210351B3FC88A-13722093-0"}
fpga -file C:/Users/gusta/OneDrive/Documents/universidad/4to/1r/SEP/Proyectos/pr2/SEPmonG3/SEPmon_SW/_ide/bitstream/SEPmonG3V2.bit
targets -set -nocase -filter {name =~"APU*"}
loadhw -hw C:/Users/gusta/OneDrive/Documents/universidad/4to/1r/SEP/Proyectos/pr2/SEPmonG3/SEPmonG3/export/SEPmonG3/hw/SEPmonG3V2.xsa -mem-ranges [list {0x40000000 0xbfffffff}] -regs
configparams force-mem-access 1
targets -set -nocase -filter {name =~"APU*"}
source C:/Users/gusta/OneDrive/Documents/universidad/4to/1r/SEP/Proyectos/pr2/SEPmonG3/SEPmon_SW/_ide/psinit/ps7_init.tcl
ps7_init
ps7_post_config
targets -set -nocase -filter {name =~ "*A9*#0"}
dow C:/Users/gusta/OneDrive/Documents/universidad/4to/1r/SEP/Proyectos/pr2/SEPmonG3/SEPmon_SW/Debug/SEPmon_SW.elf
configparams force-mem-access 0
----------------End of Script----------------

21:58:18 INFO  : Context for processor 'ps7_cortexa9_0' is selected.
21:58:18 INFO  : 'con' command is executed.
21:58:18 INFO  : ----------------XSDB Script (After Launch)----------------
targets -set -nocase -filter {name =~ "*A9*#0"}
con
----------------End of Script----------------

21:58:18 INFO  : Launch script is exported to file 'C:\Users\gusta\OneDrive\Documents\universidad\4to\1r\SEP\Proyectos\pr2\SEPmonG3\.sdk\launch_scripts\single_application_debug\debugger_sepmon_sw-default_1.tcl'
21:59:41 INFO  : Checking for BSP changes to sync application flags for project 'SEPmon_SW'...
21:59:48 INFO  : Disconnected from the channel tcfchan#85.
21:59:49 INFO  : Connected to target on host '127.0.0.1' and port '3121'.
21:59:49 INFO  : Jtag cable 'Digilent Zybo Z7 210351B3FC88A' is selected.
21:59:49 INFO  : 'jtag frequency' command is executed.
21:59:49 INFO  : Context for 'APU' is selected.
21:59:49 INFO  : System reset is completed.
21:59:52 INFO  : 'after 3000' command is executed.
21:59:52 INFO  : 'targets -set -filter {jtag_cable_name =~ "Digilent Zybo Z7 210351B3FC88A" && level==0 && jtag_device_ctx=="jsn-Zybo Z7-210351B3FC88A-13722093-0"}' command is executed.
21:59:53 INFO  : FPGA configured successfully with bitstream "C:/Users/gusta/OneDrive/Documents/universidad/4to/1r/SEP/Proyectos/pr2/SEPmonG3/SEPmon_SW/_ide/bitstream/SEPmonG3V2.bit"
21:59:53 INFO  : Context for 'APU' is selected.
21:59:53 INFO  : Hardware design and registers information is loaded from 'C:/Users/gusta/OneDrive/Documents/universidad/4to/1r/SEP/Proyectos/pr2/SEPmonG3/SEPmonG3/export/SEPmonG3/hw/SEPmonG3V2.xsa'.
21:59:53 INFO  : 'configparams force-mem-access 1' command is executed.
21:59:53 INFO  : Context for 'APU' is selected.
21:59:53 INFO  : Sourcing of 'C:/Users/gusta/OneDrive/Documents/universidad/4to/1r/SEP/Proyectos/pr2/SEPmonG3/SEPmon_SW/_ide/psinit/ps7_init.tcl' is done.
21:59:54 INFO  : 'ps7_init' command is executed.
21:59:54 INFO  : 'ps7_post_config' command is executed.
21:59:54 INFO  : Context for processor 'ps7_cortexa9_0' is selected.
21:59:56 INFO  : The application 'C:/Users/gusta/OneDrive/Documents/universidad/4to/1r/SEP/Proyectos/pr2/SEPmonG3/SEPmon_SW/Debug/SEPmon_SW.elf' is downloaded to processor 'ps7_cortexa9_0'.
21:59:56 INFO  : 'configparams force-mem-access 0' command is executed.
21:59:56 INFO  : ----------------XSDB Script----------------
connect -url tcp:127.0.0.1:3121
targets -set -nocase -filter {name =~"APU*"}
rst -system
after 3000
targets -set -filter {jtag_cable_name =~ "Digilent Zybo Z7 210351B3FC88A" && level==0 && jtag_device_ctx=="jsn-Zybo Z7-210351B3FC88A-13722093-0"}
fpga -file C:/Users/gusta/OneDrive/Documents/universidad/4to/1r/SEP/Proyectos/pr2/SEPmonG3/SEPmon_SW/_ide/bitstream/SEPmonG3V2.bit
targets -set -nocase -filter {name =~"APU*"}
loadhw -hw C:/Users/gusta/OneDrive/Documents/universidad/4to/1r/SEP/Proyectos/pr2/SEPmonG3/SEPmonG3/export/SEPmonG3/hw/SEPmonG3V2.xsa -mem-ranges [list {0x40000000 0xbfffffff}] -regs
configparams force-mem-access 1
targets -set -nocase -filter {name =~"APU*"}
source C:/Users/gusta/OneDrive/Documents/universidad/4to/1r/SEP/Proyectos/pr2/SEPmonG3/SEPmon_SW/_ide/psinit/ps7_init.tcl
ps7_init
ps7_post_config
targets -set -nocase -filter {name =~ "*A9*#0"}
dow C:/Users/gusta/OneDrive/Documents/universidad/4to/1r/SEP/Proyectos/pr2/SEPmonG3/SEPmon_SW/Debug/SEPmon_SW.elf
configparams force-mem-access 0
----------------End of Script----------------

21:59:56 INFO  : Context for processor 'ps7_cortexa9_0' is selected.
21:59:56 INFO  : 'con' command is executed.
21:59:56 INFO  : ----------------XSDB Script (After Launch)----------------
targets -set -nocase -filter {name =~ "*A9*#0"}
con
----------------End of Script----------------

21:59:56 INFO  : Launch script is exported to file 'C:\Users\gusta\OneDrive\Documents\universidad\4to\1r\SEP\Proyectos\pr2\SEPmonG3\.sdk\launch_scripts\single_application_debug\debugger_sepmon_sw-default_1.tcl'
22:01:34 INFO  : Checking for BSP changes to sync application flags for project 'SEPmon_SW'...
22:02:05 INFO  : Checking for BSP changes to sync application flags for project 'SEPmon_SW'...
22:02:20 INFO  : Disconnected from the channel tcfchan#86.
22:02:21 INFO  : Connected to target on host '127.0.0.1' and port '3121'.
22:02:21 INFO  : Jtag cable 'Digilent Zybo Z7 210351B3FC88A' is selected.
22:02:21 INFO  : 'jtag frequency' command is executed.
22:02:21 INFO  : Context for 'APU' is selected.
22:02:21 INFO  : System reset is completed.
22:02:24 INFO  : 'after 3000' command is executed.
22:02:24 INFO  : 'targets -set -filter {jtag_cable_name =~ "Digilent Zybo Z7 210351B3FC88A" && level==0 && jtag_device_ctx=="jsn-Zybo Z7-210351B3FC88A-13722093-0"}' command is executed.
22:02:25 INFO  : FPGA configured successfully with bitstream "C:/Users/gusta/OneDrive/Documents/universidad/4to/1r/SEP/Proyectos/pr2/SEPmonG3/SEPmon_SW/_ide/bitstream/SEPmonG3V2.bit"
22:02:25 INFO  : Context for 'APU' is selected.
22:02:25 INFO  : Hardware design and registers information is loaded from 'C:/Users/gusta/OneDrive/Documents/universidad/4to/1r/SEP/Proyectos/pr2/SEPmonG3/SEPmonG3/export/SEPmonG3/hw/SEPmonG3V2.xsa'.
22:02:25 INFO  : 'configparams force-mem-access 1' command is executed.
22:02:25 INFO  : Context for 'APU' is selected.
22:02:25 INFO  : Sourcing of 'C:/Users/gusta/OneDrive/Documents/universidad/4to/1r/SEP/Proyectos/pr2/SEPmonG3/SEPmon_SW/_ide/psinit/ps7_init.tcl' is done.
22:02:26 INFO  : 'ps7_init' command is executed.
22:02:26 INFO  : 'ps7_post_config' command is executed.
22:02:26 INFO  : Context for processor 'ps7_cortexa9_0' is selected.
22:02:28 INFO  : The application 'C:/Users/gusta/OneDrive/Documents/universidad/4to/1r/SEP/Proyectos/pr2/SEPmonG3/SEPmon_SW/Debug/SEPmon_SW.elf' is downloaded to processor 'ps7_cortexa9_0'.
22:02:28 INFO  : 'configparams force-mem-access 0' command is executed.
22:02:28 INFO  : ----------------XSDB Script----------------
connect -url tcp:127.0.0.1:3121
targets -set -nocase -filter {name =~"APU*"}
rst -system
after 3000
targets -set -filter {jtag_cable_name =~ "Digilent Zybo Z7 210351B3FC88A" && level==0 && jtag_device_ctx=="jsn-Zybo Z7-210351B3FC88A-13722093-0"}
fpga -file C:/Users/gusta/OneDrive/Documents/universidad/4to/1r/SEP/Proyectos/pr2/SEPmonG3/SEPmon_SW/_ide/bitstream/SEPmonG3V2.bit
targets -set -nocase -filter {name =~"APU*"}
loadhw -hw C:/Users/gusta/OneDrive/Documents/universidad/4to/1r/SEP/Proyectos/pr2/SEPmonG3/SEPmonG3/export/SEPmonG3/hw/SEPmonG3V2.xsa -mem-ranges [list {0x40000000 0xbfffffff}] -regs
configparams force-mem-access 1
targets -set -nocase -filter {name =~"APU*"}
source C:/Users/gusta/OneDrive/Documents/universidad/4to/1r/SEP/Proyectos/pr2/SEPmonG3/SEPmon_SW/_ide/psinit/ps7_init.tcl
ps7_init
ps7_post_config
targets -set -nocase -filter {name =~ "*A9*#0"}
dow C:/Users/gusta/OneDrive/Documents/universidad/4to/1r/SEP/Proyectos/pr2/SEPmonG3/SEPmon_SW/Debug/SEPmon_SW.elf
configparams force-mem-access 0
----------------End of Script----------------

22:02:28 INFO  : Context for processor 'ps7_cortexa9_0' is selected.
22:02:28 INFO  : 'con' command is executed.
22:02:28 INFO  : ----------------XSDB Script (After Launch)----------------
targets -set -nocase -filter {name =~ "*A9*#0"}
con
----------------End of Script----------------

22:02:28 INFO  : Launch script is exported to file 'C:\Users\gusta\OneDrive\Documents\universidad\4to\1r\SEP\Proyectos\pr2\SEPmonG3\.sdk\launch_scripts\single_application_debug\debugger_sepmon_sw-default_1.tcl'
22:04:31 INFO  : Checking for BSP changes to sync application flags for project 'SEPmon_SW'...
22:04:39 INFO  : Disconnected from the channel tcfchan#87.
22:04:40 INFO  : Connected to target on host '127.0.0.1' and port '3121'.
22:04:41 INFO  : Jtag cable 'Digilent Zybo Z7 210351B3FC88A' is selected.
22:04:41 INFO  : 'jtag frequency' command is executed.
22:04:41 INFO  : Context for 'APU' is selected.
22:04:41 INFO  : System reset is completed.
22:04:44 INFO  : 'after 3000' command is executed.
22:04:44 INFO  : 'targets -set -filter {jtag_cable_name =~ "Digilent Zybo Z7 210351B3FC88A" && level==0 && jtag_device_ctx=="jsn-Zybo Z7-210351B3FC88A-13722093-0"}' command is executed.
22:04:45 INFO  : FPGA configured successfully with bitstream "C:/Users/gusta/OneDrive/Documents/universidad/4to/1r/SEP/Proyectos/pr2/SEPmonG3/SEPmon_SW/_ide/bitstream/SEPmonG3V2.bit"
22:04:45 INFO  : Context for 'APU' is selected.
22:04:45 INFO  : Hardware design and registers information is loaded from 'C:/Users/gusta/OneDrive/Documents/universidad/4to/1r/SEP/Proyectos/pr2/SEPmonG3/SEPmonG3/export/SEPmonG3/hw/SEPmonG3V2.xsa'.
22:04:45 INFO  : 'configparams force-mem-access 1' command is executed.
22:04:45 INFO  : Context for 'APU' is selected.
22:04:45 INFO  : Sourcing of 'C:/Users/gusta/OneDrive/Documents/universidad/4to/1r/SEP/Proyectos/pr2/SEPmonG3/SEPmon_SW/_ide/psinit/ps7_init.tcl' is done.
22:04:45 INFO  : 'ps7_init' command is executed.
22:04:45 INFO  : 'ps7_post_config' command is executed.
22:04:45 INFO  : Context for processor 'ps7_cortexa9_0' is selected.
22:04:48 INFO  : The application 'C:/Users/gusta/OneDrive/Documents/universidad/4to/1r/SEP/Proyectos/pr2/SEPmonG3/SEPmon_SW/Debug/SEPmon_SW.elf' is downloaded to processor 'ps7_cortexa9_0'.
22:04:48 INFO  : 'configparams force-mem-access 0' command is executed.
22:04:48 INFO  : ----------------XSDB Script----------------
connect -url tcp:127.0.0.1:3121
targets -set -nocase -filter {name =~"APU*"}
rst -system
after 3000
targets -set -filter {jtag_cable_name =~ "Digilent Zybo Z7 210351B3FC88A" && level==0 && jtag_device_ctx=="jsn-Zybo Z7-210351B3FC88A-13722093-0"}
fpga -file C:/Users/gusta/OneDrive/Documents/universidad/4to/1r/SEP/Proyectos/pr2/SEPmonG3/SEPmon_SW/_ide/bitstream/SEPmonG3V2.bit
targets -set -nocase -filter {name =~"APU*"}
loadhw -hw C:/Users/gusta/OneDrive/Documents/universidad/4to/1r/SEP/Proyectos/pr2/SEPmonG3/SEPmonG3/export/SEPmonG3/hw/SEPmonG3V2.xsa -mem-ranges [list {0x40000000 0xbfffffff}] -regs
configparams force-mem-access 1
targets -set -nocase -filter {name =~"APU*"}
source C:/Users/gusta/OneDrive/Documents/universidad/4to/1r/SEP/Proyectos/pr2/SEPmonG3/SEPmon_SW/_ide/psinit/ps7_init.tcl
ps7_init
ps7_post_config
targets -set -nocase -filter {name =~ "*A9*#0"}
dow C:/Users/gusta/OneDrive/Documents/universidad/4to/1r/SEP/Proyectos/pr2/SEPmonG3/SEPmon_SW/Debug/SEPmon_SW.elf
configparams force-mem-access 0
----------------End of Script----------------

22:04:48 INFO  : Context for processor 'ps7_cortexa9_0' is selected.
22:04:48 INFO  : 'con' command is executed.
22:04:48 INFO  : ----------------XSDB Script (After Launch)----------------
targets -set -nocase -filter {name =~ "*A9*#0"}
con
----------------End of Script----------------

22:04:48 INFO  : Launch script is exported to file 'C:\Users\gusta\OneDrive\Documents\universidad\4to\1r\SEP\Proyectos\pr2\SEPmonG3\.sdk\launch_scripts\single_application_debug\debugger_sepmon_sw-default_1.tcl'
22:07:28 INFO  : Checking for BSP changes to sync application flags for project 'SEPmon_SW'...
22:07:32 INFO  : Disconnected from the channel tcfchan#88.
22:07:33 INFO  : Connected to target on host '127.0.0.1' and port '3121'.
22:07:33 INFO  : Jtag cable 'Digilent Zybo Z7 210351B3FC88A' is selected.
22:07:33 INFO  : 'jtag frequency' command is executed.
22:07:33 INFO  : Context for 'APU' is selected.
22:07:34 INFO  : System reset is completed.
22:07:37 INFO  : 'after 3000' command is executed.
22:07:37 INFO  : 'targets -set -filter {jtag_cable_name =~ "Digilent Zybo Z7 210351B3FC88A" && level==0 && jtag_device_ctx=="jsn-Zybo Z7-210351B3FC88A-13722093-0"}' command is executed.
22:07:38 INFO  : FPGA configured successfully with bitstream "C:/Users/gusta/OneDrive/Documents/universidad/4to/1r/SEP/Proyectos/pr2/SEPmonG3/SEPmon_SW/_ide/bitstream/SEPmonG3V2.bit"
22:07:38 INFO  : Context for 'APU' is selected.
22:07:38 INFO  : Hardware design and registers information is loaded from 'C:/Users/gusta/OneDrive/Documents/universidad/4to/1r/SEP/Proyectos/pr2/SEPmonG3/SEPmonG3/export/SEPmonG3/hw/SEPmonG3V2.xsa'.
22:07:38 INFO  : 'configparams force-mem-access 1' command is executed.
22:07:38 INFO  : Context for 'APU' is selected.
22:07:38 INFO  : Sourcing of 'C:/Users/gusta/OneDrive/Documents/universidad/4to/1r/SEP/Proyectos/pr2/SEPmonG3/SEPmon_SW/_ide/psinit/ps7_init.tcl' is done.
22:07:38 INFO  : 'ps7_init' command is executed.
22:07:38 INFO  : 'ps7_post_config' command is executed.
22:07:38 INFO  : Context for processor 'ps7_cortexa9_0' is selected.
22:07:41 INFO  : The application 'C:/Users/gusta/OneDrive/Documents/universidad/4to/1r/SEP/Proyectos/pr2/SEPmonG3/SEPmon_SW/Debug/SEPmon_SW.elf' is downloaded to processor 'ps7_cortexa9_0'.
22:07:41 INFO  : 'configparams force-mem-access 0' command is executed.
22:07:41 INFO  : ----------------XSDB Script----------------
connect -url tcp:127.0.0.1:3121
targets -set -nocase -filter {name =~"APU*"}
rst -system
after 3000
targets -set -filter {jtag_cable_name =~ "Digilent Zybo Z7 210351B3FC88A" && level==0 && jtag_device_ctx=="jsn-Zybo Z7-210351B3FC88A-13722093-0"}
fpga -file C:/Users/gusta/OneDrive/Documents/universidad/4to/1r/SEP/Proyectos/pr2/SEPmonG3/SEPmon_SW/_ide/bitstream/SEPmonG3V2.bit
targets -set -nocase -filter {name =~"APU*"}
loadhw -hw C:/Users/gusta/OneDrive/Documents/universidad/4to/1r/SEP/Proyectos/pr2/SEPmonG3/SEPmonG3/export/SEPmonG3/hw/SEPmonG3V2.xsa -mem-ranges [list {0x40000000 0xbfffffff}] -regs
configparams force-mem-access 1
targets -set -nocase -filter {name =~"APU*"}
source C:/Users/gusta/OneDrive/Documents/universidad/4to/1r/SEP/Proyectos/pr2/SEPmonG3/SEPmon_SW/_ide/psinit/ps7_init.tcl
ps7_init
ps7_post_config
targets -set -nocase -filter {name =~ "*A9*#0"}
dow C:/Users/gusta/OneDrive/Documents/universidad/4to/1r/SEP/Proyectos/pr2/SEPmonG3/SEPmon_SW/Debug/SEPmon_SW.elf
configparams force-mem-access 0
----------------End of Script----------------

22:07:41 INFO  : Context for processor 'ps7_cortexa9_0' is selected.
22:07:41 INFO  : 'con' command is executed.
22:07:41 INFO  : ----------------XSDB Script (After Launch)----------------
targets -set -nocase -filter {name =~ "*A9*#0"}
con
----------------End of Script----------------

22:07:41 INFO  : Launch script is exported to file 'C:\Users\gusta\OneDrive\Documents\universidad\4to\1r\SEP\Proyectos\pr2\SEPmonG3\.sdk\launch_scripts\single_application_debug\debugger_sepmon_sw-default_1.tcl'
22:09:21 INFO  : Checking for BSP changes to sync application flags for project 'SEPmon_SW'...
22:09:26 INFO  : Disconnected from the channel tcfchan#89.
22:09:27 INFO  : Connected to target on host '127.0.0.1' and port '3121'.
22:09:27 INFO  : Jtag cable 'Digilent Zybo Z7 210351B3FC88A' is selected.
22:09:27 INFO  : 'jtag frequency' command is executed.
22:09:27 INFO  : Context for 'APU' is selected.
22:09:27 INFO  : System reset is completed.
22:09:30 INFO  : 'after 3000' command is executed.
22:09:30 INFO  : 'targets -set -filter {jtag_cable_name =~ "Digilent Zybo Z7 210351B3FC88A" && level==0 && jtag_device_ctx=="jsn-Zybo Z7-210351B3FC88A-13722093-0"}' command is executed.
22:09:32 INFO  : FPGA configured successfully with bitstream "C:/Users/gusta/OneDrive/Documents/universidad/4to/1r/SEP/Proyectos/pr2/SEPmonG3/SEPmon_SW/_ide/bitstream/SEPmonG3V2.bit"
22:09:32 INFO  : Context for 'APU' is selected.
22:09:32 INFO  : Hardware design and registers information is loaded from 'C:/Users/gusta/OneDrive/Documents/universidad/4to/1r/SEP/Proyectos/pr2/SEPmonG3/SEPmonG3/export/SEPmonG3/hw/SEPmonG3V2.xsa'.
22:09:32 INFO  : 'configparams force-mem-access 1' command is executed.
22:09:32 INFO  : Context for 'APU' is selected.
22:09:32 INFO  : Sourcing of 'C:/Users/gusta/OneDrive/Documents/universidad/4to/1r/SEP/Proyectos/pr2/SEPmonG3/SEPmon_SW/_ide/psinit/ps7_init.tcl' is done.
22:09:32 INFO  : 'ps7_init' command is executed.
22:09:32 INFO  : 'ps7_post_config' command is executed.
22:09:32 INFO  : Context for processor 'ps7_cortexa9_0' is selected.
22:09:34 INFO  : The application 'C:/Users/gusta/OneDrive/Documents/universidad/4to/1r/SEP/Proyectos/pr2/SEPmonG3/SEPmon_SW/Debug/SEPmon_SW.elf' is downloaded to processor 'ps7_cortexa9_0'.
22:09:34 INFO  : 'configparams force-mem-access 0' command is executed.
22:09:34 INFO  : ----------------XSDB Script----------------
connect -url tcp:127.0.0.1:3121
targets -set -nocase -filter {name =~"APU*"}
rst -system
after 3000
targets -set -filter {jtag_cable_name =~ "Digilent Zybo Z7 210351B3FC88A" && level==0 && jtag_device_ctx=="jsn-Zybo Z7-210351B3FC88A-13722093-0"}
fpga -file C:/Users/gusta/OneDrive/Documents/universidad/4to/1r/SEP/Proyectos/pr2/SEPmonG3/SEPmon_SW/_ide/bitstream/SEPmonG3V2.bit
targets -set -nocase -filter {name =~"APU*"}
loadhw -hw C:/Users/gusta/OneDrive/Documents/universidad/4to/1r/SEP/Proyectos/pr2/SEPmonG3/SEPmonG3/export/SEPmonG3/hw/SEPmonG3V2.xsa -mem-ranges [list {0x40000000 0xbfffffff}] -regs
configparams force-mem-access 1
targets -set -nocase -filter {name =~"APU*"}
source C:/Users/gusta/OneDrive/Documents/universidad/4to/1r/SEP/Proyectos/pr2/SEPmonG3/SEPmon_SW/_ide/psinit/ps7_init.tcl
ps7_init
ps7_post_config
targets -set -nocase -filter {name =~ "*A9*#0"}
dow C:/Users/gusta/OneDrive/Documents/universidad/4to/1r/SEP/Proyectos/pr2/SEPmonG3/SEPmon_SW/Debug/SEPmon_SW.elf
configparams force-mem-access 0
----------------End of Script----------------

22:09:34 INFO  : Context for processor 'ps7_cortexa9_0' is selected.
22:09:35 INFO  : 'con' command is executed.
22:09:35 INFO  : ----------------XSDB Script (After Launch)----------------
targets -set -nocase -filter {name =~ "*A9*#0"}
con
----------------End of Script----------------

22:09:35 INFO  : Launch script is exported to file 'C:\Users\gusta\OneDrive\Documents\universidad\4to\1r\SEP\Proyectos\pr2\SEPmonG3\.sdk\launch_scripts\single_application_debug\debugger_sepmon_sw-default_1.tcl'
22:10:33 INFO  : Checking for BSP changes to sync application flags for project 'SEPmon_SW'...
22:10:39 INFO  : Disconnected from the channel tcfchan#90.
22:10:40 INFO  : Connected to target on host '127.0.0.1' and port '3121'.
22:10:40 INFO  : Jtag cable 'Digilent Zybo Z7 210351B3FC88A' is selected.
22:10:40 INFO  : 'jtag frequency' command is executed.
22:10:40 INFO  : Context for 'APU' is selected.
22:10:40 INFO  : System reset is completed.
22:10:43 INFO  : 'after 3000' command is executed.
22:10:43 INFO  : 'targets -set -filter {jtag_cable_name =~ "Digilent Zybo Z7 210351B3FC88A" && level==0 && jtag_device_ctx=="jsn-Zybo Z7-210351B3FC88A-13722093-0"}' command is executed.
22:10:44 INFO  : FPGA configured successfully with bitstream "C:/Users/gusta/OneDrive/Documents/universidad/4to/1r/SEP/Proyectos/pr2/SEPmonG3/SEPmon_SW/_ide/bitstream/SEPmonG3V2.bit"
22:10:44 INFO  : Context for 'APU' is selected.
22:10:44 INFO  : Hardware design and registers information is loaded from 'C:/Users/gusta/OneDrive/Documents/universidad/4to/1r/SEP/Proyectos/pr2/SEPmonG3/SEPmonG3/export/SEPmonG3/hw/SEPmonG3V2.xsa'.
22:10:44 INFO  : 'configparams force-mem-access 1' command is executed.
22:10:44 INFO  : Context for 'APU' is selected.
22:10:44 INFO  : Sourcing of 'C:/Users/gusta/OneDrive/Documents/universidad/4to/1r/SEP/Proyectos/pr2/SEPmonG3/SEPmon_SW/_ide/psinit/ps7_init.tcl' is done.
22:10:45 INFO  : 'ps7_init' command is executed.
22:10:45 INFO  : 'ps7_post_config' command is executed.
22:10:45 INFO  : Context for processor 'ps7_cortexa9_0' is selected.
22:10:47 INFO  : The application 'C:/Users/gusta/OneDrive/Documents/universidad/4to/1r/SEP/Proyectos/pr2/SEPmonG3/SEPmon_SW/Debug/SEPmon_SW.elf' is downloaded to processor 'ps7_cortexa9_0'.
22:10:47 INFO  : 'configparams force-mem-access 0' command is executed.
22:10:47 INFO  : ----------------XSDB Script----------------
connect -url tcp:127.0.0.1:3121
targets -set -nocase -filter {name =~"APU*"}
rst -system
after 3000
targets -set -filter {jtag_cable_name =~ "Digilent Zybo Z7 210351B3FC88A" && level==0 && jtag_device_ctx=="jsn-Zybo Z7-210351B3FC88A-13722093-0"}
fpga -file C:/Users/gusta/OneDrive/Documents/universidad/4to/1r/SEP/Proyectos/pr2/SEPmonG3/SEPmon_SW/_ide/bitstream/SEPmonG3V2.bit
targets -set -nocase -filter {name =~"APU*"}
loadhw -hw C:/Users/gusta/OneDrive/Documents/universidad/4to/1r/SEP/Proyectos/pr2/SEPmonG3/SEPmonG3/export/SEPmonG3/hw/SEPmonG3V2.xsa -mem-ranges [list {0x40000000 0xbfffffff}] -regs
configparams force-mem-access 1
targets -set -nocase -filter {name =~"APU*"}
source C:/Users/gusta/OneDrive/Documents/universidad/4to/1r/SEP/Proyectos/pr2/SEPmonG3/SEPmon_SW/_ide/psinit/ps7_init.tcl
ps7_init
ps7_post_config
targets -set -nocase -filter {name =~ "*A9*#0"}
dow C:/Users/gusta/OneDrive/Documents/universidad/4to/1r/SEP/Proyectos/pr2/SEPmonG3/SEPmon_SW/Debug/SEPmon_SW.elf
configparams force-mem-access 0
----------------End of Script----------------

22:10:47 INFO  : Context for processor 'ps7_cortexa9_0' is selected.
22:10:47 INFO  : 'con' command is executed.
22:10:47 INFO  : ----------------XSDB Script (After Launch)----------------
targets -set -nocase -filter {name =~ "*A9*#0"}
con
----------------End of Script----------------

22:10:47 INFO  : Launch script is exported to file 'C:\Users\gusta\OneDrive\Documents\universidad\4to\1r\SEP\Proyectos\pr2\SEPmonG3\.sdk\launch_scripts\single_application_debug\debugger_sepmon_sw-default_1.tcl'
22:11:53 INFO  : Checking for BSP changes to sync application flags for project 'SEPmon_SW'...
22:11:58 INFO  : Disconnected from the channel tcfchan#91.
22:11:59 INFO  : Connected to target on host '127.0.0.1' and port '3121'.
22:11:59 INFO  : Jtag cable 'Digilent Zybo Z7 210351B3FC88A' is selected.
22:11:59 INFO  : 'jtag frequency' command is executed.
22:11:59 INFO  : Context for 'APU' is selected.
22:11:59 INFO  : System reset is completed.
22:12:02 INFO  : 'after 3000' command is executed.
22:12:02 INFO  : 'targets -set -filter {jtag_cable_name =~ "Digilent Zybo Z7 210351B3FC88A" && level==0 && jtag_device_ctx=="jsn-Zybo Z7-210351B3FC88A-13722093-0"}' command is executed.
22:12:03 INFO  : FPGA configured successfully with bitstream "C:/Users/gusta/OneDrive/Documents/universidad/4to/1r/SEP/Proyectos/pr2/SEPmonG3/SEPmon_SW/_ide/bitstream/SEPmonG3V2.bit"
22:12:03 INFO  : Context for 'APU' is selected.
22:12:03 INFO  : Hardware design and registers information is loaded from 'C:/Users/gusta/OneDrive/Documents/universidad/4to/1r/SEP/Proyectos/pr2/SEPmonG3/SEPmonG3/export/SEPmonG3/hw/SEPmonG3V2.xsa'.
22:12:03 INFO  : 'configparams force-mem-access 1' command is executed.
22:12:03 INFO  : Context for 'APU' is selected.
22:12:03 INFO  : Sourcing of 'C:/Users/gusta/OneDrive/Documents/universidad/4to/1r/SEP/Proyectos/pr2/SEPmonG3/SEPmon_SW/_ide/psinit/ps7_init.tcl' is done.
22:12:04 INFO  : 'ps7_init' command is executed.
22:12:04 INFO  : 'ps7_post_config' command is executed.
22:12:04 INFO  : Context for processor 'ps7_cortexa9_0' is selected.
22:12:06 INFO  : The application 'C:/Users/gusta/OneDrive/Documents/universidad/4to/1r/SEP/Proyectos/pr2/SEPmonG3/SEPmon_SW/Debug/SEPmon_SW.elf' is downloaded to processor 'ps7_cortexa9_0'.
22:12:06 INFO  : 'configparams force-mem-access 0' command is executed.
22:12:06 INFO  : ----------------XSDB Script----------------
connect -url tcp:127.0.0.1:3121
targets -set -nocase -filter {name =~"APU*"}
rst -system
after 3000
targets -set -filter {jtag_cable_name =~ "Digilent Zybo Z7 210351B3FC88A" && level==0 && jtag_device_ctx=="jsn-Zybo Z7-210351B3FC88A-13722093-0"}
fpga -file C:/Users/gusta/OneDrive/Documents/universidad/4to/1r/SEP/Proyectos/pr2/SEPmonG3/SEPmon_SW/_ide/bitstream/SEPmonG3V2.bit
targets -set -nocase -filter {name =~"APU*"}
loadhw -hw C:/Users/gusta/OneDrive/Documents/universidad/4to/1r/SEP/Proyectos/pr2/SEPmonG3/SEPmonG3/export/SEPmonG3/hw/SEPmonG3V2.xsa -mem-ranges [list {0x40000000 0xbfffffff}] -regs
configparams force-mem-access 1
targets -set -nocase -filter {name =~"APU*"}
source C:/Users/gusta/OneDrive/Documents/universidad/4to/1r/SEP/Proyectos/pr2/SEPmonG3/SEPmon_SW/_ide/psinit/ps7_init.tcl
ps7_init
ps7_post_config
targets -set -nocase -filter {name =~ "*A9*#0"}
dow C:/Users/gusta/OneDrive/Documents/universidad/4to/1r/SEP/Proyectos/pr2/SEPmonG3/SEPmon_SW/Debug/SEPmon_SW.elf
configparams force-mem-access 0
----------------End of Script----------------

22:12:06 INFO  : Context for processor 'ps7_cortexa9_0' is selected.
22:12:06 INFO  : 'con' command is executed.
22:12:06 INFO  : ----------------XSDB Script (After Launch)----------------
targets -set -nocase -filter {name =~ "*A9*#0"}
con
----------------End of Script----------------

22:12:06 INFO  : Launch script is exported to file 'C:\Users\gusta\OneDrive\Documents\universidad\4to\1r\SEP\Proyectos\pr2\SEPmonG3\.sdk\launch_scripts\single_application_debug\debugger_sepmon_sw-default_1.tcl'
22:13:46 INFO  : Checking for BSP changes to sync application flags for project 'SEPmon_SW'...
22:13:53 INFO  : Disconnected from the channel tcfchan#92.
22:13:54 INFO  : Connected to target on host '127.0.0.1' and port '3121'.
22:13:54 INFO  : Jtag cable 'Digilent Zybo Z7 210351B3FC88A' is selected.
22:13:54 INFO  : 'jtag frequency' command is executed.
22:13:54 INFO  : Context for 'APU' is selected.
22:13:54 INFO  : System reset is completed.
22:13:57 INFO  : 'after 3000' command is executed.
22:13:57 INFO  : 'targets -set -filter {jtag_cable_name =~ "Digilent Zybo Z7 210351B3FC88A" && level==0 && jtag_device_ctx=="jsn-Zybo Z7-210351B3FC88A-13722093-0"}' command is executed.
22:13:58 INFO  : FPGA configured successfully with bitstream "C:/Users/gusta/OneDrive/Documents/universidad/4to/1r/SEP/Proyectos/pr2/SEPmonG3/SEPmon_SW/_ide/bitstream/SEPmonG3V2.bit"
22:13:59 INFO  : Context for 'APU' is selected.
22:13:59 INFO  : Hardware design and registers information is loaded from 'C:/Users/gusta/OneDrive/Documents/universidad/4to/1r/SEP/Proyectos/pr2/SEPmonG3/SEPmonG3/export/SEPmonG3/hw/SEPmonG3V2.xsa'.
22:13:59 INFO  : 'configparams force-mem-access 1' command is executed.
22:13:59 INFO  : Context for 'APU' is selected.
22:13:59 INFO  : Sourcing of 'C:/Users/gusta/OneDrive/Documents/universidad/4to/1r/SEP/Proyectos/pr2/SEPmonG3/SEPmon_SW/_ide/psinit/ps7_init.tcl' is done.
22:13:59 INFO  : 'ps7_init' command is executed.
22:13:59 INFO  : 'ps7_post_config' command is executed.
22:13:59 INFO  : Context for processor 'ps7_cortexa9_0' is selected.
22:14:01 INFO  : The application 'C:/Users/gusta/OneDrive/Documents/universidad/4to/1r/SEP/Proyectos/pr2/SEPmonG3/SEPmon_SW/Debug/SEPmon_SW.elf' is downloaded to processor 'ps7_cortexa9_0'.
22:14:01 INFO  : 'configparams force-mem-access 0' command is executed.
22:14:01 INFO  : ----------------XSDB Script----------------
connect -url tcp:127.0.0.1:3121
targets -set -nocase -filter {name =~"APU*"}
rst -system
after 3000
targets -set -filter {jtag_cable_name =~ "Digilent Zybo Z7 210351B3FC88A" && level==0 && jtag_device_ctx=="jsn-Zybo Z7-210351B3FC88A-13722093-0"}
fpga -file C:/Users/gusta/OneDrive/Documents/universidad/4to/1r/SEP/Proyectos/pr2/SEPmonG3/SEPmon_SW/_ide/bitstream/SEPmonG3V2.bit
targets -set -nocase -filter {name =~"APU*"}
loadhw -hw C:/Users/gusta/OneDrive/Documents/universidad/4to/1r/SEP/Proyectos/pr2/SEPmonG3/SEPmonG3/export/SEPmonG3/hw/SEPmonG3V2.xsa -mem-ranges [list {0x40000000 0xbfffffff}] -regs
configparams force-mem-access 1
targets -set -nocase -filter {name =~"APU*"}
source C:/Users/gusta/OneDrive/Documents/universidad/4to/1r/SEP/Proyectos/pr2/SEPmonG3/SEPmon_SW/_ide/psinit/ps7_init.tcl
ps7_init
ps7_post_config
targets -set -nocase -filter {name =~ "*A9*#0"}
dow C:/Users/gusta/OneDrive/Documents/universidad/4to/1r/SEP/Proyectos/pr2/SEPmonG3/SEPmon_SW/Debug/SEPmon_SW.elf
configparams force-mem-access 0
----------------End of Script----------------

22:14:01 INFO  : Context for processor 'ps7_cortexa9_0' is selected.
22:14:01 INFO  : 'con' command is executed.
22:14:01 INFO  : ----------------XSDB Script (After Launch)----------------
targets -set -nocase -filter {name =~ "*A9*#0"}
con
----------------End of Script----------------

22:14:01 INFO  : Launch script is exported to file 'C:\Users\gusta\OneDrive\Documents\universidad\4to\1r\SEP\Proyectos\pr2\SEPmonG3\.sdk\launch_scripts\single_application_debug\debugger_sepmon_sw-default_1.tcl'
22:14:42 INFO  : Checking for BSP changes to sync application flags for project 'SEPmon_SW'...
22:14:50 INFO  : Disconnected from the channel tcfchan#93.
22:14:51 INFO  : Connected to target on host '127.0.0.1' and port '3121'.
22:14:51 INFO  : Jtag cable 'Digilent Zybo Z7 210351B3FC88A' is selected.
22:14:51 INFO  : 'jtag frequency' command is executed.
22:14:51 INFO  : Context for 'APU' is selected.
22:14:52 INFO  : System reset is completed.
22:14:55 INFO  : 'after 3000' command is executed.
22:14:55 INFO  : 'targets -set -filter {jtag_cable_name =~ "Digilent Zybo Z7 210351B3FC88A" && level==0 && jtag_device_ctx=="jsn-Zybo Z7-210351B3FC88A-13722093-0"}' command is executed.
22:14:56 INFO  : FPGA configured successfully with bitstream "C:/Users/gusta/OneDrive/Documents/universidad/4to/1r/SEP/Proyectos/pr2/SEPmonG3/SEPmon_SW/_ide/bitstream/SEPmonG3V2.bit"
22:14:56 INFO  : Context for 'APU' is selected.
22:14:56 INFO  : Hardware design and registers information is loaded from 'C:/Users/gusta/OneDrive/Documents/universidad/4to/1r/SEP/Proyectos/pr2/SEPmonG3/SEPmonG3/export/SEPmonG3/hw/SEPmonG3V2.xsa'.
22:14:56 INFO  : 'configparams force-mem-access 1' command is executed.
22:14:56 INFO  : Context for 'APU' is selected.
22:14:56 INFO  : Sourcing of 'C:/Users/gusta/OneDrive/Documents/universidad/4to/1r/SEP/Proyectos/pr2/SEPmonG3/SEPmon_SW/_ide/psinit/ps7_init.tcl' is done.
22:14:56 INFO  : 'ps7_init' command is executed.
22:14:56 INFO  : 'ps7_post_config' command is executed.
22:14:56 INFO  : Context for processor 'ps7_cortexa9_0' is selected.
22:14:59 INFO  : The application 'C:/Users/gusta/OneDrive/Documents/universidad/4to/1r/SEP/Proyectos/pr2/SEPmonG3/SEPmon_SW/Debug/SEPmon_SW.elf' is downloaded to processor 'ps7_cortexa9_0'.
22:14:59 INFO  : 'configparams force-mem-access 0' command is executed.
22:14:59 INFO  : ----------------XSDB Script----------------
connect -url tcp:127.0.0.1:3121
targets -set -nocase -filter {name =~"APU*"}
rst -system
after 3000
targets -set -filter {jtag_cable_name =~ "Digilent Zybo Z7 210351B3FC88A" && level==0 && jtag_device_ctx=="jsn-Zybo Z7-210351B3FC88A-13722093-0"}
fpga -file C:/Users/gusta/OneDrive/Documents/universidad/4to/1r/SEP/Proyectos/pr2/SEPmonG3/SEPmon_SW/_ide/bitstream/SEPmonG3V2.bit
targets -set -nocase -filter {name =~"APU*"}
loadhw -hw C:/Users/gusta/OneDrive/Documents/universidad/4to/1r/SEP/Proyectos/pr2/SEPmonG3/SEPmonG3/export/SEPmonG3/hw/SEPmonG3V2.xsa -mem-ranges [list {0x40000000 0xbfffffff}] -regs
configparams force-mem-access 1
targets -set -nocase -filter {name =~"APU*"}
source C:/Users/gusta/OneDrive/Documents/universidad/4to/1r/SEP/Proyectos/pr2/SEPmonG3/SEPmon_SW/_ide/psinit/ps7_init.tcl
ps7_init
ps7_post_config
targets -set -nocase -filter {name =~ "*A9*#0"}
dow C:/Users/gusta/OneDrive/Documents/universidad/4to/1r/SEP/Proyectos/pr2/SEPmonG3/SEPmon_SW/Debug/SEPmon_SW.elf
configparams force-mem-access 0
----------------End of Script----------------

22:14:59 INFO  : Context for processor 'ps7_cortexa9_0' is selected.
22:14:59 INFO  : 'con' command is executed.
22:14:59 INFO  : ----------------XSDB Script (After Launch)----------------
targets -set -nocase -filter {name =~ "*A9*#0"}
con
----------------End of Script----------------

22:14:59 INFO  : Launch script is exported to file 'C:\Users\gusta\OneDrive\Documents\universidad\4to\1r\SEP\Proyectos\pr2\SEPmonG3\.sdk\launch_scripts\single_application_debug\debugger_sepmon_sw-default_1.tcl'
22:18:41 INFO  : Checking for BSP changes to sync application flags for project 'SEPmon_SW'...
22:18:58 INFO  : Checking for BSP changes to sync application flags for project 'SEPmon_SW'...
22:19:05 INFO  : Disconnected from the channel tcfchan#94.
22:19:06 INFO  : Connected to target on host '127.0.0.1' and port '3121'.
22:19:07 INFO  : Jtag cable 'Digilent Zybo Z7 210351B3FC88A' is selected.
22:19:07 INFO  : 'jtag frequency' command is executed.
22:19:07 INFO  : Context for 'APU' is selected.
22:19:07 INFO  : System reset is completed.
22:19:10 INFO  : 'after 3000' command is executed.
22:19:10 INFO  : 'targets -set -filter {jtag_cable_name =~ "Digilent Zybo Z7 210351B3FC88A" && level==0 && jtag_device_ctx=="jsn-Zybo Z7-210351B3FC88A-13722093-0"}' command is executed.
22:19:11 INFO  : FPGA configured successfully with bitstream "C:/Users/gusta/OneDrive/Documents/universidad/4to/1r/SEP/Proyectos/pr2/SEPmonG3/SEPmon_SW/_ide/bitstream/SEPmonG3V2.bit"
22:19:11 INFO  : Context for 'APU' is selected.
22:19:11 INFO  : Hardware design and registers information is loaded from 'C:/Users/gusta/OneDrive/Documents/universidad/4to/1r/SEP/Proyectos/pr2/SEPmonG3/SEPmonG3/export/SEPmonG3/hw/SEPmonG3V2.xsa'.
22:19:11 INFO  : 'configparams force-mem-access 1' command is executed.
22:19:11 INFO  : Context for 'APU' is selected.
22:19:11 INFO  : Sourcing of 'C:/Users/gusta/OneDrive/Documents/universidad/4to/1r/SEP/Proyectos/pr2/SEPmonG3/SEPmon_SW/_ide/psinit/ps7_init.tcl' is done.
22:19:11 INFO  : 'ps7_init' command is executed.
22:19:11 INFO  : 'ps7_post_config' command is executed.
22:19:11 INFO  : Context for processor 'ps7_cortexa9_0' is selected.
22:19:14 INFO  : The application 'C:/Users/gusta/OneDrive/Documents/universidad/4to/1r/SEP/Proyectos/pr2/SEPmonG3/SEPmon_SW/Debug/SEPmon_SW.elf' is downloaded to processor 'ps7_cortexa9_0'.
22:19:14 INFO  : 'configparams force-mem-access 0' command is executed.
22:19:14 INFO  : ----------------XSDB Script----------------
connect -url tcp:127.0.0.1:3121
targets -set -nocase -filter {name =~"APU*"}
rst -system
after 3000
targets -set -filter {jtag_cable_name =~ "Digilent Zybo Z7 210351B3FC88A" && level==0 && jtag_device_ctx=="jsn-Zybo Z7-210351B3FC88A-13722093-0"}
fpga -file C:/Users/gusta/OneDrive/Documents/universidad/4to/1r/SEP/Proyectos/pr2/SEPmonG3/SEPmon_SW/_ide/bitstream/SEPmonG3V2.bit
targets -set -nocase -filter {name =~"APU*"}
loadhw -hw C:/Users/gusta/OneDrive/Documents/universidad/4to/1r/SEP/Proyectos/pr2/SEPmonG3/SEPmonG3/export/SEPmonG3/hw/SEPmonG3V2.xsa -mem-ranges [list {0x40000000 0xbfffffff}] -regs
configparams force-mem-access 1
targets -set -nocase -filter {name =~"APU*"}
source C:/Users/gusta/OneDrive/Documents/universidad/4to/1r/SEP/Proyectos/pr2/SEPmonG3/SEPmon_SW/_ide/psinit/ps7_init.tcl
ps7_init
ps7_post_config
targets -set -nocase -filter {name =~ "*A9*#0"}
dow C:/Users/gusta/OneDrive/Documents/universidad/4to/1r/SEP/Proyectos/pr2/SEPmonG3/SEPmon_SW/Debug/SEPmon_SW.elf
configparams force-mem-access 0
----------------End of Script----------------

22:19:14 INFO  : Context for processor 'ps7_cortexa9_0' is selected.
22:19:14 INFO  : 'con' command is executed.
22:19:14 INFO  : ----------------XSDB Script (After Launch)----------------
targets -set -nocase -filter {name =~ "*A9*#0"}
con
----------------End of Script----------------

22:19:14 INFO  : Launch script is exported to file 'C:\Users\gusta\OneDrive\Documents\universidad\4to\1r\SEP\Proyectos\pr2\SEPmonG3\.sdk\launch_scripts\single_application_debug\debugger_sepmon_sw-default_1.tcl'
22:21:53 INFO  : Checking for BSP changes to sync application flags for project 'SEPmon_SW'...
22:21:58 INFO  : Disconnected from the channel tcfchan#95.
22:21:59 INFO  : Connected to target on host '127.0.0.1' and port '3121'.
22:21:59 INFO  : Jtag cable 'Digilent Zybo Z7 210351B3FC88A' is selected.
22:21:59 INFO  : 'jtag frequency' command is executed.
22:21:59 INFO  : Context for 'APU' is selected.
22:21:59 INFO  : System reset is completed.
22:22:02 INFO  : 'after 3000' command is executed.
22:22:02 INFO  : 'targets -set -filter {jtag_cable_name =~ "Digilent Zybo Z7 210351B3FC88A" && level==0 && jtag_device_ctx=="jsn-Zybo Z7-210351B3FC88A-13722093-0"}' command is executed.
22:22:03 INFO  : FPGA configured successfully with bitstream "C:/Users/gusta/OneDrive/Documents/universidad/4to/1r/SEP/Proyectos/pr2/SEPmonG3/SEPmon_SW/_ide/bitstream/SEPmonG3V2.bit"
22:22:03 INFO  : Context for 'APU' is selected.
22:22:03 INFO  : Hardware design and registers information is loaded from 'C:/Users/gusta/OneDrive/Documents/universidad/4to/1r/SEP/Proyectos/pr2/SEPmonG3/SEPmonG3/export/SEPmonG3/hw/SEPmonG3V2.xsa'.
22:22:03 INFO  : 'configparams force-mem-access 1' command is executed.
22:22:03 INFO  : Context for 'APU' is selected.
22:22:03 INFO  : Sourcing of 'C:/Users/gusta/OneDrive/Documents/universidad/4to/1r/SEP/Proyectos/pr2/SEPmonG3/SEPmon_SW/_ide/psinit/ps7_init.tcl' is done.
22:22:04 INFO  : 'ps7_init' command is executed.
22:22:04 INFO  : 'ps7_post_config' command is executed.
22:22:04 INFO  : Context for processor 'ps7_cortexa9_0' is selected.
22:22:06 INFO  : The application 'C:/Users/gusta/OneDrive/Documents/universidad/4to/1r/SEP/Proyectos/pr2/SEPmonG3/SEPmon_SW/Debug/SEPmon_SW.elf' is downloaded to processor 'ps7_cortexa9_0'.
22:22:06 INFO  : 'configparams force-mem-access 0' command is executed.
22:22:06 INFO  : ----------------XSDB Script----------------
connect -url tcp:127.0.0.1:3121
targets -set -nocase -filter {name =~"APU*"}
rst -system
after 3000
targets -set -filter {jtag_cable_name =~ "Digilent Zybo Z7 210351B3FC88A" && level==0 && jtag_device_ctx=="jsn-Zybo Z7-210351B3FC88A-13722093-0"}
fpga -file C:/Users/gusta/OneDrive/Documents/universidad/4to/1r/SEP/Proyectos/pr2/SEPmonG3/SEPmon_SW/_ide/bitstream/SEPmonG3V2.bit
targets -set -nocase -filter {name =~"APU*"}
loadhw -hw C:/Users/gusta/OneDrive/Documents/universidad/4to/1r/SEP/Proyectos/pr2/SEPmonG3/SEPmonG3/export/SEPmonG3/hw/SEPmonG3V2.xsa -mem-ranges [list {0x40000000 0xbfffffff}] -regs
configparams force-mem-access 1
targets -set -nocase -filter {name =~"APU*"}
source C:/Users/gusta/OneDrive/Documents/universidad/4to/1r/SEP/Proyectos/pr2/SEPmonG3/SEPmon_SW/_ide/psinit/ps7_init.tcl
ps7_init
ps7_post_config
targets -set -nocase -filter {name =~ "*A9*#0"}
dow C:/Users/gusta/OneDrive/Documents/universidad/4to/1r/SEP/Proyectos/pr2/SEPmonG3/SEPmon_SW/Debug/SEPmon_SW.elf
configparams force-mem-access 0
----------------End of Script----------------

22:22:06 INFO  : Context for processor 'ps7_cortexa9_0' is selected.
22:22:06 INFO  : 'con' command is executed.
22:22:06 INFO  : ----------------XSDB Script (After Launch)----------------
targets -set -nocase -filter {name =~ "*A9*#0"}
con
----------------End of Script----------------

22:22:06 INFO  : Launch script is exported to file 'C:\Users\gusta\OneDrive\Documents\universidad\4to\1r\SEP\Proyectos\pr2\SEPmonG3\.sdk\launch_scripts\single_application_debug\debugger_sepmon_sw-default_1.tcl'
22:24:07 INFO  : Checking for BSP changes to sync application flags for project 'SEPmon_SW'...
22:39:38 INFO  : Checking for BSP changes to sync application flags for project 'SEPmon_SW'...
22:41:04 INFO  : Checking for BSP changes to sync application flags for project 'SEPmon_SW'...
22:41:43 INFO  : Checking for BSP changes to sync application flags for project 'SEPmon_SW'...
22:41:50 INFO  : Disconnected from the channel tcfchan#96.
22:41:51 INFO  : Connected to target on host '127.0.0.1' and port '3121'.
22:41:51 INFO  : Jtag cable 'Digilent Zybo Z7 210351B3FC88A' is selected.
22:41:51 INFO  : 'jtag frequency' command is executed.
22:41:51 INFO  : Context for 'APU' is selected.
22:41:51 INFO  : System reset is completed.
22:41:54 INFO  : 'after 3000' command is executed.
22:41:55 INFO  : 'targets -set -filter {jtag_cable_name =~ "Digilent Zybo Z7 210351B3FC88A" && level==0 && jtag_device_ctx=="jsn-Zybo Z7-210351B3FC88A-13722093-0"}' command is executed.
22:41:56 INFO  : FPGA configured successfully with bitstream "C:/Users/gusta/OneDrive/Documents/universidad/4to/1r/SEP/Proyectos/pr2/SEPmonG3/SEPmon_SW/_ide/bitstream/SEPmonG3V2.bit"
22:41:56 INFO  : Context for 'APU' is selected.
22:41:56 INFO  : Hardware design and registers information is loaded from 'C:/Users/gusta/OneDrive/Documents/universidad/4to/1r/SEP/Proyectos/pr2/SEPmonG3/SEPmonG3/export/SEPmonG3/hw/SEPmonG3V2.xsa'.
22:41:56 INFO  : 'configparams force-mem-access 1' command is executed.
22:41:56 INFO  : Context for 'APU' is selected.
22:41:56 INFO  : Sourcing of 'C:/Users/gusta/OneDrive/Documents/universidad/4to/1r/SEP/Proyectos/pr2/SEPmonG3/SEPmon_SW/_ide/psinit/ps7_init.tcl' is done.
22:41:56 INFO  : 'ps7_init' command is executed.
22:41:56 INFO  : 'ps7_post_config' command is executed.
22:41:56 INFO  : Context for processor 'ps7_cortexa9_0' is selected.
22:41:58 INFO  : The application 'C:/Users/gusta/OneDrive/Documents/universidad/4to/1r/SEP/Proyectos/pr2/SEPmonG3/SEPmon_SW/Debug/SEPmon_SW.elf' is downloaded to processor 'ps7_cortexa9_0'.
22:41:59 INFO  : 'configparams force-mem-access 0' command is executed.
22:41:59 INFO  : ----------------XSDB Script----------------
connect -url tcp:127.0.0.1:3121
targets -set -nocase -filter {name =~"APU*"}
rst -system
after 3000
targets -set -filter {jtag_cable_name =~ "Digilent Zybo Z7 210351B3FC88A" && level==0 && jtag_device_ctx=="jsn-Zybo Z7-210351B3FC88A-13722093-0"}
fpga -file C:/Users/gusta/OneDrive/Documents/universidad/4to/1r/SEP/Proyectos/pr2/SEPmonG3/SEPmon_SW/_ide/bitstream/SEPmonG3V2.bit
targets -set -nocase -filter {name =~"APU*"}
loadhw -hw C:/Users/gusta/OneDrive/Documents/universidad/4to/1r/SEP/Proyectos/pr2/SEPmonG3/SEPmonG3/export/SEPmonG3/hw/SEPmonG3V2.xsa -mem-ranges [list {0x40000000 0xbfffffff}] -regs
configparams force-mem-access 1
targets -set -nocase -filter {name =~"APU*"}
source C:/Users/gusta/OneDrive/Documents/universidad/4to/1r/SEP/Proyectos/pr2/SEPmonG3/SEPmon_SW/_ide/psinit/ps7_init.tcl
ps7_init
ps7_post_config
targets -set -nocase -filter {name =~ "*A9*#0"}
dow C:/Users/gusta/OneDrive/Documents/universidad/4to/1r/SEP/Proyectos/pr2/SEPmonG3/SEPmon_SW/Debug/SEPmon_SW.elf
configparams force-mem-access 0
----------------End of Script----------------

22:41:59 INFO  : Context for processor 'ps7_cortexa9_0' is selected.
22:41:59 INFO  : 'con' command is executed.
22:41:59 INFO  : ----------------XSDB Script (After Launch)----------------
targets -set -nocase -filter {name =~ "*A9*#0"}
con
----------------End of Script----------------

22:41:59 INFO  : Launch script is exported to file 'C:\Users\gusta\OneDrive\Documents\universidad\4to\1r\SEP\Proyectos\pr2\SEPmonG3\.sdk\launch_scripts\single_application_debug\debugger_sepmon_sw-default_1.tcl'
22:43:44 INFO  : Checking for BSP changes to sync application flags for project 'SEPmon_SW'...
22:43:51 INFO  : Disconnected from the channel tcfchan#97.
22:43:52 INFO  : Connected to target on host '127.0.0.1' and port '3121'.
22:43:52 INFO  : Jtag cable 'Digilent Zybo Z7 210351B3FC88A' is selected.
22:43:52 INFO  : 'jtag frequency' command is executed.
22:43:52 INFO  : Context for 'APU' is selected.
22:43:52 INFO  : System reset is completed.
22:43:55 INFO  : 'after 3000' command is executed.
22:43:55 INFO  : 'targets -set -filter {jtag_cable_name =~ "Digilent Zybo Z7 210351B3FC88A" && level==0 && jtag_device_ctx=="jsn-Zybo Z7-210351B3FC88A-13722093-0"}' command is executed.
22:43:56 INFO  : FPGA configured successfully with bitstream "C:/Users/gusta/OneDrive/Documents/universidad/4to/1r/SEP/Proyectos/pr2/SEPmonG3/SEPmon_SW/_ide/bitstream/SEPmonG3V2.bit"
22:43:56 INFO  : Context for 'APU' is selected.
22:43:57 INFO  : Hardware design and registers information is loaded from 'C:/Users/gusta/OneDrive/Documents/universidad/4to/1r/SEP/Proyectos/pr2/SEPmonG3/SEPmonG3/export/SEPmonG3/hw/SEPmonG3V2.xsa'.
22:43:57 INFO  : 'configparams force-mem-access 1' command is executed.
22:43:57 INFO  : Context for 'APU' is selected.
22:43:57 INFO  : Sourcing of 'C:/Users/gusta/OneDrive/Documents/universidad/4to/1r/SEP/Proyectos/pr2/SEPmonG3/SEPmon_SW/_ide/psinit/ps7_init.tcl' is done.
22:43:57 INFO  : 'ps7_init' command is executed.
22:43:57 INFO  : 'ps7_post_config' command is executed.
22:43:57 INFO  : Context for processor 'ps7_cortexa9_0' is selected.
22:43:59 INFO  : The application 'C:/Users/gusta/OneDrive/Documents/universidad/4to/1r/SEP/Proyectos/pr2/SEPmonG3/SEPmon_SW/Debug/SEPmon_SW.elf' is downloaded to processor 'ps7_cortexa9_0'.
22:43:59 INFO  : 'configparams force-mem-access 0' command is executed.
22:43:59 INFO  : ----------------XSDB Script----------------
connect -url tcp:127.0.0.1:3121
targets -set -nocase -filter {name =~"APU*"}
rst -system
after 3000
targets -set -filter {jtag_cable_name =~ "Digilent Zybo Z7 210351B3FC88A" && level==0 && jtag_device_ctx=="jsn-Zybo Z7-210351B3FC88A-13722093-0"}
fpga -file C:/Users/gusta/OneDrive/Documents/universidad/4to/1r/SEP/Proyectos/pr2/SEPmonG3/SEPmon_SW/_ide/bitstream/SEPmonG3V2.bit
targets -set -nocase -filter {name =~"APU*"}
loadhw -hw C:/Users/gusta/OneDrive/Documents/universidad/4to/1r/SEP/Proyectos/pr2/SEPmonG3/SEPmonG3/export/SEPmonG3/hw/SEPmonG3V2.xsa -mem-ranges [list {0x40000000 0xbfffffff}] -regs
configparams force-mem-access 1
targets -set -nocase -filter {name =~"APU*"}
source C:/Users/gusta/OneDrive/Documents/universidad/4to/1r/SEP/Proyectos/pr2/SEPmonG3/SEPmon_SW/_ide/psinit/ps7_init.tcl
ps7_init
ps7_post_config
targets -set -nocase -filter {name =~ "*A9*#0"}
dow C:/Users/gusta/OneDrive/Documents/universidad/4to/1r/SEP/Proyectos/pr2/SEPmonG3/SEPmon_SW/Debug/SEPmon_SW.elf
configparams force-mem-access 0
----------------End of Script----------------

22:43:59 INFO  : Context for processor 'ps7_cortexa9_0' is selected.
22:43:59 INFO  : 'con' command is executed.
22:43:59 INFO  : ----------------XSDB Script (After Launch)----------------
targets -set -nocase -filter {name =~ "*A9*#0"}
con
----------------End of Script----------------

22:43:59 INFO  : Launch script is exported to file 'C:\Users\gusta\OneDrive\Documents\universidad\4to\1r\SEP\Proyectos\pr2\SEPmonG3\.sdk\launch_scripts\single_application_debug\debugger_sepmon_sw-default_1.tcl'
22:44:50 INFO  : Checking for BSP changes to sync application flags for project 'SEPmon_SW'...
22:44:56 INFO  : Disconnected from the channel tcfchan#98.
22:44:57 INFO  : Connected to target on host '127.0.0.1' and port '3121'.
22:44:58 INFO  : Jtag cable 'Digilent Zybo Z7 210351B3FC88A' is selected.
22:44:58 INFO  : 'jtag frequency' command is executed.
22:44:58 INFO  : Context for 'APU' is selected.
22:44:58 INFO  : System reset is completed.
22:45:01 INFO  : 'after 3000' command is executed.
22:45:01 INFO  : 'targets -set -filter {jtag_cable_name =~ "Digilent Zybo Z7 210351B3FC88A" && level==0 && jtag_device_ctx=="jsn-Zybo Z7-210351B3FC88A-13722093-0"}' command is executed.
22:45:02 INFO  : FPGA configured successfully with bitstream "C:/Users/gusta/OneDrive/Documents/universidad/4to/1r/SEP/Proyectos/pr2/SEPmonG3/SEPmon_SW/_ide/bitstream/SEPmonG3V2.bit"
22:45:02 INFO  : Context for 'APU' is selected.
22:45:02 INFO  : Hardware design and registers information is loaded from 'C:/Users/gusta/OneDrive/Documents/universidad/4to/1r/SEP/Proyectos/pr2/SEPmonG3/SEPmonG3/export/SEPmonG3/hw/SEPmonG3V2.xsa'.
22:45:02 INFO  : 'configparams force-mem-access 1' command is executed.
22:45:02 INFO  : Context for 'APU' is selected.
22:45:02 INFO  : Sourcing of 'C:/Users/gusta/OneDrive/Documents/universidad/4to/1r/SEP/Proyectos/pr2/SEPmonG3/SEPmon_SW/_ide/psinit/ps7_init.tcl' is done.
22:45:02 INFO  : 'ps7_init' command is executed.
22:45:02 INFO  : 'ps7_post_config' command is executed.
22:45:03 INFO  : Context for processor 'ps7_cortexa9_0' is selected.
22:45:05 INFO  : The application 'C:/Users/gusta/OneDrive/Documents/universidad/4to/1r/SEP/Proyectos/pr2/SEPmonG3/SEPmon_SW/Debug/SEPmon_SW.elf' is downloaded to processor 'ps7_cortexa9_0'.
22:45:05 INFO  : 'configparams force-mem-access 0' command is executed.
22:45:05 INFO  : ----------------XSDB Script----------------
connect -url tcp:127.0.0.1:3121
targets -set -nocase -filter {name =~"APU*"}
rst -system
after 3000
targets -set -filter {jtag_cable_name =~ "Digilent Zybo Z7 210351B3FC88A" && level==0 && jtag_device_ctx=="jsn-Zybo Z7-210351B3FC88A-13722093-0"}
fpga -file C:/Users/gusta/OneDrive/Documents/universidad/4to/1r/SEP/Proyectos/pr2/SEPmonG3/SEPmon_SW/_ide/bitstream/SEPmonG3V2.bit
targets -set -nocase -filter {name =~"APU*"}
loadhw -hw C:/Users/gusta/OneDrive/Documents/universidad/4to/1r/SEP/Proyectos/pr2/SEPmonG3/SEPmonG3/export/SEPmonG3/hw/SEPmonG3V2.xsa -mem-ranges [list {0x40000000 0xbfffffff}] -regs
configparams force-mem-access 1
targets -set -nocase -filter {name =~"APU*"}
source C:/Users/gusta/OneDrive/Documents/universidad/4to/1r/SEP/Proyectos/pr2/SEPmonG3/SEPmon_SW/_ide/psinit/ps7_init.tcl
ps7_init
ps7_post_config
targets -set -nocase -filter {name =~ "*A9*#0"}
dow C:/Users/gusta/OneDrive/Documents/universidad/4to/1r/SEP/Proyectos/pr2/SEPmonG3/SEPmon_SW/Debug/SEPmon_SW.elf
configparams force-mem-access 0
----------------End of Script----------------

22:45:05 INFO  : Context for processor 'ps7_cortexa9_0' is selected.
22:45:05 INFO  : 'con' command is executed.
22:45:05 INFO  : ----------------XSDB Script (After Launch)----------------
targets -set -nocase -filter {name =~ "*A9*#0"}
con
----------------End of Script----------------

22:45:05 INFO  : Launch script is exported to file 'C:\Users\gusta\OneDrive\Documents\universidad\4to\1r\SEP\Proyectos\pr2\SEPmonG3\.sdk\launch_scripts\single_application_debug\debugger_sepmon_sw-default_1.tcl'
22:46:21 INFO  : Checking for BSP changes to sync application flags for project 'SEPmon_SW'...
22:46:26 INFO  : Disconnected from the channel tcfchan#99.
22:46:27 INFO  : Connected to target on host '127.0.0.1' and port '3121'.
22:46:27 INFO  : Jtag cable 'Digilent Zybo Z7 210351B3FC88A' is selected.
22:46:27 INFO  : 'jtag frequency' command is executed.
22:46:27 INFO  : Context for 'APU' is selected.
22:46:27 INFO  : System reset is completed.
22:46:30 INFO  : 'after 3000' command is executed.
22:46:30 INFO  : 'targets -set -filter {jtag_cable_name =~ "Digilent Zybo Z7 210351B3FC88A" && level==0 && jtag_device_ctx=="jsn-Zybo Z7-210351B3FC88A-13722093-0"}' command is executed.
22:46:31 INFO  : FPGA configured successfully with bitstream "C:/Users/gusta/OneDrive/Documents/universidad/4to/1r/SEP/Proyectos/pr2/SEPmonG3/SEPmon_SW/_ide/bitstream/SEPmonG3V2.bit"
22:46:32 INFO  : Context for 'APU' is selected.
22:46:32 INFO  : Hardware design and registers information is loaded from 'C:/Users/gusta/OneDrive/Documents/universidad/4to/1r/SEP/Proyectos/pr2/SEPmonG3/SEPmonG3/export/SEPmonG3/hw/SEPmonG3V2.xsa'.
22:46:32 INFO  : 'configparams force-mem-access 1' command is executed.
22:46:32 INFO  : Context for 'APU' is selected.
22:46:32 INFO  : Sourcing of 'C:/Users/gusta/OneDrive/Documents/universidad/4to/1r/SEP/Proyectos/pr2/SEPmonG3/SEPmon_SW/_ide/psinit/ps7_init.tcl' is done.
22:46:32 INFO  : 'ps7_init' command is executed.
22:46:32 INFO  : 'ps7_post_config' command is executed.
22:46:32 INFO  : Context for processor 'ps7_cortexa9_0' is selected.
22:46:34 INFO  : The application 'C:/Users/gusta/OneDrive/Documents/universidad/4to/1r/SEP/Proyectos/pr2/SEPmonG3/SEPmon_SW/Debug/SEPmon_SW.elf' is downloaded to processor 'ps7_cortexa9_0'.
22:46:34 INFO  : 'configparams force-mem-access 0' command is executed.
22:46:34 INFO  : ----------------XSDB Script----------------
connect -url tcp:127.0.0.1:3121
targets -set -nocase -filter {name =~"APU*"}
rst -system
after 3000
targets -set -filter {jtag_cable_name =~ "Digilent Zybo Z7 210351B3FC88A" && level==0 && jtag_device_ctx=="jsn-Zybo Z7-210351B3FC88A-13722093-0"}
fpga -file C:/Users/gusta/OneDrive/Documents/universidad/4to/1r/SEP/Proyectos/pr2/SEPmonG3/SEPmon_SW/_ide/bitstream/SEPmonG3V2.bit
targets -set -nocase -filter {name =~"APU*"}
loadhw -hw C:/Users/gusta/OneDrive/Documents/universidad/4to/1r/SEP/Proyectos/pr2/SEPmonG3/SEPmonG3/export/SEPmonG3/hw/SEPmonG3V2.xsa -mem-ranges [list {0x40000000 0xbfffffff}] -regs
configparams force-mem-access 1
targets -set -nocase -filter {name =~"APU*"}
source C:/Users/gusta/OneDrive/Documents/universidad/4to/1r/SEP/Proyectos/pr2/SEPmonG3/SEPmon_SW/_ide/psinit/ps7_init.tcl
ps7_init
ps7_post_config
targets -set -nocase -filter {name =~ "*A9*#0"}
dow C:/Users/gusta/OneDrive/Documents/universidad/4to/1r/SEP/Proyectos/pr2/SEPmonG3/SEPmon_SW/Debug/SEPmon_SW.elf
configparams force-mem-access 0
----------------End of Script----------------

22:46:34 INFO  : Context for processor 'ps7_cortexa9_0' is selected.
22:46:34 INFO  : 'con' command is executed.
22:46:34 INFO  : ----------------XSDB Script (After Launch)----------------
targets -set -nocase -filter {name =~ "*A9*#0"}
con
----------------End of Script----------------

22:46:34 INFO  : Launch script is exported to file 'C:\Users\gusta\OneDrive\Documents\universidad\4to\1r\SEP\Proyectos\pr2\SEPmonG3\.sdk\launch_scripts\single_application_debug\debugger_sepmon_sw-default_1.tcl'
22:48:11 INFO  : Checking for BSP changes to sync application flags for project 'SEPmon_SW'...
22:48:17 INFO  : Disconnected from the channel tcfchan#100.
22:48:18 INFO  : Connected to target on host '127.0.0.1' and port '3121'.
22:48:18 INFO  : Jtag cable 'Digilent Zybo Z7 210351B3FC88A' is selected.
22:48:18 INFO  : 'jtag frequency' command is executed.
22:48:18 INFO  : Context for 'APU' is selected.
22:48:18 INFO  : System reset is completed.
22:48:21 INFO  : 'after 3000' command is executed.
22:48:21 INFO  : 'targets -set -filter {jtag_cable_name =~ "Digilent Zybo Z7 210351B3FC88A" && level==0 && jtag_device_ctx=="jsn-Zybo Z7-210351B3FC88A-13722093-0"}' command is executed.
22:48:22 INFO  : FPGA configured successfully with bitstream "C:/Users/gusta/OneDrive/Documents/universidad/4to/1r/SEP/Proyectos/pr2/SEPmonG3/SEPmon_SW/_ide/bitstream/SEPmonG3V2.bit"
22:48:22 INFO  : Context for 'APU' is selected.
22:48:22 INFO  : Hardware design and registers information is loaded from 'C:/Users/gusta/OneDrive/Documents/universidad/4to/1r/SEP/Proyectos/pr2/SEPmonG3/SEPmonG3/export/SEPmonG3/hw/SEPmonG3V2.xsa'.
22:48:22 INFO  : 'configparams force-mem-access 1' command is executed.
22:48:22 INFO  : Context for 'APU' is selected.
22:48:22 INFO  : Sourcing of 'C:/Users/gusta/OneDrive/Documents/universidad/4to/1r/SEP/Proyectos/pr2/SEPmonG3/SEPmon_SW/_ide/psinit/ps7_init.tcl' is done.
22:48:23 INFO  : 'ps7_init' command is executed.
22:48:23 INFO  : 'ps7_post_config' command is executed.
22:48:23 INFO  : Context for processor 'ps7_cortexa9_0' is selected.
22:48:25 INFO  : The application 'C:/Users/gusta/OneDrive/Documents/universidad/4to/1r/SEP/Proyectos/pr2/SEPmonG3/SEPmon_SW/Debug/SEPmon_SW.elf' is downloaded to processor 'ps7_cortexa9_0'.
22:48:25 INFO  : 'configparams force-mem-access 0' command is executed.
22:48:25 INFO  : ----------------XSDB Script----------------
connect -url tcp:127.0.0.1:3121
targets -set -nocase -filter {name =~"APU*"}
rst -system
after 3000
targets -set -filter {jtag_cable_name =~ "Digilent Zybo Z7 210351B3FC88A" && level==0 && jtag_device_ctx=="jsn-Zybo Z7-210351B3FC88A-13722093-0"}
fpga -file C:/Users/gusta/OneDrive/Documents/universidad/4to/1r/SEP/Proyectos/pr2/SEPmonG3/SEPmon_SW/_ide/bitstream/SEPmonG3V2.bit
targets -set -nocase -filter {name =~"APU*"}
loadhw -hw C:/Users/gusta/OneDrive/Documents/universidad/4to/1r/SEP/Proyectos/pr2/SEPmonG3/SEPmonG3/export/SEPmonG3/hw/SEPmonG3V2.xsa -mem-ranges [list {0x40000000 0xbfffffff}] -regs
configparams force-mem-access 1
targets -set -nocase -filter {name =~"APU*"}
source C:/Users/gusta/OneDrive/Documents/universidad/4to/1r/SEP/Proyectos/pr2/SEPmonG3/SEPmon_SW/_ide/psinit/ps7_init.tcl
ps7_init
ps7_post_config
targets -set -nocase -filter {name =~ "*A9*#0"}
dow C:/Users/gusta/OneDrive/Documents/universidad/4to/1r/SEP/Proyectos/pr2/SEPmonG3/SEPmon_SW/Debug/SEPmon_SW.elf
configparams force-mem-access 0
----------------End of Script----------------

22:48:25 INFO  : Context for processor 'ps7_cortexa9_0' is selected.
22:48:25 INFO  : 'con' command is executed.
22:48:25 INFO  : ----------------XSDB Script (After Launch)----------------
targets -set -nocase -filter {name =~ "*A9*#0"}
con
----------------End of Script----------------

22:48:25 INFO  : Launch script is exported to file 'C:\Users\gusta\OneDrive\Documents\universidad\4to\1r\SEP\Proyectos\pr2\SEPmonG3\.sdk\launch_scripts\single_application_debug\debugger_sepmon_sw-default_1.tcl'
22:54:26 INFO  : Checking for BSP changes to sync application flags for project 'SEPmon_SW'...
22:54:36 INFO  : Checking for BSP changes to sync application flags for project 'SEPmon_SW'...
22:54:43 INFO  : Checking for BSP changes to sync application flags for project 'SEPmon_SW'...
22:54:49 INFO  : Disconnected from the channel tcfchan#101.
22:54:50 INFO  : Connected to target on host '127.0.0.1' and port '3121'.
22:54:51 INFO  : Jtag cable 'Digilent Zybo Z7 210351B3FC88A' is selected.
22:54:51 INFO  : 'jtag frequency' command is executed.
22:54:51 INFO  : Context for 'APU' is selected.
22:54:51 INFO  : System reset is completed.
22:54:54 INFO  : 'after 3000' command is executed.
22:54:54 INFO  : 'targets -set -filter {jtag_cable_name =~ "Digilent Zybo Z7 210351B3FC88A" && level==0 && jtag_device_ctx=="jsn-Zybo Z7-210351B3FC88A-13722093-0"}' command is executed.
22:54:55 INFO  : FPGA configured successfully with bitstream "C:/Users/gusta/OneDrive/Documents/universidad/4to/1r/SEP/Proyectos/pr2/SEPmonG3/SEPmon_SW/_ide/bitstream/SEPmonG3V2.bit"
22:54:55 INFO  : Context for 'APU' is selected.
22:54:55 INFO  : Hardware design and registers information is loaded from 'C:/Users/gusta/OneDrive/Documents/universidad/4to/1r/SEP/Proyectos/pr2/SEPmonG3/SEPmonG3/export/SEPmonG3/hw/SEPmonG3V2.xsa'.
22:54:55 INFO  : 'configparams force-mem-access 1' command is executed.
22:54:55 INFO  : Context for 'APU' is selected.
22:54:55 INFO  : Sourcing of 'C:/Users/gusta/OneDrive/Documents/universidad/4to/1r/SEP/Proyectos/pr2/SEPmonG3/SEPmon_SW/_ide/psinit/ps7_init.tcl' is done.
22:54:55 INFO  : 'ps7_init' command is executed.
22:54:55 INFO  : 'ps7_post_config' command is executed.
22:54:56 INFO  : Context for processor 'ps7_cortexa9_0' is selected.
22:54:58 INFO  : The application 'C:/Users/gusta/OneDrive/Documents/universidad/4to/1r/SEP/Proyectos/pr2/SEPmonG3/SEPmon_SW/Debug/SEPmon_SW.elf' is downloaded to processor 'ps7_cortexa9_0'.
22:54:58 INFO  : 'configparams force-mem-access 0' command is executed.
22:54:58 INFO  : ----------------XSDB Script----------------
connect -url tcp:127.0.0.1:3121
targets -set -nocase -filter {name =~"APU*"}
rst -system
after 3000
targets -set -filter {jtag_cable_name =~ "Digilent Zybo Z7 210351B3FC88A" && level==0 && jtag_device_ctx=="jsn-Zybo Z7-210351B3FC88A-13722093-0"}
fpga -file C:/Users/gusta/OneDrive/Documents/universidad/4to/1r/SEP/Proyectos/pr2/SEPmonG3/SEPmon_SW/_ide/bitstream/SEPmonG3V2.bit
targets -set -nocase -filter {name =~"APU*"}
loadhw -hw C:/Users/gusta/OneDrive/Documents/universidad/4to/1r/SEP/Proyectos/pr2/SEPmonG3/SEPmonG3/export/SEPmonG3/hw/SEPmonG3V2.xsa -mem-ranges [list {0x40000000 0xbfffffff}] -regs
configparams force-mem-access 1
targets -set -nocase -filter {name =~"APU*"}
source C:/Users/gusta/OneDrive/Documents/universidad/4to/1r/SEP/Proyectos/pr2/SEPmonG3/SEPmon_SW/_ide/psinit/ps7_init.tcl
ps7_init
ps7_post_config
targets -set -nocase -filter {name =~ "*A9*#0"}
dow C:/Users/gusta/OneDrive/Documents/universidad/4to/1r/SEP/Proyectos/pr2/SEPmonG3/SEPmon_SW/Debug/SEPmon_SW.elf
configparams force-mem-access 0
----------------End of Script----------------

22:54:58 INFO  : Context for processor 'ps7_cortexa9_0' is selected.
22:54:58 INFO  : 'con' command is executed.
22:54:58 INFO  : ----------------XSDB Script (After Launch)----------------
targets -set -nocase -filter {name =~ "*A9*#0"}
con
----------------End of Script----------------

22:54:58 INFO  : Launch script is exported to file 'C:\Users\gusta\OneDrive\Documents\universidad\4to\1r\SEP\Proyectos\pr2\SEPmonG3\.sdk\launch_scripts\single_application_debug\debugger_sepmon_sw-default_1.tcl'
22:55:54 INFO  : Checking for BSP changes to sync application flags for project 'SEPmon_SW'...
22:56:17 INFO  : Disconnected from the channel tcfchan#102.
22:56:18 INFO  : Connected to target on host '127.0.0.1' and port '3121'.
22:56:18 INFO  : Jtag cable 'Digilent Zybo Z7 210351B3FC88A' is selected.
22:56:18 INFO  : 'jtag frequency' command is executed.
22:56:18 INFO  : Context for 'APU' is selected.
22:56:18 INFO  : System reset is completed.
22:56:21 INFO  : 'after 3000' command is executed.
22:56:21 INFO  : 'targets -set -filter {jtag_cable_name =~ "Digilent Zybo Z7 210351B3FC88A" && level==0 && jtag_device_ctx=="jsn-Zybo Z7-210351B3FC88A-13722093-0"}' command is executed.
22:56:22 INFO  : FPGA configured successfully with bitstream "C:/Users/gusta/OneDrive/Documents/universidad/4to/1r/SEP/Proyectos/pr2/SEPmonG3/SEPmon_SW/_ide/bitstream/SEPmonG3V2.bit"
22:56:22 INFO  : Context for 'APU' is selected.
22:56:22 INFO  : Hardware design and registers information is loaded from 'C:/Users/gusta/OneDrive/Documents/universidad/4to/1r/SEP/Proyectos/pr2/SEPmonG3/SEPmonG3/export/SEPmonG3/hw/SEPmonG3V2.xsa'.
22:56:22 INFO  : 'configparams force-mem-access 1' command is executed.
22:56:22 INFO  : Context for 'APU' is selected.
22:56:22 INFO  : Sourcing of 'C:/Users/gusta/OneDrive/Documents/universidad/4to/1r/SEP/Proyectos/pr2/SEPmonG3/SEPmon_SW/_ide/psinit/ps7_init.tcl' is done.
22:56:23 INFO  : 'ps7_init' command is executed.
22:56:23 INFO  : 'ps7_post_config' command is executed.
22:56:23 INFO  : Context for processor 'ps7_cortexa9_0' is selected.
22:56:25 INFO  : The application 'C:/Users/gusta/OneDrive/Documents/universidad/4to/1r/SEP/Proyectos/pr2/SEPmonG3/SEPmon_SW/Debug/SEPmon_SW.elf' is downloaded to processor 'ps7_cortexa9_0'.
22:56:25 INFO  : 'configparams force-mem-access 0' command is executed.
22:56:25 INFO  : ----------------XSDB Script----------------
connect -url tcp:127.0.0.1:3121
targets -set -nocase -filter {name =~"APU*"}
rst -system
after 3000
targets -set -filter {jtag_cable_name =~ "Digilent Zybo Z7 210351B3FC88A" && level==0 && jtag_device_ctx=="jsn-Zybo Z7-210351B3FC88A-13722093-0"}
fpga -file C:/Users/gusta/OneDrive/Documents/universidad/4to/1r/SEP/Proyectos/pr2/SEPmonG3/SEPmon_SW/_ide/bitstream/SEPmonG3V2.bit
targets -set -nocase -filter {name =~"APU*"}
loadhw -hw C:/Users/gusta/OneDrive/Documents/universidad/4to/1r/SEP/Proyectos/pr2/SEPmonG3/SEPmonG3/export/SEPmonG3/hw/SEPmonG3V2.xsa -mem-ranges [list {0x40000000 0xbfffffff}] -regs
configparams force-mem-access 1
targets -set -nocase -filter {name =~"APU*"}
source C:/Users/gusta/OneDrive/Documents/universidad/4to/1r/SEP/Proyectos/pr2/SEPmonG3/SEPmon_SW/_ide/psinit/ps7_init.tcl
ps7_init
ps7_post_config
targets -set -nocase -filter {name =~ "*A9*#0"}
dow C:/Users/gusta/OneDrive/Documents/universidad/4to/1r/SEP/Proyectos/pr2/SEPmonG3/SEPmon_SW/Debug/SEPmon_SW.elf
configparams force-mem-access 0
----------------End of Script----------------

22:56:25 INFO  : Context for processor 'ps7_cortexa9_0' is selected.
22:56:25 INFO  : 'con' command is executed.
22:56:25 INFO  : ----------------XSDB Script (After Launch)----------------
targets -set -nocase -filter {name =~ "*A9*#0"}
con
----------------End of Script----------------

22:56:25 INFO  : Launch script is exported to file 'C:\Users\gusta\OneDrive\Documents\universidad\4to\1r\SEP\Proyectos\pr2\SEPmonG3\.sdk\launch_scripts\single_application_debug\debugger_sepmon_sw-default_1.tcl'
22:57:51 INFO  : Checking for BSP changes to sync application flags for project 'SEPmon_SW'...
22:57:56 INFO  : Disconnected from the channel tcfchan#103.
22:57:57 INFO  : Connected to target on host '127.0.0.1' and port '3121'.
22:57:57 INFO  : Jtag cable 'Digilent Zybo Z7 210351B3FC88A' is selected.
22:57:57 INFO  : 'jtag frequency' command is executed.
22:57:57 INFO  : Context for 'APU' is selected.
22:57:58 INFO  : System reset is completed.
22:58:01 INFO  : 'after 3000' command is executed.
22:58:01 INFO  : 'targets -set -filter {jtag_cable_name =~ "Digilent Zybo Z7 210351B3FC88A" && level==0 && jtag_device_ctx=="jsn-Zybo Z7-210351B3FC88A-13722093-0"}' command is executed.
22:58:02 INFO  : FPGA configured successfully with bitstream "C:/Users/gusta/OneDrive/Documents/universidad/4to/1r/SEP/Proyectos/pr2/SEPmonG3/SEPmon_SW/_ide/bitstream/SEPmonG3V2.bit"
22:58:02 INFO  : Context for 'APU' is selected.
22:58:02 INFO  : Hardware design and registers information is loaded from 'C:/Users/gusta/OneDrive/Documents/universidad/4to/1r/SEP/Proyectos/pr2/SEPmonG3/SEPmonG3/export/SEPmonG3/hw/SEPmonG3V2.xsa'.
22:58:02 INFO  : 'configparams force-mem-access 1' command is executed.
22:58:02 INFO  : Context for 'APU' is selected.
22:58:02 INFO  : Sourcing of 'C:/Users/gusta/OneDrive/Documents/universidad/4to/1r/SEP/Proyectos/pr2/SEPmonG3/SEPmon_SW/_ide/psinit/ps7_init.tcl' is done.
22:58:02 INFO  : 'ps7_init' command is executed.
22:58:02 INFO  : 'ps7_post_config' command is executed.
22:58:02 INFO  : Context for processor 'ps7_cortexa9_0' is selected.
22:58:04 INFO  : The application 'C:/Users/gusta/OneDrive/Documents/universidad/4to/1r/SEP/Proyectos/pr2/SEPmonG3/SEPmon_SW/Debug/SEPmon_SW.elf' is downloaded to processor 'ps7_cortexa9_0'.
22:58:04 INFO  : 'configparams force-mem-access 0' command is executed.
22:58:04 INFO  : ----------------XSDB Script----------------
connect -url tcp:127.0.0.1:3121
targets -set -nocase -filter {name =~"APU*"}
rst -system
after 3000
targets -set -filter {jtag_cable_name =~ "Digilent Zybo Z7 210351B3FC88A" && level==0 && jtag_device_ctx=="jsn-Zybo Z7-210351B3FC88A-13722093-0"}
fpga -file C:/Users/gusta/OneDrive/Documents/universidad/4to/1r/SEP/Proyectos/pr2/SEPmonG3/SEPmon_SW/_ide/bitstream/SEPmonG3V2.bit
targets -set -nocase -filter {name =~"APU*"}
loadhw -hw C:/Users/gusta/OneDrive/Documents/universidad/4to/1r/SEP/Proyectos/pr2/SEPmonG3/SEPmonG3/export/SEPmonG3/hw/SEPmonG3V2.xsa -mem-ranges [list {0x40000000 0xbfffffff}] -regs
configparams force-mem-access 1
targets -set -nocase -filter {name =~"APU*"}
source C:/Users/gusta/OneDrive/Documents/universidad/4to/1r/SEP/Proyectos/pr2/SEPmonG3/SEPmon_SW/_ide/psinit/ps7_init.tcl
ps7_init
ps7_post_config
targets -set -nocase -filter {name =~ "*A9*#0"}
dow C:/Users/gusta/OneDrive/Documents/universidad/4to/1r/SEP/Proyectos/pr2/SEPmonG3/SEPmon_SW/Debug/SEPmon_SW.elf
configparams force-mem-access 0
----------------End of Script----------------

22:58:05 INFO  : Context for processor 'ps7_cortexa9_0' is selected.
22:58:05 INFO  : 'con' command is executed.
22:58:05 INFO  : ----------------XSDB Script (After Launch)----------------
targets -set -nocase -filter {name =~ "*A9*#0"}
con
----------------End of Script----------------

22:58:05 INFO  : Launch script is exported to file 'C:\Users\gusta\OneDrive\Documents\universidad\4to\1r\SEP\Proyectos\pr2\SEPmonG3\.sdk\launch_scripts\single_application_debug\debugger_sepmon_sw-default_1.tcl'
22:59:09 INFO  : Checking for BSP changes to sync application flags for project 'SEPmon_SW'...
22:59:15 INFO  : Checking for BSP changes to sync application flags for project 'SEPmon_SW'...
22:59:21 INFO  : Disconnected from the channel tcfchan#104.
22:59:22 INFO  : Connected to target on host '127.0.0.1' and port '3121'.
22:59:22 INFO  : Jtag cable 'Digilent Zybo Z7 210351B3FC88A' is selected.
22:59:22 INFO  : 'jtag frequency' command is executed.
22:59:22 INFO  : Context for 'APU' is selected.
22:59:22 INFO  : System reset is completed.
22:59:25 INFO  : 'after 3000' command is executed.
22:59:25 INFO  : 'targets -set -filter {jtag_cable_name =~ "Digilent Zybo Z7 210351B3FC88A" && level==0 && jtag_device_ctx=="jsn-Zybo Z7-210351B3FC88A-13722093-0"}' command is executed.
22:59:26 INFO  : FPGA configured successfully with bitstream "C:/Users/gusta/OneDrive/Documents/universidad/4to/1r/SEP/Proyectos/pr2/SEPmonG3/SEPmon_SW/_ide/bitstream/SEPmonG3V2.bit"
22:59:26 INFO  : Context for 'APU' is selected.
22:59:26 INFO  : Hardware design and registers information is loaded from 'C:/Users/gusta/OneDrive/Documents/universidad/4to/1r/SEP/Proyectos/pr2/SEPmonG3/SEPmonG3/export/SEPmonG3/hw/SEPmonG3V2.xsa'.
22:59:26 INFO  : 'configparams force-mem-access 1' command is executed.
22:59:26 INFO  : Context for 'APU' is selected.
22:59:26 INFO  : Sourcing of 'C:/Users/gusta/OneDrive/Documents/universidad/4to/1r/SEP/Proyectos/pr2/SEPmonG3/SEPmon_SW/_ide/psinit/ps7_init.tcl' is done.
22:59:27 INFO  : 'ps7_init' command is executed.
22:59:27 INFO  : 'ps7_post_config' command is executed.
22:59:27 INFO  : Context for processor 'ps7_cortexa9_0' is selected.
22:59:29 INFO  : The application 'C:/Users/gusta/OneDrive/Documents/universidad/4to/1r/SEP/Proyectos/pr2/SEPmonG3/SEPmon_SW/Debug/SEPmon_SW.elf' is downloaded to processor 'ps7_cortexa9_0'.
22:59:29 INFO  : 'configparams force-mem-access 0' command is executed.
22:59:29 INFO  : ----------------XSDB Script----------------
connect -url tcp:127.0.0.1:3121
targets -set -nocase -filter {name =~"APU*"}
rst -system
after 3000
targets -set -filter {jtag_cable_name =~ "Digilent Zybo Z7 210351B3FC88A" && level==0 && jtag_device_ctx=="jsn-Zybo Z7-210351B3FC88A-13722093-0"}
fpga -file C:/Users/gusta/OneDrive/Documents/universidad/4to/1r/SEP/Proyectos/pr2/SEPmonG3/SEPmon_SW/_ide/bitstream/SEPmonG3V2.bit
targets -set -nocase -filter {name =~"APU*"}
loadhw -hw C:/Users/gusta/OneDrive/Documents/universidad/4to/1r/SEP/Proyectos/pr2/SEPmonG3/SEPmonG3/export/SEPmonG3/hw/SEPmonG3V2.xsa -mem-ranges [list {0x40000000 0xbfffffff}] -regs
configparams force-mem-access 1
targets -set -nocase -filter {name =~"APU*"}
source C:/Users/gusta/OneDrive/Documents/universidad/4to/1r/SEP/Proyectos/pr2/SEPmonG3/SEPmon_SW/_ide/psinit/ps7_init.tcl
ps7_init
ps7_post_config
targets -set -nocase -filter {name =~ "*A9*#0"}
dow C:/Users/gusta/OneDrive/Documents/universidad/4to/1r/SEP/Proyectos/pr2/SEPmonG3/SEPmon_SW/Debug/SEPmon_SW.elf
configparams force-mem-access 0
----------------End of Script----------------

22:59:29 INFO  : Context for processor 'ps7_cortexa9_0' is selected.
22:59:29 INFO  : 'con' command is executed.
22:59:29 INFO  : ----------------XSDB Script (After Launch)----------------
targets -set -nocase -filter {name =~ "*A9*#0"}
con
----------------End of Script----------------

22:59:29 INFO  : Launch script is exported to file 'C:\Users\gusta\OneDrive\Documents\universidad\4to\1r\SEP\Proyectos\pr2\SEPmonG3\.sdk\launch_scripts\single_application_debug\debugger_sepmon_sw-default_1.tcl'
23:08:25 INFO  : Checking for BSP changes to sync application flags for project 'SEPmon_SW'...
23:08:47 INFO  : Checking for BSP changes to sync application flags for project 'SEPmon_SW'...
23:09:06 INFO  : Disconnected from the channel tcfchan#105.
23:09:07 INFO  : Connected to target on host '127.0.0.1' and port '3121'.
23:09:08 INFO  : Jtag cable 'Digilent Zybo Z7 210351B3FC88A' is selected.
23:09:08 INFO  : 'jtag frequency' command is executed.
23:09:08 INFO  : Context for 'APU' is selected.
23:09:08 INFO  : System reset is completed.
23:09:11 INFO  : 'after 3000' command is executed.
23:09:11 INFO  : 'targets -set -filter {jtag_cable_name =~ "Digilent Zybo Z7 210351B3FC88A" && level==0 && jtag_device_ctx=="jsn-Zybo Z7-210351B3FC88A-13722093-0"}' command is executed.
23:09:12 INFO  : FPGA configured successfully with bitstream "C:/Users/gusta/OneDrive/Documents/universidad/4to/1r/SEP/Proyectos/pr2/SEPmonG3/SEPmon_SW/_ide/bitstream/SEPmonG3V2.bit"
23:09:12 INFO  : Context for 'APU' is selected.
23:09:12 INFO  : Hardware design and registers information is loaded from 'C:/Users/gusta/OneDrive/Documents/universidad/4to/1r/SEP/Proyectos/pr2/SEPmonG3/SEPmonG3/export/SEPmonG3/hw/SEPmonG3V2.xsa'.
23:09:12 INFO  : 'configparams force-mem-access 1' command is executed.
23:09:12 INFO  : Context for 'APU' is selected.
23:09:12 INFO  : Sourcing of 'C:/Users/gusta/OneDrive/Documents/universidad/4to/1r/SEP/Proyectos/pr2/SEPmonG3/SEPmon_SW/_ide/psinit/ps7_init.tcl' is done.
23:09:12 INFO  : 'ps7_init' command is executed.
23:09:12 INFO  : 'ps7_post_config' command is executed.
23:09:12 INFO  : Context for processor 'ps7_cortexa9_0' is selected.
23:09:15 INFO  : The application 'C:/Users/gusta/OneDrive/Documents/universidad/4to/1r/SEP/Proyectos/pr2/SEPmonG3/SEPmon_SW/Debug/SEPmon_SW.elf' is downloaded to processor 'ps7_cortexa9_0'.
23:09:15 INFO  : 'configparams force-mem-access 0' command is executed.
23:09:15 INFO  : ----------------XSDB Script----------------
connect -url tcp:127.0.0.1:3121
targets -set -nocase -filter {name =~"APU*"}
rst -system
after 3000
targets -set -filter {jtag_cable_name =~ "Digilent Zybo Z7 210351B3FC88A" && level==0 && jtag_device_ctx=="jsn-Zybo Z7-210351B3FC88A-13722093-0"}
fpga -file C:/Users/gusta/OneDrive/Documents/universidad/4to/1r/SEP/Proyectos/pr2/SEPmonG3/SEPmon_SW/_ide/bitstream/SEPmonG3V2.bit
targets -set -nocase -filter {name =~"APU*"}
loadhw -hw C:/Users/gusta/OneDrive/Documents/universidad/4to/1r/SEP/Proyectos/pr2/SEPmonG3/SEPmonG3/export/SEPmonG3/hw/SEPmonG3V2.xsa -mem-ranges [list {0x40000000 0xbfffffff}] -regs
configparams force-mem-access 1
targets -set -nocase -filter {name =~"APU*"}
source C:/Users/gusta/OneDrive/Documents/universidad/4to/1r/SEP/Proyectos/pr2/SEPmonG3/SEPmon_SW/_ide/psinit/ps7_init.tcl
ps7_init
ps7_post_config
targets -set -nocase -filter {name =~ "*A9*#0"}
dow C:/Users/gusta/OneDrive/Documents/universidad/4to/1r/SEP/Proyectos/pr2/SEPmonG3/SEPmon_SW/Debug/SEPmon_SW.elf
configparams force-mem-access 0
----------------End of Script----------------

23:09:15 INFO  : Context for processor 'ps7_cortexa9_0' is selected.
23:09:15 INFO  : 'con' command is executed.
23:09:15 INFO  : ----------------XSDB Script (After Launch)----------------
targets -set -nocase -filter {name =~ "*A9*#0"}
con
----------------End of Script----------------

23:09:15 INFO  : Launch script is exported to file 'C:\Users\gusta\OneDrive\Documents\universidad\4to\1r\SEP\Proyectos\pr2\SEPmonG3\.sdk\launch_scripts\single_application_debug\debugger_sepmon_sw-default_1.tcl'
23:10:34 INFO  : Checking for BSP changes to sync application flags for project 'SEPmon_SW'...
23:10:41 INFO  : Disconnected from the channel tcfchan#106.
23:10:42 INFO  : Connected to target on host '127.0.0.1' and port '3121'.
23:10:42 INFO  : Jtag cable 'Digilent Zybo Z7 210351B3FC88A' is selected.
23:10:42 INFO  : 'jtag frequency' command is executed.
23:10:42 INFO  : Context for 'APU' is selected.
23:10:42 INFO  : System reset is completed.
23:10:45 INFO  : 'after 3000' command is executed.
23:10:45 INFO  : 'targets -set -filter {jtag_cable_name =~ "Digilent Zybo Z7 210351B3FC88A" && level==0 && jtag_device_ctx=="jsn-Zybo Z7-210351B3FC88A-13722093-0"}' command is executed.
23:10:46 INFO  : FPGA configured successfully with bitstream "C:/Users/gusta/OneDrive/Documents/universidad/4to/1r/SEP/Proyectos/pr2/SEPmonG3/SEPmon_SW/_ide/bitstream/SEPmonG3V2.bit"
23:10:46 INFO  : Context for 'APU' is selected.
23:10:46 INFO  : Hardware design and registers information is loaded from 'C:/Users/gusta/OneDrive/Documents/universidad/4to/1r/SEP/Proyectos/pr2/SEPmonG3/SEPmonG3/export/SEPmonG3/hw/SEPmonG3V2.xsa'.
23:10:46 INFO  : 'configparams force-mem-access 1' command is executed.
23:10:46 INFO  : Context for 'APU' is selected.
23:10:46 INFO  : Sourcing of 'C:/Users/gusta/OneDrive/Documents/universidad/4to/1r/SEP/Proyectos/pr2/SEPmonG3/SEPmon_SW/_ide/psinit/ps7_init.tcl' is done.
23:10:47 INFO  : 'ps7_init' command is executed.
23:10:47 INFO  : 'ps7_post_config' command is executed.
23:10:47 INFO  : Context for processor 'ps7_cortexa9_0' is selected.
23:10:49 INFO  : The application 'C:/Users/gusta/OneDrive/Documents/universidad/4to/1r/SEP/Proyectos/pr2/SEPmonG3/SEPmon_SW/Debug/SEPmon_SW.elf' is downloaded to processor 'ps7_cortexa9_0'.
23:10:49 INFO  : 'configparams force-mem-access 0' command is executed.
23:10:49 INFO  : ----------------XSDB Script----------------
connect -url tcp:127.0.0.1:3121
targets -set -nocase -filter {name =~"APU*"}
rst -system
after 3000
targets -set -filter {jtag_cable_name =~ "Digilent Zybo Z7 210351B3FC88A" && level==0 && jtag_device_ctx=="jsn-Zybo Z7-210351B3FC88A-13722093-0"}
fpga -file C:/Users/gusta/OneDrive/Documents/universidad/4to/1r/SEP/Proyectos/pr2/SEPmonG3/SEPmon_SW/_ide/bitstream/SEPmonG3V2.bit
targets -set -nocase -filter {name =~"APU*"}
loadhw -hw C:/Users/gusta/OneDrive/Documents/universidad/4to/1r/SEP/Proyectos/pr2/SEPmonG3/SEPmonG3/export/SEPmonG3/hw/SEPmonG3V2.xsa -mem-ranges [list {0x40000000 0xbfffffff}] -regs
configparams force-mem-access 1
targets -set -nocase -filter {name =~"APU*"}
source C:/Users/gusta/OneDrive/Documents/universidad/4to/1r/SEP/Proyectos/pr2/SEPmonG3/SEPmon_SW/_ide/psinit/ps7_init.tcl
ps7_init
ps7_post_config
targets -set -nocase -filter {name =~ "*A9*#0"}
dow C:/Users/gusta/OneDrive/Documents/universidad/4to/1r/SEP/Proyectos/pr2/SEPmonG3/SEPmon_SW/Debug/SEPmon_SW.elf
configparams force-mem-access 0
----------------End of Script----------------

23:10:49 INFO  : Context for processor 'ps7_cortexa9_0' is selected.
23:10:49 INFO  : 'con' command is executed.
23:10:49 INFO  : ----------------XSDB Script (After Launch)----------------
targets -set -nocase -filter {name =~ "*A9*#0"}
con
----------------End of Script----------------

23:10:49 INFO  : Launch script is exported to file 'C:\Users\gusta\OneDrive\Documents\universidad\4to\1r\SEP\Proyectos\pr2\SEPmonG3\.sdk\launch_scripts\single_application_debug\debugger_sepmon_sw-default_1.tcl'
23:14:53 INFO  : Checking for BSP changes to sync application flags for project 'SEPmon_SW'...
23:15:05 INFO  : Checking for BSP changes to sync application flags for project 'SEPmon_SW'...
23:15:10 INFO  : Disconnected from the channel tcfchan#107.
23:15:11 INFO  : Connected to target on host '127.0.0.1' and port '3121'.
23:15:11 INFO  : Jtag cable 'Digilent Zybo Z7 210351B3FC88A' is selected.
23:15:11 INFO  : 'jtag frequency' command is executed.
23:15:11 INFO  : Context for 'APU' is selected.
23:15:12 INFO  : System reset is completed.
23:15:15 INFO  : 'after 3000' command is executed.
23:15:15 INFO  : 'targets -set -filter {jtag_cable_name =~ "Digilent Zybo Z7 210351B3FC88A" && level==0 && jtag_device_ctx=="jsn-Zybo Z7-210351B3FC88A-13722093-0"}' command is executed.
23:15:16 INFO  : FPGA configured successfully with bitstream "C:/Users/gusta/OneDrive/Documents/universidad/4to/1r/SEP/Proyectos/pr2/SEPmonG3/SEPmon_SW/_ide/bitstream/SEPmonG3V2.bit"
23:15:16 INFO  : Context for 'APU' is selected.
23:15:16 INFO  : Hardware design and registers information is loaded from 'C:/Users/gusta/OneDrive/Documents/universidad/4to/1r/SEP/Proyectos/pr2/SEPmonG3/SEPmonG3/export/SEPmonG3/hw/SEPmonG3V2.xsa'.
23:15:16 INFO  : 'configparams force-mem-access 1' command is executed.
23:15:16 INFO  : Context for 'APU' is selected.
23:15:16 INFO  : Sourcing of 'C:/Users/gusta/OneDrive/Documents/universidad/4to/1r/SEP/Proyectos/pr2/SEPmonG3/SEPmon_SW/_ide/psinit/ps7_init.tcl' is done.
23:15:16 INFO  : 'ps7_init' command is executed.
23:15:16 INFO  : 'ps7_post_config' command is executed.
23:15:16 INFO  : Context for processor 'ps7_cortexa9_0' is selected.
23:15:19 INFO  : The application 'C:/Users/gusta/OneDrive/Documents/universidad/4to/1r/SEP/Proyectos/pr2/SEPmonG3/SEPmon_SW/Debug/SEPmon_SW.elf' is downloaded to processor 'ps7_cortexa9_0'.
23:15:19 INFO  : 'configparams force-mem-access 0' command is executed.
23:15:19 INFO  : ----------------XSDB Script----------------
connect -url tcp:127.0.0.1:3121
targets -set -nocase -filter {name =~"APU*"}
rst -system
after 3000
targets -set -filter {jtag_cable_name =~ "Digilent Zybo Z7 210351B3FC88A" && level==0 && jtag_device_ctx=="jsn-Zybo Z7-210351B3FC88A-13722093-0"}
fpga -file C:/Users/gusta/OneDrive/Documents/universidad/4to/1r/SEP/Proyectos/pr2/SEPmonG3/SEPmon_SW/_ide/bitstream/SEPmonG3V2.bit
targets -set -nocase -filter {name =~"APU*"}
loadhw -hw C:/Users/gusta/OneDrive/Documents/universidad/4to/1r/SEP/Proyectos/pr2/SEPmonG3/SEPmonG3/export/SEPmonG3/hw/SEPmonG3V2.xsa -mem-ranges [list {0x40000000 0xbfffffff}] -regs
configparams force-mem-access 1
targets -set -nocase -filter {name =~"APU*"}
source C:/Users/gusta/OneDrive/Documents/universidad/4to/1r/SEP/Proyectos/pr2/SEPmonG3/SEPmon_SW/_ide/psinit/ps7_init.tcl
ps7_init
ps7_post_config
targets -set -nocase -filter {name =~ "*A9*#0"}
dow C:/Users/gusta/OneDrive/Documents/universidad/4to/1r/SEP/Proyectos/pr2/SEPmonG3/SEPmon_SW/Debug/SEPmon_SW.elf
configparams force-mem-access 0
----------------End of Script----------------

23:15:19 INFO  : Context for processor 'ps7_cortexa9_0' is selected.
23:15:19 INFO  : 'con' command is executed.
23:15:19 INFO  : ----------------XSDB Script (After Launch)----------------
targets -set -nocase -filter {name =~ "*A9*#0"}
con
----------------End of Script----------------

23:15:19 INFO  : Launch script is exported to file 'C:\Users\gusta\OneDrive\Documents\universidad\4to\1r\SEP\Proyectos\pr2\SEPmonG3\.sdk\launch_scripts\single_application_debug\debugger_sepmon_sw-default_1.tcl'
23:19:11 INFO  : Checking for BSP changes to sync application flags for project 'SEPmon_SW'...
23:19:37 INFO  : Checking for BSP changes to sync application flags for project 'SEPmon_SW'...
23:19:46 INFO  : Checking for BSP changes to sync application flags for project 'SEPmon_SW'...
23:20:14 INFO  : Checking for BSP changes to sync application flags for project 'SEPmon_SW'...
23:20:19 INFO  : Disconnected from the channel tcfchan#108.
23:20:20 INFO  : Connected to target on host '127.0.0.1' and port '3121'.
23:20:20 INFO  : Jtag cable 'Digilent Zybo Z7 210351B3FC88A' is selected.
23:20:20 INFO  : 'jtag frequency' command is executed.
23:20:20 INFO  : Context for 'APU' is selected.
23:20:20 INFO  : System reset is completed.
23:20:23 INFO  : 'after 3000' command is executed.
23:20:23 INFO  : 'targets -set -filter {jtag_cable_name =~ "Digilent Zybo Z7 210351B3FC88A" && level==0 && jtag_device_ctx=="jsn-Zybo Z7-210351B3FC88A-13722093-0"}' command is executed.
23:20:24 INFO  : FPGA configured successfully with bitstream "C:/Users/gusta/OneDrive/Documents/universidad/4to/1r/SEP/Proyectos/pr2/SEPmonG3/SEPmon_SW/_ide/bitstream/SEPmonG3V2.bit"
23:20:24 INFO  : Context for 'APU' is selected.
23:20:24 INFO  : Hardware design and registers information is loaded from 'C:/Users/gusta/OneDrive/Documents/universidad/4to/1r/SEP/Proyectos/pr2/SEPmonG3/SEPmonG3/export/SEPmonG3/hw/SEPmonG3V2.xsa'.
23:20:24 INFO  : 'configparams force-mem-access 1' command is executed.
23:20:24 INFO  : Context for 'APU' is selected.
23:20:24 INFO  : Sourcing of 'C:/Users/gusta/OneDrive/Documents/universidad/4to/1r/SEP/Proyectos/pr2/SEPmonG3/SEPmon_SW/_ide/psinit/ps7_init.tcl' is done.
23:20:25 INFO  : 'ps7_init' command is executed.
23:20:25 INFO  : 'ps7_post_config' command is executed.
23:20:25 INFO  : Context for processor 'ps7_cortexa9_0' is selected.
23:20:27 INFO  : The application 'C:/Users/gusta/OneDrive/Documents/universidad/4to/1r/SEP/Proyectos/pr2/SEPmonG3/SEPmon_SW/Debug/SEPmon_SW.elf' is downloaded to processor 'ps7_cortexa9_0'.
23:20:27 INFO  : 'configparams force-mem-access 0' command is executed.
23:20:27 INFO  : ----------------XSDB Script----------------
connect -url tcp:127.0.0.1:3121
targets -set -nocase -filter {name =~"APU*"}
rst -system
after 3000
targets -set -filter {jtag_cable_name =~ "Digilent Zybo Z7 210351B3FC88A" && level==0 && jtag_device_ctx=="jsn-Zybo Z7-210351B3FC88A-13722093-0"}
fpga -file C:/Users/gusta/OneDrive/Documents/universidad/4to/1r/SEP/Proyectos/pr2/SEPmonG3/SEPmon_SW/_ide/bitstream/SEPmonG3V2.bit
targets -set -nocase -filter {name =~"APU*"}
loadhw -hw C:/Users/gusta/OneDrive/Documents/universidad/4to/1r/SEP/Proyectos/pr2/SEPmonG3/SEPmonG3/export/SEPmonG3/hw/SEPmonG3V2.xsa -mem-ranges [list {0x40000000 0xbfffffff}] -regs
configparams force-mem-access 1
targets -set -nocase -filter {name =~"APU*"}
source C:/Users/gusta/OneDrive/Documents/universidad/4to/1r/SEP/Proyectos/pr2/SEPmonG3/SEPmon_SW/_ide/psinit/ps7_init.tcl
ps7_init
ps7_post_config
targets -set -nocase -filter {name =~ "*A9*#0"}
dow C:/Users/gusta/OneDrive/Documents/universidad/4to/1r/SEP/Proyectos/pr2/SEPmonG3/SEPmon_SW/Debug/SEPmon_SW.elf
configparams force-mem-access 0
----------------End of Script----------------

23:20:27 INFO  : Context for processor 'ps7_cortexa9_0' is selected.
23:20:27 INFO  : 'con' command is executed.
23:20:27 INFO  : ----------------XSDB Script (After Launch)----------------
targets -set -nocase -filter {name =~ "*A9*#0"}
con
----------------End of Script----------------

23:20:27 INFO  : Launch script is exported to file 'C:\Users\gusta\OneDrive\Documents\universidad\4to\1r\SEP\Proyectos\pr2\SEPmonG3\.sdk\launch_scripts\single_application_debug\debugger_sepmon_sw-default_1.tcl'
23:42:29 INFO  : Checking for BSP changes to sync application flags for project 'SEPmon_SW'...
23:43:04 INFO  : Checking for BSP changes to sync application flags for project 'SEPmon_SW'...
23:43:19 INFO  : Disconnected from the channel tcfchan#109.
23:43:20 INFO  : Connected to target on host '127.0.0.1' and port '3121'.
23:43:21 INFO  : Jtag cable 'Digilent Zybo Z7 210351B3FC88A' is selected.
23:43:21 INFO  : 'jtag frequency' command is executed.
23:43:21 INFO  : Context for 'APU' is selected.
23:43:21 INFO  : System reset is completed.
23:43:24 INFO  : 'after 3000' command is executed.
23:43:24 INFO  : 'targets -set -filter {jtag_cable_name =~ "Digilent Zybo Z7 210351B3FC88A" && level==0 && jtag_device_ctx=="jsn-Zybo Z7-210351B3FC88A-13722093-0"}' command is executed.
23:43:25 INFO  : FPGA configured successfully with bitstream "C:/Users/gusta/OneDrive/Documents/universidad/4to/1r/SEP/Proyectos/pr2/SEPmonG3/SEPmon_SW/_ide/bitstream/SEPmonG3V2.bit"
23:43:25 INFO  : Context for 'APU' is selected.
23:43:25 INFO  : Hardware design and registers information is loaded from 'C:/Users/gusta/OneDrive/Documents/universidad/4to/1r/SEP/Proyectos/pr2/SEPmonG3/SEPmonG3/export/SEPmonG3/hw/SEPmonG3V2.xsa'.
23:43:25 INFO  : 'configparams force-mem-access 1' command is executed.
23:43:25 INFO  : Context for 'APU' is selected.
23:43:25 INFO  : Sourcing of 'C:/Users/gusta/OneDrive/Documents/universidad/4to/1r/SEP/Proyectos/pr2/SEPmonG3/SEPmon_SW/_ide/psinit/ps7_init.tcl' is done.
23:43:25 INFO  : 'ps7_init' command is executed.
23:43:25 INFO  : 'ps7_post_config' command is executed.
23:43:25 INFO  : Context for processor 'ps7_cortexa9_0' is selected.
23:43:28 INFO  : The application 'C:/Users/gusta/OneDrive/Documents/universidad/4to/1r/SEP/Proyectos/pr2/SEPmonG3/SEPmon_SW/Debug/SEPmon_SW.elf' is downloaded to processor 'ps7_cortexa9_0'.
23:43:28 INFO  : 'configparams force-mem-access 0' command is executed.
23:43:28 INFO  : ----------------XSDB Script----------------
connect -url tcp:127.0.0.1:3121
targets -set -nocase -filter {name =~"APU*"}
rst -system
after 3000
targets -set -filter {jtag_cable_name =~ "Digilent Zybo Z7 210351B3FC88A" && level==0 && jtag_device_ctx=="jsn-Zybo Z7-210351B3FC88A-13722093-0"}
fpga -file C:/Users/gusta/OneDrive/Documents/universidad/4to/1r/SEP/Proyectos/pr2/SEPmonG3/SEPmon_SW/_ide/bitstream/SEPmonG3V2.bit
targets -set -nocase -filter {name =~"APU*"}
loadhw -hw C:/Users/gusta/OneDrive/Documents/universidad/4to/1r/SEP/Proyectos/pr2/SEPmonG3/SEPmonG3/export/SEPmonG3/hw/SEPmonG3V2.xsa -mem-ranges [list {0x40000000 0xbfffffff}] -regs
configparams force-mem-access 1
targets -set -nocase -filter {name =~"APU*"}
source C:/Users/gusta/OneDrive/Documents/universidad/4to/1r/SEP/Proyectos/pr2/SEPmonG3/SEPmon_SW/_ide/psinit/ps7_init.tcl
ps7_init
ps7_post_config
targets -set -nocase -filter {name =~ "*A9*#0"}
dow C:/Users/gusta/OneDrive/Documents/universidad/4to/1r/SEP/Proyectos/pr2/SEPmonG3/SEPmon_SW/Debug/SEPmon_SW.elf
configparams force-mem-access 0
----------------End of Script----------------

23:43:28 INFO  : Context for processor 'ps7_cortexa9_0' is selected.
23:43:28 INFO  : 'con' command is executed.
23:43:28 INFO  : ----------------XSDB Script (After Launch)----------------
targets -set -nocase -filter {name =~ "*A9*#0"}
con
----------------End of Script----------------

23:43:28 INFO  : Launch script is exported to file 'C:\Users\gusta\OneDrive\Documents\universidad\4to\1r\SEP\Proyectos\pr2\SEPmonG3\.sdk\launch_scripts\single_application_debug\debugger_sepmon_sw-default_1.tcl'
23:43:41 INFO  : Checking for BSP changes to sync application flags for project 'SEPmon_SW'...
23:43:46 INFO  : Disconnected from the channel tcfchan#110.
23:43:47 INFO  : Connected to target on host '127.0.0.1' and port '3121'.
23:43:47 INFO  : Jtag cable 'Digilent Zybo Z7 210351B3FC88A' is selected.
23:43:47 INFO  : 'jtag frequency' command is executed.
23:43:47 INFO  : Context for 'APU' is selected.
23:43:47 INFO  : System reset is completed.
23:43:50 INFO  : 'after 3000' command is executed.
23:43:50 INFO  : 'targets -set -filter {jtag_cable_name =~ "Digilent Zybo Z7 210351B3FC88A" && level==0 && jtag_device_ctx=="jsn-Zybo Z7-210351B3FC88A-13722093-0"}' command is executed.
23:43:52 INFO  : FPGA configured successfully with bitstream "C:/Users/gusta/OneDrive/Documents/universidad/4to/1r/SEP/Proyectos/pr2/SEPmonG3/SEPmon_SW/_ide/bitstream/SEPmonG3V2.bit"
23:43:52 INFO  : Context for 'APU' is selected.
23:43:52 INFO  : Hardware design and registers information is loaded from 'C:/Users/gusta/OneDrive/Documents/universidad/4to/1r/SEP/Proyectos/pr2/SEPmonG3/SEPmonG3/export/SEPmonG3/hw/SEPmonG3V2.xsa'.
23:43:52 INFO  : 'configparams force-mem-access 1' command is executed.
23:43:52 INFO  : Context for 'APU' is selected.
23:43:52 INFO  : Sourcing of 'C:/Users/gusta/OneDrive/Documents/universidad/4to/1r/SEP/Proyectos/pr2/SEPmonG3/SEPmon_SW/_ide/psinit/ps7_init.tcl' is done.
23:43:52 INFO  : 'ps7_init' command is executed.
23:43:52 INFO  : 'ps7_post_config' command is executed.
23:43:52 INFO  : Context for processor 'ps7_cortexa9_0' is selected.
23:43:54 INFO  : The application 'C:/Users/gusta/OneDrive/Documents/universidad/4to/1r/SEP/Proyectos/pr2/SEPmonG3/SEPmon_SW/Debug/SEPmon_SW.elf' is downloaded to processor 'ps7_cortexa9_0'.
23:43:54 INFO  : 'configparams force-mem-access 0' command is executed.
23:43:54 INFO  : ----------------XSDB Script----------------
connect -url tcp:127.0.0.1:3121
targets -set -nocase -filter {name =~"APU*"}
rst -system
after 3000
targets -set -filter {jtag_cable_name =~ "Digilent Zybo Z7 210351B3FC88A" && level==0 && jtag_device_ctx=="jsn-Zybo Z7-210351B3FC88A-13722093-0"}
fpga -file C:/Users/gusta/OneDrive/Documents/universidad/4to/1r/SEP/Proyectos/pr2/SEPmonG3/SEPmon_SW/_ide/bitstream/SEPmonG3V2.bit
targets -set -nocase -filter {name =~"APU*"}
loadhw -hw C:/Users/gusta/OneDrive/Documents/universidad/4to/1r/SEP/Proyectos/pr2/SEPmonG3/SEPmonG3/export/SEPmonG3/hw/SEPmonG3V2.xsa -mem-ranges [list {0x40000000 0xbfffffff}] -regs
configparams force-mem-access 1
targets -set -nocase -filter {name =~"APU*"}
source C:/Users/gusta/OneDrive/Documents/universidad/4to/1r/SEP/Proyectos/pr2/SEPmonG3/SEPmon_SW/_ide/psinit/ps7_init.tcl
ps7_init
ps7_post_config
targets -set -nocase -filter {name =~ "*A9*#0"}
dow C:/Users/gusta/OneDrive/Documents/universidad/4to/1r/SEP/Proyectos/pr2/SEPmonG3/SEPmon_SW/Debug/SEPmon_SW.elf
configparams force-mem-access 0
----------------End of Script----------------

23:43:54 INFO  : Context for processor 'ps7_cortexa9_0' is selected.
23:43:54 INFO  : 'con' command is executed.
23:43:54 INFO  : ----------------XSDB Script (After Launch)----------------
targets -set -nocase -filter {name =~ "*A9*#0"}
con
----------------End of Script----------------

23:43:54 INFO  : Launch script is exported to file 'C:\Users\gusta\OneDrive\Documents\universidad\4to\1r\SEP\Proyectos\pr2\SEPmonG3\.sdk\launch_scripts\single_application_debug\debugger_sepmon_sw-default_1.tcl'
23:49:54 INFO  : Checking for BSP changes to sync application flags for project 'SEPmon_SW'...
23:49:59 INFO  : Disconnected from the channel tcfchan#111.
23:50:00 INFO  : Connected to target on host '127.0.0.1' and port '3121'.
23:50:00 INFO  : Jtag cable 'Digilent Zybo Z7 210351B3FC88A' is selected.
23:50:00 INFO  : 'jtag frequency' command is executed.
23:50:00 INFO  : Context for 'APU' is selected.
23:50:01 INFO  : System reset is completed.
23:50:04 INFO  : 'after 3000' command is executed.
23:50:04 INFO  : 'targets -set -filter {jtag_cable_name =~ "Digilent Zybo Z7 210351B3FC88A" && level==0 && jtag_device_ctx=="jsn-Zybo Z7-210351B3FC88A-13722093-0"}' command is executed.
23:50:05 INFO  : FPGA configured successfully with bitstream "C:/Users/gusta/OneDrive/Documents/universidad/4to/1r/SEP/Proyectos/pr2/SEPmonG3/SEPmon_SW/_ide/bitstream/SEPmonG3V2.bit"
23:50:05 INFO  : Context for 'APU' is selected.
23:50:05 INFO  : Hardware design and registers information is loaded from 'C:/Users/gusta/OneDrive/Documents/universidad/4to/1r/SEP/Proyectos/pr2/SEPmonG3/SEPmonG3/export/SEPmonG3/hw/SEPmonG3V2.xsa'.
23:50:05 INFO  : 'configparams force-mem-access 1' command is executed.
23:50:05 INFO  : Context for 'APU' is selected.
23:50:05 INFO  : Sourcing of 'C:/Users/gusta/OneDrive/Documents/universidad/4to/1r/SEP/Proyectos/pr2/SEPmonG3/SEPmon_SW/_ide/psinit/ps7_init.tcl' is done.
23:50:05 INFO  : 'ps7_init' command is executed.
23:50:05 INFO  : 'ps7_post_config' command is executed.
23:50:05 INFO  : Context for processor 'ps7_cortexa9_0' is selected.
23:50:07 INFO  : The application 'C:/Users/gusta/OneDrive/Documents/universidad/4to/1r/SEP/Proyectos/pr2/SEPmonG3/SEPmon_SW/Debug/SEPmon_SW.elf' is downloaded to processor 'ps7_cortexa9_0'.
23:50:08 INFO  : 'configparams force-mem-access 0' command is executed.
23:50:08 INFO  : ----------------XSDB Script----------------
connect -url tcp:127.0.0.1:3121
targets -set -nocase -filter {name =~"APU*"}
rst -system
after 3000
targets -set -filter {jtag_cable_name =~ "Digilent Zybo Z7 210351B3FC88A" && level==0 && jtag_device_ctx=="jsn-Zybo Z7-210351B3FC88A-13722093-0"}
fpga -file C:/Users/gusta/OneDrive/Documents/universidad/4to/1r/SEP/Proyectos/pr2/SEPmonG3/SEPmon_SW/_ide/bitstream/SEPmonG3V2.bit
targets -set -nocase -filter {name =~"APU*"}
loadhw -hw C:/Users/gusta/OneDrive/Documents/universidad/4to/1r/SEP/Proyectos/pr2/SEPmonG3/SEPmonG3/export/SEPmonG3/hw/SEPmonG3V2.xsa -mem-ranges [list {0x40000000 0xbfffffff}] -regs
configparams force-mem-access 1
targets -set -nocase -filter {name =~"APU*"}
source C:/Users/gusta/OneDrive/Documents/universidad/4to/1r/SEP/Proyectos/pr2/SEPmonG3/SEPmon_SW/_ide/psinit/ps7_init.tcl
ps7_init
ps7_post_config
targets -set -nocase -filter {name =~ "*A9*#0"}
dow C:/Users/gusta/OneDrive/Documents/universidad/4to/1r/SEP/Proyectos/pr2/SEPmonG3/SEPmon_SW/Debug/SEPmon_SW.elf
configparams force-mem-access 0
----------------End of Script----------------

23:50:08 INFO  : Context for processor 'ps7_cortexa9_0' is selected.
23:50:08 INFO  : 'con' command is executed.
23:50:08 INFO  : ----------------XSDB Script (After Launch)----------------
targets -set -nocase -filter {name =~ "*A9*#0"}
con
----------------End of Script----------------

23:50:08 INFO  : Launch script is exported to file 'C:\Users\gusta\OneDrive\Documents\universidad\4to\1r\SEP\Proyectos\pr2\SEPmonG3\.sdk\launch_scripts\single_application_debug\debugger_sepmon_sw-default_1.tcl'
23:51:33 INFO  : Checking for BSP changes to sync application flags for project 'SEPmon_SW'...
23:51:41 INFO  : Disconnected from the channel tcfchan#112.
23:51:42 INFO  : Connected to target on host '127.0.0.1' and port '3121'.
23:51:42 INFO  : Jtag cable 'Digilent Zybo Z7 210351B3FC88A' is selected.
23:51:42 INFO  : 'jtag frequency' command is executed.
23:51:42 INFO  : Context for 'APU' is selected.
23:51:42 INFO  : System reset is completed.
23:51:45 INFO  : 'after 3000' command is executed.
23:51:45 INFO  : 'targets -set -filter {jtag_cable_name =~ "Digilent Zybo Z7 210351B3FC88A" && level==0 && jtag_device_ctx=="jsn-Zybo Z7-210351B3FC88A-13722093-0"}' command is executed.
23:51:46 INFO  : FPGA configured successfully with bitstream "C:/Users/gusta/OneDrive/Documents/universidad/4to/1r/SEP/Proyectos/pr2/SEPmonG3/SEPmon_SW/_ide/bitstream/SEPmonG3V2.bit"
23:51:46 INFO  : Context for 'APU' is selected.
23:51:46 INFO  : Hardware design and registers information is loaded from 'C:/Users/gusta/OneDrive/Documents/universidad/4to/1r/SEP/Proyectos/pr2/SEPmonG3/SEPmonG3/export/SEPmonG3/hw/SEPmonG3V2.xsa'.
23:51:46 INFO  : 'configparams force-mem-access 1' command is executed.
23:51:46 INFO  : Context for 'APU' is selected.
23:51:46 INFO  : Sourcing of 'C:/Users/gusta/OneDrive/Documents/universidad/4to/1r/SEP/Proyectos/pr2/SEPmonG3/SEPmon_SW/_ide/psinit/ps7_init.tcl' is done.
23:51:47 INFO  : 'ps7_init' command is executed.
23:51:47 INFO  : 'ps7_post_config' command is executed.
23:51:47 INFO  : Context for processor 'ps7_cortexa9_0' is selected.
23:51:49 INFO  : The application 'C:/Users/gusta/OneDrive/Documents/universidad/4to/1r/SEP/Proyectos/pr2/SEPmonG3/SEPmon_SW/Debug/SEPmon_SW.elf' is downloaded to processor 'ps7_cortexa9_0'.
23:51:49 INFO  : 'configparams force-mem-access 0' command is executed.
23:51:49 INFO  : ----------------XSDB Script----------------
connect -url tcp:127.0.0.1:3121
targets -set -nocase -filter {name =~"APU*"}
rst -system
after 3000
targets -set -filter {jtag_cable_name =~ "Digilent Zybo Z7 210351B3FC88A" && level==0 && jtag_device_ctx=="jsn-Zybo Z7-210351B3FC88A-13722093-0"}
fpga -file C:/Users/gusta/OneDrive/Documents/universidad/4to/1r/SEP/Proyectos/pr2/SEPmonG3/SEPmon_SW/_ide/bitstream/SEPmonG3V2.bit
targets -set -nocase -filter {name =~"APU*"}
loadhw -hw C:/Users/gusta/OneDrive/Documents/universidad/4to/1r/SEP/Proyectos/pr2/SEPmonG3/SEPmonG3/export/SEPmonG3/hw/SEPmonG3V2.xsa -mem-ranges [list {0x40000000 0xbfffffff}] -regs
configparams force-mem-access 1
targets -set -nocase -filter {name =~"APU*"}
source C:/Users/gusta/OneDrive/Documents/universidad/4to/1r/SEP/Proyectos/pr2/SEPmonG3/SEPmon_SW/_ide/psinit/ps7_init.tcl
ps7_init
ps7_post_config
targets -set -nocase -filter {name =~ "*A9*#0"}
dow C:/Users/gusta/OneDrive/Documents/universidad/4to/1r/SEP/Proyectos/pr2/SEPmonG3/SEPmon_SW/Debug/SEPmon_SW.elf
configparams force-mem-access 0
----------------End of Script----------------

23:51:49 INFO  : Context for processor 'ps7_cortexa9_0' is selected.
23:51:49 INFO  : 'con' command is executed.
23:51:49 INFO  : ----------------XSDB Script (After Launch)----------------
targets -set -nocase -filter {name =~ "*A9*#0"}
con
----------------End of Script----------------

23:51:49 INFO  : Launch script is exported to file 'C:\Users\gusta\OneDrive\Documents\universidad\4to\1r\SEP\Proyectos\pr2\SEPmonG3\.sdk\launch_scripts\single_application_debug\debugger_sepmon_sw-default_1.tcl'
23:55:24 INFO  : Checking for BSP changes to sync application flags for project 'SEPmon_SW'...
23:56:12 INFO  : Checking for BSP changes to sync application flags for project 'SEPmon_SW'...
23:57:01 INFO  : Checking for BSP changes to sync application flags for project 'SEPmon_SW'...
23:57:09 INFO  : Checking for BSP changes to sync application flags for project 'SEPmon_SW'...
23:57:16 INFO  : Checking for BSP changes to sync application flags for project 'SEPmon_SW'...
23:57:27 INFO  : Disconnected from the channel tcfchan#113.
23:57:28 INFO  : Connected to target on host '127.0.0.1' and port '3121'.
23:57:28 INFO  : Jtag cable 'Digilent Zybo Z7 210351B3FC88A' is selected.
23:57:28 INFO  : 'jtag frequency' command is executed.
23:57:28 INFO  : Context for 'APU' is selected.
23:57:28 INFO  : System reset is completed.
23:57:31 INFO  : 'after 3000' command is executed.
23:57:31 INFO  : 'targets -set -filter {jtag_cable_name =~ "Digilent Zybo Z7 210351B3FC88A" && level==0 && jtag_device_ctx=="jsn-Zybo Z7-210351B3FC88A-13722093-0"}' command is executed.
23:57:33 INFO  : FPGA configured successfully with bitstream "C:/Users/gusta/OneDrive/Documents/universidad/4to/1r/SEP/Proyectos/pr2/SEPmonG3/SEPmon_SW/_ide/bitstream/SEPmonG3V2.bit"
23:57:33 INFO  : Context for 'APU' is selected.
23:57:33 INFO  : Hardware design and registers information is loaded from 'C:/Users/gusta/OneDrive/Documents/universidad/4to/1r/SEP/Proyectos/pr2/SEPmonG3/SEPmonG3/export/SEPmonG3/hw/SEPmonG3V2.xsa'.
23:57:33 INFO  : 'configparams force-mem-access 1' command is executed.
23:57:33 INFO  : Context for 'APU' is selected.
23:57:33 INFO  : Sourcing of 'C:/Users/gusta/OneDrive/Documents/universidad/4to/1r/SEP/Proyectos/pr2/SEPmonG3/SEPmon_SW/_ide/psinit/ps7_init.tcl' is done.
23:57:33 INFO  : 'ps7_init' command is executed.
23:57:33 INFO  : 'ps7_post_config' command is executed.
23:57:33 INFO  : Context for processor 'ps7_cortexa9_0' is selected.
23:57:35 INFO  : The application 'C:/Users/gusta/OneDrive/Documents/universidad/4to/1r/SEP/Proyectos/pr2/SEPmonG3/SEPmon_SW/Debug/SEPmon_SW.elf' is downloaded to processor 'ps7_cortexa9_0'.
23:57:35 INFO  : 'configparams force-mem-access 0' command is executed.
23:57:35 INFO  : ----------------XSDB Script----------------
connect -url tcp:127.0.0.1:3121
targets -set -nocase -filter {name =~"APU*"}
rst -system
after 3000
targets -set -filter {jtag_cable_name =~ "Digilent Zybo Z7 210351B3FC88A" && level==0 && jtag_device_ctx=="jsn-Zybo Z7-210351B3FC88A-13722093-0"}
fpga -file C:/Users/gusta/OneDrive/Documents/universidad/4to/1r/SEP/Proyectos/pr2/SEPmonG3/SEPmon_SW/_ide/bitstream/SEPmonG3V2.bit
targets -set -nocase -filter {name =~"APU*"}
loadhw -hw C:/Users/gusta/OneDrive/Documents/universidad/4to/1r/SEP/Proyectos/pr2/SEPmonG3/SEPmonG3/export/SEPmonG3/hw/SEPmonG3V2.xsa -mem-ranges [list {0x40000000 0xbfffffff}] -regs
configparams force-mem-access 1
targets -set -nocase -filter {name =~"APU*"}
source C:/Users/gusta/OneDrive/Documents/universidad/4to/1r/SEP/Proyectos/pr2/SEPmonG3/SEPmon_SW/_ide/psinit/ps7_init.tcl
ps7_init
ps7_post_config
targets -set -nocase -filter {name =~ "*A9*#0"}
dow C:/Users/gusta/OneDrive/Documents/universidad/4to/1r/SEP/Proyectos/pr2/SEPmonG3/SEPmon_SW/Debug/SEPmon_SW.elf
configparams force-mem-access 0
----------------End of Script----------------

23:57:35 INFO  : Context for processor 'ps7_cortexa9_0' is selected.
23:57:35 INFO  : 'con' command is executed.
23:57:35 INFO  : ----------------XSDB Script (After Launch)----------------
targets -set -nocase -filter {name =~ "*A9*#0"}
con
----------------End of Script----------------

23:57:35 INFO  : Launch script is exported to file 'C:\Users\gusta\OneDrive\Documents\universidad\4to\1r\SEP\Proyectos\pr2\SEPmonG3\.sdk\launch_scripts\single_application_debug\debugger_sepmon_sw-default_1.tcl'
23:59:20 INFO  : Checking for BSP changes to sync application flags for project 'SEPmon_SW'...
00:00:31 INFO  : Disconnected from the channel tcfchan#114.
00:00:32 INFO  : Connected to target on host '127.0.0.1' and port '3121'.
00:00:32 INFO  : Jtag cable 'Digilent Zybo Z7 210351B3FC88A' is selected.
00:00:32 INFO  : 'jtag frequency' command is executed.
00:00:32 INFO  : Context for 'APU' is selected.
00:00:32 INFO  : System reset is completed.
00:00:35 INFO  : 'after 3000' command is executed.
00:00:35 INFO  : 'targets -set -filter {jtag_cable_name =~ "Digilent Zybo Z7 210351B3FC88A" && level==0 && jtag_device_ctx=="jsn-Zybo Z7-210351B3FC88A-13722093-0"}' command is executed.
00:00:37 INFO  : FPGA configured successfully with bitstream "C:/Users/gusta/OneDrive/Documents/universidad/4to/1r/SEP/Proyectos/pr2/SEPmonG3/SEPmon_SW/_ide/bitstream/SEPmonG3V2.bit"
00:00:37 INFO  : Context for 'APU' is selected.
00:00:37 INFO  : Hardware design and registers information is loaded from 'C:/Users/gusta/OneDrive/Documents/universidad/4to/1r/SEP/Proyectos/pr2/SEPmonG3/SEPmonG3/export/SEPmonG3/hw/SEPmonG3V2.xsa'.
00:00:37 INFO  : 'configparams force-mem-access 1' command is executed.
00:00:37 INFO  : Context for 'APU' is selected.
00:00:37 INFO  : Sourcing of 'C:/Users/gusta/OneDrive/Documents/universidad/4to/1r/SEP/Proyectos/pr2/SEPmonG3/SEPmon_SW/_ide/psinit/ps7_init.tcl' is done.
00:00:37 INFO  : 'ps7_init' command is executed.
00:00:37 INFO  : 'ps7_post_config' command is executed.
00:00:37 INFO  : Context for processor 'ps7_cortexa9_0' is selected.
00:00:39 INFO  : The application 'C:/Users/gusta/OneDrive/Documents/universidad/4to/1r/SEP/Proyectos/pr2/SEPmonG3/SEPmon_SW/Debug/SEPmon_SW.elf' is downloaded to processor 'ps7_cortexa9_0'.
00:00:40 INFO  : 'configparams force-mem-access 0' command is executed.
00:00:40 INFO  : ----------------XSDB Script----------------
connect -url tcp:127.0.0.1:3121
targets -set -nocase -filter {name =~"APU*"}
rst -system
after 3000
targets -set -filter {jtag_cable_name =~ "Digilent Zybo Z7 210351B3FC88A" && level==0 && jtag_device_ctx=="jsn-Zybo Z7-210351B3FC88A-13722093-0"}
fpga -file C:/Users/gusta/OneDrive/Documents/universidad/4to/1r/SEP/Proyectos/pr2/SEPmonG3/SEPmon_SW/_ide/bitstream/SEPmonG3V2.bit
targets -set -nocase -filter {name =~"APU*"}
loadhw -hw C:/Users/gusta/OneDrive/Documents/universidad/4to/1r/SEP/Proyectos/pr2/SEPmonG3/SEPmonG3/export/SEPmonG3/hw/SEPmonG3V2.xsa -mem-ranges [list {0x40000000 0xbfffffff}] -regs
configparams force-mem-access 1
targets -set -nocase -filter {name =~"APU*"}
source C:/Users/gusta/OneDrive/Documents/universidad/4to/1r/SEP/Proyectos/pr2/SEPmonG3/SEPmon_SW/_ide/psinit/ps7_init.tcl
ps7_init
ps7_post_config
targets -set -nocase -filter {name =~ "*A9*#0"}
dow C:/Users/gusta/OneDrive/Documents/universidad/4to/1r/SEP/Proyectos/pr2/SEPmonG3/SEPmon_SW/Debug/SEPmon_SW.elf
configparams force-mem-access 0
----------------End of Script----------------

00:00:40 INFO  : Context for processor 'ps7_cortexa9_0' is selected.
00:00:40 INFO  : 'con' command is executed.
00:00:40 INFO  : ----------------XSDB Script (After Launch)----------------
targets -set -nocase -filter {name =~ "*A9*#0"}
con
----------------End of Script----------------

00:00:40 INFO  : Launch script is exported to file 'C:\Users\gusta\OneDrive\Documents\universidad\4to\1r\SEP\Proyectos\pr2\SEPmonG3\.sdk\launch_scripts\single_application_debug\debugger_sepmon_sw-default_1.tcl'
00:03:45 INFO  : Checking for BSP changes to sync application flags for project 'SEPmon_SW'...
00:03:52 INFO  : Disconnected from the channel tcfchan#115.
00:03:53 INFO  : Connected to target on host '127.0.0.1' and port '3121'.
00:03:53 INFO  : Jtag cable 'Digilent Zybo Z7 210351B3FC88A' is selected.
00:03:53 INFO  : 'jtag frequency' command is executed.
00:03:53 INFO  : Context for 'APU' is selected.
00:03:53 INFO  : System reset is completed.
00:03:56 INFO  : 'after 3000' command is executed.
00:03:56 INFO  : 'targets -set -filter {jtag_cable_name =~ "Digilent Zybo Z7 210351B3FC88A" && level==0 && jtag_device_ctx=="jsn-Zybo Z7-210351B3FC88A-13722093-0"}' command is executed.
00:03:57 INFO  : FPGA configured successfully with bitstream "C:/Users/gusta/OneDrive/Documents/universidad/4to/1r/SEP/Proyectos/pr2/SEPmonG3/SEPmon_SW/_ide/bitstream/SEPmonG3V2.bit"
00:03:57 INFO  : Context for 'APU' is selected.
00:03:57 INFO  : Hardware design and registers information is loaded from 'C:/Users/gusta/OneDrive/Documents/universidad/4to/1r/SEP/Proyectos/pr2/SEPmonG3/SEPmonG3/export/SEPmonG3/hw/SEPmonG3V2.xsa'.
00:03:57 INFO  : 'configparams force-mem-access 1' command is executed.
00:03:57 INFO  : Context for 'APU' is selected.
00:03:57 INFO  : Sourcing of 'C:/Users/gusta/OneDrive/Documents/universidad/4to/1r/SEP/Proyectos/pr2/SEPmonG3/SEPmon_SW/_ide/psinit/ps7_init.tcl' is done.
00:03:58 INFO  : 'ps7_init' command is executed.
00:03:58 INFO  : 'ps7_post_config' command is executed.
00:03:58 INFO  : Context for processor 'ps7_cortexa9_0' is selected.
00:04:00 INFO  : The application 'C:/Users/gusta/OneDrive/Documents/universidad/4to/1r/SEP/Proyectos/pr2/SEPmonG3/SEPmon_SW/Debug/SEPmon_SW.elf' is downloaded to processor 'ps7_cortexa9_0'.
00:04:00 INFO  : 'configparams force-mem-access 0' command is executed.
00:04:00 INFO  : ----------------XSDB Script----------------
connect -url tcp:127.0.0.1:3121
targets -set -nocase -filter {name =~"APU*"}
rst -system
after 3000
targets -set -filter {jtag_cable_name =~ "Digilent Zybo Z7 210351B3FC88A" && level==0 && jtag_device_ctx=="jsn-Zybo Z7-210351B3FC88A-13722093-0"}
fpga -file C:/Users/gusta/OneDrive/Documents/universidad/4to/1r/SEP/Proyectos/pr2/SEPmonG3/SEPmon_SW/_ide/bitstream/SEPmonG3V2.bit
targets -set -nocase -filter {name =~"APU*"}
loadhw -hw C:/Users/gusta/OneDrive/Documents/universidad/4to/1r/SEP/Proyectos/pr2/SEPmonG3/SEPmonG3/export/SEPmonG3/hw/SEPmonG3V2.xsa -mem-ranges [list {0x40000000 0xbfffffff}] -regs
configparams force-mem-access 1
targets -set -nocase -filter {name =~"APU*"}
source C:/Users/gusta/OneDrive/Documents/universidad/4to/1r/SEP/Proyectos/pr2/SEPmonG3/SEPmon_SW/_ide/psinit/ps7_init.tcl
ps7_init
ps7_post_config
targets -set -nocase -filter {name =~ "*A9*#0"}
dow C:/Users/gusta/OneDrive/Documents/universidad/4to/1r/SEP/Proyectos/pr2/SEPmonG3/SEPmon_SW/Debug/SEPmon_SW.elf
configparams force-mem-access 0
----------------End of Script----------------

00:04:00 INFO  : Context for processor 'ps7_cortexa9_0' is selected.
00:04:00 INFO  : 'con' command is executed.
00:04:00 INFO  : ----------------XSDB Script (After Launch)----------------
targets -set -nocase -filter {name =~ "*A9*#0"}
con
----------------End of Script----------------

00:04:00 INFO  : Launch script is exported to file 'C:\Users\gusta\OneDrive\Documents\universidad\4to\1r\SEP\Proyectos\pr2\SEPmonG3\.sdk\launch_scripts\single_application_debug\debugger_sepmon_sw-default_1.tcl'
00:07:08 INFO  : Checking for BSP changes to sync application flags for project 'SEPmon_SW'...
00:33:18 INFO  : Checking for BSP changes to sync application flags for project 'SEPmon_SW'...
00:33:41 INFO  : Checking for BSP changes to sync application flags for project 'SEPmon_SW'...
00:33:46 INFO  : Checking for BSP changes to sync application flags for project 'SEPmon_SW'...
00:33:52 INFO  : Disconnected from the channel tcfchan#116.
00:33:53 INFO  : Connected to target on host '127.0.0.1' and port '3121'.
00:33:53 INFO  : Jtag cable 'Digilent Zybo Z7 210351B3FC88A' is selected.
00:33:53 INFO  : 'jtag frequency' command is executed.
00:33:53 INFO  : Context for 'APU' is selected.
00:33:53 INFO  : System reset is completed.
00:33:56 INFO  : 'after 3000' command is executed.
00:33:56 INFO  : 'targets -set -filter {jtag_cable_name =~ "Digilent Zybo Z7 210351B3FC88A" && level==0 && jtag_device_ctx=="jsn-Zybo Z7-210351B3FC88A-13722093-0"}' command is executed.
00:33:57 INFO  : FPGA configured successfully with bitstream "C:/Users/gusta/OneDrive/Documents/universidad/4to/1r/SEP/Proyectos/pr2/SEPmonG3/SEPmon_SW/_ide/bitstream/SEPmonG3V2.bit"
00:33:57 INFO  : Context for 'APU' is selected.
00:33:57 INFO  : Hardware design and registers information is loaded from 'C:/Users/gusta/OneDrive/Documents/universidad/4to/1r/SEP/Proyectos/pr2/SEPmonG3/SEPmonG3/export/SEPmonG3/hw/SEPmonG3V2.xsa'.
00:33:57 INFO  : 'configparams force-mem-access 1' command is executed.
00:33:57 INFO  : Context for 'APU' is selected.
00:33:57 INFO  : Sourcing of 'C:/Users/gusta/OneDrive/Documents/universidad/4to/1r/SEP/Proyectos/pr2/SEPmonG3/SEPmon_SW/_ide/psinit/ps7_init.tcl' is done.
00:33:58 INFO  : 'ps7_init' command is executed.
00:33:58 INFO  : 'ps7_post_config' command is executed.
00:33:58 INFO  : Context for processor 'ps7_cortexa9_0' is selected.
00:34:00 INFO  : The application 'C:/Users/gusta/OneDrive/Documents/universidad/4to/1r/SEP/Proyectos/pr2/SEPmonG3/SEPmon_SW/Debug/SEPmon_SW.elf' is downloaded to processor 'ps7_cortexa9_0'.
00:34:00 INFO  : 'configparams force-mem-access 0' command is executed.
00:34:00 INFO  : ----------------XSDB Script----------------
connect -url tcp:127.0.0.1:3121
targets -set -nocase -filter {name =~"APU*"}
rst -system
after 3000
targets -set -filter {jtag_cable_name =~ "Digilent Zybo Z7 210351B3FC88A" && level==0 && jtag_device_ctx=="jsn-Zybo Z7-210351B3FC88A-13722093-0"}
fpga -file C:/Users/gusta/OneDrive/Documents/universidad/4to/1r/SEP/Proyectos/pr2/SEPmonG3/SEPmon_SW/_ide/bitstream/SEPmonG3V2.bit
targets -set -nocase -filter {name =~"APU*"}
loadhw -hw C:/Users/gusta/OneDrive/Documents/universidad/4to/1r/SEP/Proyectos/pr2/SEPmonG3/SEPmonG3/export/SEPmonG3/hw/SEPmonG3V2.xsa -mem-ranges [list {0x40000000 0xbfffffff}] -regs
configparams force-mem-access 1
targets -set -nocase -filter {name =~"APU*"}
source C:/Users/gusta/OneDrive/Documents/universidad/4to/1r/SEP/Proyectos/pr2/SEPmonG3/SEPmon_SW/_ide/psinit/ps7_init.tcl
ps7_init
ps7_post_config
targets -set -nocase -filter {name =~ "*A9*#0"}
dow C:/Users/gusta/OneDrive/Documents/universidad/4to/1r/SEP/Proyectos/pr2/SEPmonG3/SEPmon_SW/Debug/SEPmon_SW.elf
configparams force-mem-access 0
----------------End of Script----------------

00:34:00 INFO  : Context for processor 'ps7_cortexa9_0' is selected.
00:34:00 INFO  : 'con' command is executed.
00:34:00 INFO  : ----------------XSDB Script (After Launch)----------------
targets -set -nocase -filter {name =~ "*A9*#0"}
con
----------------End of Script----------------

00:34:00 INFO  : Launch script is exported to file 'C:\Users\gusta\OneDrive\Documents\universidad\4to\1r\SEP\Proyectos\pr2\SEPmonG3\.sdk\launch_scripts\single_application_debug\debugger_sepmon_sw-default_1.tcl'
00:35:29 INFO  : Checking for BSP changes to sync application flags for project 'SEPmon_SW'...
00:35:47 INFO  : Disconnected from the channel tcfchan#117.
00:35:48 INFO  : Connected to target on host '127.0.0.1' and port '3121'.
00:35:48 INFO  : Jtag cable 'Digilent Zybo Z7 210351B3FC88A' is selected.
00:35:48 INFO  : 'jtag frequency' command is executed.
00:35:48 INFO  : Context for 'APU' is selected.
00:35:48 INFO  : System reset is completed.
00:35:51 INFO  : 'after 3000' command is executed.
00:35:52 INFO  : 'targets -set -filter {jtag_cable_name =~ "Digilent Zybo Z7 210351B3FC88A" && level==0 && jtag_device_ctx=="jsn-Zybo Z7-210351B3FC88A-13722093-0"}' command is executed.
00:35:53 INFO  : FPGA configured successfully with bitstream "C:/Users/gusta/OneDrive/Documents/universidad/4to/1r/SEP/Proyectos/pr2/SEPmonG3/SEPmon_SW/_ide/bitstream/SEPmonG3V2.bit"
00:35:53 INFO  : Context for 'APU' is selected.
00:35:53 INFO  : Hardware design and registers information is loaded from 'C:/Users/gusta/OneDrive/Documents/universidad/4to/1r/SEP/Proyectos/pr2/SEPmonG3/SEPmonG3/export/SEPmonG3/hw/SEPmonG3V2.xsa'.
00:35:53 INFO  : 'configparams force-mem-access 1' command is executed.
00:35:53 INFO  : Context for 'APU' is selected.
00:35:53 INFO  : Sourcing of 'C:/Users/gusta/OneDrive/Documents/universidad/4to/1r/SEP/Proyectos/pr2/SEPmonG3/SEPmon_SW/_ide/psinit/ps7_init.tcl' is done.
00:35:53 INFO  : 'ps7_init' command is executed.
00:35:53 INFO  : 'ps7_post_config' command is executed.
00:35:53 INFO  : Context for processor 'ps7_cortexa9_0' is selected.
00:35:55 INFO  : The application 'C:/Users/gusta/OneDrive/Documents/universidad/4to/1r/SEP/Proyectos/pr2/SEPmonG3/SEPmon_SW/Debug/SEPmon_SW.elf' is downloaded to processor 'ps7_cortexa9_0'.
00:35:55 INFO  : 'configparams force-mem-access 0' command is executed.
00:35:55 INFO  : ----------------XSDB Script----------------
connect -url tcp:127.0.0.1:3121
targets -set -nocase -filter {name =~"APU*"}
rst -system
after 3000
targets -set -filter {jtag_cable_name =~ "Digilent Zybo Z7 210351B3FC88A" && level==0 && jtag_device_ctx=="jsn-Zybo Z7-210351B3FC88A-13722093-0"}
fpga -file C:/Users/gusta/OneDrive/Documents/universidad/4to/1r/SEP/Proyectos/pr2/SEPmonG3/SEPmon_SW/_ide/bitstream/SEPmonG3V2.bit
targets -set -nocase -filter {name =~"APU*"}
loadhw -hw C:/Users/gusta/OneDrive/Documents/universidad/4to/1r/SEP/Proyectos/pr2/SEPmonG3/SEPmonG3/export/SEPmonG3/hw/SEPmonG3V2.xsa -mem-ranges [list {0x40000000 0xbfffffff}] -regs
configparams force-mem-access 1
targets -set -nocase -filter {name =~"APU*"}
source C:/Users/gusta/OneDrive/Documents/universidad/4to/1r/SEP/Proyectos/pr2/SEPmonG3/SEPmon_SW/_ide/psinit/ps7_init.tcl
ps7_init
ps7_post_config
targets -set -nocase -filter {name =~ "*A9*#0"}
dow C:/Users/gusta/OneDrive/Documents/universidad/4to/1r/SEP/Proyectos/pr2/SEPmonG3/SEPmon_SW/Debug/SEPmon_SW.elf
configparams force-mem-access 0
----------------End of Script----------------

00:35:56 INFO  : Context for processor 'ps7_cortexa9_0' is selected.
00:35:56 INFO  : 'con' command is executed.
00:35:56 INFO  : ----------------XSDB Script (After Launch)----------------
targets -set -nocase -filter {name =~ "*A9*#0"}
con
----------------End of Script----------------

00:35:56 INFO  : Launch script is exported to file 'C:\Users\gusta\OneDrive\Documents\universidad\4to\1r\SEP\Proyectos\pr2\SEPmonG3\.sdk\launch_scripts\single_application_debug\debugger_sepmon_sw-default_1.tcl'
00:39:35 INFO  : Checking for BSP changes to sync application flags for project 'SEPmon_SW'...
00:39:40 INFO  : Disconnected from the channel tcfchan#118.
00:39:41 INFO  : Connected to target on host '127.0.0.1' and port '3121'.
00:39:41 INFO  : Jtag cable 'Digilent Zybo Z7 210351B3FC88A' is selected.
00:39:41 INFO  : 'jtag frequency' command is executed.
00:39:41 INFO  : Context for 'APU' is selected.
00:39:41 INFO  : System reset is completed.
00:39:44 INFO  : 'after 3000' command is executed.
00:39:44 INFO  : 'targets -set -filter {jtag_cable_name =~ "Digilent Zybo Z7 210351B3FC88A" && level==0 && jtag_device_ctx=="jsn-Zybo Z7-210351B3FC88A-13722093-0"}' command is executed.
00:39:45 INFO  : FPGA configured successfully with bitstream "C:/Users/gusta/OneDrive/Documents/universidad/4to/1r/SEP/Proyectos/pr2/SEPmonG3/SEPmon_SW/_ide/bitstream/SEPmonG3V2.bit"
00:39:45 INFO  : Context for 'APU' is selected.
00:39:45 INFO  : Hardware design and registers information is loaded from 'C:/Users/gusta/OneDrive/Documents/universidad/4to/1r/SEP/Proyectos/pr2/SEPmonG3/SEPmonG3/export/SEPmonG3/hw/SEPmonG3V2.xsa'.
00:39:45 INFO  : 'configparams force-mem-access 1' command is executed.
00:39:45 INFO  : Context for 'APU' is selected.
00:39:45 INFO  : Sourcing of 'C:/Users/gusta/OneDrive/Documents/universidad/4to/1r/SEP/Proyectos/pr2/SEPmonG3/SEPmon_SW/_ide/psinit/ps7_init.tcl' is done.
00:39:46 INFO  : 'ps7_init' command is executed.
00:39:46 INFO  : 'ps7_post_config' command is executed.
00:39:46 INFO  : Context for processor 'ps7_cortexa9_0' is selected.
00:39:48 INFO  : The application 'C:/Users/gusta/OneDrive/Documents/universidad/4to/1r/SEP/Proyectos/pr2/SEPmonG3/SEPmon_SW/Debug/SEPmon_SW.elf' is downloaded to processor 'ps7_cortexa9_0'.
00:39:48 INFO  : 'configparams force-mem-access 0' command is executed.
00:39:48 INFO  : ----------------XSDB Script----------------
connect -url tcp:127.0.0.1:3121
targets -set -nocase -filter {name =~"APU*"}
rst -system
after 3000
targets -set -filter {jtag_cable_name =~ "Digilent Zybo Z7 210351B3FC88A" && level==0 && jtag_device_ctx=="jsn-Zybo Z7-210351B3FC88A-13722093-0"}
fpga -file C:/Users/gusta/OneDrive/Documents/universidad/4to/1r/SEP/Proyectos/pr2/SEPmonG3/SEPmon_SW/_ide/bitstream/SEPmonG3V2.bit
targets -set -nocase -filter {name =~"APU*"}
loadhw -hw C:/Users/gusta/OneDrive/Documents/universidad/4to/1r/SEP/Proyectos/pr2/SEPmonG3/SEPmonG3/export/SEPmonG3/hw/SEPmonG3V2.xsa -mem-ranges [list {0x40000000 0xbfffffff}] -regs
configparams force-mem-access 1
targets -set -nocase -filter {name =~"APU*"}
source C:/Users/gusta/OneDrive/Documents/universidad/4to/1r/SEP/Proyectos/pr2/SEPmonG3/SEPmon_SW/_ide/psinit/ps7_init.tcl
ps7_init
ps7_post_config
targets -set -nocase -filter {name =~ "*A9*#0"}
dow C:/Users/gusta/OneDrive/Documents/universidad/4to/1r/SEP/Proyectos/pr2/SEPmonG3/SEPmon_SW/Debug/SEPmon_SW.elf
configparams force-mem-access 0
----------------End of Script----------------

00:39:48 INFO  : Context for processor 'ps7_cortexa9_0' is selected.
00:39:48 INFO  : 'con' command is executed.
00:39:48 INFO  : ----------------XSDB Script (After Launch)----------------
targets -set -nocase -filter {name =~ "*A9*#0"}
con
----------------End of Script----------------

00:39:48 INFO  : Launch script is exported to file 'C:\Users\gusta\OneDrive\Documents\universidad\4to\1r\SEP\Proyectos\pr2\SEPmonG3\.sdk\launch_scripts\single_application_debug\debugger_sepmon_sw-default_1.tcl'
00:42:55 INFO  : Checking for BSP changes to sync application flags for project 'SEPmon_SW'...
00:43:00 INFO  : Disconnected from the channel tcfchan#119.
00:43:01 INFO  : Connected to target on host '127.0.0.1' and port '3121'.
00:43:01 INFO  : Jtag cable 'Digilent Zybo Z7 210351B3FC88A' is selected.
00:43:01 INFO  : 'jtag frequency' command is executed.
00:43:01 INFO  : Context for 'APU' is selected.
00:43:01 INFO  : System reset is completed.
00:43:04 INFO  : 'after 3000' command is executed.
00:43:04 INFO  : 'targets -set -filter {jtag_cable_name =~ "Digilent Zybo Z7 210351B3FC88A" && level==0 && jtag_device_ctx=="jsn-Zybo Z7-210351B3FC88A-13722093-0"}' command is executed.
00:43:06 INFO  : FPGA configured successfully with bitstream "C:/Users/gusta/OneDrive/Documents/universidad/4to/1r/SEP/Proyectos/pr2/SEPmonG3/SEPmon_SW/_ide/bitstream/SEPmonG3V2.bit"
00:43:06 INFO  : Context for 'APU' is selected.
00:43:06 INFO  : Hardware design and registers information is loaded from 'C:/Users/gusta/OneDrive/Documents/universidad/4to/1r/SEP/Proyectos/pr2/SEPmonG3/SEPmonG3/export/SEPmonG3/hw/SEPmonG3V2.xsa'.
00:43:06 INFO  : 'configparams force-mem-access 1' command is executed.
00:43:06 INFO  : Context for 'APU' is selected.
00:43:06 INFO  : Sourcing of 'C:/Users/gusta/OneDrive/Documents/universidad/4to/1r/SEP/Proyectos/pr2/SEPmonG3/SEPmon_SW/_ide/psinit/ps7_init.tcl' is done.
00:43:06 INFO  : 'ps7_init' command is executed.
00:43:06 INFO  : 'ps7_post_config' command is executed.
00:43:06 INFO  : Context for processor 'ps7_cortexa9_0' is selected.
00:43:08 INFO  : The application 'C:/Users/gusta/OneDrive/Documents/universidad/4to/1r/SEP/Proyectos/pr2/SEPmonG3/SEPmon_SW/Debug/SEPmon_SW.elf' is downloaded to processor 'ps7_cortexa9_0'.
00:43:08 INFO  : 'configparams force-mem-access 0' command is executed.
00:43:08 INFO  : ----------------XSDB Script----------------
connect -url tcp:127.0.0.1:3121
targets -set -nocase -filter {name =~"APU*"}
rst -system
after 3000
targets -set -filter {jtag_cable_name =~ "Digilent Zybo Z7 210351B3FC88A" && level==0 && jtag_device_ctx=="jsn-Zybo Z7-210351B3FC88A-13722093-0"}
fpga -file C:/Users/gusta/OneDrive/Documents/universidad/4to/1r/SEP/Proyectos/pr2/SEPmonG3/SEPmon_SW/_ide/bitstream/SEPmonG3V2.bit
targets -set -nocase -filter {name =~"APU*"}
loadhw -hw C:/Users/gusta/OneDrive/Documents/universidad/4to/1r/SEP/Proyectos/pr2/SEPmonG3/SEPmonG3/export/SEPmonG3/hw/SEPmonG3V2.xsa -mem-ranges [list {0x40000000 0xbfffffff}] -regs
configparams force-mem-access 1
targets -set -nocase -filter {name =~"APU*"}
source C:/Users/gusta/OneDrive/Documents/universidad/4to/1r/SEP/Proyectos/pr2/SEPmonG3/SEPmon_SW/_ide/psinit/ps7_init.tcl
ps7_init
ps7_post_config
targets -set -nocase -filter {name =~ "*A9*#0"}
dow C:/Users/gusta/OneDrive/Documents/universidad/4to/1r/SEP/Proyectos/pr2/SEPmonG3/SEPmon_SW/Debug/SEPmon_SW.elf
configparams force-mem-access 0
----------------End of Script----------------

00:43:09 INFO  : Context for processor 'ps7_cortexa9_0' is selected.
00:43:09 INFO  : 'con' command is executed.
00:43:09 INFO  : ----------------XSDB Script (After Launch)----------------
targets -set -nocase -filter {name =~ "*A9*#0"}
con
----------------End of Script----------------

00:43:09 INFO  : Launch script is exported to file 'C:\Users\gusta\OneDrive\Documents\universidad\4to\1r\SEP\Proyectos\pr2\SEPmonG3\.sdk\launch_scripts\single_application_debug\debugger_sepmon_sw-default_1.tcl'
00:44:20 INFO  : Checking for BSP changes to sync application flags for project 'SEPmon_SW'...
00:44:25 INFO  : Disconnected from the channel tcfchan#120.
00:44:27 INFO  : Connected to target on host '127.0.0.1' and port '3121'.
00:44:27 INFO  : Jtag cable 'Digilent Zybo Z7 210351B3FC88A' is selected.
00:44:27 INFO  : 'jtag frequency' command is executed.
00:44:27 INFO  : Context for 'APU' is selected.
00:44:27 INFO  : System reset is completed.
00:44:30 INFO  : 'after 3000' command is executed.
00:44:30 INFO  : 'targets -set -filter {jtag_cable_name =~ "Digilent Zybo Z7 210351B3FC88A" && level==0 && jtag_device_ctx=="jsn-Zybo Z7-210351B3FC88A-13722093-0"}' command is executed.
00:44:31 INFO  : FPGA configured successfully with bitstream "C:/Users/gusta/OneDrive/Documents/universidad/4to/1r/SEP/Proyectos/pr2/SEPmonG3/SEPmon_SW/_ide/bitstream/SEPmonG3V2.bit"
00:44:31 INFO  : Context for 'APU' is selected.
00:44:31 INFO  : Hardware design and registers information is loaded from 'C:/Users/gusta/OneDrive/Documents/universidad/4to/1r/SEP/Proyectos/pr2/SEPmonG3/SEPmonG3/export/SEPmonG3/hw/SEPmonG3V2.xsa'.
00:44:31 INFO  : 'configparams force-mem-access 1' command is executed.
00:44:31 INFO  : Context for 'APU' is selected.
00:44:31 INFO  : Sourcing of 'C:/Users/gusta/OneDrive/Documents/universidad/4to/1r/SEP/Proyectos/pr2/SEPmonG3/SEPmon_SW/_ide/psinit/ps7_init.tcl' is done.
00:44:32 INFO  : 'ps7_init' command is executed.
00:44:32 INFO  : 'ps7_post_config' command is executed.
00:44:32 INFO  : Context for processor 'ps7_cortexa9_0' is selected.
00:44:34 INFO  : The application 'C:/Users/gusta/OneDrive/Documents/universidad/4to/1r/SEP/Proyectos/pr2/SEPmonG3/SEPmon_SW/Debug/SEPmon_SW.elf' is downloaded to processor 'ps7_cortexa9_0'.
00:44:34 INFO  : 'configparams force-mem-access 0' command is executed.
00:44:34 INFO  : ----------------XSDB Script----------------
connect -url tcp:127.0.0.1:3121
targets -set -nocase -filter {name =~"APU*"}
rst -system
after 3000
targets -set -filter {jtag_cable_name =~ "Digilent Zybo Z7 210351B3FC88A" && level==0 && jtag_device_ctx=="jsn-Zybo Z7-210351B3FC88A-13722093-0"}
fpga -file C:/Users/gusta/OneDrive/Documents/universidad/4to/1r/SEP/Proyectos/pr2/SEPmonG3/SEPmon_SW/_ide/bitstream/SEPmonG3V2.bit
targets -set -nocase -filter {name =~"APU*"}
loadhw -hw C:/Users/gusta/OneDrive/Documents/universidad/4to/1r/SEP/Proyectos/pr2/SEPmonG3/SEPmonG3/export/SEPmonG3/hw/SEPmonG3V2.xsa -mem-ranges [list {0x40000000 0xbfffffff}] -regs
configparams force-mem-access 1
targets -set -nocase -filter {name =~"APU*"}
source C:/Users/gusta/OneDrive/Documents/universidad/4to/1r/SEP/Proyectos/pr2/SEPmonG3/SEPmon_SW/_ide/psinit/ps7_init.tcl
ps7_init
ps7_post_config
targets -set -nocase -filter {name =~ "*A9*#0"}
dow C:/Users/gusta/OneDrive/Documents/universidad/4to/1r/SEP/Proyectos/pr2/SEPmonG3/SEPmon_SW/Debug/SEPmon_SW.elf
configparams force-mem-access 0
----------------End of Script----------------

00:44:34 INFO  : Context for processor 'ps7_cortexa9_0' is selected.
00:44:34 INFO  : 'con' command is executed.
00:44:34 INFO  : ----------------XSDB Script (After Launch)----------------
targets -set -nocase -filter {name =~ "*A9*#0"}
con
----------------End of Script----------------

00:44:34 INFO  : Launch script is exported to file 'C:\Users\gusta\OneDrive\Documents\universidad\4to\1r\SEP\Proyectos\pr2\SEPmonG3\.sdk\launch_scripts\single_application_debug\debugger_sepmon_sw-default_1.tcl'
00:45:24 INFO  : Checking for BSP changes to sync application flags for project 'SEPmon_SW'...
00:45:31 INFO  : Disconnected from the channel tcfchan#121.
00:45:32 INFO  : Connected to target on host '127.0.0.1' and port '3121'.
00:45:32 INFO  : Jtag cable 'Digilent Zybo Z7 210351B3FC88A' is selected.
00:45:32 INFO  : 'jtag frequency' command is executed.
00:45:32 INFO  : Context for 'APU' is selected.
00:45:32 INFO  : System reset is completed.
00:45:35 INFO  : 'after 3000' command is executed.
00:45:35 INFO  : 'targets -set -filter {jtag_cable_name =~ "Digilent Zybo Z7 210351B3FC88A" && level==0 && jtag_device_ctx=="jsn-Zybo Z7-210351B3FC88A-13722093-0"}' command is executed.
00:45:36 INFO  : FPGA configured successfully with bitstream "C:/Users/gusta/OneDrive/Documents/universidad/4to/1r/SEP/Proyectos/pr2/SEPmonG3/SEPmon_SW/_ide/bitstream/SEPmonG3V2.bit"
00:45:36 INFO  : Context for 'APU' is selected.
00:45:36 INFO  : Hardware design and registers information is loaded from 'C:/Users/gusta/OneDrive/Documents/universidad/4to/1r/SEP/Proyectos/pr2/SEPmonG3/SEPmonG3/export/SEPmonG3/hw/SEPmonG3V2.xsa'.
00:45:36 INFO  : 'configparams force-mem-access 1' command is executed.
00:45:36 INFO  : Context for 'APU' is selected.
00:45:36 INFO  : Sourcing of 'C:/Users/gusta/OneDrive/Documents/universidad/4to/1r/SEP/Proyectos/pr2/SEPmonG3/SEPmon_SW/_ide/psinit/ps7_init.tcl' is done.
00:45:37 INFO  : 'ps7_init' command is executed.
00:45:37 INFO  : 'ps7_post_config' command is executed.
00:45:37 INFO  : Context for processor 'ps7_cortexa9_0' is selected.
00:45:39 INFO  : The application 'C:/Users/gusta/OneDrive/Documents/universidad/4to/1r/SEP/Proyectos/pr2/SEPmonG3/SEPmon_SW/Debug/SEPmon_SW.elf' is downloaded to processor 'ps7_cortexa9_0'.
00:45:39 INFO  : 'configparams force-mem-access 0' command is executed.
00:45:39 INFO  : ----------------XSDB Script----------------
connect -url tcp:127.0.0.1:3121
targets -set -nocase -filter {name =~"APU*"}
rst -system
after 3000
targets -set -filter {jtag_cable_name =~ "Digilent Zybo Z7 210351B3FC88A" && level==0 && jtag_device_ctx=="jsn-Zybo Z7-210351B3FC88A-13722093-0"}
fpga -file C:/Users/gusta/OneDrive/Documents/universidad/4to/1r/SEP/Proyectos/pr2/SEPmonG3/SEPmon_SW/_ide/bitstream/SEPmonG3V2.bit
targets -set -nocase -filter {name =~"APU*"}
loadhw -hw C:/Users/gusta/OneDrive/Documents/universidad/4to/1r/SEP/Proyectos/pr2/SEPmonG3/SEPmonG3/export/SEPmonG3/hw/SEPmonG3V2.xsa -mem-ranges [list {0x40000000 0xbfffffff}] -regs
configparams force-mem-access 1
targets -set -nocase -filter {name =~"APU*"}
source C:/Users/gusta/OneDrive/Documents/universidad/4to/1r/SEP/Proyectos/pr2/SEPmonG3/SEPmon_SW/_ide/psinit/ps7_init.tcl
ps7_init
ps7_post_config
targets -set -nocase -filter {name =~ "*A9*#0"}
dow C:/Users/gusta/OneDrive/Documents/universidad/4to/1r/SEP/Proyectos/pr2/SEPmonG3/SEPmon_SW/Debug/SEPmon_SW.elf
configparams force-mem-access 0
----------------End of Script----------------

00:45:39 INFO  : Context for processor 'ps7_cortexa9_0' is selected.
00:45:39 INFO  : 'con' command is executed.
00:45:39 INFO  : ----------------XSDB Script (After Launch)----------------
targets -set -nocase -filter {name =~ "*A9*#0"}
con
----------------End of Script----------------

00:45:39 INFO  : Launch script is exported to file 'C:\Users\gusta\OneDrive\Documents\universidad\4to\1r\SEP\Proyectos\pr2\SEPmonG3\.sdk\launch_scripts\single_application_debug\debugger_sepmon_sw-default_1.tcl'
00:46:10 INFO  : Checking for BSP changes to sync application flags for project 'SEPmon_SW'...
00:46:16 INFO  : Disconnected from the channel tcfchan#122.
00:46:17 INFO  : Connected to target on host '127.0.0.1' and port '3121'.
00:46:17 INFO  : Jtag cable 'Digilent Zybo Z7 210351B3FC88A' is selected.
00:46:17 INFO  : 'jtag frequency' command is executed.
00:46:17 INFO  : Context for 'APU' is selected.
00:46:17 INFO  : System reset is completed.
00:46:20 INFO  : 'after 3000' command is executed.
00:46:20 INFO  : 'targets -set -filter {jtag_cable_name =~ "Digilent Zybo Z7 210351B3FC88A" && level==0 && jtag_device_ctx=="jsn-Zybo Z7-210351B3FC88A-13722093-0"}' command is executed.
00:46:22 INFO  : FPGA configured successfully with bitstream "C:/Users/gusta/OneDrive/Documents/universidad/4to/1r/SEP/Proyectos/pr2/SEPmonG3/SEPmon_SW/_ide/bitstream/SEPmonG3V2.bit"
00:46:22 INFO  : Context for 'APU' is selected.
00:46:22 INFO  : Hardware design and registers information is loaded from 'C:/Users/gusta/OneDrive/Documents/universidad/4to/1r/SEP/Proyectos/pr2/SEPmonG3/SEPmonG3/export/SEPmonG3/hw/SEPmonG3V2.xsa'.
00:46:22 INFO  : 'configparams force-mem-access 1' command is executed.
00:46:22 INFO  : Context for 'APU' is selected.
00:46:22 INFO  : Sourcing of 'C:/Users/gusta/OneDrive/Documents/universidad/4to/1r/SEP/Proyectos/pr2/SEPmonG3/SEPmon_SW/_ide/psinit/ps7_init.tcl' is done.
00:46:22 INFO  : 'ps7_init' command is executed.
00:46:22 INFO  : 'ps7_post_config' command is executed.
00:46:22 INFO  : Context for processor 'ps7_cortexa9_0' is selected.
00:46:24 INFO  : The application 'C:/Users/gusta/OneDrive/Documents/universidad/4to/1r/SEP/Proyectos/pr2/SEPmonG3/SEPmon_SW/Debug/SEPmon_SW.elf' is downloaded to processor 'ps7_cortexa9_0'.
00:46:24 INFO  : 'configparams force-mem-access 0' command is executed.
00:46:24 INFO  : ----------------XSDB Script----------------
connect -url tcp:127.0.0.1:3121
targets -set -nocase -filter {name =~"APU*"}
rst -system
after 3000
targets -set -filter {jtag_cable_name =~ "Digilent Zybo Z7 210351B3FC88A" && level==0 && jtag_device_ctx=="jsn-Zybo Z7-210351B3FC88A-13722093-0"}
fpga -file C:/Users/gusta/OneDrive/Documents/universidad/4to/1r/SEP/Proyectos/pr2/SEPmonG3/SEPmon_SW/_ide/bitstream/SEPmonG3V2.bit
targets -set -nocase -filter {name =~"APU*"}
loadhw -hw C:/Users/gusta/OneDrive/Documents/universidad/4to/1r/SEP/Proyectos/pr2/SEPmonG3/SEPmonG3/export/SEPmonG3/hw/SEPmonG3V2.xsa -mem-ranges [list {0x40000000 0xbfffffff}] -regs
configparams force-mem-access 1
targets -set -nocase -filter {name =~"APU*"}
source C:/Users/gusta/OneDrive/Documents/universidad/4to/1r/SEP/Proyectos/pr2/SEPmonG3/SEPmon_SW/_ide/psinit/ps7_init.tcl
ps7_init
ps7_post_config
targets -set -nocase -filter {name =~ "*A9*#0"}
dow C:/Users/gusta/OneDrive/Documents/universidad/4to/1r/SEP/Proyectos/pr2/SEPmonG3/SEPmon_SW/Debug/SEPmon_SW.elf
configparams force-mem-access 0
----------------End of Script----------------

00:46:25 INFO  : Context for processor 'ps7_cortexa9_0' is selected.
00:46:25 INFO  : 'con' command is executed.
00:46:25 INFO  : ----------------XSDB Script (After Launch)----------------
targets -set -nocase -filter {name =~ "*A9*#0"}
con
----------------End of Script----------------

00:46:25 INFO  : Launch script is exported to file 'C:\Users\gusta\OneDrive\Documents\universidad\4to\1r\SEP\Proyectos\pr2\SEPmonG3\.sdk\launch_scripts\single_application_debug\debugger_sepmon_sw-default_1.tcl'
00:49:57 INFO  : Checking for BSP changes to sync application flags for project 'SEPmon_SW'...
00:50:29 INFO  : Checking for BSP changes to sync application flags for project 'SEPmon_SW'...
00:51:35 INFO  : Checking for BSP changes to sync application flags for project 'SEPmon_SW'...
00:52:01 INFO  : Checking for BSP changes to sync application flags for project 'SEPmon_SW'...
00:52:17 INFO  : Checking for BSP changes to sync application flags for project 'SEPmon_SW'...
00:53:18 INFO  : Checking for BSP changes to sync application flags for project 'SEPmon_SW'...
00:53:23 INFO  : Disconnected from the channel tcfchan#123.
00:53:24 INFO  : Connected to target on host '127.0.0.1' and port '3121'.
00:53:24 INFO  : Jtag cable 'Digilent Zybo Z7 210351B3FC88A' is selected.
00:53:24 INFO  : 'jtag frequency' command is executed.
00:53:24 INFO  : Context for 'APU' is selected.
00:53:24 INFO  : System reset is completed.
00:53:27 INFO  : 'after 3000' command is executed.
00:53:27 INFO  : 'targets -set -filter {jtag_cable_name =~ "Digilent Zybo Z7 210351B3FC88A" && level==0 && jtag_device_ctx=="jsn-Zybo Z7-210351B3FC88A-13722093-0"}' command is executed.
00:53:29 INFO  : FPGA configured successfully with bitstream "C:/Users/gusta/OneDrive/Documents/universidad/4to/1r/SEP/Proyectos/pr2/SEPmonG3/SEPmon_SW/_ide/bitstream/SEPmonG3V2.bit"
00:53:29 INFO  : Context for 'APU' is selected.
00:53:29 INFO  : Hardware design and registers information is loaded from 'C:/Users/gusta/OneDrive/Documents/universidad/4to/1r/SEP/Proyectos/pr2/SEPmonG3/SEPmonG3/export/SEPmonG3/hw/SEPmonG3V2.xsa'.
00:53:29 INFO  : 'configparams force-mem-access 1' command is executed.
00:53:29 INFO  : Context for 'APU' is selected.
00:53:29 INFO  : Sourcing of 'C:/Users/gusta/OneDrive/Documents/universidad/4to/1r/SEP/Proyectos/pr2/SEPmonG3/SEPmon_SW/_ide/psinit/ps7_init.tcl' is done.
00:53:29 INFO  : 'ps7_init' command is executed.
00:53:29 INFO  : 'ps7_post_config' command is executed.
00:53:29 INFO  : Context for processor 'ps7_cortexa9_0' is selected.
00:53:31 INFO  : The application 'C:/Users/gusta/OneDrive/Documents/universidad/4to/1r/SEP/Proyectos/pr2/SEPmonG3/SEPmon_SW/Debug/SEPmon_SW.elf' is downloaded to processor 'ps7_cortexa9_0'.
00:53:31 INFO  : 'configparams force-mem-access 0' command is executed.
00:53:31 INFO  : ----------------XSDB Script----------------
connect -url tcp:127.0.0.1:3121
targets -set -nocase -filter {name =~"APU*"}
rst -system
after 3000
targets -set -filter {jtag_cable_name =~ "Digilent Zybo Z7 210351B3FC88A" && level==0 && jtag_device_ctx=="jsn-Zybo Z7-210351B3FC88A-13722093-0"}
fpga -file C:/Users/gusta/OneDrive/Documents/universidad/4to/1r/SEP/Proyectos/pr2/SEPmonG3/SEPmon_SW/_ide/bitstream/SEPmonG3V2.bit
targets -set -nocase -filter {name =~"APU*"}
loadhw -hw C:/Users/gusta/OneDrive/Documents/universidad/4to/1r/SEP/Proyectos/pr2/SEPmonG3/SEPmonG3/export/SEPmonG3/hw/SEPmonG3V2.xsa -mem-ranges [list {0x40000000 0xbfffffff}] -regs
configparams force-mem-access 1
targets -set -nocase -filter {name =~"APU*"}
source C:/Users/gusta/OneDrive/Documents/universidad/4to/1r/SEP/Proyectos/pr2/SEPmonG3/SEPmon_SW/_ide/psinit/ps7_init.tcl
ps7_init
ps7_post_config
targets -set -nocase -filter {name =~ "*A9*#0"}
dow C:/Users/gusta/OneDrive/Documents/universidad/4to/1r/SEP/Proyectos/pr2/SEPmonG3/SEPmon_SW/Debug/SEPmon_SW.elf
configparams force-mem-access 0
----------------End of Script----------------

00:53:31 INFO  : Context for processor 'ps7_cortexa9_0' is selected.
00:53:31 INFO  : 'con' command is executed.
00:53:31 INFO  : ----------------XSDB Script (After Launch)----------------
targets -set -nocase -filter {name =~ "*A9*#0"}
con
----------------End of Script----------------

00:53:31 INFO  : Launch script is exported to file 'C:\Users\gusta\OneDrive\Documents\universidad\4to\1r\SEP\Proyectos\pr2\SEPmonG3\.sdk\launch_scripts\single_application_debug\debugger_sepmon_sw-default_1.tcl'
00:54:12 INFO  : Checking for BSP changes to sync application flags for project 'SEPmon_SW'...
00:54:17 INFO  : Disconnected from the channel tcfchan#124.
00:54:18 INFO  : Connected to target on host '127.0.0.1' and port '3121'.
00:54:18 INFO  : Jtag cable 'Digilent Zybo Z7 210351B3FC88A' is selected.
00:54:18 INFO  : 'jtag frequency' command is executed.
00:54:18 INFO  : Context for 'APU' is selected.
00:54:18 INFO  : System reset is completed.
00:54:21 INFO  : 'after 3000' command is executed.
00:54:21 INFO  : 'targets -set -filter {jtag_cable_name =~ "Digilent Zybo Z7 210351B3FC88A" && level==0 && jtag_device_ctx=="jsn-Zybo Z7-210351B3FC88A-13722093-0"}' command is executed.
00:54:22 INFO  : FPGA configured successfully with bitstream "C:/Users/gusta/OneDrive/Documents/universidad/4to/1r/SEP/Proyectos/pr2/SEPmonG3/SEPmon_SW/_ide/bitstream/SEPmonG3V2.bit"
00:54:23 INFO  : Context for 'APU' is selected.
00:54:23 INFO  : Hardware design and registers information is loaded from 'C:/Users/gusta/OneDrive/Documents/universidad/4to/1r/SEP/Proyectos/pr2/SEPmonG3/SEPmonG3/export/SEPmonG3/hw/SEPmonG3V2.xsa'.
00:54:23 INFO  : 'configparams force-mem-access 1' command is executed.
00:54:23 INFO  : Context for 'APU' is selected.
00:54:23 INFO  : Sourcing of 'C:/Users/gusta/OneDrive/Documents/universidad/4to/1r/SEP/Proyectos/pr2/SEPmonG3/SEPmon_SW/_ide/psinit/ps7_init.tcl' is done.
00:54:23 INFO  : 'ps7_init' command is executed.
00:54:23 INFO  : 'ps7_post_config' command is executed.
00:54:23 INFO  : Context for processor 'ps7_cortexa9_0' is selected.
00:54:25 INFO  : The application 'C:/Users/gusta/OneDrive/Documents/universidad/4to/1r/SEP/Proyectos/pr2/SEPmonG3/SEPmon_SW/Debug/SEPmon_SW.elf' is downloaded to processor 'ps7_cortexa9_0'.
00:54:25 INFO  : 'configparams force-mem-access 0' command is executed.
00:54:25 INFO  : ----------------XSDB Script----------------
connect -url tcp:127.0.0.1:3121
targets -set -nocase -filter {name =~"APU*"}
rst -system
after 3000
targets -set -filter {jtag_cable_name =~ "Digilent Zybo Z7 210351B3FC88A" && level==0 && jtag_device_ctx=="jsn-Zybo Z7-210351B3FC88A-13722093-0"}
fpga -file C:/Users/gusta/OneDrive/Documents/universidad/4to/1r/SEP/Proyectos/pr2/SEPmonG3/SEPmon_SW/_ide/bitstream/SEPmonG3V2.bit
targets -set -nocase -filter {name =~"APU*"}
loadhw -hw C:/Users/gusta/OneDrive/Documents/universidad/4to/1r/SEP/Proyectos/pr2/SEPmonG3/SEPmonG3/export/SEPmonG3/hw/SEPmonG3V2.xsa -mem-ranges [list {0x40000000 0xbfffffff}] -regs
configparams force-mem-access 1
targets -set -nocase -filter {name =~"APU*"}
source C:/Users/gusta/OneDrive/Documents/universidad/4to/1r/SEP/Proyectos/pr2/SEPmonG3/SEPmon_SW/_ide/psinit/ps7_init.tcl
ps7_init
ps7_post_config
targets -set -nocase -filter {name =~ "*A9*#0"}
dow C:/Users/gusta/OneDrive/Documents/universidad/4to/1r/SEP/Proyectos/pr2/SEPmonG3/SEPmon_SW/Debug/SEPmon_SW.elf
configparams force-mem-access 0
----------------End of Script----------------

00:54:25 INFO  : Context for processor 'ps7_cortexa9_0' is selected.
00:54:25 INFO  : 'con' command is executed.
00:54:25 INFO  : ----------------XSDB Script (After Launch)----------------
targets -set -nocase -filter {name =~ "*A9*#0"}
con
----------------End of Script----------------

00:54:25 INFO  : Launch script is exported to file 'C:\Users\gusta\OneDrive\Documents\universidad\4to\1r\SEP\Proyectos\pr2\SEPmonG3\.sdk\launch_scripts\single_application_debug\debugger_sepmon_sw-default_1.tcl'
00:56:57 INFO  : Checking for BSP changes to sync application flags for project 'SEPmon_SW'...
00:57:04 INFO  : Checking for BSP changes to sync application flags for project 'SEPmon_SW'...
00:57:08 INFO  : Disconnected from the channel tcfchan#125.
00:57:09 INFO  : Connected to target on host '127.0.0.1' and port '3121'.
00:57:10 INFO  : Jtag cable 'Digilent Zybo Z7 210351B3FC88A' is selected.
00:57:10 INFO  : 'jtag frequency' command is executed.
00:57:10 INFO  : Context for 'APU' is selected.
00:57:10 INFO  : System reset is completed.
00:57:13 INFO  : 'after 3000' command is executed.
00:57:13 INFO  : 'targets -set -filter {jtag_cable_name =~ "Digilent Zybo Z7 210351B3FC88A" && level==0 && jtag_device_ctx=="jsn-Zybo Z7-210351B3FC88A-13722093-0"}' command is executed.
00:57:14 INFO  : FPGA configured successfully with bitstream "C:/Users/gusta/OneDrive/Documents/universidad/4to/1r/SEP/Proyectos/pr2/SEPmonG3/SEPmon_SW/_ide/bitstream/SEPmonG3V2.bit"
00:57:14 INFO  : Context for 'APU' is selected.
00:57:14 INFO  : Hardware design and registers information is loaded from 'C:/Users/gusta/OneDrive/Documents/universidad/4to/1r/SEP/Proyectos/pr2/SEPmonG3/SEPmonG3/export/SEPmonG3/hw/SEPmonG3V2.xsa'.
00:57:14 INFO  : 'configparams force-mem-access 1' command is executed.
00:57:14 INFO  : Context for 'APU' is selected.
00:57:14 INFO  : Sourcing of 'C:/Users/gusta/OneDrive/Documents/universidad/4to/1r/SEP/Proyectos/pr2/SEPmonG3/SEPmon_SW/_ide/psinit/ps7_init.tcl' is done.
00:57:15 INFO  : 'ps7_init' command is executed.
00:57:15 INFO  : 'ps7_post_config' command is executed.
00:57:15 INFO  : Context for processor 'ps7_cortexa9_0' is selected.
00:57:17 INFO  : The application 'C:/Users/gusta/OneDrive/Documents/universidad/4to/1r/SEP/Proyectos/pr2/SEPmonG3/SEPmon_SW/Debug/SEPmon_SW.elf' is downloaded to processor 'ps7_cortexa9_0'.
00:57:17 INFO  : 'configparams force-mem-access 0' command is executed.
00:57:17 INFO  : ----------------XSDB Script----------------
connect -url tcp:127.0.0.1:3121
targets -set -nocase -filter {name =~"APU*"}
rst -system
after 3000
targets -set -filter {jtag_cable_name =~ "Digilent Zybo Z7 210351B3FC88A" && level==0 && jtag_device_ctx=="jsn-Zybo Z7-210351B3FC88A-13722093-0"}
fpga -file C:/Users/gusta/OneDrive/Documents/universidad/4to/1r/SEP/Proyectos/pr2/SEPmonG3/SEPmon_SW/_ide/bitstream/SEPmonG3V2.bit
targets -set -nocase -filter {name =~"APU*"}
loadhw -hw C:/Users/gusta/OneDrive/Documents/universidad/4to/1r/SEP/Proyectos/pr2/SEPmonG3/SEPmonG3/export/SEPmonG3/hw/SEPmonG3V2.xsa -mem-ranges [list {0x40000000 0xbfffffff}] -regs
configparams force-mem-access 1
targets -set -nocase -filter {name =~"APU*"}
source C:/Users/gusta/OneDrive/Documents/universidad/4to/1r/SEP/Proyectos/pr2/SEPmonG3/SEPmon_SW/_ide/psinit/ps7_init.tcl
ps7_init
ps7_post_config
targets -set -nocase -filter {name =~ "*A9*#0"}
dow C:/Users/gusta/OneDrive/Documents/universidad/4to/1r/SEP/Proyectos/pr2/SEPmonG3/SEPmon_SW/Debug/SEPmon_SW.elf
configparams force-mem-access 0
----------------End of Script----------------

00:57:17 INFO  : Context for processor 'ps7_cortexa9_0' is selected.
00:57:17 INFO  : 'con' command is executed.
00:57:17 INFO  : ----------------XSDB Script (After Launch)----------------
targets -set -nocase -filter {name =~ "*A9*#0"}
con
----------------End of Script----------------

00:57:17 INFO  : Launch script is exported to file 'C:\Users\gusta\OneDrive\Documents\universidad\4to\1r\SEP\Proyectos\pr2\SEPmonG3\.sdk\launch_scripts\single_application_debug\debugger_sepmon_sw-default_1.tcl'
00:59:39 INFO  : Checking for BSP changes to sync application flags for project 'SEPmon_SW'...
00:59:47 INFO  : Disconnected from the channel tcfchan#126.
00:59:48 INFO  : Connected to target on host '127.0.0.1' and port '3121'.
00:59:48 INFO  : Jtag cable 'Digilent Zybo Z7 210351B3FC88A' is selected.
00:59:48 INFO  : 'jtag frequency' command is executed.
00:59:48 INFO  : Context for 'APU' is selected.
00:59:48 INFO  : System reset is completed.
00:59:51 INFO  : 'after 3000' command is executed.
00:59:51 INFO  : 'targets -set -filter {jtag_cable_name =~ "Digilent Zybo Z7 210351B3FC88A" && level==0 && jtag_device_ctx=="jsn-Zybo Z7-210351B3FC88A-13722093-0"}' command is executed.
00:59:52 INFO  : FPGA configured successfully with bitstream "C:/Users/gusta/OneDrive/Documents/universidad/4to/1r/SEP/Proyectos/pr2/SEPmonG3/SEPmon_SW/_ide/bitstream/SEPmonG3V2.bit"
00:59:52 INFO  : Context for 'APU' is selected.
00:59:52 INFO  : Hardware design and registers information is loaded from 'C:/Users/gusta/OneDrive/Documents/universidad/4to/1r/SEP/Proyectos/pr2/SEPmonG3/SEPmonG3/export/SEPmonG3/hw/SEPmonG3V2.xsa'.
00:59:52 INFO  : 'configparams force-mem-access 1' command is executed.
00:59:52 INFO  : Context for 'APU' is selected.
00:59:52 INFO  : Sourcing of 'C:/Users/gusta/OneDrive/Documents/universidad/4to/1r/SEP/Proyectos/pr2/SEPmonG3/SEPmon_SW/_ide/psinit/ps7_init.tcl' is done.
00:59:53 INFO  : 'ps7_init' command is executed.
00:59:53 INFO  : 'ps7_post_config' command is executed.
00:59:53 INFO  : Context for processor 'ps7_cortexa9_0' is selected.
00:59:55 INFO  : The application 'C:/Users/gusta/OneDrive/Documents/universidad/4to/1r/SEP/Proyectos/pr2/SEPmonG3/SEPmon_SW/Debug/SEPmon_SW.elf' is downloaded to processor 'ps7_cortexa9_0'.
00:59:55 INFO  : 'configparams force-mem-access 0' command is executed.
00:59:55 INFO  : ----------------XSDB Script----------------
connect -url tcp:127.0.0.1:3121
targets -set -nocase -filter {name =~"APU*"}
rst -system
after 3000
targets -set -filter {jtag_cable_name =~ "Digilent Zybo Z7 210351B3FC88A" && level==0 && jtag_device_ctx=="jsn-Zybo Z7-210351B3FC88A-13722093-0"}
fpga -file C:/Users/gusta/OneDrive/Documents/universidad/4to/1r/SEP/Proyectos/pr2/SEPmonG3/SEPmon_SW/_ide/bitstream/SEPmonG3V2.bit
targets -set -nocase -filter {name =~"APU*"}
loadhw -hw C:/Users/gusta/OneDrive/Documents/universidad/4to/1r/SEP/Proyectos/pr2/SEPmonG3/SEPmonG3/export/SEPmonG3/hw/SEPmonG3V2.xsa -mem-ranges [list {0x40000000 0xbfffffff}] -regs
configparams force-mem-access 1
targets -set -nocase -filter {name =~"APU*"}
source C:/Users/gusta/OneDrive/Documents/universidad/4to/1r/SEP/Proyectos/pr2/SEPmonG3/SEPmon_SW/_ide/psinit/ps7_init.tcl
ps7_init
ps7_post_config
targets -set -nocase -filter {name =~ "*A9*#0"}
dow C:/Users/gusta/OneDrive/Documents/universidad/4to/1r/SEP/Proyectos/pr2/SEPmonG3/SEPmon_SW/Debug/SEPmon_SW.elf
configparams force-mem-access 0
----------------End of Script----------------

00:59:55 INFO  : Context for processor 'ps7_cortexa9_0' is selected.
00:59:55 INFO  : 'con' command is executed.
00:59:55 INFO  : ----------------XSDB Script (After Launch)----------------
targets -set -nocase -filter {name =~ "*A9*#0"}
con
----------------End of Script----------------

00:59:55 INFO  : Launch script is exported to file 'C:\Users\gusta\OneDrive\Documents\universidad\4to\1r\SEP\Proyectos\pr2\SEPmonG3\.sdk\launch_scripts\single_application_debug\debugger_sepmon_sw-default_1.tcl'
01:00:56 INFO  : Checking for BSP changes to sync application flags for project 'SEPmon_SW'...
01:02:25 INFO  : Checking for BSP changes to sync application flags for project 'SEPmon_SW'...
01:02:30 INFO  : Disconnected from the channel tcfchan#127.
01:02:31 INFO  : Connected to target on host '127.0.0.1' and port '3121'.
01:02:31 INFO  : Jtag cable 'Digilent Zybo Z7 210351B3FC88A' is selected.
01:02:31 INFO  : 'jtag frequency' command is executed.
01:02:31 INFO  : Context for 'APU' is selected.
01:02:32 INFO  : System reset is completed.
01:02:35 INFO  : 'after 3000' command is executed.
01:02:35 INFO  : 'targets -set -filter {jtag_cable_name =~ "Digilent Zybo Z7 210351B3FC88A" && level==0 && jtag_device_ctx=="jsn-Zybo Z7-210351B3FC88A-13722093-0"}' command is executed.
01:02:36 INFO  : FPGA configured successfully with bitstream "C:/Users/gusta/OneDrive/Documents/universidad/4to/1r/SEP/Proyectos/pr2/SEPmonG3/SEPmon_SW/_ide/bitstream/SEPmonG3V2.bit"
01:02:36 INFO  : Context for 'APU' is selected.
01:02:36 INFO  : Hardware design and registers information is loaded from 'C:/Users/gusta/OneDrive/Documents/universidad/4to/1r/SEP/Proyectos/pr2/SEPmonG3/SEPmonG3/export/SEPmonG3/hw/SEPmonG3V2.xsa'.
01:02:36 INFO  : 'configparams force-mem-access 1' command is executed.
01:02:36 INFO  : Context for 'APU' is selected.
01:02:36 INFO  : Sourcing of 'C:/Users/gusta/OneDrive/Documents/universidad/4to/1r/SEP/Proyectos/pr2/SEPmonG3/SEPmon_SW/_ide/psinit/ps7_init.tcl' is done.
01:02:36 INFO  : 'ps7_init' command is executed.
01:02:36 INFO  : 'ps7_post_config' command is executed.
01:02:36 INFO  : Context for processor 'ps7_cortexa9_0' is selected.
01:02:38 INFO  : The application 'C:/Users/gusta/OneDrive/Documents/universidad/4to/1r/SEP/Proyectos/pr2/SEPmonG3/SEPmon_SW/Debug/SEPmon_SW.elf' is downloaded to processor 'ps7_cortexa9_0'.
01:02:39 INFO  : 'configparams force-mem-access 0' command is executed.
01:02:39 INFO  : ----------------XSDB Script----------------
connect -url tcp:127.0.0.1:3121
targets -set -nocase -filter {name =~"APU*"}
rst -system
after 3000
targets -set -filter {jtag_cable_name =~ "Digilent Zybo Z7 210351B3FC88A" && level==0 && jtag_device_ctx=="jsn-Zybo Z7-210351B3FC88A-13722093-0"}
fpga -file C:/Users/gusta/OneDrive/Documents/universidad/4to/1r/SEP/Proyectos/pr2/SEPmonG3/SEPmon_SW/_ide/bitstream/SEPmonG3V2.bit
targets -set -nocase -filter {name =~"APU*"}
loadhw -hw C:/Users/gusta/OneDrive/Documents/universidad/4to/1r/SEP/Proyectos/pr2/SEPmonG3/SEPmonG3/export/SEPmonG3/hw/SEPmonG3V2.xsa -mem-ranges [list {0x40000000 0xbfffffff}] -regs
configparams force-mem-access 1
targets -set -nocase -filter {name =~"APU*"}
source C:/Users/gusta/OneDrive/Documents/universidad/4to/1r/SEP/Proyectos/pr2/SEPmonG3/SEPmon_SW/_ide/psinit/ps7_init.tcl
ps7_init
ps7_post_config
targets -set -nocase -filter {name =~ "*A9*#0"}
dow C:/Users/gusta/OneDrive/Documents/universidad/4to/1r/SEP/Proyectos/pr2/SEPmonG3/SEPmon_SW/Debug/SEPmon_SW.elf
configparams force-mem-access 0
----------------End of Script----------------

01:02:39 INFO  : Context for processor 'ps7_cortexa9_0' is selected.
01:02:39 INFO  : 'con' command is executed.
01:02:39 INFO  : ----------------XSDB Script (After Launch)----------------
targets -set -nocase -filter {name =~ "*A9*#0"}
con
----------------End of Script----------------

01:02:39 INFO  : Launch script is exported to file 'C:\Users\gusta\OneDrive\Documents\universidad\4to\1r\SEP\Proyectos\pr2\SEPmonG3\.sdk\launch_scripts\single_application_debug\debugger_sepmon_sw-default_1.tcl'
01:05:39 INFO  : Checking for BSP changes to sync application flags for project 'SEPmon_SW'...
01:05:44 INFO  : Checking for BSP changes to sync application flags for project 'SEPmon_SW'...
01:05:50 INFO  : Disconnected from the channel tcfchan#128.
01:05:51 INFO  : Connected to target on host '127.0.0.1' and port '3121'.
01:05:51 INFO  : Jtag cable 'Digilent Zybo Z7 210351B3FC88A' is selected.
01:05:51 INFO  : 'jtag frequency' command is executed.
01:05:51 INFO  : Context for 'APU' is selected.
01:05:51 INFO  : System reset is completed.
01:05:54 INFO  : 'after 3000' command is executed.
01:05:54 INFO  : 'targets -set -filter {jtag_cable_name =~ "Digilent Zybo Z7 210351B3FC88A" && level==0 && jtag_device_ctx=="jsn-Zybo Z7-210351B3FC88A-13722093-0"}' command is executed.
01:05:55 INFO  : FPGA configured successfully with bitstream "C:/Users/gusta/OneDrive/Documents/universidad/4to/1r/SEP/Proyectos/pr2/SEPmonG3/SEPmon_SW/_ide/bitstream/SEPmonG3V2.bit"
01:05:55 INFO  : Context for 'APU' is selected.
01:05:55 INFO  : Hardware design and registers information is loaded from 'C:/Users/gusta/OneDrive/Documents/universidad/4to/1r/SEP/Proyectos/pr2/SEPmonG3/SEPmonG3/export/SEPmonG3/hw/SEPmonG3V2.xsa'.
01:05:55 INFO  : 'configparams force-mem-access 1' command is executed.
01:05:55 INFO  : Context for 'APU' is selected.
01:05:55 INFO  : Sourcing of 'C:/Users/gusta/OneDrive/Documents/universidad/4to/1r/SEP/Proyectos/pr2/SEPmonG3/SEPmon_SW/_ide/psinit/ps7_init.tcl' is done.
01:05:56 INFO  : 'ps7_init' command is executed.
01:05:56 INFO  : 'ps7_post_config' command is executed.
01:05:56 INFO  : Context for processor 'ps7_cortexa9_0' is selected.
01:05:58 INFO  : The application 'C:/Users/gusta/OneDrive/Documents/universidad/4to/1r/SEP/Proyectos/pr2/SEPmonG3/SEPmon_SW/Debug/SEPmon_SW.elf' is downloaded to processor 'ps7_cortexa9_0'.
01:05:58 INFO  : 'configparams force-mem-access 0' command is executed.
01:05:58 INFO  : ----------------XSDB Script----------------
connect -url tcp:127.0.0.1:3121
targets -set -nocase -filter {name =~"APU*"}
rst -system
after 3000
targets -set -filter {jtag_cable_name =~ "Digilent Zybo Z7 210351B3FC88A" && level==0 && jtag_device_ctx=="jsn-Zybo Z7-210351B3FC88A-13722093-0"}
fpga -file C:/Users/gusta/OneDrive/Documents/universidad/4to/1r/SEP/Proyectos/pr2/SEPmonG3/SEPmon_SW/_ide/bitstream/SEPmonG3V2.bit
targets -set -nocase -filter {name =~"APU*"}
loadhw -hw C:/Users/gusta/OneDrive/Documents/universidad/4to/1r/SEP/Proyectos/pr2/SEPmonG3/SEPmonG3/export/SEPmonG3/hw/SEPmonG3V2.xsa -mem-ranges [list {0x40000000 0xbfffffff}] -regs
configparams force-mem-access 1
targets -set -nocase -filter {name =~"APU*"}
source C:/Users/gusta/OneDrive/Documents/universidad/4to/1r/SEP/Proyectos/pr2/SEPmonG3/SEPmon_SW/_ide/psinit/ps7_init.tcl
ps7_init
ps7_post_config
targets -set -nocase -filter {name =~ "*A9*#0"}
dow C:/Users/gusta/OneDrive/Documents/universidad/4to/1r/SEP/Proyectos/pr2/SEPmonG3/SEPmon_SW/Debug/SEPmon_SW.elf
configparams force-mem-access 0
----------------End of Script----------------

01:05:58 INFO  : Context for processor 'ps7_cortexa9_0' is selected.
01:05:58 INFO  : 'con' command is executed.
01:05:58 INFO  : ----------------XSDB Script (After Launch)----------------
targets -set -nocase -filter {name =~ "*A9*#0"}
con
----------------End of Script----------------

01:05:58 INFO  : Launch script is exported to file 'C:\Users\gusta\OneDrive\Documents\universidad\4to\1r\SEP\Proyectos\pr2\SEPmonG3\.sdk\launch_scripts\single_application_debug\debugger_sepmon_sw-default_1.tcl'
01:06:56 INFO  : Checking for BSP changes to sync application flags for project 'SEPmon_SW'...
01:07:24 INFO  : Checking for BSP changes to sync application flags for project 'SEPmon_SW'...
01:07:31 INFO  : Checking for BSP changes to sync application flags for project 'SEPmon_SW'...
01:07:37 INFO  : Disconnected from the channel tcfchan#129.
01:07:38 INFO  : Connected to target on host '127.0.0.1' and port '3121'.
01:07:39 INFO  : Jtag cable 'Digilent Zybo Z7 210351B3FC88A' is selected.
01:07:39 INFO  : 'jtag frequency' command is executed.
01:07:39 INFO  : Context for 'APU' is selected.
01:07:39 INFO  : System reset is completed.
01:07:42 INFO  : 'after 3000' command is executed.
01:07:42 INFO  : 'targets -set -filter {jtag_cable_name =~ "Digilent Zybo Z7 210351B3FC88A" && level==0 && jtag_device_ctx=="jsn-Zybo Z7-210351B3FC88A-13722093-0"}' command is executed.
01:07:43 INFO  : FPGA configured successfully with bitstream "C:/Users/gusta/OneDrive/Documents/universidad/4to/1r/SEP/Proyectos/pr2/SEPmonG3/SEPmon_SW/_ide/bitstream/SEPmonG3V2.bit"
01:07:43 INFO  : Context for 'APU' is selected.
01:07:43 INFO  : Hardware design and registers information is loaded from 'C:/Users/gusta/OneDrive/Documents/universidad/4to/1r/SEP/Proyectos/pr2/SEPmonG3/SEPmonG3/export/SEPmonG3/hw/SEPmonG3V2.xsa'.
01:07:43 INFO  : 'configparams force-mem-access 1' command is executed.
01:07:43 INFO  : Context for 'APU' is selected.
01:07:43 INFO  : Sourcing of 'C:/Users/gusta/OneDrive/Documents/universidad/4to/1r/SEP/Proyectos/pr2/SEPmonG3/SEPmon_SW/_ide/psinit/ps7_init.tcl' is done.
01:07:43 INFO  : 'ps7_init' command is executed.
01:07:44 INFO  : 'ps7_post_config' command is executed.
01:07:44 INFO  : Context for processor 'ps7_cortexa9_0' is selected.
01:07:46 INFO  : The application 'C:/Users/gusta/OneDrive/Documents/universidad/4to/1r/SEP/Proyectos/pr2/SEPmonG3/SEPmon_SW/Debug/SEPmon_SW.elf' is downloaded to processor 'ps7_cortexa9_0'.
01:07:46 INFO  : 'configparams force-mem-access 0' command is executed.
01:07:46 INFO  : ----------------XSDB Script----------------
connect -url tcp:127.0.0.1:3121
targets -set -nocase -filter {name =~"APU*"}
rst -system
after 3000
targets -set -filter {jtag_cable_name =~ "Digilent Zybo Z7 210351B3FC88A" && level==0 && jtag_device_ctx=="jsn-Zybo Z7-210351B3FC88A-13722093-0"}
fpga -file C:/Users/gusta/OneDrive/Documents/universidad/4to/1r/SEP/Proyectos/pr2/SEPmonG3/SEPmon_SW/_ide/bitstream/SEPmonG3V2.bit
targets -set -nocase -filter {name =~"APU*"}
loadhw -hw C:/Users/gusta/OneDrive/Documents/universidad/4to/1r/SEP/Proyectos/pr2/SEPmonG3/SEPmonG3/export/SEPmonG3/hw/SEPmonG3V2.xsa -mem-ranges [list {0x40000000 0xbfffffff}] -regs
configparams force-mem-access 1
targets -set -nocase -filter {name =~"APU*"}
source C:/Users/gusta/OneDrive/Documents/universidad/4to/1r/SEP/Proyectos/pr2/SEPmonG3/SEPmon_SW/_ide/psinit/ps7_init.tcl
ps7_init
ps7_post_config
targets -set -nocase -filter {name =~ "*A9*#0"}
dow C:/Users/gusta/OneDrive/Documents/universidad/4to/1r/SEP/Proyectos/pr2/SEPmonG3/SEPmon_SW/Debug/SEPmon_SW.elf
configparams force-mem-access 0
----------------End of Script----------------

01:07:46 INFO  : Context for processor 'ps7_cortexa9_0' is selected.
01:07:46 INFO  : 'con' command is executed.
01:07:46 INFO  : ----------------XSDB Script (After Launch)----------------
targets -set -nocase -filter {name =~ "*A9*#0"}
con
----------------End of Script----------------

01:07:46 INFO  : Launch script is exported to file 'C:\Users\gusta\OneDrive\Documents\universidad\4to\1r\SEP\Proyectos\pr2\SEPmonG3\.sdk\launch_scripts\single_application_debug\debugger_sepmon_sw-default_1.tcl'
01:10:46 INFO  : Checking for BSP changes to sync application flags for project 'SEPmon_SW'...
01:10:53 INFO  : Checking for BSP changes to sync application flags for project 'SEPmon_SW'...
01:10:59 INFO  : Disconnected from the channel tcfchan#130.
01:11:00 INFO  : Connected to target on host '127.0.0.1' and port '3121'.
01:11:00 INFO  : Jtag cable 'Digilent Zybo Z7 210351B3FC88A' is selected.
01:11:00 INFO  : 'jtag frequency' command is executed.
01:11:00 INFO  : Context for 'APU' is selected.
01:11:01 INFO  : System reset is completed.
01:11:04 INFO  : 'after 3000' command is executed.
01:11:04 INFO  : 'targets -set -filter {jtag_cable_name =~ "Digilent Zybo Z7 210351B3FC88A" && level==0 && jtag_device_ctx=="jsn-Zybo Z7-210351B3FC88A-13722093-0"}' command is executed.
01:11:05 INFO  : FPGA configured successfully with bitstream "C:/Users/gusta/OneDrive/Documents/universidad/4to/1r/SEP/Proyectos/pr2/SEPmonG3/SEPmon_SW/_ide/bitstream/SEPmonG3V2.bit"
01:11:05 INFO  : Context for 'APU' is selected.
01:11:05 INFO  : Hardware design and registers information is loaded from 'C:/Users/gusta/OneDrive/Documents/universidad/4to/1r/SEP/Proyectos/pr2/SEPmonG3/SEPmonG3/export/SEPmonG3/hw/SEPmonG3V2.xsa'.
01:11:05 INFO  : 'configparams force-mem-access 1' command is executed.
01:11:05 INFO  : Context for 'APU' is selected.
01:11:05 INFO  : Sourcing of 'C:/Users/gusta/OneDrive/Documents/universidad/4to/1r/SEP/Proyectos/pr2/SEPmonG3/SEPmon_SW/_ide/psinit/ps7_init.tcl' is done.
01:11:05 INFO  : 'ps7_init' command is executed.
01:11:05 INFO  : 'ps7_post_config' command is executed.
01:11:05 INFO  : Context for processor 'ps7_cortexa9_0' is selected.
01:11:07 INFO  : The application 'C:/Users/gusta/OneDrive/Documents/universidad/4to/1r/SEP/Proyectos/pr2/SEPmonG3/SEPmon_SW/Debug/SEPmon_SW.elf' is downloaded to processor 'ps7_cortexa9_0'.
01:11:08 INFO  : 'configparams force-mem-access 0' command is executed.
01:11:08 INFO  : ----------------XSDB Script----------------
connect -url tcp:127.0.0.1:3121
targets -set -nocase -filter {name =~"APU*"}
rst -system
after 3000
targets -set -filter {jtag_cable_name =~ "Digilent Zybo Z7 210351B3FC88A" && level==0 && jtag_device_ctx=="jsn-Zybo Z7-210351B3FC88A-13722093-0"}
fpga -file C:/Users/gusta/OneDrive/Documents/universidad/4to/1r/SEP/Proyectos/pr2/SEPmonG3/SEPmon_SW/_ide/bitstream/SEPmonG3V2.bit
targets -set -nocase -filter {name =~"APU*"}
loadhw -hw C:/Users/gusta/OneDrive/Documents/universidad/4to/1r/SEP/Proyectos/pr2/SEPmonG3/SEPmonG3/export/SEPmonG3/hw/SEPmonG3V2.xsa -mem-ranges [list {0x40000000 0xbfffffff}] -regs
configparams force-mem-access 1
targets -set -nocase -filter {name =~"APU*"}
source C:/Users/gusta/OneDrive/Documents/universidad/4to/1r/SEP/Proyectos/pr2/SEPmonG3/SEPmon_SW/_ide/psinit/ps7_init.tcl
ps7_init
ps7_post_config
targets -set -nocase -filter {name =~ "*A9*#0"}
dow C:/Users/gusta/OneDrive/Documents/universidad/4to/1r/SEP/Proyectos/pr2/SEPmonG3/SEPmon_SW/Debug/SEPmon_SW.elf
configparams force-mem-access 0
----------------End of Script----------------

01:11:08 INFO  : Context for processor 'ps7_cortexa9_0' is selected.
01:11:08 INFO  : 'con' command is executed.
01:11:08 INFO  : ----------------XSDB Script (After Launch)----------------
targets -set -nocase -filter {name =~ "*A9*#0"}
con
----------------End of Script----------------

01:11:08 INFO  : Launch script is exported to file 'C:\Users\gusta\OneDrive\Documents\universidad\4to\1r\SEP\Proyectos\pr2\SEPmonG3\.sdk\launch_scripts\single_application_debug\debugger_sepmon_sw-default_1.tcl'
01:13:03 INFO  : Checking for BSP changes to sync application flags for project 'SEPmon_SW'...
01:13:29 INFO  : Disconnected from the channel tcfchan#131.
01:13:30 INFO  : Connected to target on host '127.0.0.1' and port '3121'.
01:13:30 INFO  : Jtag cable 'Digilent Zybo Z7 210351B3FC88A' is selected.
01:13:30 INFO  : 'jtag frequency' command is executed.
01:13:30 INFO  : Context for 'APU' is selected.
01:13:30 INFO  : System reset is completed.
01:13:33 INFO  : 'after 3000' command is executed.
01:13:33 INFO  : 'targets -set -filter {jtag_cable_name =~ "Digilent Zybo Z7 210351B3FC88A" && level==0 && jtag_device_ctx=="jsn-Zybo Z7-210351B3FC88A-13722093-0"}' command is executed.
01:13:34 INFO  : FPGA configured successfully with bitstream "C:/Users/gusta/OneDrive/Documents/universidad/4to/1r/SEP/Proyectos/pr2/SEPmonG3/SEPmon_SW/_ide/bitstream/SEPmonG3V2.bit"
01:13:34 INFO  : Context for 'APU' is selected.
01:13:34 INFO  : Hardware design and registers information is loaded from 'C:/Users/gusta/OneDrive/Documents/universidad/4to/1r/SEP/Proyectos/pr2/SEPmonG3/SEPmonG3/export/SEPmonG3/hw/SEPmonG3V2.xsa'.
01:13:34 INFO  : 'configparams force-mem-access 1' command is executed.
01:13:34 INFO  : Context for 'APU' is selected.
01:13:34 INFO  : Sourcing of 'C:/Users/gusta/OneDrive/Documents/universidad/4to/1r/SEP/Proyectos/pr2/SEPmonG3/SEPmon_SW/_ide/psinit/ps7_init.tcl' is done.
01:13:35 INFO  : 'ps7_init' command is executed.
01:13:35 INFO  : 'ps7_post_config' command is executed.
01:13:35 INFO  : Context for processor 'ps7_cortexa9_0' is selected.
01:13:37 INFO  : The application 'C:/Users/gusta/OneDrive/Documents/universidad/4to/1r/SEP/Proyectos/pr2/SEPmonG3/SEPmon_SW/Debug/SEPmon_SW.elf' is downloaded to processor 'ps7_cortexa9_0'.
01:13:37 INFO  : 'configparams force-mem-access 0' command is executed.
01:13:37 INFO  : ----------------XSDB Script----------------
connect -url tcp:127.0.0.1:3121
targets -set -nocase -filter {name =~"APU*"}
rst -system
after 3000
targets -set -filter {jtag_cable_name =~ "Digilent Zybo Z7 210351B3FC88A" && level==0 && jtag_device_ctx=="jsn-Zybo Z7-210351B3FC88A-13722093-0"}
fpga -file C:/Users/gusta/OneDrive/Documents/universidad/4to/1r/SEP/Proyectos/pr2/SEPmonG3/SEPmon_SW/_ide/bitstream/SEPmonG3V2.bit
targets -set -nocase -filter {name =~"APU*"}
loadhw -hw C:/Users/gusta/OneDrive/Documents/universidad/4to/1r/SEP/Proyectos/pr2/SEPmonG3/SEPmonG3/export/SEPmonG3/hw/SEPmonG3V2.xsa -mem-ranges [list {0x40000000 0xbfffffff}] -regs
configparams force-mem-access 1
targets -set -nocase -filter {name =~"APU*"}
source C:/Users/gusta/OneDrive/Documents/universidad/4to/1r/SEP/Proyectos/pr2/SEPmonG3/SEPmon_SW/_ide/psinit/ps7_init.tcl
ps7_init
ps7_post_config
targets -set -nocase -filter {name =~ "*A9*#0"}
dow C:/Users/gusta/OneDrive/Documents/universidad/4to/1r/SEP/Proyectos/pr2/SEPmonG3/SEPmon_SW/Debug/SEPmon_SW.elf
configparams force-mem-access 0
----------------End of Script----------------

01:13:37 INFO  : Context for processor 'ps7_cortexa9_0' is selected.
01:13:37 INFO  : 'con' command is executed.
01:13:37 INFO  : ----------------XSDB Script (After Launch)----------------
targets -set -nocase -filter {name =~ "*A9*#0"}
con
----------------End of Script----------------

01:13:37 INFO  : Launch script is exported to file 'C:\Users\gusta\OneDrive\Documents\universidad\4to\1r\SEP\Proyectos\pr2\SEPmonG3\.sdk\launch_scripts\single_application_debug\debugger_sepmon_sw-default_1.tcl'
01:15:14 INFO  : Disconnected from the channel tcfchan#132.
01:15:15 INFO  : Connected to target on host '127.0.0.1' and port '3121'.
01:15:15 INFO  : Jtag cable 'Digilent Zybo Z7 210351B3FC88A' is selected.
01:15:15 INFO  : 'jtag frequency' command is executed.
01:15:15 INFO  : Context for 'APU' is selected.
01:15:15 INFO  : System reset is completed.
01:15:18 INFO  : 'after 3000' command is executed.
01:15:18 INFO  : 'targets -set -filter {jtag_cable_name =~ "Digilent Zybo Z7 210351B3FC88A" && level==0 && jtag_device_ctx=="jsn-Zybo Z7-210351B3FC88A-13722093-0"}' command is executed.
01:15:20 INFO  : FPGA configured successfully with bitstream "C:/Users/gusta/OneDrive/Documents/universidad/4to/1r/SEP/Proyectos/pr2/SEPmonG3/SEPmon_SW/_ide/bitstream/SEPmonG3V2.bit"
01:15:20 INFO  : Context for 'APU' is selected.
01:15:20 INFO  : Hardware design and registers information is loaded from 'C:/Users/gusta/OneDrive/Documents/universidad/4to/1r/SEP/Proyectos/pr2/SEPmonG3/SEPmonG3/export/SEPmonG3/hw/SEPmonG3V2.xsa'.
01:15:20 INFO  : 'configparams force-mem-access 1' command is executed.
01:15:20 INFO  : Context for 'APU' is selected.
01:15:20 INFO  : Sourcing of 'C:/Users/gusta/OneDrive/Documents/universidad/4to/1r/SEP/Proyectos/pr2/SEPmonG3/SEPmon_SW/_ide/psinit/ps7_init.tcl' is done.
01:15:20 INFO  : 'ps7_init' command is executed.
01:15:20 INFO  : 'ps7_post_config' command is executed.
01:15:20 INFO  : Context for processor 'ps7_cortexa9_0' is selected.
01:15:22 INFO  : The application 'C:/Users/gusta/OneDrive/Documents/universidad/4to/1r/SEP/Proyectos/pr2/SEPmonG3/SEPmon_SW/Debug/SEPmon_SW.elf' is downloaded to processor 'ps7_cortexa9_0'.
01:15:22 INFO  : 'configparams force-mem-access 0' command is executed.
01:15:22 INFO  : ----------------XSDB Script----------------
connect -url tcp:127.0.0.1:3121
targets -set -nocase -filter {name =~"APU*"}
rst -system
after 3000
targets -set -filter {jtag_cable_name =~ "Digilent Zybo Z7 210351B3FC88A" && level==0 && jtag_device_ctx=="jsn-Zybo Z7-210351B3FC88A-13722093-0"}
fpga -file C:/Users/gusta/OneDrive/Documents/universidad/4to/1r/SEP/Proyectos/pr2/SEPmonG3/SEPmon_SW/_ide/bitstream/SEPmonG3V2.bit
targets -set -nocase -filter {name =~"APU*"}
loadhw -hw C:/Users/gusta/OneDrive/Documents/universidad/4to/1r/SEP/Proyectos/pr2/SEPmonG3/SEPmonG3/export/SEPmonG3/hw/SEPmonG3V2.xsa -mem-ranges [list {0x40000000 0xbfffffff}] -regs
configparams force-mem-access 1
targets -set -nocase -filter {name =~"APU*"}
source C:/Users/gusta/OneDrive/Documents/universidad/4to/1r/SEP/Proyectos/pr2/SEPmonG3/SEPmon_SW/_ide/psinit/ps7_init.tcl
ps7_init
ps7_post_config
targets -set -nocase -filter {name =~ "*A9*#0"}
dow C:/Users/gusta/OneDrive/Documents/universidad/4to/1r/SEP/Proyectos/pr2/SEPmonG3/SEPmon_SW/Debug/SEPmon_SW.elf
configparams force-mem-access 0
----------------End of Script----------------

01:15:22 INFO  : Context for processor 'ps7_cortexa9_0' is selected.
01:15:22 INFO  : 'con' command is executed.
01:15:22 INFO  : ----------------XSDB Script (After Launch)----------------
targets -set -nocase -filter {name =~ "*A9*#0"}
con
----------------End of Script----------------

01:15:22 INFO  : Launch script is exported to file 'C:\Users\gusta\OneDrive\Documents\universidad\4to\1r\SEP\Proyectos\pr2\SEPmonG3\.sdk\launch_scripts\single_application_debug\debugger_sepmon_sw-default_1.tcl'
01:26:00 INFO  : Checking for BSP changes to sync application flags for project 'SEPmon_SW'...
01:26:06 INFO  : Disconnected from the channel tcfchan#133.
01:26:07 INFO  : Connected to target on host '127.0.0.1' and port '3121'.
01:26:07 INFO  : Jtag cable 'Digilent Zybo Z7 210351B3FC88A' is selected.
01:26:07 INFO  : 'jtag frequency' command is executed.
01:26:07 INFO  : Context for 'APU' is selected.
01:26:07 INFO  : System reset is completed.
01:26:10 INFO  : 'after 3000' command is executed.
01:26:10 INFO  : 'targets -set -filter {jtag_cable_name =~ "Digilent Zybo Z7 210351B3FC88A" && level==0 && jtag_device_ctx=="jsn-Zybo Z7-210351B3FC88A-13722093-0"}' command is executed.
01:26:11 INFO  : FPGA configured successfully with bitstream "C:/Users/gusta/OneDrive/Documents/universidad/4to/1r/SEP/Proyectos/pr2/SEPmonG3/SEPmon_SW/_ide/bitstream/SEPmonG3V2.bit"
01:26:11 INFO  : Context for 'APU' is selected.
01:26:11 INFO  : Hardware design and registers information is loaded from 'C:/Users/gusta/OneDrive/Documents/universidad/4to/1r/SEP/Proyectos/pr2/SEPmonG3/SEPmonG3/export/SEPmonG3/hw/SEPmonG3V2.xsa'.
01:26:11 INFO  : 'configparams force-mem-access 1' command is executed.
01:26:11 INFO  : Context for 'APU' is selected.
01:26:11 INFO  : Sourcing of 'C:/Users/gusta/OneDrive/Documents/universidad/4to/1r/SEP/Proyectos/pr2/SEPmonG3/SEPmon_SW/_ide/psinit/ps7_init.tcl' is done.
01:26:12 INFO  : 'ps7_init' command is executed.
01:26:12 INFO  : 'ps7_post_config' command is executed.
01:26:12 INFO  : Context for processor 'ps7_cortexa9_0' is selected.
01:26:14 INFO  : The application 'C:/Users/gusta/OneDrive/Documents/universidad/4to/1r/SEP/Proyectos/pr2/SEPmonG3/SEPmon_SW/Debug/SEPmon_SW.elf' is downloaded to processor 'ps7_cortexa9_0'.
01:26:14 INFO  : 'configparams force-mem-access 0' command is executed.
01:26:14 INFO  : ----------------XSDB Script----------------
connect -url tcp:127.0.0.1:3121
targets -set -nocase -filter {name =~"APU*"}
rst -system
after 3000
targets -set -filter {jtag_cable_name =~ "Digilent Zybo Z7 210351B3FC88A" && level==0 && jtag_device_ctx=="jsn-Zybo Z7-210351B3FC88A-13722093-0"}
fpga -file C:/Users/gusta/OneDrive/Documents/universidad/4to/1r/SEP/Proyectos/pr2/SEPmonG3/SEPmon_SW/_ide/bitstream/SEPmonG3V2.bit
targets -set -nocase -filter {name =~"APU*"}
loadhw -hw C:/Users/gusta/OneDrive/Documents/universidad/4to/1r/SEP/Proyectos/pr2/SEPmonG3/SEPmonG3/export/SEPmonG3/hw/SEPmonG3V2.xsa -mem-ranges [list {0x40000000 0xbfffffff}] -regs
configparams force-mem-access 1
targets -set -nocase -filter {name =~"APU*"}
source C:/Users/gusta/OneDrive/Documents/universidad/4to/1r/SEP/Proyectos/pr2/SEPmonG3/SEPmon_SW/_ide/psinit/ps7_init.tcl
ps7_init
ps7_post_config
targets -set -nocase -filter {name =~ "*A9*#0"}
dow C:/Users/gusta/OneDrive/Documents/universidad/4to/1r/SEP/Proyectos/pr2/SEPmonG3/SEPmon_SW/Debug/SEPmon_SW.elf
configparams force-mem-access 0
----------------End of Script----------------

01:26:14 INFO  : Context for processor 'ps7_cortexa9_0' is selected.
01:26:14 INFO  : 'con' command is executed.
01:26:14 INFO  : ----------------XSDB Script (After Launch)----------------
targets -set -nocase -filter {name =~ "*A9*#0"}
con
----------------End of Script----------------

01:26:14 INFO  : Launch script is exported to file 'C:\Users\gusta\OneDrive\Documents\universidad\4to\1r\SEP\Proyectos\pr2\SEPmonG3\.sdk\launch_scripts\single_application_debug\debugger_sepmon_sw-default_1.tcl'
01:32:04 INFO  : Checking for BSP changes to sync application flags for project 'SEPmon_SW'...
01:32:37 INFO  : Checking for BSP changes to sync application flags for project 'SEPmon_SW'...
01:33:24 INFO  : Checking for BSP changes to sync application flags for project 'SEPmon_SW'...
01:33:37 INFO  : Checking for BSP changes to sync application flags for project 'SEPmon_SW'...
01:33:53 INFO  : Checking for BSP changes to sync application flags for project 'SEPmon_SW'...
01:33:57 INFO  : Disconnected from the channel tcfchan#134.
01:33:58 INFO  : Connected to target on host '127.0.0.1' and port '3121'.
01:33:58 INFO  : Jtag cable 'Digilent Zybo Z7 210351B3FC88A' is selected.
01:33:58 INFO  : 'jtag frequency' command is executed.
01:33:58 INFO  : Context for 'APU' is selected.
01:33:58 INFO  : System reset is completed.
01:34:01 INFO  : 'after 3000' command is executed.
01:34:01 INFO  : 'targets -set -filter {jtag_cable_name =~ "Digilent Zybo Z7 210351B3FC88A" && level==0 && jtag_device_ctx=="jsn-Zybo Z7-210351B3FC88A-13722093-0"}' command is executed.
01:34:02 INFO  : FPGA configured successfully with bitstream "C:/Users/gusta/OneDrive/Documents/universidad/4to/1r/SEP/Proyectos/pr2/SEPmonG3/SEPmon_SW/_ide/bitstream/SEPmonG3V2.bit"
01:34:02 INFO  : Context for 'APU' is selected.
01:34:02 INFO  : Hardware design and registers information is loaded from 'C:/Users/gusta/OneDrive/Documents/universidad/4to/1r/SEP/Proyectos/pr2/SEPmonG3/SEPmonG3/export/SEPmonG3/hw/SEPmonG3V2.xsa'.
01:34:02 INFO  : 'configparams force-mem-access 1' command is executed.
01:34:02 INFO  : Context for 'APU' is selected.
01:34:02 INFO  : Sourcing of 'C:/Users/gusta/OneDrive/Documents/universidad/4to/1r/SEP/Proyectos/pr2/SEPmonG3/SEPmon_SW/_ide/psinit/ps7_init.tcl' is done.
01:34:03 INFO  : 'ps7_init' command is executed.
01:34:03 INFO  : 'ps7_post_config' command is executed.
01:34:03 INFO  : Context for processor 'ps7_cortexa9_0' is selected.
01:34:05 INFO  : The application 'C:/Users/gusta/OneDrive/Documents/universidad/4to/1r/SEP/Proyectos/pr2/SEPmonG3/SEPmon_SW/Debug/SEPmon_SW.elf' is downloaded to processor 'ps7_cortexa9_0'.
01:34:05 INFO  : 'configparams force-mem-access 0' command is executed.
01:34:05 INFO  : ----------------XSDB Script----------------
connect -url tcp:127.0.0.1:3121
targets -set -nocase -filter {name =~"APU*"}
rst -system
after 3000
targets -set -filter {jtag_cable_name =~ "Digilent Zybo Z7 210351B3FC88A" && level==0 && jtag_device_ctx=="jsn-Zybo Z7-210351B3FC88A-13722093-0"}
fpga -file C:/Users/gusta/OneDrive/Documents/universidad/4to/1r/SEP/Proyectos/pr2/SEPmonG3/SEPmon_SW/_ide/bitstream/SEPmonG3V2.bit
targets -set -nocase -filter {name =~"APU*"}
loadhw -hw C:/Users/gusta/OneDrive/Documents/universidad/4to/1r/SEP/Proyectos/pr2/SEPmonG3/SEPmonG3/export/SEPmonG3/hw/SEPmonG3V2.xsa -mem-ranges [list {0x40000000 0xbfffffff}] -regs
configparams force-mem-access 1
targets -set -nocase -filter {name =~"APU*"}
source C:/Users/gusta/OneDrive/Documents/universidad/4to/1r/SEP/Proyectos/pr2/SEPmonG3/SEPmon_SW/_ide/psinit/ps7_init.tcl
ps7_init
ps7_post_config
targets -set -nocase -filter {name =~ "*A9*#0"}
dow C:/Users/gusta/OneDrive/Documents/universidad/4to/1r/SEP/Proyectos/pr2/SEPmonG3/SEPmon_SW/Debug/SEPmon_SW.elf
configparams force-mem-access 0
----------------End of Script----------------

01:34:05 INFO  : Context for processor 'ps7_cortexa9_0' is selected.
01:34:05 INFO  : 'con' command is executed.
01:34:05 INFO  : ----------------XSDB Script (After Launch)----------------
targets -set -nocase -filter {name =~ "*A9*#0"}
con
----------------End of Script----------------

01:34:05 INFO  : Launch script is exported to file 'C:\Users\gusta\OneDrive\Documents\universidad\4to\1r\SEP\Proyectos\pr2\SEPmonG3\.sdk\launch_scripts\single_application_debug\debugger_sepmon_sw-default_1.tcl'
01:34:37 INFO  : Checking for BSP changes to sync application flags for project 'SEPmon_SW'...
01:34:47 INFO  : Checking for BSP changes to sync application flags for project 'SEPmon_SW'...
01:34:53 INFO  : Disconnected from the channel tcfchan#135.
01:34:54 INFO  : Connected to target on host '127.0.0.1' and port '3121'.
01:34:54 INFO  : Jtag cable 'Digilent Zybo Z7 210351B3FC88A' is selected.
01:34:54 INFO  : 'jtag frequency' command is executed.
01:34:54 INFO  : Context for 'APU' is selected.
01:34:54 INFO  : System reset is completed.
01:34:57 INFO  : 'after 3000' command is executed.
01:34:57 INFO  : 'targets -set -filter {jtag_cable_name =~ "Digilent Zybo Z7 210351B3FC88A" && level==0 && jtag_device_ctx=="jsn-Zybo Z7-210351B3FC88A-13722093-0"}' command is executed.
01:34:58 INFO  : FPGA configured successfully with bitstream "C:/Users/gusta/OneDrive/Documents/universidad/4to/1r/SEP/Proyectos/pr2/SEPmonG3/SEPmon_SW/_ide/bitstream/SEPmonG3V2.bit"
01:34:58 INFO  : Context for 'APU' is selected.
01:34:58 INFO  : Hardware design and registers information is loaded from 'C:/Users/gusta/OneDrive/Documents/universidad/4to/1r/SEP/Proyectos/pr2/SEPmonG3/SEPmonG3/export/SEPmonG3/hw/SEPmonG3V2.xsa'.
01:34:58 INFO  : 'configparams force-mem-access 1' command is executed.
01:34:58 INFO  : Context for 'APU' is selected.
01:34:58 INFO  : Sourcing of 'C:/Users/gusta/OneDrive/Documents/universidad/4to/1r/SEP/Proyectos/pr2/SEPmonG3/SEPmon_SW/_ide/psinit/ps7_init.tcl' is done.
01:34:59 INFO  : 'ps7_init' command is executed.
01:34:59 INFO  : 'ps7_post_config' command is executed.
01:34:59 INFO  : Context for processor 'ps7_cortexa9_0' is selected.
01:35:01 INFO  : The application 'C:/Users/gusta/OneDrive/Documents/universidad/4to/1r/SEP/Proyectos/pr2/SEPmonG3/SEPmon_SW/Debug/SEPmon_SW.elf' is downloaded to processor 'ps7_cortexa9_0'.
01:35:01 INFO  : 'configparams force-mem-access 0' command is executed.
01:35:01 INFO  : ----------------XSDB Script----------------
connect -url tcp:127.0.0.1:3121
targets -set -nocase -filter {name =~"APU*"}
rst -system
after 3000
targets -set -filter {jtag_cable_name =~ "Digilent Zybo Z7 210351B3FC88A" && level==0 && jtag_device_ctx=="jsn-Zybo Z7-210351B3FC88A-13722093-0"}
fpga -file C:/Users/gusta/OneDrive/Documents/universidad/4to/1r/SEP/Proyectos/pr2/SEPmonG3/SEPmon_SW/_ide/bitstream/SEPmonG3V2.bit
targets -set -nocase -filter {name =~"APU*"}
loadhw -hw C:/Users/gusta/OneDrive/Documents/universidad/4to/1r/SEP/Proyectos/pr2/SEPmonG3/SEPmonG3/export/SEPmonG3/hw/SEPmonG3V2.xsa -mem-ranges [list {0x40000000 0xbfffffff}] -regs
configparams force-mem-access 1
targets -set -nocase -filter {name =~"APU*"}
source C:/Users/gusta/OneDrive/Documents/universidad/4to/1r/SEP/Proyectos/pr2/SEPmonG3/SEPmon_SW/_ide/psinit/ps7_init.tcl
ps7_init
ps7_post_config
targets -set -nocase -filter {name =~ "*A9*#0"}
dow C:/Users/gusta/OneDrive/Documents/universidad/4to/1r/SEP/Proyectos/pr2/SEPmonG3/SEPmon_SW/Debug/SEPmon_SW.elf
configparams force-mem-access 0
----------------End of Script----------------

01:35:01 INFO  : Context for processor 'ps7_cortexa9_0' is selected.
01:35:01 INFO  : 'con' command is executed.
01:35:01 INFO  : ----------------XSDB Script (After Launch)----------------
targets -set -nocase -filter {name =~ "*A9*#0"}
con
----------------End of Script----------------

01:35:01 INFO  : Launch script is exported to file 'C:\Users\gusta\OneDrive\Documents\universidad\4to\1r\SEP\Proyectos\pr2\SEPmonG3\.sdk\launch_scripts\single_application_debug\debugger_sepmon_sw-default_1.tcl'
01:35:32 INFO  : Disconnected from the channel tcfchan#136.
01:35:33 INFO  : Connected to target on host '127.0.0.1' and port '3121'.
01:35:33 INFO  : Jtag cable 'Digilent Zybo Z7 210351B3FC88A' is selected.
01:35:33 INFO  : 'jtag frequency' command is executed.
01:35:33 INFO  : Context for 'APU' is selected.
01:35:33 INFO  : System reset is completed.
01:35:36 INFO  : 'after 3000' command is executed.
01:35:36 INFO  : 'targets -set -filter {jtag_cable_name =~ "Digilent Zybo Z7 210351B3FC88A" && level==0 && jtag_device_ctx=="jsn-Zybo Z7-210351B3FC88A-13722093-0"}' command is executed.
01:35:37 INFO  : FPGA configured successfully with bitstream "C:/Users/gusta/OneDrive/Documents/universidad/4to/1r/SEP/Proyectos/pr2/SEPmonG3/SEPmon_SW/_ide/bitstream/SEPmonG3V2.bit"
01:35:37 INFO  : Context for 'APU' is selected.
01:35:37 INFO  : Hardware design and registers information is loaded from 'C:/Users/gusta/OneDrive/Documents/universidad/4to/1r/SEP/Proyectos/pr2/SEPmonG3/SEPmonG3/export/SEPmonG3/hw/SEPmonG3V2.xsa'.
01:35:37 INFO  : 'configparams force-mem-access 1' command is executed.
01:35:37 INFO  : Context for 'APU' is selected.
01:35:37 INFO  : Sourcing of 'C:/Users/gusta/OneDrive/Documents/universidad/4to/1r/SEP/Proyectos/pr2/SEPmonG3/SEPmon_SW/_ide/psinit/ps7_init.tcl' is done.
01:35:38 INFO  : 'ps7_init' command is executed.
01:35:38 INFO  : 'ps7_post_config' command is executed.
01:35:38 INFO  : Context for processor 'ps7_cortexa9_0' is selected.
01:35:40 INFO  : The application 'C:/Users/gusta/OneDrive/Documents/universidad/4to/1r/SEP/Proyectos/pr2/SEPmonG3/SEPmon_SW/Debug/SEPmon_SW.elf' is downloaded to processor 'ps7_cortexa9_0'.
01:35:40 INFO  : 'configparams force-mem-access 0' command is executed.
01:35:40 INFO  : ----------------XSDB Script----------------
connect -url tcp:127.0.0.1:3121
targets -set -nocase -filter {name =~"APU*"}
rst -system
after 3000
targets -set -filter {jtag_cable_name =~ "Digilent Zybo Z7 210351B3FC88A" && level==0 && jtag_device_ctx=="jsn-Zybo Z7-210351B3FC88A-13722093-0"}
fpga -file C:/Users/gusta/OneDrive/Documents/universidad/4to/1r/SEP/Proyectos/pr2/SEPmonG3/SEPmon_SW/_ide/bitstream/SEPmonG3V2.bit
targets -set -nocase -filter {name =~"APU*"}
loadhw -hw C:/Users/gusta/OneDrive/Documents/universidad/4to/1r/SEP/Proyectos/pr2/SEPmonG3/SEPmonG3/export/SEPmonG3/hw/SEPmonG3V2.xsa -mem-ranges [list {0x40000000 0xbfffffff}] -regs
configparams force-mem-access 1
targets -set -nocase -filter {name =~"APU*"}
source C:/Users/gusta/OneDrive/Documents/universidad/4to/1r/SEP/Proyectos/pr2/SEPmonG3/SEPmon_SW/_ide/psinit/ps7_init.tcl
ps7_init
ps7_post_config
targets -set -nocase -filter {name =~ "*A9*#0"}
dow C:/Users/gusta/OneDrive/Documents/universidad/4to/1r/SEP/Proyectos/pr2/SEPmonG3/SEPmon_SW/Debug/SEPmon_SW.elf
configparams force-mem-access 0
----------------End of Script----------------

01:35:40 INFO  : Context for processor 'ps7_cortexa9_0' is selected.
01:35:40 INFO  : 'con' command is executed.
01:35:40 INFO  : ----------------XSDB Script (After Launch)----------------
targets -set -nocase -filter {name =~ "*A9*#0"}
con
----------------End of Script----------------

01:35:40 INFO  : Launch script is exported to file 'C:\Users\gusta\OneDrive\Documents\universidad\4to\1r\SEP\Proyectos\pr2\SEPmonG3\.sdk\launch_scripts\single_application_debug\debugger_sepmon_sw-default_1.tcl'
01:36:55 INFO  : Checking for BSP changes to sync application flags for project 'SEPmon_SW'...
01:37:04 INFO  : Disconnected from the channel tcfchan#137.
01:37:05 INFO  : Connected to target on host '127.0.0.1' and port '3121'.
01:37:05 INFO  : Jtag cable 'Digilent Zybo Z7 210351B3FC88A' is selected.
01:37:05 INFO  : 'jtag frequency' command is executed.
01:37:05 INFO  : Context for 'APU' is selected.
01:37:05 INFO  : System reset is completed.
01:37:08 INFO  : 'after 3000' command is executed.
01:37:08 INFO  : 'targets -set -filter {jtag_cable_name =~ "Digilent Zybo Z7 210351B3FC88A" && level==0 && jtag_device_ctx=="jsn-Zybo Z7-210351B3FC88A-13722093-0"}' command is executed.
01:37:09 INFO  : FPGA configured successfully with bitstream "C:/Users/gusta/OneDrive/Documents/universidad/4to/1r/SEP/Proyectos/pr2/SEPmonG3/SEPmon_SW/_ide/bitstream/SEPmonG3V2.bit"
01:37:09 INFO  : Context for 'APU' is selected.
01:37:09 INFO  : Hardware design and registers information is loaded from 'C:/Users/gusta/OneDrive/Documents/universidad/4to/1r/SEP/Proyectos/pr2/SEPmonG3/SEPmonG3/export/SEPmonG3/hw/SEPmonG3V2.xsa'.
01:37:09 INFO  : 'configparams force-mem-access 1' command is executed.
01:37:09 INFO  : Context for 'APU' is selected.
01:37:09 INFO  : Sourcing of 'C:/Users/gusta/OneDrive/Documents/universidad/4to/1r/SEP/Proyectos/pr2/SEPmonG3/SEPmon_SW/_ide/psinit/ps7_init.tcl' is done.
01:37:10 INFO  : 'ps7_init' command is executed.
01:37:10 INFO  : 'ps7_post_config' command is executed.
01:37:10 INFO  : Context for processor 'ps7_cortexa9_0' is selected.
01:37:12 INFO  : The application 'C:/Users/gusta/OneDrive/Documents/universidad/4to/1r/SEP/Proyectos/pr2/SEPmonG3/SEPmon_SW/Debug/SEPmon_SW.elf' is downloaded to processor 'ps7_cortexa9_0'.
01:37:12 INFO  : 'configparams force-mem-access 0' command is executed.
01:37:12 INFO  : ----------------XSDB Script----------------
connect -url tcp:127.0.0.1:3121
targets -set -nocase -filter {name =~"APU*"}
rst -system
after 3000
targets -set -filter {jtag_cable_name =~ "Digilent Zybo Z7 210351B3FC88A" && level==0 && jtag_device_ctx=="jsn-Zybo Z7-210351B3FC88A-13722093-0"}
fpga -file C:/Users/gusta/OneDrive/Documents/universidad/4to/1r/SEP/Proyectos/pr2/SEPmonG3/SEPmon_SW/_ide/bitstream/SEPmonG3V2.bit
targets -set -nocase -filter {name =~"APU*"}
loadhw -hw C:/Users/gusta/OneDrive/Documents/universidad/4to/1r/SEP/Proyectos/pr2/SEPmonG3/SEPmonG3/export/SEPmonG3/hw/SEPmonG3V2.xsa -mem-ranges [list {0x40000000 0xbfffffff}] -regs
configparams force-mem-access 1
targets -set -nocase -filter {name =~"APU*"}
source C:/Users/gusta/OneDrive/Documents/universidad/4to/1r/SEP/Proyectos/pr2/SEPmonG3/SEPmon_SW/_ide/psinit/ps7_init.tcl
ps7_init
ps7_post_config
targets -set -nocase -filter {name =~ "*A9*#0"}
dow C:/Users/gusta/OneDrive/Documents/universidad/4to/1r/SEP/Proyectos/pr2/SEPmonG3/SEPmon_SW/Debug/SEPmon_SW.elf
configparams force-mem-access 0
----------------End of Script----------------

01:37:12 INFO  : Context for processor 'ps7_cortexa9_0' is selected.
01:37:12 INFO  : 'con' command is executed.
01:37:12 INFO  : ----------------XSDB Script (After Launch)----------------
targets -set -nocase -filter {name =~ "*A9*#0"}
con
----------------End of Script----------------

01:37:12 INFO  : Launch script is exported to file 'C:\Users\gusta\OneDrive\Documents\universidad\4to\1r\SEP\Proyectos\pr2\SEPmonG3\.sdk\launch_scripts\single_application_debug\debugger_sepmon_sw-default_1.tcl'
01:38:40 INFO  : Checking for BSP changes to sync application flags for project 'SEPmon_SW'...
01:54:39 INFO  : Checking for BSP changes to sync application flags for project 'SEPmon_SW'...
01:55:09 INFO  : Checking for BSP changes to sync application flags for project 'SEPmon_SW'...
01:55:26 INFO  : Checking for BSP changes to sync application flags for project 'SEPmon_SW'...
02:10:50 INFO  : Checking for BSP changes to sync application flags for project 'SEPmon_SW'...
02:11:15 INFO  : Checking for BSP changes to sync application flags for project 'SEPmon_SW'...
02:11:27 INFO  : Checking for BSP changes to sync application flags for project 'SEPmon_SW'...
02:13:46 INFO  : Disconnected from the channel tcfchan#138.
02:13:47 INFO  : Connected to target on host '127.0.0.1' and port '3121'.
02:13:47 INFO  : Jtag cable 'Digilent Zybo Z7 210351B3FC88A' is selected.
02:13:47 INFO  : 'jtag frequency' command is executed.
02:13:47 INFO  : Context for 'APU' is selected.
02:13:48 INFO  : System reset is completed.
02:13:51 INFO  : 'after 3000' command is executed.
02:13:51 INFO  : 'targets -set -filter {jtag_cable_name =~ "Digilent Zybo Z7 210351B3FC88A" && level==0 && jtag_device_ctx=="jsn-Zybo Z7-210351B3FC88A-13722093-0"}' command is executed.
02:13:52 INFO  : FPGA configured successfully with bitstream "C:/Users/gusta/OneDrive/Documents/universidad/4to/1r/SEP/Proyectos/pr2/SEPmonG3/SEPmon_SW/_ide/bitstream/SEPmonG3V2.bit"
02:13:52 INFO  : Context for 'APU' is selected.
02:13:52 INFO  : Hardware design and registers information is loaded from 'C:/Users/gusta/OneDrive/Documents/universidad/4to/1r/SEP/Proyectos/pr2/SEPmonG3/SEPmonG3/export/SEPmonG3/hw/SEPmonG3V2.xsa'.
02:13:52 INFO  : 'configparams force-mem-access 1' command is executed.
02:13:52 INFO  : Context for 'APU' is selected.
02:13:52 INFO  : Sourcing of 'C:/Users/gusta/OneDrive/Documents/universidad/4to/1r/SEP/Proyectos/pr2/SEPmonG3/SEPmon_SW/_ide/psinit/ps7_init.tcl' is done.
02:13:52 INFO  : 'ps7_init' command is executed.
02:13:52 INFO  : 'ps7_post_config' command is executed.
02:13:52 INFO  : Context for processor 'ps7_cortexa9_0' is selected.
02:13:54 INFO  : The application 'C:/Users/gusta/OneDrive/Documents/universidad/4to/1r/SEP/Proyectos/pr2/SEPmonG3/SEPmon_SW/Debug/SEPmon_SW.elf' is downloaded to processor 'ps7_cortexa9_0'.
02:13:54 INFO  : 'configparams force-mem-access 0' command is executed.
02:13:54 INFO  : ----------------XSDB Script----------------
connect -url tcp:127.0.0.1:3121
targets -set -nocase -filter {name =~"APU*"}
rst -system
after 3000
targets -set -filter {jtag_cable_name =~ "Digilent Zybo Z7 210351B3FC88A" && level==0 && jtag_device_ctx=="jsn-Zybo Z7-210351B3FC88A-13722093-0"}
fpga -file C:/Users/gusta/OneDrive/Documents/universidad/4to/1r/SEP/Proyectos/pr2/SEPmonG3/SEPmon_SW/_ide/bitstream/SEPmonG3V2.bit
targets -set -nocase -filter {name =~"APU*"}
loadhw -hw C:/Users/gusta/OneDrive/Documents/universidad/4to/1r/SEP/Proyectos/pr2/SEPmonG3/SEPmonG3/export/SEPmonG3/hw/SEPmonG3V2.xsa -mem-ranges [list {0x40000000 0xbfffffff}] -regs
configparams force-mem-access 1
targets -set -nocase -filter {name =~"APU*"}
source C:/Users/gusta/OneDrive/Documents/universidad/4to/1r/SEP/Proyectos/pr2/SEPmonG3/SEPmon_SW/_ide/psinit/ps7_init.tcl
ps7_init
ps7_post_config
targets -set -nocase -filter {name =~ "*A9*#0"}
dow C:/Users/gusta/OneDrive/Documents/universidad/4to/1r/SEP/Proyectos/pr2/SEPmonG3/SEPmon_SW/Debug/SEPmon_SW.elf
configparams force-mem-access 0
----------------End of Script----------------

02:13:55 INFO  : Context for processor 'ps7_cortexa9_0' is selected.
02:13:55 INFO  : 'con' command is executed.
02:13:55 INFO  : ----------------XSDB Script (After Launch)----------------
targets -set -nocase -filter {name =~ "*A9*#0"}
con
----------------End of Script----------------

02:13:55 INFO  : Launch script is exported to file 'C:\Users\gusta\OneDrive\Documents\universidad\4to\1r\SEP\Proyectos\pr2\SEPmonG3\.sdk\launch_scripts\single_application_debug\debugger_sepmon_sw-default_1.tcl'
02:15:23 INFO  : Checking for BSP changes to sync application flags for project 'SEPmon_SW'...
02:15:34 INFO  : Checking for BSP changes to sync application flags for project 'SEPmon_SW'...
02:17:47 INFO  : Checking for BSP changes to sync application flags for project 'SEPmon_SW'...
02:29:31 INFO  : Checking for BSP changes to sync application flags for project 'SEPmon_SW'...
02:30:09 INFO  : Checking for BSP changes to sync application flags for project 'SEPmon_SW'...
02:30:34 INFO  : Checking for BSP changes to sync application flags for project 'SEPmon_SW'...
02:30:40 INFO  : Disconnected from the channel tcfchan#139.
02:30:41 INFO  : Connected to target on host '127.0.0.1' and port '3121'.
02:30:41 INFO  : Jtag cable 'Digilent Zybo Z7 210351B3FC88A' is selected.
02:30:41 INFO  : 'jtag frequency' command is executed.
02:30:41 INFO  : Context for 'APU' is selected.
02:30:41 INFO  : System reset is completed.
02:30:44 INFO  : 'after 3000' command is executed.
02:30:44 INFO  : 'targets -set -filter {jtag_cable_name =~ "Digilent Zybo Z7 210351B3FC88A" && level==0 && jtag_device_ctx=="jsn-Zybo Z7-210351B3FC88A-13722093-0"}' command is executed.
02:30:45 INFO  : FPGA configured successfully with bitstream "C:/Users/gusta/OneDrive/Documents/universidad/4to/1r/SEP/Proyectos/pr2/SEPmonG3/SEPmon_SW/_ide/bitstream/SEPmonG3V2.bit"
02:30:46 INFO  : Context for 'APU' is selected.
02:30:46 INFO  : Hardware design and registers information is loaded from 'C:/Users/gusta/OneDrive/Documents/universidad/4to/1r/SEP/Proyectos/pr2/SEPmonG3/SEPmonG3/export/SEPmonG3/hw/SEPmonG3V2.xsa'.
02:30:46 INFO  : 'configparams force-mem-access 1' command is executed.
02:30:46 INFO  : Context for 'APU' is selected.
02:30:46 INFO  : Sourcing of 'C:/Users/gusta/OneDrive/Documents/universidad/4to/1r/SEP/Proyectos/pr2/SEPmonG3/SEPmon_SW/_ide/psinit/ps7_init.tcl' is done.
02:30:46 INFO  : 'ps7_init' command is executed.
02:30:46 INFO  : 'ps7_post_config' command is executed.
02:30:46 INFO  : Context for processor 'ps7_cortexa9_0' is selected.
02:30:48 INFO  : The application 'C:/Users/gusta/OneDrive/Documents/universidad/4to/1r/SEP/Proyectos/pr2/SEPmonG3/SEPmon_SW/Debug/SEPmon_SW.elf' is downloaded to processor 'ps7_cortexa9_0'.
02:30:48 INFO  : 'configparams force-mem-access 0' command is executed.
02:30:48 INFO  : ----------------XSDB Script----------------
connect -url tcp:127.0.0.1:3121
targets -set -nocase -filter {name =~"APU*"}
rst -system
after 3000
targets -set -filter {jtag_cable_name =~ "Digilent Zybo Z7 210351B3FC88A" && level==0 && jtag_device_ctx=="jsn-Zybo Z7-210351B3FC88A-13722093-0"}
fpga -file C:/Users/gusta/OneDrive/Documents/universidad/4to/1r/SEP/Proyectos/pr2/SEPmonG3/SEPmon_SW/_ide/bitstream/SEPmonG3V2.bit
targets -set -nocase -filter {name =~"APU*"}
loadhw -hw C:/Users/gusta/OneDrive/Documents/universidad/4to/1r/SEP/Proyectos/pr2/SEPmonG3/SEPmonG3/export/SEPmonG3/hw/SEPmonG3V2.xsa -mem-ranges [list {0x40000000 0xbfffffff}] -regs
configparams force-mem-access 1
targets -set -nocase -filter {name =~"APU*"}
source C:/Users/gusta/OneDrive/Documents/universidad/4to/1r/SEP/Proyectos/pr2/SEPmonG3/SEPmon_SW/_ide/psinit/ps7_init.tcl
ps7_init
ps7_post_config
targets -set -nocase -filter {name =~ "*A9*#0"}
dow C:/Users/gusta/OneDrive/Documents/universidad/4to/1r/SEP/Proyectos/pr2/SEPmonG3/SEPmon_SW/Debug/SEPmon_SW.elf
configparams force-mem-access 0
----------------End of Script----------------

02:30:48 INFO  : Context for processor 'ps7_cortexa9_0' is selected.
02:30:48 INFO  : 'con' command is executed.
02:30:48 INFO  : ----------------XSDB Script (After Launch)----------------
targets -set -nocase -filter {name =~ "*A9*#0"}
con
----------------End of Script----------------

02:30:48 INFO  : Launch script is exported to file 'C:\Users\gusta\OneDrive\Documents\universidad\4to\1r\SEP\Proyectos\pr2\SEPmonG3\.sdk\launch_scripts\single_application_debug\debugger_sepmon_sw-default_1.tcl'
02:31:28 INFO  : Checking for BSP changes to sync application flags for project 'SEPmon_SW'...
02:31:49 INFO  : Checking for BSP changes to sync application flags for project 'SEPmon_SW'...
02:31:54 INFO  : Disconnected from the channel tcfchan#140.
02:31:55 INFO  : Connected to target on host '127.0.0.1' and port '3121'.
02:31:56 INFO  : Jtag cable 'Digilent Zybo Z7 210351B3FC88A' is selected.
02:31:56 INFO  : 'jtag frequency' command is executed.
02:31:56 INFO  : Context for 'APU' is selected.
02:31:56 INFO  : System reset is completed.
02:31:59 INFO  : 'after 3000' command is executed.
02:31:59 INFO  : 'targets -set -filter {jtag_cable_name =~ "Digilent Zybo Z7 210351B3FC88A" && level==0 && jtag_device_ctx=="jsn-Zybo Z7-210351B3FC88A-13722093-0"}' command is executed.
02:32:00 INFO  : FPGA configured successfully with bitstream "C:/Users/gusta/OneDrive/Documents/universidad/4to/1r/SEP/Proyectos/pr2/SEPmonG3/SEPmon_SW/_ide/bitstream/SEPmonG3V2.bit"
02:32:00 INFO  : Context for 'APU' is selected.
02:32:00 INFO  : Hardware design and registers information is loaded from 'C:/Users/gusta/OneDrive/Documents/universidad/4to/1r/SEP/Proyectos/pr2/SEPmonG3/SEPmonG3/export/SEPmonG3/hw/SEPmonG3V2.xsa'.
02:32:00 INFO  : 'configparams force-mem-access 1' command is executed.
02:32:00 INFO  : Context for 'APU' is selected.
02:32:00 INFO  : Sourcing of 'C:/Users/gusta/OneDrive/Documents/universidad/4to/1r/SEP/Proyectos/pr2/SEPmonG3/SEPmon_SW/_ide/psinit/ps7_init.tcl' is done.
02:32:00 INFO  : 'ps7_init' command is executed.
02:32:00 INFO  : 'ps7_post_config' command is executed.
02:32:00 INFO  : Context for processor 'ps7_cortexa9_0' is selected.
02:32:03 INFO  : The application 'C:/Users/gusta/OneDrive/Documents/universidad/4to/1r/SEP/Proyectos/pr2/SEPmonG3/SEPmon_SW/Debug/SEPmon_SW.elf' is downloaded to processor 'ps7_cortexa9_0'.
02:32:03 INFO  : 'configparams force-mem-access 0' command is executed.
02:32:03 INFO  : ----------------XSDB Script----------------
connect -url tcp:127.0.0.1:3121
targets -set -nocase -filter {name =~"APU*"}
rst -system
after 3000
targets -set -filter {jtag_cable_name =~ "Digilent Zybo Z7 210351B3FC88A" && level==0 && jtag_device_ctx=="jsn-Zybo Z7-210351B3FC88A-13722093-0"}
fpga -file C:/Users/gusta/OneDrive/Documents/universidad/4to/1r/SEP/Proyectos/pr2/SEPmonG3/SEPmon_SW/_ide/bitstream/SEPmonG3V2.bit
targets -set -nocase -filter {name =~"APU*"}
loadhw -hw C:/Users/gusta/OneDrive/Documents/universidad/4to/1r/SEP/Proyectos/pr2/SEPmonG3/SEPmonG3/export/SEPmonG3/hw/SEPmonG3V2.xsa -mem-ranges [list {0x40000000 0xbfffffff}] -regs
configparams force-mem-access 1
targets -set -nocase -filter {name =~"APU*"}
source C:/Users/gusta/OneDrive/Documents/universidad/4to/1r/SEP/Proyectos/pr2/SEPmonG3/SEPmon_SW/_ide/psinit/ps7_init.tcl
ps7_init
ps7_post_config
targets -set -nocase -filter {name =~ "*A9*#0"}
dow C:/Users/gusta/OneDrive/Documents/universidad/4to/1r/SEP/Proyectos/pr2/SEPmonG3/SEPmon_SW/Debug/SEPmon_SW.elf
configparams force-mem-access 0
----------------End of Script----------------

02:32:03 INFO  : Context for processor 'ps7_cortexa9_0' is selected.
02:32:03 INFO  : 'con' command is executed.
02:32:03 INFO  : ----------------XSDB Script (After Launch)----------------
targets -set -nocase -filter {name =~ "*A9*#0"}
con
----------------End of Script----------------

02:32:03 INFO  : Launch script is exported to file 'C:\Users\gusta\OneDrive\Documents\universidad\4to\1r\SEP\Proyectos\pr2\SEPmonG3\.sdk\launch_scripts\single_application_debug\debugger_sepmon_sw-default_1.tcl'
02:33:27 INFO  : Checking for BSP changes to sync application flags for project 'SEPmon_SW'...
02:33:34 INFO  : Disconnected from the channel tcfchan#141.
02:33:35 INFO  : Connected to target on host '127.0.0.1' and port '3121'.
02:33:35 INFO  : Jtag cable 'Digilent Zybo Z7 210351B3FC88A' is selected.
02:33:35 INFO  : 'jtag frequency' command is executed.
02:33:35 INFO  : Context for 'APU' is selected.
02:33:35 INFO  : System reset is completed.
02:33:38 INFO  : 'after 3000' command is executed.
02:33:38 INFO  : 'targets -set -filter {jtag_cable_name =~ "Digilent Zybo Z7 210351B3FC88A" && level==0 && jtag_device_ctx=="jsn-Zybo Z7-210351B3FC88A-13722093-0"}' command is executed.
02:33:40 INFO  : FPGA configured successfully with bitstream "C:/Users/gusta/OneDrive/Documents/universidad/4to/1r/SEP/Proyectos/pr2/SEPmonG3/SEPmon_SW/_ide/bitstream/SEPmonG3V2.bit"
02:33:40 INFO  : Context for 'APU' is selected.
02:33:40 INFO  : Hardware design and registers information is loaded from 'C:/Users/gusta/OneDrive/Documents/universidad/4to/1r/SEP/Proyectos/pr2/SEPmonG3/SEPmonG3/export/SEPmonG3/hw/SEPmonG3V2.xsa'.
02:33:40 INFO  : 'configparams force-mem-access 1' command is executed.
02:33:40 INFO  : Context for 'APU' is selected.
02:33:40 INFO  : Sourcing of 'C:/Users/gusta/OneDrive/Documents/universidad/4to/1r/SEP/Proyectos/pr2/SEPmonG3/SEPmon_SW/_ide/psinit/ps7_init.tcl' is done.
02:33:40 INFO  : 'ps7_init' command is executed.
02:33:40 INFO  : 'ps7_post_config' command is executed.
02:33:40 INFO  : Context for processor 'ps7_cortexa9_0' is selected.
02:33:42 INFO  : The application 'C:/Users/gusta/OneDrive/Documents/universidad/4to/1r/SEP/Proyectos/pr2/SEPmonG3/SEPmon_SW/Debug/SEPmon_SW.elf' is downloaded to processor 'ps7_cortexa9_0'.
02:33:42 INFO  : 'configparams force-mem-access 0' command is executed.
02:33:42 INFO  : ----------------XSDB Script----------------
connect -url tcp:127.0.0.1:3121
targets -set -nocase -filter {name =~"APU*"}
rst -system
after 3000
targets -set -filter {jtag_cable_name =~ "Digilent Zybo Z7 210351B3FC88A" && level==0 && jtag_device_ctx=="jsn-Zybo Z7-210351B3FC88A-13722093-0"}
fpga -file C:/Users/gusta/OneDrive/Documents/universidad/4to/1r/SEP/Proyectos/pr2/SEPmonG3/SEPmon_SW/_ide/bitstream/SEPmonG3V2.bit
targets -set -nocase -filter {name =~"APU*"}
loadhw -hw C:/Users/gusta/OneDrive/Documents/universidad/4to/1r/SEP/Proyectos/pr2/SEPmonG3/SEPmonG3/export/SEPmonG3/hw/SEPmonG3V2.xsa -mem-ranges [list {0x40000000 0xbfffffff}] -regs
configparams force-mem-access 1
targets -set -nocase -filter {name =~"APU*"}
source C:/Users/gusta/OneDrive/Documents/universidad/4to/1r/SEP/Proyectos/pr2/SEPmonG3/SEPmon_SW/_ide/psinit/ps7_init.tcl
ps7_init
ps7_post_config
targets -set -nocase -filter {name =~ "*A9*#0"}
dow C:/Users/gusta/OneDrive/Documents/universidad/4to/1r/SEP/Proyectos/pr2/SEPmonG3/SEPmon_SW/Debug/SEPmon_SW.elf
configparams force-mem-access 0
----------------End of Script----------------

02:33:43 INFO  : Context for processor 'ps7_cortexa9_0' is selected.
02:33:43 INFO  : 'con' command is executed.
02:33:43 INFO  : ----------------XSDB Script (After Launch)----------------
targets -set -nocase -filter {name =~ "*A9*#0"}
con
----------------End of Script----------------

02:33:43 INFO  : Launch script is exported to file 'C:\Users\gusta\OneDrive\Documents\universidad\4to\1r\SEP\Proyectos\pr2\SEPmonG3\.sdk\launch_scripts\single_application_debug\debugger_sepmon_sw-default_1.tcl'
02:34:32 INFO  : Checking for BSP changes to sync application flags for project 'SEPmon_SW'...
02:34:38 INFO  : Disconnected from the channel tcfchan#142.
02:34:39 INFO  : Connected to target on host '127.0.0.1' and port '3121'.
02:34:39 INFO  : Jtag cable 'Digilent Zybo Z7 210351B3FC88A' is selected.
02:34:39 INFO  : 'jtag frequency' command is executed.
02:34:39 INFO  : Context for 'APU' is selected.
02:34:39 INFO  : System reset is completed.
02:34:42 INFO  : 'after 3000' command is executed.
02:34:42 INFO  : 'targets -set -filter {jtag_cable_name =~ "Digilent Zybo Z7 210351B3FC88A" && level==0 && jtag_device_ctx=="jsn-Zybo Z7-210351B3FC88A-13722093-0"}' command is executed.
02:34:43 INFO  : FPGA configured successfully with bitstream "C:/Users/gusta/OneDrive/Documents/universidad/4to/1r/SEP/Proyectos/pr2/SEPmonG3/SEPmon_SW/_ide/bitstream/SEPmonG3V2.bit"
02:34:43 INFO  : Context for 'APU' is selected.
02:34:43 INFO  : Hardware design and registers information is loaded from 'C:/Users/gusta/OneDrive/Documents/universidad/4to/1r/SEP/Proyectos/pr2/SEPmonG3/SEPmonG3/export/SEPmonG3/hw/SEPmonG3V2.xsa'.
02:34:43 INFO  : 'configparams force-mem-access 1' command is executed.
02:34:43 INFO  : Context for 'APU' is selected.
02:34:43 INFO  : Sourcing of 'C:/Users/gusta/OneDrive/Documents/universidad/4to/1r/SEP/Proyectos/pr2/SEPmonG3/SEPmon_SW/_ide/psinit/ps7_init.tcl' is done.
02:34:44 INFO  : 'ps7_init' command is executed.
02:34:44 INFO  : 'ps7_post_config' command is executed.
02:34:44 INFO  : Context for processor 'ps7_cortexa9_0' is selected.
02:34:46 INFO  : The application 'C:/Users/gusta/OneDrive/Documents/universidad/4to/1r/SEP/Proyectos/pr2/SEPmonG3/SEPmon_SW/Debug/SEPmon_SW.elf' is downloaded to processor 'ps7_cortexa9_0'.
02:34:46 INFO  : 'configparams force-mem-access 0' command is executed.
02:34:46 INFO  : ----------------XSDB Script----------------
connect -url tcp:127.0.0.1:3121
targets -set -nocase -filter {name =~"APU*"}
rst -system
after 3000
targets -set -filter {jtag_cable_name =~ "Digilent Zybo Z7 210351B3FC88A" && level==0 && jtag_device_ctx=="jsn-Zybo Z7-210351B3FC88A-13722093-0"}
fpga -file C:/Users/gusta/OneDrive/Documents/universidad/4to/1r/SEP/Proyectos/pr2/SEPmonG3/SEPmon_SW/_ide/bitstream/SEPmonG3V2.bit
targets -set -nocase -filter {name =~"APU*"}
loadhw -hw C:/Users/gusta/OneDrive/Documents/universidad/4to/1r/SEP/Proyectos/pr2/SEPmonG3/SEPmonG3/export/SEPmonG3/hw/SEPmonG3V2.xsa -mem-ranges [list {0x40000000 0xbfffffff}] -regs
configparams force-mem-access 1
targets -set -nocase -filter {name =~"APU*"}
source C:/Users/gusta/OneDrive/Documents/universidad/4to/1r/SEP/Proyectos/pr2/SEPmonG3/SEPmon_SW/_ide/psinit/ps7_init.tcl
ps7_init
ps7_post_config
targets -set -nocase -filter {name =~ "*A9*#0"}
dow C:/Users/gusta/OneDrive/Documents/universidad/4to/1r/SEP/Proyectos/pr2/SEPmonG3/SEPmon_SW/Debug/SEPmon_SW.elf
configparams force-mem-access 0
----------------End of Script----------------

02:34:46 INFO  : Context for processor 'ps7_cortexa9_0' is selected.
02:34:46 INFO  : 'con' command is executed.
02:34:46 INFO  : ----------------XSDB Script (After Launch)----------------
targets -set -nocase -filter {name =~ "*A9*#0"}
con
----------------End of Script----------------

02:34:46 INFO  : Launch script is exported to file 'C:\Users\gusta\OneDrive\Documents\universidad\4to\1r\SEP\Proyectos\pr2\SEPmonG3\.sdk\launch_scripts\single_application_debug\debugger_sepmon_sw-default_1.tcl'
02:34:53 INFO  : Checking for BSP changes to sync application flags for project 'SEPmon_SW'...
02:35:59 INFO  : Checking for BSP changes to sync application flags for project 'SEPmon_SW'...
02:36:05 INFO  : Disconnected from the channel tcfchan#143.
02:36:06 INFO  : Connected to target on host '127.0.0.1' and port '3121'.
02:36:06 INFO  : Jtag cable 'Digilent Zybo Z7 210351B3FC88A' is selected.
02:36:06 INFO  : 'jtag frequency' command is executed.
02:36:06 INFO  : Context for 'APU' is selected.
02:36:06 INFO  : System reset is completed.
02:36:09 INFO  : 'after 3000' command is executed.
02:36:09 INFO  : 'targets -set -filter {jtag_cable_name =~ "Digilent Zybo Z7 210351B3FC88A" && level==0 && jtag_device_ctx=="jsn-Zybo Z7-210351B3FC88A-13722093-0"}' command is executed.
02:36:11 INFO  : FPGA configured successfully with bitstream "C:/Users/gusta/OneDrive/Documents/universidad/4to/1r/SEP/Proyectos/pr2/SEPmonG3/SEPmon_SW/_ide/bitstream/SEPmonG3V2.bit"
02:36:11 INFO  : Context for 'APU' is selected.
02:36:11 INFO  : Hardware design and registers information is loaded from 'C:/Users/gusta/OneDrive/Documents/universidad/4to/1r/SEP/Proyectos/pr2/SEPmonG3/SEPmonG3/export/SEPmonG3/hw/SEPmonG3V2.xsa'.
02:36:11 INFO  : 'configparams force-mem-access 1' command is executed.
02:36:11 INFO  : Context for 'APU' is selected.
02:36:11 INFO  : Sourcing of 'C:/Users/gusta/OneDrive/Documents/universidad/4to/1r/SEP/Proyectos/pr2/SEPmonG3/SEPmon_SW/_ide/psinit/ps7_init.tcl' is done.
02:36:11 INFO  : 'ps7_init' command is executed.
02:36:11 INFO  : 'ps7_post_config' command is executed.
02:36:11 INFO  : Context for processor 'ps7_cortexa9_0' is selected.
02:36:13 INFO  : The application 'C:/Users/gusta/OneDrive/Documents/universidad/4to/1r/SEP/Proyectos/pr2/SEPmonG3/SEPmon_SW/Debug/SEPmon_SW.elf' is downloaded to processor 'ps7_cortexa9_0'.
02:36:13 INFO  : 'configparams force-mem-access 0' command is executed.
02:36:13 INFO  : ----------------XSDB Script----------------
connect -url tcp:127.0.0.1:3121
targets -set -nocase -filter {name =~"APU*"}
rst -system
after 3000
targets -set -filter {jtag_cable_name =~ "Digilent Zybo Z7 210351B3FC88A" && level==0 && jtag_device_ctx=="jsn-Zybo Z7-210351B3FC88A-13722093-0"}
fpga -file C:/Users/gusta/OneDrive/Documents/universidad/4to/1r/SEP/Proyectos/pr2/SEPmonG3/SEPmon_SW/_ide/bitstream/SEPmonG3V2.bit
targets -set -nocase -filter {name =~"APU*"}
loadhw -hw C:/Users/gusta/OneDrive/Documents/universidad/4to/1r/SEP/Proyectos/pr2/SEPmonG3/SEPmonG3/export/SEPmonG3/hw/SEPmonG3V2.xsa -mem-ranges [list {0x40000000 0xbfffffff}] -regs
configparams force-mem-access 1
targets -set -nocase -filter {name =~"APU*"}
source C:/Users/gusta/OneDrive/Documents/universidad/4to/1r/SEP/Proyectos/pr2/SEPmonG3/SEPmon_SW/_ide/psinit/ps7_init.tcl
ps7_init
ps7_post_config
targets -set -nocase -filter {name =~ "*A9*#0"}
dow C:/Users/gusta/OneDrive/Documents/universidad/4to/1r/SEP/Proyectos/pr2/SEPmonG3/SEPmon_SW/Debug/SEPmon_SW.elf
configparams force-mem-access 0
----------------End of Script----------------

02:36:14 INFO  : Context for processor 'ps7_cortexa9_0' is selected.
02:36:14 INFO  : 'con' command is executed.
02:36:14 INFO  : ----------------XSDB Script (After Launch)----------------
targets -set -nocase -filter {name =~ "*A9*#0"}
con
----------------End of Script----------------

02:36:14 INFO  : Launch script is exported to file 'C:\Users\gusta\OneDrive\Documents\universidad\4to\1r\SEP\Proyectos\pr2\SEPmonG3\.sdk\launch_scripts\single_application_debug\debugger_sepmon_sw-default_1.tcl'
02:36:42 INFO  : Checking for BSP changes to sync application flags for project 'SEPmon_SW'...
02:36:48 INFO  : Disconnected from the channel tcfchan#144.
02:36:49 INFO  : Connected to target on host '127.0.0.1' and port '3121'.
02:36:49 INFO  : Jtag cable 'Digilent Zybo Z7 210351B3FC88A' is selected.
02:36:49 INFO  : 'jtag frequency' command is executed.
02:36:49 INFO  : Context for 'APU' is selected.
02:36:49 INFO  : System reset is completed.
02:36:52 INFO  : 'after 3000' command is executed.
02:36:52 INFO  : 'targets -set -filter {jtag_cable_name =~ "Digilent Zybo Z7 210351B3FC88A" && level==0 && jtag_device_ctx=="jsn-Zybo Z7-210351B3FC88A-13722093-0"}' command is executed.
02:36:53 INFO  : FPGA configured successfully with bitstream "C:/Users/gusta/OneDrive/Documents/universidad/4to/1r/SEP/Proyectos/pr2/SEPmonG3/SEPmon_SW/_ide/bitstream/SEPmonG3V2.bit"
02:36:53 INFO  : Context for 'APU' is selected.
02:36:54 INFO  : Hardware design and registers information is loaded from 'C:/Users/gusta/OneDrive/Documents/universidad/4to/1r/SEP/Proyectos/pr2/SEPmonG3/SEPmonG3/export/SEPmonG3/hw/SEPmonG3V2.xsa'.
02:36:54 INFO  : 'configparams force-mem-access 1' command is executed.
02:36:54 INFO  : Context for 'APU' is selected.
02:36:54 INFO  : Sourcing of 'C:/Users/gusta/OneDrive/Documents/universidad/4to/1r/SEP/Proyectos/pr2/SEPmonG3/SEPmon_SW/_ide/psinit/ps7_init.tcl' is done.
02:36:54 INFO  : 'ps7_init' command is executed.
02:36:54 INFO  : 'ps7_post_config' command is executed.
02:36:54 INFO  : Context for processor 'ps7_cortexa9_0' is selected.
02:36:56 INFO  : The application 'C:/Users/gusta/OneDrive/Documents/universidad/4to/1r/SEP/Proyectos/pr2/SEPmonG3/SEPmon_SW/Debug/SEPmon_SW.elf' is downloaded to processor 'ps7_cortexa9_0'.
02:36:56 INFO  : 'configparams force-mem-access 0' command is executed.
02:36:56 INFO  : ----------------XSDB Script----------------
connect -url tcp:127.0.0.1:3121
targets -set -nocase -filter {name =~"APU*"}
rst -system
after 3000
targets -set -filter {jtag_cable_name =~ "Digilent Zybo Z7 210351B3FC88A" && level==0 && jtag_device_ctx=="jsn-Zybo Z7-210351B3FC88A-13722093-0"}
fpga -file C:/Users/gusta/OneDrive/Documents/universidad/4to/1r/SEP/Proyectos/pr2/SEPmonG3/SEPmon_SW/_ide/bitstream/SEPmonG3V2.bit
targets -set -nocase -filter {name =~"APU*"}
loadhw -hw C:/Users/gusta/OneDrive/Documents/universidad/4to/1r/SEP/Proyectos/pr2/SEPmonG3/SEPmonG3/export/SEPmonG3/hw/SEPmonG3V2.xsa -mem-ranges [list {0x40000000 0xbfffffff}] -regs
configparams force-mem-access 1
targets -set -nocase -filter {name =~"APU*"}
source C:/Users/gusta/OneDrive/Documents/universidad/4to/1r/SEP/Proyectos/pr2/SEPmonG3/SEPmon_SW/_ide/psinit/ps7_init.tcl
ps7_init
ps7_post_config
targets -set -nocase -filter {name =~ "*A9*#0"}
dow C:/Users/gusta/OneDrive/Documents/universidad/4to/1r/SEP/Proyectos/pr2/SEPmonG3/SEPmon_SW/Debug/SEPmon_SW.elf
configparams force-mem-access 0
----------------End of Script----------------

02:36:56 INFO  : Context for processor 'ps7_cortexa9_0' is selected.
02:36:56 INFO  : 'con' command is executed.
02:36:56 INFO  : ----------------XSDB Script (After Launch)----------------
targets -set -nocase -filter {name =~ "*A9*#0"}
con
----------------End of Script----------------

02:36:56 INFO  : Launch script is exported to file 'C:\Users\gusta\OneDrive\Documents\universidad\4to\1r\SEP\Proyectos\pr2\SEPmonG3\.sdk\launch_scripts\single_application_debug\debugger_sepmon_sw-default_1.tcl'
02:37:31 INFO  : Checking for BSP changes to sync application flags for project 'SEPmon_SW'...
02:37:37 INFO  : Disconnected from the channel tcfchan#145.
02:37:38 INFO  : Connected to target on host '127.0.0.1' and port '3121'.
02:37:38 INFO  : Jtag cable 'Digilent Zybo Z7 210351B3FC88A' is selected.
02:37:38 INFO  : 'jtag frequency' command is executed.
02:37:38 INFO  : Context for 'APU' is selected.
02:37:38 INFO  : System reset is completed.
02:37:41 INFO  : 'after 3000' command is executed.
02:37:41 INFO  : 'targets -set -filter {jtag_cable_name =~ "Digilent Zybo Z7 210351B3FC88A" && level==0 && jtag_device_ctx=="jsn-Zybo Z7-210351B3FC88A-13722093-0"}' command is executed.
02:37:43 INFO  : FPGA configured successfully with bitstream "C:/Users/gusta/OneDrive/Documents/universidad/4to/1r/SEP/Proyectos/pr2/SEPmonG3/SEPmon_SW/_ide/bitstream/SEPmonG3V2.bit"
02:37:43 INFO  : Context for 'APU' is selected.
02:37:43 INFO  : Hardware design and registers information is loaded from 'C:/Users/gusta/OneDrive/Documents/universidad/4to/1r/SEP/Proyectos/pr2/SEPmonG3/SEPmonG3/export/SEPmonG3/hw/SEPmonG3V2.xsa'.
02:37:43 INFO  : 'configparams force-mem-access 1' command is executed.
02:37:43 INFO  : Context for 'APU' is selected.
02:37:43 INFO  : Sourcing of 'C:/Users/gusta/OneDrive/Documents/universidad/4to/1r/SEP/Proyectos/pr2/SEPmonG3/SEPmon_SW/_ide/psinit/ps7_init.tcl' is done.
02:37:43 INFO  : 'ps7_init' command is executed.
02:37:43 INFO  : 'ps7_post_config' command is executed.
02:37:43 INFO  : Context for processor 'ps7_cortexa9_0' is selected.
02:37:45 INFO  : The application 'C:/Users/gusta/OneDrive/Documents/universidad/4to/1r/SEP/Proyectos/pr2/SEPmonG3/SEPmon_SW/Debug/SEPmon_SW.elf' is downloaded to processor 'ps7_cortexa9_0'.
02:37:45 INFO  : 'configparams force-mem-access 0' command is executed.
02:37:45 INFO  : ----------------XSDB Script----------------
connect -url tcp:127.0.0.1:3121
targets -set -nocase -filter {name =~"APU*"}
rst -system
after 3000
targets -set -filter {jtag_cable_name =~ "Digilent Zybo Z7 210351B3FC88A" && level==0 && jtag_device_ctx=="jsn-Zybo Z7-210351B3FC88A-13722093-0"}
fpga -file C:/Users/gusta/OneDrive/Documents/universidad/4to/1r/SEP/Proyectos/pr2/SEPmonG3/SEPmon_SW/_ide/bitstream/SEPmonG3V2.bit
targets -set -nocase -filter {name =~"APU*"}
loadhw -hw C:/Users/gusta/OneDrive/Documents/universidad/4to/1r/SEP/Proyectos/pr2/SEPmonG3/SEPmonG3/export/SEPmonG3/hw/SEPmonG3V2.xsa -mem-ranges [list {0x40000000 0xbfffffff}] -regs
configparams force-mem-access 1
targets -set -nocase -filter {name =~"APU*"}
source C:/Users/gusta/OneDrive/Documents/universidad/4to/1r/SEP/Proyectos/pr2/SEPmonG3/SEPmon_SW/_ide/psinit/ps7_init.tcl
ps7_init
ps7_post_config
targets -set -nocase -filter {name =~ "*A9*#0"}
dow C:/Users/gusta/OneDrive/Documents/universidad/4to/1r/SEP/Proyectos/pr2/SEPmonG3/SEPmon_SW/Debug/SEPmon_SW.elf
configparams force-mem-access 0
----------------End of Script----------------

02:37:45 INFO  : Context for processor 'ps7_cortexa9_0' is selected.
02:37:45 INFO  : 'con' command is executed.
02:37:45 INFO  : ----------------XSDB Script (After Launch)----------------
targets -set -nocase -filter {name =~ "*A9*#0"}
con
----------------End of Script----------------

02:37:45 INFO  : Launch script is exported to file 'C:\Users\gusta\OneDrive\Documents\universidad\4to\1r\SEP\Proyectos\pr2\SEPmonG3\.sdk\launch_scripts\single_application_debug\debugger_sepmon_sw-default_1.tcl'
02:37:58 INFO  : Checking for BSP changes to sync application flags for project 'SEPmon_SW'...
02:38:09 INFO  : Checking for BSP changes to sync application flags for project 'SEPmon_SW'...
02:38:13 INFO  : Disconnected from the channel tcfchan#146.
02:38:14 INFO  : Connected to target on host '127.0.0.1' and port '3121'.
02:38:15 INFO  : Jtag cable 'Digilent Zybo Z7 210351B3FC88A' is selected.
02:38:15 INFO  : 'jtag frequency' command is executed.
02:38:15 INFO  : Context for 'APU' is selected.
02:38:15 INFO  : System reset is completed.
02:38:18 INFO  : 'after 3000' command is executed.
02:38:18 INFO  : 'targets -set -filter {jtag_cable_name =~ "Digilent Zybo Z7 210351B3FC88A" && level==0 && jtag_device_ctx=="jsn-Zybo Z7-210351B3FC88A-13722093-0"}' command is executed.
02:38:19 INFO  : FPGA configured successfully with bitstream "C:/Users/gusta/OneDrive/Documents/universidad/4to/1r/SEP/Proyectos/pr2/SEPmonG3/SEPmon_SW/_ide/bitstream/SEPmonG3V2.bit"
02:38:19 INFO  : Context for 'APU' is selected.
02:38:19 INFO  : Hardware design and registers information is loaded from 'C:/Users/gusta/OneDrive/Documents/universidad/4to/1r/SEP/Proyectos/pr2/SEPmonG3/SEPmonG3/export/SEPmonG3/hw/SEPmonG3V2.xsa'.
02:38:19 INFO  : 'configparams force-mem-access 1' command is executed.
02:38:19 INFO  : Context for 'APU' is selected.
02:38:19 INFO  : Sourcing of 'C:/Users/gusta/OneDrive/Documents/universidad/4to/1r/SEP/Proyectos/pr2/SEPmonG3/SEPmon_SW/_ide/psinit/ps7_init.tcl' is done.
02:38:20 INFO  : 'ps7_init' command is executed.
02:38:20 INFO  : 'ps7_post_config' command is executed.
02:38:20 INFO  : Context for processor 'ps7_cortexa9_0' is selected.
02:38:22 INFO  : The application 'C:/Users/gusta/OneDrive/Documents/universidad/4to/1r/SEP/Proyectos/pr2/SEPmonG3/SEPmon_SW/Debug/SEPmon_SW.elf' is downloaded to processor 'ps7_cortexa9_0'.
02:38:22 INFO  : 'configparams force-mem-access 0' command is executed.
02:38:22 INFO  : ----------------XSDB Script----------------
connect -url tcp:127.0.0.1:3121
targets -set -nocase -filter {name =~"APU*"}
rst -system
after 3000
targets -set -filter {jtag_cable_name =~ "Digilent Zybo Z7 210351B3FC88A" && level==0 && jtag_device_ctx=="jsn-Zybo Z7-210351B3FC88A-13722093-0"}
fpga -file C:/Users/gusta/OneDrive/Documents/universidad/4to/1r/SEP/Proyectos/pr2/SEPmonG3/SEPmon_SW/_ide/bitstream/SEPmonG3V2.bit
targets -set -nocase -filter {name =~"APU*"}
loadhw -hw C:/Users/gusta/OneDrive/Documents/universidad/4to/1r/SEP/Proyectos/pr2/SEPmonG3/SEPmonG3/export/SEPmonG3/hw/SEPmonG3V2.xsa -mem-ranges [list {0x40000000 0xbfffffff}] -regs
configparams force-mem-access 1
targets -set -nocase -filter {name =~"APU*"}
source C:/Users/gusta/OneDrive/Documents/universidad/4to/1r/SEP/Proyectos/pr2/SEPmonG3/SEPmon_SW/_ide/psinit/ps7_init.tcl
ps7_init
ps7_post_config
targets -set -nocase -filter {name =~ "*A9*#0"}
dow C:/Users/gusta/OneDrive/Documents/universidad/4to/1r/SEP/Proyectos/pr2/SEPmonG3/SEPmon_SW/Debug/SEPmon_SW.elf
configparams force-mem-access 0
----------------End of Script----------------

02:38:22 INFO  : Context for processor 'ps7_cortexa9_0' is selected.
02:38:22 INFO  : 'con' command is executed.
02:38:22 INFO  : ----------------XSDB Script (After Launch)----------------
targets -set -nocase -filter {name =~ "*A9*#0"}
con
----------------End of Script----------------

02:38:22 INFO  : Launch script is exported to file 'C:\Users\gusta\OneDrive\Documents\universidad\4to\1r\SEP\Proyectos\pr2\SEPmonG3\.sdk\launch_scripts\single_application_debug\debugger_sepmon_sw-default_1.tcl'
02:40:18 INFO  : Checking for BSP changes to sync application flags for project 'SEPmon_SW'...
02:40:22 INFO  : Disconnected from the channel tcfchan#147.
02:40:23 INFO  : Connected to target on host '127.0.0.1' and port '3121'.
02:40:23 INFO  : Jtag cable 'Digilent Zybo Z7 210351B3FC88A' is selected.
02:40:23 INFO  : 'jtag frequency' command is executed.
02:40:23 INFO  : Context for 'APU' is selected.
02:40:24 INFO  : System reset is completed.
02:40:27 INFO  : 'after 3000' command is executed.
02:40:27 INFO  : 'targets -set -filter {jtag_cable_name =~ "Digilent Zybo Z7 210351B3FC88A" && level==0 && jtag_device_ctx=="jsn-Zybo Z7-210351B3FC88A-13722093-0"}' command is executed.
02:40:28 INFO  : FPGA configured successfully with bitstream "C:/Users/gusta/OneDrive/Documents/universidad/4to/1r/SEP/Proyectos/pr2/SEPmonG3/SEPmon_SW/_ide/bitstream/SEPmonG3V2.bit"
02:40:28 INFO  : Context for 'APU' is selected.
02:40:28 INFO  : Hardware design and registers information is loaded from 'C:/Users/gusta/OneDrive/Documents/universidad/4to/1r/SEP/Proyectos/pr2/SEPmonG3/SEPmonG3/export/SEPmonG3/hw/SEPmonG3V2.xsa'.
02:40:28 INFO  : 'configparams force-mem-access 1' command is executed.
02:40:28 INFO  : Context for 'APU' is selected.
02:40:28 INFO  : Sourcing of 'C:/Users/gusta/OneDrive/Documents/universidad/4to/1r/SEP/Proyectos/pr2/SEPmonG3/SEPmon_SW/_ide/psinit/ps7_init.tcl' is done.
02:40:28 INFO  : 'ps7_init' command is executed.
02:40:28 INFO  : 'ps7_post_config' command is executed.
02:40:28 INFO  : Context for processor 'ps7_cortexa9_0' is selected.
02:40:31 INFO  : The application 'C:/Users/gusta/OneDrive/Documents/universidad/4to/1r/SEP/Proyectos/pr2/SEPmonG3/SEPmon_SW/Debug/SEPmon_SW.elf' is downloaded to processor 'ps7_cortexa9_0'.
02:40:31 INFO  : 'configparams force-mem-access 0' command is executed.
02:40:31 INFO  : ----------------XSDB Script----------------
connect -url tcp:127.0.0.1:3121
targets -set -nocase -filter {name =~"APU*"}
rst -system
after 3000
targets -set -filter {jtag_cable_name =~ "Digilent Zybo Z7 210351B3FC88A" && level==0 && jtag_device_ctx=="jsn-Zybo Z7-210351B3FC88A-13722093-0"}
fpga -file C:/Users/gusta/OneDrive/Documents/universidad/4to/1r/SEP/Proyectos/pr2/SEPmonG3/SEPmon_SW/_ide/bitstream/SEPmonG3V2.bit
targets -set -nocase -filter {name =~"APU*"}
loadhw -hw C:/Users/gusta/OneDrive/Documents/universidad/4to/1r/SEP/Proyectos/pr2/SEPmonG3/SEPmonG3/export/SEPmonG3/hw/SEPmonG3V2.xsa -mem-ranges [list {0x40000000 0xbfffffff}] -regs
configparams force-mem-access 1
targets -set -nocase -filter {name =~"APU*"}
source C:/Users/gusta/OneDrive/Documents/universidad/4to/1r/SEP/Proyectos/pr2/SEPmonG3/SEPmon_SW/_ide/psinit/ps7_init.tcl
ps7_init
ps7_post_config
targets -set -nocase -filter {name =~ "*A9*#0"}
dow C:/Users/gusta/OneDrive/Documents/universidad/4to/1r/SEP/Proyectos/pr2/SEPmonG3/SEPmon_SW/Debug/SEPmon_SW.elf
configparams force-mem-access 0
----------------End of Script----------------

02:40:31 INFO  : Context for processor 'ps7_cortexa9_0' is selected.
02:40:31 INFO  : 'con' command is executed.
02:40:31 INFO  : ----------------XSDB Script (After Launch)----------------
targets -set -nocase -filter {name =~ "*A9*#0"}
con
----------------End of Script----------------

02:40:31 INFO  : Launch script is exported to file 'C:\Users\gusta\OneDrive\Documents\universidad\4to\1r\SEP\Proyectos\pr2\SEPmonG3\.sdk\launch_scripts\single_application_debug\debugger_sepmon_sw-default_1.tcl'
02:42:06 INFO  : Checking for BSP changes to sync application flags for project 'SEPmon_SW'...
02:42:18 INFO  : Checking for BSP changes to sync application flags for project 'SEPmon_SW'...
02:42:22 INFO  : Disconnected from the channel tcfchan#148.
02:42:23 INFO  : Connected to target on host '127.0.0.1' and port '3121'.
02:42:23 INFO  : Jtag cable 'Digilent Zybo Z7 210351B3FC88A' is selected.
02:42:23 INFO  : 'jtag frequency' command is executed.
02:42:23 INFO  : Context for 'APU' is selected.
02:42:23 INFO  : System reset is completed.
02:42:26 INFO  : 'after 3000' command is executed.
02:42:27 INFO  : 'targets -set -filter {jtag_cable_name =~ "Digilent Zybo Z7 210351B3FC88A" && level==0 && jtag_device_ctx=="jsn-Zybo Z7-210351B3FC88A-13722093-0"}' command is executed.
02:42:28 INFO  : FPGA configured successfully with bitstream "C:/Users/gusta/OneDrive/Documents/universidad/4to/1r/SEP/Proyectos/pr2/SEPmonG3/SEPmon_SW/_ide/bitstream/SEPmonG3V2.bit"
02:42:28 INFO  : Context for 'APU' is selected.
02:42:28 INFO  : Hardware design and registers information is loaded from 'C:/Users/gusta/OneDrive/Documents/universidad/4to/1r/SEP/Proyectos/pr2/SEPmonG3/SEPmonG3/export/SEPmonG3/hw/SEPmonG3V2.xsa'.
02:42:28 INFO  : 'configparams force-mem-access 1' command is executed.
02:42:28 INFO  : Context for 'APU' is selected.
02:42:28 INFO  : Sourcing of 'C:/Users/gusta/OneDrive/Documents/universidad/4to/1r/SEP/Proyectos/pr2/SEPmonG3/SEPmon_SW/_ide/psinit/ps7_init.tcl' is done.
02:42:28 INFO  : 'ps7_init' command is executed.
02:42:28 INFO  : 'ps7_post_config' command is executed.
02:42:28 INFO  : Context for processor 'ps7_cortexa9_0' is selected.
02:42:30 INFO  : The application 'C:/Users/gusta/OneDrive/Documents/universidad/4to/1r/SEP/Proyectos/pr2/SEPmonG3/SEPmon_SW/Debug/SEPmon_SW.elf' is downloaded to processor 'ps7_cortexa9_0'.
02:42:30 INFO  : 'configparams force-mem-access 0' command is executed.
02:42:30 INFO  : ----------------XSDB Script----------------
connect -url tcp:127.0.0.1:3121
targets -set -nocase -filter {name =~"APU*"}
rst -system
after 3000
targets -set -filter {jtag_cable_name =~ "Digilent Zybo Z7 210351B3FC88A" && level==0 && jtag_device_ctx=="jsn-Zybo Z7-210351B3FC88A-13722093-0"}
fpga -file C:/Users/gusta/OneDrive/Documents/universidad/4to/1r/SEP/Proyectos/pr2/SEPmonG3/SEPmon_SW/_ide/bitstream/SEPmonG3V2.bit
targets -set -nocase -filter {name =~"APU*"}
loadhw -hw C:/Users/gusta/OneDrive/Documents/universidad/4to/1r/SEP/Proyectos/pr2/SEPmonG3/SEPmonG3/export/SEPmonG3/hw/SEPmonG3V2.xsa -mem-ranges [list {0x40000000 0xbfffffff}] -regs
configparams force-mem-access 1
targets -set -nocase -filter {name =~"APU*"}
source C:/Users/gusta/OneDrive/Documents/universidad/4to/1r/SEP/Proyectos/pr2/SEPmonG3/SEPmon_SW/_ide/psinit/ps7_init.tcl
ps7_init
ps7_post_config
targets -set -nocase -filter {name =~ "*A9*#0"}
dow C:/Users/gusta/OneDrive/Documents/universidad/4to/1r/SEP/Proyectos/pr2/SEPmonG3/SEPmon_SW/Debug/SEPmon_SW.elf
configparams force-mem-access 0
----------------End of Script----------------

02:42:30 INFO  : Context for processor 'ps7_cortexa9_0' is selected.
02:42:31 INFO  : 'con' command is executed.
02:42:31 INFO  : ----------------XSDB Script (After Launch)----------------
targets -set -nocase -filter {name =~ "*A9*#0"}
con
----------------End of Script----------------

02:42:31 INFO  : Launch script is exported to file 'C:\Users\gusta\OneDrive\Documents\universidad\4to\1r\SEP\Proyectos\pr2\SEPmonG3\.sdk\launch_scripts\single_application_debug\debugger_sepmon_sw-default_1.tcl'
02:44:50 INFO  : Checking for BSP changes to sync application flags for project 'SEPmon_SW'...
02:45:30 INFO  : Checking for BSP changes to sync application flags for project 'SEPmon_SW'...
02:46:08 INFO  : Checking for BSP changes to sync application flags for project 'SEPmon_SW'...
02:46:12 INFO  : Disconnected from the channel tcfchan#149.
02:46:13 INFO  : Connected to target on host '127.0.0.1' and port '3121'.
02:46:13 INFO  : Jtag cable 'Digilent Zybo Z7 210351B3FC88A' is selected.
02:46:13 INFO  : 'jtag frequency' command is executed.
02:46:13 INFO  : Context for 'APU' is selected.
02:46:14 INFO  : System reset is completed.
02:46:17 INFO  : 'after 3000' command is executed.
02:46:17 INFO  : 'targets -set -filter {jtag_cable_name =~ "Digilent Zybo Z7 210351B3FC88A" && level==0 && jtag_device_ctx=="jsn-Zybo Z7-210351B3FC88A-13722093-0"}' command is executed.
02:46:18 INFO  : FPGA configured successfully with bitstream "C:/Users/gusta/OneDrive/Documents/universidad/4to/1r/SEP/Proyectos/pr2/SEPmonG3/SEPmon_SW/_ide/bitstream/SEPmonG3V2.bit"
02:46:18 INFO  : Context for 'APU' is selected.
02:46:18 INFO  : Hardware design and registers information is loaded from 'C:/Users/gusta/OneDrive/Documents/universidad/4to/1r/SEP/Proyectos/pr2/SEPmonG3/SEPmonG3/export/SEPmonG3/hw/SEPmonG3V2.xsa'.
02:46:18 INFO  : 'configparams force-mem-access 1' command is executed.
02:46:18 INFO  : Context for 'APU' is selected.
02:46:18 INFO  : Sourcing of 'C:/Users/gusta/OneDrive/Documents/universidad/4to/1r/SEP/Proyectos/pr2/SEPmonG3/SEPmon_SW/_ide/psinit/ps7_init.tcl' is done.
02:46:18 INFO  : 'ps7_init' command is executed.
02:46:18 INFO  : 'ps7_post_config' command is executed.
02:46:18 INFO  : Context for processor 'ps7_cortexa9_0' is selected.
02:46:20 INFO  : The application 'C:/Users/gusta/OneDrive/Documents/universidad/4to/1r/SEP/Proyectos/pr2/SEPmonG3/SEPmon_SW/Debug/SEPmon_SW.elf' is downloaded to processor 'ps7_cortexa9_0'.
02:46:20 INFO  : 'configparams force-mem-access 0' command is executed.
02:46:20 INFO  : ----------------XSDB Script----------------
connect -url tcp:127.0.0.1:3121
targets -set -nocase -filter {name =~"APU*"}
rst -system
after 3000
targets -set -filter {jtag_cable_name =~ "Digilent Zybo Z7 210351B3FC88A" && level==0 && jtag_device_ctx=="jsn-Zybo Z7-210351B3FC88A-13722093-0"}
fpga -file C:/Users/gusta/OneDrive/Documents/universidad/4to/1r/SEP/Proyectos/pr2/SEPmonG3/SEPmon_SW/_ide/bitstream/SEPmonG3V2.bit
targets -set -nocase -filter {name =~"APU*"}
loadhw -hw C:/Users/gusta/OneDrive/Documents/universidad/4to/1r/SEP/Proyectos/pr2/SEPmonG3/SEPmonG3/export/SEPmonG3/hw/SEPmonG3V2.xsa -mem-ranges [list {0x40000000 0xbfffffff}] -regs
configparams force-mem-access 1
targets -set -nocase -filter {name =~"APU*"}
source C:/Users/gusta/OneDrive/Documents/universidad/4to/1r/SEP/Proyectos/pr2/SEPmonG3/SEPmon_SW/_ide/psinit/ps7_init.tcl
ps7_init
ps7_post_config
targets -set -nocase -filter {name =~ "*A9*#0"}
dow C:/Users/gusta/OneDrive/Documents/universidad/4to/1r/SEP/Proyectos/pr2/SEPmonG3/SEPmon_SW/Debug/SEPmon_SW.elf
configparams force-mem-access 0
----------------End of Script----------------

02:46:21 INFO  : Context for processor 'ps7_cortexa9_0' is selected.
02:46:21 INFO  : 'con' command is executed.
02:46:21 INFO  : ----------------XSDB Script (After Launch)----------------
targets -set -nocase -filter {name =~ "*A9*#0"}
con
----------------End of Script----------------

02:46:21 INFO  : Launch script is exported to file 'C:\Users\gusta\OneDrive\Documents\universidad\4to\1r\SEP\Proyectos\pr2\SEPmonG3\.sdk\launch_scripts\single_application_debug\debugger_sepmon_sw-default_1.tcl'
02:48:56 INFO  : Checking for BSP changes to sync application flags for project 'SEPmon_SW'...
02:49:45 INFO  : Checking for BSP changes to sync application flags for project 'SEPmon_SW'...
02:50:39 INFO  : Checking for BSP changes to sync application flags for project 'SEPmon_SW'...
02:50:46 INFO  : Checking for BSP changes to sync application flags for project 'SEPmon_SW'...
02:50:52 INFO  : Checking for BSP changes to sync application flags for project 'SEPmon_SW'...
02:51:18 INFO  : Checking for BSP changes to sync application flags for project 'SEPmon_SW'...
02:51:27 INFO  : Disconnected from the channel tcfchan#150.
02:51:28 INFO  : Connected to target on host '127.0.0.1' and port '3121'.
02:51:28 INFO  : Jtag cable 'Digilent Zybo Z7 210351B3FC88A' is selected.
02:51:28 INFO  : 'jtag frequency' command is executed.
02:51:28 INFO  : Context for 'APU' is selected.
02:51:28 INFO  : System reset is completed.
02:51:31 INFO  : 'after 3000' command is executed.
02:51:31 INFO  : 'targets -set -filter {jtag_cable_name =~ "Digilent Zybo Z7 210351B3FC88A" && level==0 && jtag_device_ctx=="jsn-Zybo Z7-210351B3FC88A-13722093-0"}' command is executed.
02:51:33 INFO  : FPGA configured successfully with bitstream "C:/Users/gusta/OneDrive/Documents/universidad/4to/1r/SEP/Proyectos/pr2/SEPmonG3/SEPmon_SW/_ide/bitstream/SEPmonG3V2.bit"
02:51:33 INFO  : Context for 'APU' is selected.
02:51:33 INFO  : Hardware design and registers information is loaded from 'C:/Users/gusta/OneDrive/Documents/universidad/4to/1r/SEP/Proyectos/pr2/SEPmonG3/SEPmonG3/export/SEPmonG3/hw/SEPmonG3V2.xsa'.
02:51:33 INFO  : 'configparams force-mem-access 1' command is executed.
02:51:33 INFO  : Context for 'APU' is selected.
02:51:33 INFO  : Sourcing of 'C:/Users/gusta/OneDrive/Documents/universidad/4to/1r/SEP/Proyectos/pr2/SEPmonG3/SEPmon_SW/_ide/psinit/ps7_init.tcl' is done.
02:51:33 INFO  : 'ps7_init' command is executed.
02:51:33 INFO  : 'ps7_post_config' command is executed.
02:51:33 INFO  : Context for processor 'ps7_cortexa9_0' is selected.
02:51:35 INFO  : The application 'C:/Users/gusta/OneDrive/Documents/universidad/4to/1r/SEP/Proyectos/pr2/SEPmonG3/SEPmon_SW/Debug/SEPmon_SW.elf' is downloaded to processor 'ps7_cortexa9_0'.
02:51:35 INFO  : 'configparams force-mem-access 0' command is executed.
02:51:35 INFO  : ----------------XSDB Script----------------
connect -url tcp:127.0.0.1:3121
targets -set -nocase -filter {name =~"APU*"}
rst -system
after 3000
targets -set -filter {jtag_cable_name =~ "Digilent Zybo Z7 210351B3FC88A" && level==0 && jtag_device_ctx=="jsn-Zybo Z7-210351B3FC88A-13722093-0"}
fpga -file C:/Users/gusta/OneDrive/Documents/universidad/4to/1r/SEP/Proyectos/pr2/SEPmonG3/SEPmon_SW/_ide/bitstream/SEPmonG3V2.bit
targets -set -nocase -filter {name =~"APU*"}
loadhw -hw C:/Users/gusta/OneDrive/Documents/universidad/4to/1r/SEP/Proyectos/pr2/SEPmonG3/SEPmonG3/export/SEPmonG3/hw/SEPmonG3V2.xsa -mem-ranges [list {0x40000000 0xbfffffff}] -regs
configparams force-mem-access 1
targets -set -nocase -filter {name =~"APU*"}
source C:/Users/gusta/OneDrive/Documents/universidad/4to/1r/SEP/Proyectos/pr2/SEPmonG3/SEPmon_SW/_ide/psinit/ps7_init.tcl
ps7_init
ps7_post_config
targets -set -nocase -filter {name =~ "*A9*#0"}
dow C:/Users/gusta/OneDrive/Documents/universidad/4to/1r/SEP/Proyectos/pr2/SEPmonG3/SEPmon_SW/Debug/SEPmon_SW.elf
configparams force-mem-access 0
----------------End of Script----------------

02:51:35 INFO  : Context for processor 'ps7_cortexa9_0' is selected.
02:51:35 INFO  : 'con' command is executed.
02:51:35 INFO  : ----------------XSDB Script (After Launch)----------------
targets -set -nocase -filter {name =~ "*A9*#0"}
con
----------------End of Script----------------

02:51:35 INFO  : Launch script is exported to file 'C:\Users\gusta\OneDrive\Documents\universidad\4to\1r\SEP\Proyectos\pr2\SEPmonG3\.sdk\launch_scripts\single_application_debug\debugger_sepmon_sw-default_1.tcl'
02:53:08 INFO  : Checking for BSP changes to sync application flags for project 'SEPmon_SW'...
02:53:28 INFO  : Checking for BSP changes to sync application flags for project 'SEPmon_SW'...
03:21:24 INFO  : Disconnected from the channel tcfchan#151.
